eventKey,kind,count,eventTypes,scenes,first_ts,last_ts,example_id,example_src
DialogueNodeEvent:100:0,dialogue,4,DialogueEvent,Unit 5 Dev - Dungeon,2026-09-25T23:23:47.5070000Z,2026-09-25T23:24:52.6210000Z,6ab70283485cab4c95670995,wenyi09232026.stratalog.logdata.json
DialogueNodeEvent:100:34,dialogue,1,DialogueEvent,Unit 5 Dev - Dungeon,2026-09-25T23:23:47.5230000Z,2026-09-25T23:23:47.5230000Z,6ab70283485cab4c95670999,wenyi09232026.stratalog.logdata.json
DialogueNodeEvent:100:35,dialogue,1,DialogueEvent,Unit 5 Dev - Dungeon,2026-09-25T23:24:08.1330000Z,2026-09-25T23:24:08.1330000Z,6ab70297485cab4c95670a39,wenyi09232026.stratalog.logdata.json
DialogueNodeEvent:100:36,dialogue,1,DialogueEvent,Unit 5 Dev - Dungeon,2026-09-25T23:24:29.9930000Z,2026-09-25T23:24:29.9930000Z,6ab702ad485cab4c95670ad3,wenyi09232026.stratalog.logdata.json
DialogueNodeEvent:100:38,dialogue,1,DialogueEvent,Unit 5 Dev - Dungeon,2026-09-25T23:24:52.6380000Z,2026-09-25T23:24:52.6380000Z,6ab702c4485cab4c95670b55,wenyi09232026.stratalog.logdata.json
DialogueNodeEvent:100:44,dialogue,1,DialogueEvent,Unit 5 Dev - Dungeon,2026-09-25T23:25:05.4460000Z,2026-09-25T23:25:05.4460000Z,6ab702d1485cab4c95670ba9,wenyi09232026.stratalog.logdata.json
DialogueNodeEvent:102:0,dialogue,5,DialogueEvent,Unit 4 Dev,2026-09-25T22:34:40.4810000Z,2026-09-25T22:36:23.4790000Z,6ab6f700485cab4c9566ebfd,wenyi09232026.stratalog.logdata.json
DialogueNodeEvent:102:10,dialogue,1,DialogueEvent,Unit 4 Dev,2026-09-25T22:35:30.2690000Z,2026-09-25T22:35:30.2690000Z,6ab6f732485cab4c9566ef4f,wenyi09232026.stratalog.logdata.json
DialogueNodeEvent:102:14,dialogue,1,DialogueEvent,Unit 4 Dev,2026-09-25T22:34:39.2320000Z,2026-09-25T22:34:39.2320000Z,6ab6f6ff485cab4c9566ebf7,wenyi09232026.stratalog.logdata.json
DialogueNodeEvent:102:15,dialogue,1,DialogueEvent,Unit 4 Dev,2026-09-25T22:35:09.2260000Z,2026-09-25T22:35:09.2260000Z,6ab6f71c485cab4c9566eda5,wenyi09232026.stratalog.logdata.json
DialogueNodeEvent:102:16,dialogue,1,DialogueEvent,Unit 4 Dev,2026-09-25T22:34:39.2280000Z,2026-09-25T22:34:39.2280000Z,6ab6f6fe485cab4c9566ebf1,wenyi09232026.stratalog.logdata.json
DialogueNodeEvent:102:18,dialogue,1,DialogueEvent,Unit 4 Dev,2026-09-25T22:35:57.1150000Z,2026-09-25T22:35:57.1150000Z,6ab6f74c485cab4c9566f10b,wenyi09232026.stratalog.logdata.json
DialogueNodeEvent:102:19,dialogue,1,DialogueEvent,Unit 4 Dev,2026-09-25T22:36:02.2510000Z,2026-09-25T22:36:02.2510000Z,6ab6f752485cab4c9566f125,wenyi09232026.stratalog.logdata.json
DialogueNodeEvent:102:23,dialogue,1,DialogueEvent,Unit 4 Dev,2026-09-25T22:36:23.4950000Z,2026-09-25T22:36:23.4950000Z,6ab6f767485cab4c9566f281,wenyi09232026.stratalog.logdata.json
DialogueNodeEvent:102:3,dialogue,1,DialogueEvent,Unit 4 Dev,2026-09-25T22:34:40.4950000Z,2026-09-25T22:34:40.4950000Z,6ab6f700485cab4c9566ec01,wenyi09232026.stratalog.logdata.json
DialogueNodeEvent:102:7,dialogue,1,DialogueEvent,Unit 4 Dev,2026-09-25T22:35:04.1560000Z,2026-09-25T22:35:04.1560000Z,6ab6f718485cab4c9566ed8d,wenyi09232026.stratalog.logdata.json
DialogueNodeEvent:103:0,dialogue,4,DialogueEvent,Unit 2 Prod (Refactor),2026-09-25T21:43:05.8480000Z,2026-09-25T21:44:44.9290000Z,6ab6eae9485cab4c9566cf73,wenyi09232026.stratalog.logdata.json
DialogueNodeEvent:103:1,dialogue,1,DialogueEvent,Unit 2 Prod (Refactor),2026-09-25T21:43:05.8510000Z,2026-09-25T21:43:05.8510000Z,6ab6eae9485cab4c9566cf77,wenyi09232026.stratalog.logdata.json
DialogueNodeEvent:103:12,dialogue,1,DialogueEvent,Unit 2 Prod (Refactor),2026-09-25T21:44:02.2400000Z,2026-09-25T21:44:02.2400000Z,6ab6eb22485cab4c9566cfd3,wenyi09232026.stratalog.logdata.json
DialogueNodeEvent:103:15,dialogue,1,DialogueEvent,Unit 2 Prod (Refactor),2026-09-25T21:44:04.9920000Z,2026-09-25T21:44:04.9920000Z,6ab6eb24485cab4c9566cfd9,wenyi09232026.stratalog.logdata.json
DialogueNodeEvent:103:16,dialogue,1,DialogueEvent,Unit 2 Prod (Refactor),2026-09-25T21:44:08.8610000Z,2026-09-25T21:44:08.8610000Z,6ab6eb28485cab4c9566cfdf,wenyi09232026.stratalog.logdata.json
DialogueNodeEvent:103:17,dialogue,1,DialogueEvent,Unit 2 Prod (Refactor),2026-09-25T21:44:17.7180000Z,2026-09-25T21:44:17.7180000Z,6ab6eb31485cab4c9566cff5,wenyi09232026.stratalog.logdata.json
DialogueNodeEvent:103:19,dialogue,1,DialogueEvent,Unit 2 Prod (Refactor),2026-09-25T21:44:26.2020000Z,2026-09-25T21:44:26.2020000Z,6ab6eb39485cab4c9566d001,wenyi09232026.stratalog.logdata.json
DialogueNodeEvent:103:2,dialogue,1,DialogueEvent,Unit 2 Prod (Refactor),2026-09-25T21:43:09.3320000Z,2026-09-25T21:43:09.3320000Z,6ab6eaed485cab4c9566cf7d,wenyi09232026.stratalog.logdata.json
DialogueNodeEvent:103:22,dialogue,1,DialogueEvent,Unit 2 Prod (Refactor),2026-09-25T21:44:29.0540000Z,2026-09-25T21:44:29.0540000Z,6ab6eb3c485cab4c9566d007,wenyi09232026.stratalog.logdata.json
DialogueNodeEvent:103:24,dialogue,1,DialogueEvent,Unit 2 Prod (Refactor),2026-09-25T21:44:34.3240000Z,2026-09-25T21:44:34.3240000Z,6ab6eb42485cab4c9566d00f,wenyi09232026.stratalog.logdata.json
DialogueNodeEvent:103:25,dialogue,1,DialogueEvent,Unit 2 Prod (Refactor),2026-09-25T21:44:44.9310000Z,2026-09-25T21:44:44.9310000Z,6ab6eb4c485cab4c9566d027,wenyi09232026.stratalog.logdata.json
DialogueNodeEvent:103:26,dialogue,1,DialogueEvent,Unit 2 Prod (Refactor),2026-09-25T21:44:48.3460000Z,2026-09-25T21:44:48.3460000Z,6ab6eb50485cab4c9566d02d,wenyi09232026.stratalog.logdata.json
DialogueNodeEvent:103:27,dialogue,1,DialogueEvent,Unit 2 Prod (Refactor),2026-09-25T21:44:51.7640000Z,2026-09-25T21:44:51.7640000Z,6ab6eb53485cab4c9566d033,wenyi09232026.stratalog.logdata.json
DialogueNodeEvent:103:28,dialogue,1,DialogueEvent,Unit 2 Prod (Refactor),2026-09-25T21:45:00.4440000Z,2026-09-25T21:45:00.4440000Z,6ab6eb5c485cab4c9566d041,wenyi09232026.stratalog.logdata.json
DialogueNodeEvent:103:31,dialogue,1,DialogueEvent,Unit 2 Prod (Refactor),2026-09-25T21:45:07.2080000Z,2026-09-25T21:45:07.2080000Z,6ab6eb63485cab4c9566d051,wenyi09232026.stratalog.logdata.json
DialogueNodeEvent:103:32,dialogue,1,DialogueEvent,Unit 2 Prod (Refactor),2026-09-25T21:45:03.1860000Z,2026-09-25T21:45:03.1860000Z,6ab6eb5e485cab4c9566d047,wenyi09232026.stratalog.logdata.json
DialogueNodeEvent:103:4,dialogue,1,DialogueEvent,Unit 2 Prod (Refactor),2026-09-25T21:43:11.5160000Z,2026-09-25T21:43:11.5160000Z,6ab6eaef485cab4c9566cf81,wenyi09232026.stratalog.logdata.json
DialogueNodeEvent:103:6,dialogue,1,DialogueEvent,Unit 2 Prod (Refactor),2026-09-25T21:43:22.3220000Z,2026-09-25T21:43:22.3220000Z,6ab6eafa485cab4c9566cf91,wenyi09232026.stratalog.logdata.json
DialogueNodeEvent:103:7,dialogue,1,DialogueEvent,Unit 2 Prod (Refactor),2026-09-25T21:43:24.8080000Z,2026-09-25T21:43:24.8080000Z,6ab6eafc485cab4c9566cf97,wenyi09232026.stratalog.logdata.json
DialogueNodeEvent:103:8,dialogue,1,DialogueEvent,Unit 2 Prod (Refactor),2026-09-25T21:43:44.0190000Z,2026-09-25T21:43:44.0190000Z,6ab6eb0f485cab4c9566cfb7,wenyi09232026.stratalog.logdata.json
DialogueNodeEvent:103:9,dialogue,1,DialogueEvent,Unit 2 Prod (Refactor),2026-09-25T21:43:54.1200000Z,2026-09-25T21:43:54.1200000Z,6ab6eb19485cab4c9566cfc7,wenyi09232026.stratalog.logdata.json
DialogueNodeEvent:104:1,dialogue,1,DialogueEvent,Unit 3 Dev,2026-09-25T22:24:20.6480000Z,2026-09-25T22:24:20.6480000Z,6ab6f494485cab4c9566e6b7,wenyi09232026.stratalog.logdata.json
DialogueNodeEvent:104:10,dialogue,1,DialogueEvent,Unit 3 Dev,2026-09-25T22:25:33.7650000Z,2026-09-25T22:25:33.7650000Z,6ab6f4dd485cab4c9566e717,wenyi09232026.stratalog.logdata.json
DialogueNodeEvent:104:12,dialogue,1,DialogueEvent,Unit 3 Dev,2026-09-25T22:25:43.4870000Z,2026-09-25T22:25:43.4870000Z,6ab6f4e7485cab4c9566e725,wenyi09232026.stratalog.logdata.json
DialogueNodeEvent:104:13,dialogue,1,DialogueEvent,Unit 3 Dev,2026-09-25T22:23:09.9300000Z,2026-09-25T22:23:09.9300000Z,6ab6f44d485cab4c9566e64d,wenyi09232026.stratalog.logdata.json
DialogueNodeEvent:104:14,dialogue,1,DialogueEvent,Unit 3 Dev,2026-09-25T22:23:23.6360000Z,2026-09-25T22:23:23.6360000Z,6ab6f45b485cab4c9566e661,wenyi09232026.stratalog.logdata.json
DialogueNodeEvent:104:15,dialogue,1,DialogueEvent,Unit 3 Dev,2026-09-25T22:23:33.6570000Z,2026-09-25T22:23:33.6570000Z,6ab6f465485cab4c9566e66d,wenyi09232026.stratalog.logdata.json
DialogueNodeEvent:104:17,dialogue,1,DialogueEvent,Unit 3 Dev,2026-09-25T22:23:36.8590000Z,2026-09-25T22:23:36.8590000Z,6ab6f468485cab4c9566e675,wenyi09232026.stratalog.logdata.json
DialogueNodeEvent:104:18,dialogue,1,DialogueEvent,Unit 3 Dev,2026-09-25T22:23:49.4980000Z,2026-09-25T22:23:49.4980000Z,6ab6f475485cab4c9566e683,wenyi09232026.stratalog.logdata.json
DialogueNodeEvent:104:2,dialogue,1,DialogueEvent,Unit 3 Dev,2026-09-25T22:24:37.2710000Z,2026-09-25T22:24:37.2710000Z,6ab6f4a5485cab4c9566e6cf,wenyi09232026.stratalog.logdata.json
DialogueNodeEvent:104:20,dialogue,1,DialogueEvent,Unit 3 Dev,2026-09-25T22:23:54.6000000Z,2026-09-25T22:23:54.6000000Z,6ab6f47a485cab4c9566e68d,wenyi09232026.stratalog.logdata.json
DialogueNodeEvent:104:22,dialogue,1,DialogueEvent,Unit 3 Dev,2026-09-25T22:24:05.9400000Z,2026-09-25T22:24:05.9400000Z,6ab6f485485cab4c9566e69b,wenyi09232026.stratalog.logdata.json
DialogueNodeEvent:104:23,dialogue,1,DialogueEvent,Unit 3 Dev,2026-09-25T22:26:06.5480000Z,2026-09-25T22:26:06.5480000Z,6ab6f4fe485cab4c9566e751,wenyi09232026.stratalog.logdata.json
DialogueNodeEvent:104:25,dialogue,1,DialogueEvent,Unit 3 Dev,2026-09-25T22:26:19.2620000Z,2026-09-25T22:26:19.2620000Z,6ab6f50b485cab4c9566e769,wenyi09232026.stratalog.logdata.json
DialogueNodeEvent:104:26,dialogue,1,DialogueEvent,Unit 3 Dev,2026-09-25T22:26:21.6710000Z,2026-09-25T22:26:21.6710000Z,6ab6f50d485cab4c9566e76d,wenyi09232026.stratalog.logdata.json
DialogueNodeEvent:104:27,dialogue,1,DialogueEvent,Unit 3 Dev,2026-09-25T22:26:28.4270000Z,2026-09-25T22:26:28.4270000Z,6ab6f514485cab4c9566e77b,wenyi09232026.stratalog.logdata.json
DialogueNodeEvent:104:4,dialogue,1,DialogueEvent,Unit 3 Dev,2026-09-25T22:24:40.3730000Z,2026-09-25T22:24:40.3730000Z,6ab6f4a8485cab4c9566e6d3,wenyi09232026.stratalog.logdata.json
DialogueNodeEvent:104:5,dialogue,1,DialogueEvent,Unit 3 Dev,2026-09-25T22:24:51.9280000Z,2026-09-25T22:24:51.9280000Z,6ab6f4b3485cab4c9566e6e3,wenyi09232026.stratalog.logdata.json
DialogueNodeEvent:104:6,dialogue,1,DialogueEvent,Unit 3 Dev,2026-09-25T22:24:57.4470000Z,2026-09-25T22:24:57.4470000Z,6ab6f4b9485cab4c9566e6e9,wenyi09232026.stratalog.logdata.json
DialogueNodeEvent:104:7,dialogue,1,DialogueEvent,Unit 3 Dev,2026-09-25T22:25:12.7040000Z,2026-09-25T22:25:12.7040000Z,6ab6f4c8485cab4c9566e6fb,wenyi09232026.stratalog.logdata.json
DialogueNodeEvent:104:8,dialogue,1,DialogueEvent,Unit 3 Dev,2026-09-25T22:25:28.9290000Z,2026-09-25T22:25:28.9290000Z,6ab6f4d8485cab4c9566e711,wenyi09232026.stratalog.logdata.json
DialogueNodeEvent:105:1,dialogue,1,DialogueEvent,Unit 4 Dev,2026-09-25T23:17:07.8790000Z,2026-09-25T23:17:07.8790000Z,6ab700f3485cab4c95670673,wenyi09232026.stratalog.logdata.json
DialogueNodeEvent:105:11,dialogue,1,DialogueEvent,Unit 4 Dev,2026-09-25T23:18:24.8320000Z,2026-09-25T23:18:24.8320000Z,6ab70140485cab4c956706cf,wenyi09232026.stratalog.logdata.json
DialogueNodeEvent:105:13,dialogue,1,DialogueEvent,Unit 4 Dev,2026-09-25T23:18:37.1390000Z,2026-09-25T23:18:37.1390000Z,6ab7014c485cab4c956706e3,wenyi09232026.stratalog.logdata.json
DialogueNodeEvent:105:14,dialogue,1,DialogueEvent,Unit 4 Dev,2026-09-25T23:18:46.6600000Z,2026-09-25T23:18:46.6600000Z,6ab70156485cab4c956706f3,wenyi09232026.stratalog.logdata.json
DialogueNodeEvent:105:15,dialogue,1,DialogueEvent,Unit 4 Dev,2026-09-25T23:14:51.9460000Z,2026-09-25T23:14:51.9460000Z,6ab7006b485cab4c956705a9,wenyi09232026.stratalog.logdata.json
DialogueNodeEvent:105:16,dialogue,1,DialogueEvent,Unit 4 Dev,2026-09-25T23:15:00.7500000Z,2026-09-25T23:15:00.7500000Z,6ab70074485cab4c956705b7,wenyi09232026.stratalog.logdata.json
DialogueNodeEvent:105:17,dialogue,1,DialogueEvent,Unit 4 Dev,2026-09-25T23:15:07.6030000Z,2026-09-25T23:15:07.6030000Z,6ab7007b485cab4c956705bf,wenyi09232026.stratalog.logdata.json
DialogueNodeEvent:105:19,dialogue,1,DialogueEvent,Unit 4 Dev,2026-09-25T23:15:10.1540000Z,2026-09-25T23:15:10.1540000Z,6ab7007d485cab4c956705c5,wenyi09232026.stratalog.logdata.json
DialogueNodeEvent:105:2,dialogue,1,DialogueEvent,Unit 4 Dev,2026-09-25T23:17:20.7010000Z,2026-09-25T23:17:20.7010000Z,6ab70100485cab4c95670683,wenyi09232026.stratalog.logdata.json
DialogueNodeEvent:105:20,dialogue,1,DialogueEvent,Unit 4 Dev,2026-09-25T23:15:27.2130000Z,2026-09-25T23:15:27.2130000Z,6ab7008e485cab4c956705d7,wenyi09232026.stratalog.logdata.json
DialogueNodeEvent:105:22,dialogue,1,DialogueEvent,Unit 4 Dev,2026-09-25T23:15:31.6820000Z,2026-09-25T23:15:31.6820000Z,6ab70093485cab4c956705dd,wenyi09232026.stratalog.logdata.json
DialogueNodeEvent:105:23,dialogue,1,DialogueEvent,Unit 4 Dev,2026-09-25T23:15:42.3540000Z,2026-09-25T23:15:42.3540000Z,6ab7009e485cab4c956705ef,wenyi09232026.stratalog.logdata.json
DialogueNodeEvent:105:26,dialogue,1,DialogueEvent,Unit 4 Dev,2026-09-25T23:15:52.9590000Z,2026-09-25T23:15:52.9590000Z,6ab700a8485cab4c956705fb,wenyi09232026.stratalog.logdata.json
DialogueNodeEvent:105:27,dialogue,1,DialogueEvent,Unit 4 Dev,2026-09-25T23:16:02.7150000Z,2026-09-25T23:16:02.7150000Z,6ab700b2485cab4c9567060f,wenyi09232026.stratalog.logdata.json
DialogueNodeEvent:105:28,dialogue,1,DialogueEvent,Unit 4 Dev,2026-09-25T23:16:17.5370000Z,2026-09-25T23:16:17.5370000Z,6ab700c1485cab4c95670627,wenyi09232026.stratalog.logdata.json
DialogueNodeEvent:105:29,dialogue,1,DialogueEvent,Unit 4 Dev,2026-09-25T23:16:23.7730000Z,2026-09-25T23:16:23.7730000Z,6ab700c7485cab4c9567062d,wenyi09232026.stratalog.logdata.json
DialogueNodeEvent:105:31,dialogue,1,DialogueEvent,Unit 4 Dev,2026-09-25T23:16:26.1250000Z,2026-09-25T23:16:26.1250000Z,6ab700c9485cab4c95670633,wenyi09232026.stratalog.logdata.json
DialogueNodeEvent:105:34,dialogue,1,DialogueEvent,Unit 4 Dev,2026-09-25T23:16:51.4540000Z,2026-09-25T23:16:51.4540000Z,6ab700e3485cab4c95670653,wenyi09232026.stratalog.logdata.json
DialogueNodeEvent:105:37,dialogue,1,DialogueEvent,Unit 4 Dev,2026-09-25T23:16:55.3890000Z,2026-09-25T23:16:55.3890000Z,6ab700e7485cab4c95670659,wenyi09232026.stratalog.logdata.json
DialogueNodeEvent:105:38,dialogue,1,DialogueEvent,Unit 4 Dev,2026-09-25T23:16:57.1070000Z,2026-09-25T23:16:57.1070000Z,6ab700e8485cab4c9567065d,wenyi09232026.stratalog.logdata.json
DialogueNodeEvent:105:39,dialogue,6,DialogueEvent,Unit 4 Dev,2026-09-25T23:19:18.9590000Z,2026-09-25T23:20:03.4200000Z,6ab70176485cab4c95670725,wenyi09232026.stratalog.logdata.json
DialogueNodeEvent:105:4,dialogue,1,DialogueEvent,Unit 4 Dev,2026-09-25T23:17:22.8520000Z,2026-09-25T23:17:22.8520000Z,6ab70102485cab4c95670687,wenyi09232026.stratalog.logdata.json
DialogueNodeEvent:105:40,dialogue,2,DialogueEvent,Unit 4 Dev,2026-09-25T23:19:27.1120000Z,2026-09-25T23:19:47.6890000Z,6ab7017e485cab4c9567073d,wenyi09232026.stratalog.logdata.json
DialogueNodeEvent:105:41,dialogue,2,DialogueEvent,Unit 4 Dev,2026-09-25T23:19:30.7470000Z,2026-09-25T23:19:50.6740000Z,6ab70182485cab4c95670743,wenyi09232026.stratalog.logdata.json
DialogueNodeEvent:105:42,dialogue,1,DialogueEvent,Unit 4 Dev,2026-09-25T23:20:07.8060000Z,2026-09-25T23:20:07.8060000Z,6ab701a7485cab4c956707ab,wenyi09232026.stratalog.logdata.json
DialogueNodeEvent:105:43,dialogue,1,DialogueEvent,Unit 4 Dev,2026-09-25T23:20:12.3510000Z,2026-09-25T23:20:12.3510000Z,6ab701ac485cab4c956707b1,wenyi09232026.stratalog.logdata.json
DialogueNodeEvent:105:44,dialogue,1,DialogueEvent,Unit 4 Dev,2026-09-25T23:20:17.3060000Z,2026-09-25T23:20:17.3060000Z,6ab701b1485cab4c956707bb,wenyi09232026.stratalog.logdata.json
DialogueNodeEvent:105:5,dialogue,1,DialogueEvent,Unit 4 Dev,2026-09-25T23:17:39.7100000Z,2026-09-25T23:17:39.7100000Z,6ab70113485cab4c9567069b,wenyi09232026.stratalog.logdata.json
DialogueNodeEvent:105:6,dialogue,1,DialogueEvent,Unit 4 Dev,2026-09-25T23:17:45.3300000Z,2026-09-25T23:17:45.3300000Z,6ab70119485cab4c956706a1,wenyi09232026.stratalog.logdata.json
DialogueNodeEvent:105:7,dialogue,1,DialogueEvent,Unit 4 Dev,2026-09-25T23:17:54.3010000Z,2026-09-25T23:17:54.3010000Z,6ab70122485cab4c956706ad,wenyi09232026.stratalog.logdata.json
DialogueNodeEvent:105:9,dialogue,1,DialogueEvent,Unit 4 Dev,2026-09-25T23:18:19.9630000Z,2026-09-25T23:18:19.9630000Z,6ab7013b485cab4c956706c9,wenyi09232026.stratalog.logdata.json
DialogueNodeEvent:106:0,dialogue,1,DialogueEvent,Unit 5 Dev,2026-09-25T23:48:47.0210000Z,2026-09-25T23:48:47.0210000Z,6ab7085e485cab4c9567155f,wenyi09232026.stratalog.logdata.json
DialogueNodeEvent:106:35,dialogue,1,DialogueEvent,Unit 5 Dev,2026-09-25T23:48:47.0350000Z,2026-09-25T23:48:47.0350000Z,6ab7085e485cab4c95671565,wenyi09232026.stratalog.logdata.json
DialogueNodeEvent:106:37,dialogue,1,DialogueEvent,Unit 5 Dev,2026-09-25T23:48:57.5230000Z,2026-09-25T23:48:57.5230000Z,6ab70869485cab4c95671571,wenyi09232026.stratalog.logdata.json
DialogueNodeEvent:107:0,dialogue,1,DialogueEvent,Unit 4 Dev,2026-09-25T22:51:24.3140000Z,2026-09-25T22:51:24.3140000Z,6ab6faec485cab4c9566fbf3,wenyi09232026.stratalog.logdata.json
DialogueNodeEvent:107:1,dialogue,1,DialogueEvent,Unit 4 Dev,2026-09-25T22:51:24.3170000Z,2026-09-25T22:51:24.3170000Z,6ab6faec485cab4c9566fbf7,wenyi09232026.stratalog.logdata.json
DialogueNodeEvent:107:5,dialogue,1,DialogueEvent,Unit 4 Dev,2026-09-25T22:51:35.1520000Z,2026-09-25T22:51:35.1520000Z,6ab6faf6485cab4c9566fc05,wenyi09232026.stratalog.logdata.json
DialogueNodeEvent:107:9,dialogue,1,DialogueEvent,Unit 4 Dev,2026-09-25T22:51:37.4530000Z,2026-09-25T22:51:37.4530000Z,6ab6faf9485cab4c9566fc09,wenyi09232026.stratalog.logdata.json
DialogueNodeEvent:109:1,dialogue,1,DialogueEvent,Unit 5 Dev,2026-09-25T23:53:18.8180000Z,2026-09-25T23:53:18.8180000Z,6ab7096e485cab4c95671717,wenyi09232026.stratalog.logdata.json
DialogueNodeEvent:109:11,dialogue,1,DialogueEvent,Unit 5 Dev,2026-09-25T23:54:39.1390000Z,2026-09-25T23:54:39.1390000Z,6ab709be485cab4c95671777,wenyi09232026.stratalog.logdata.json
DialogueNodeEvent:109:13,dialogue,1,DialogueEvent,Unit 5 Dev,2026-09-25T23:54:44.2580000Z,2026-09-25T23:54:44.2580000Z,6ab709c3485cab4c9567177f,wenyi09232026.stratalog.logdata.json
DialogueNodeEvent:109:14,dialogue,1,DialogueEvent,Unit 5 Dev,2026-09-25T23:54:52.2290000Z,2026-09-25T23:54:52.2290000Z,6ab709cb485cab4c95671789,wenyi09232026.stratalog.logdata.json
DialogueNodeEvent:109:15,dialogue,1,DialogueEvent,Unit 5 Dev,2026-09-25T23:52:35.5300000Z,2026-09-25T23:52:35.5300000Z,6ab70943485cab4c956716d7,wenyi09232026.stratalog.logdata.json
DialogueNodeEvent:109:16,dialogue,1,DialogueEvent,Unit 5 Dev,2026-09-25T23:52:44.0330000Z,2026-09-25T23:52:44.0330000Z,6ab7094b485cab4c956716e5,wenyi09232026.stratalog.logdata.json
DialogueNodeEvent:109:17,dialogue,1,DialogueEvent,Unit 5 Dev,2026-09-25T23:52:46.2350000Z,2026-09-25T23:52:46.2350000Z,6ab7094d485cab4c956716e7,wenyi09232026.stratalog.logdata.json
DialogueNodeEvent:109:18,dialogue,1,DialogueEvent,Unit 5 Dev,2026-09-25T23:52:56.7230000Z,2026-09-25T23:52:56.7230000Z,6ab70958485cab4c956716f3,wenyi09232026.stratalog.logdata.json
DialogueNodeEvent:109:19,dialogue,1,DialogueEvent,Unit 5 Dev,2026-09-25T23:52:58.2070000Z,2026-09-25T23:52:58.2070000Z,6ab70959485cab4c956716f7,wenyi09232026.stratalog.logdata.json
DialogueNodeEvent:109:2,dialogue,1,DialogueEvent,Unit 5 Dev,2026-09-25T23:53:22.8520000Z,2026-09-25T23:53:22.8520000Z,6ab70972485cab4c9567171f,wenyi09232026.stratalog.logdata.json
DialogueNodeEvent:109:20,dialogue,1,DialogueEvent,Unit 5 Dev,2026-09-25T23:53:04.5430000Z,2026-09-25T23:53:04.5430000Z,6ab70960485cab4c956716ff,wenyi09232026.stratalog.logdata.json
DialogueNodeEvent:109:21,dialogue,1,DialogueEvent,Unit 5 Dev,2026-09-25T23:53:11.6310000Z,2026-09-25T23:53:11.6310000Z,6ab70967485cab4c95671709,wenyi09232026.stratalog.logdata.json
DialogueNodeEvent:109:23,dialogue,1,DialogueEvent,Unit 5 Dev,2026-09-25T23:51:15.2410000Z,2026-09-25T23:51:15.2410000Z,6ab708f2485cab4c95671667,wenyi09232026.stratalog.logdata.json
DialogueNodeEvent:109:24,dialogue,1,DialogueEvent,Unit 5 Dev,2026-09-25T23:51:20.2920000Z,2026-09-25T23:51:20.2920000Z,6ab708f7485cab4c9567166f,wenyi09232026.stratalog.logdata.json
DialogueNodeEvent:109:25,dialogue,1,DialogueEvent,Unit 5 Dev,2026-09-25T23:51:22.5600000Z,2026-09-25T23:51:22.5600000Z,6ab708fa485cab4c95671675,wenyi09232026.stratalog.logdata.json
DialogueNodeEvent:109:26,dialogue,1,DialogueEvent,Unit 5 Dev,2026-09-25T23:51:26.7290000Z,2026-09-25T23:51:26.7290000Z,6ab708fe485cab4c9567167b,wenyi09232026.stratalog.logdata.json
DialogueNodeEvent:109:27,dialogue,1,DialogueEvent,Unit 5 Dev,2026-09-25T23:51:29.9470000Z,2026-09-25T23:51:29.9470000Z,6ab70901485cab4c9567167f,wenyi09232026.stratalog.logdata.json
DialogueNodeEvent:109:28,dialogue,1,DialogueEvent,Unit 5 Dev,2026-09-25T23:51:38.3010000Z,2026-09-25T23:51:38.3010000Z,6ab70909485cab4c95671689,wenyi09232026.stratalog.logdata.json
DialogueNodeEvent:109:29,dialogue,1,DialogueEvent,Unit 5 Dev,2026-09-25T23:51:54.5760000Z,2026-09-25T23:51:54.5760000Z,6ab7091a485cab4c9567169b,wenyi09232026.stratalog.logdata.json
DialogueNodeEvent:109:3,dialogue,1,DialogueEvent,Unit 5 Dev,2026-09-25T23:53:38.8600000Z,2026-09-25T23:53:38.8600000Z,6ab70982485cab4c95671731,wenyi09232026.stratalog.logdata.json
DialogueNodeEvent:109:30,dialogue,1,DialogueEvent,Unit 5 Dev,2026-09-25T23:52:02.2460000Z,2026-09-25T23:52:02.2460000Z,6ab70921485cab4c956716a5,wenyi09232026.stratalog.logdata.json
DialogueNodeEvent:109:31,dialogue,1,DialogueEvent,Unit 5 Dev,2026-09-25T23:52:05.6310000Z,2026-09-25T23:52:05.6310000Z,6ab70925485cab4c956716a9,wenyi09232026.stratalog.logdata.json
DialogueNodeEvent:109:32,dialogue,1,DialogueEvent,Unit 5 Dev,2026-09-25T23:52:16.7530000Z,2026-09-25T23:52:16.7530000Z,6ab70930485cab4c956716b7,wenyi09232026.stratalog.logdata.json
DialogueNodeEvent:109:33,dialogue,1,DialogueEvent,Unit 5 Dev,2026-09-25T23:52:19.2210000Z,2026-09-25T23:52:19.2210000Z,6ab70932485cab4c956716bb,wenyi09232026.stratalog.logdata.json
DialogueNodeEvent:109:34,dialogue,1,DialogueEvent,Unit 5 Dev,2026-09-25T23:52:26.0740000Z,2026-09-25T23:52:26.0740000Z,6ab70939485cab4c956716c5,wenyi09232026.stratalog.logdata.json
DialogueNodeEvent:109:36,dialogue,1,DialogueEvent,Unit 5 Dev,2026-09-25T23:52:28.8600000Z,2026-09-25T23:52:28.8600000Z,6ab7093c485cab4c956716c9,wenyi09232026.stratalog.logdata.json
DialogueNodeEvent:109:38,dialogue,1,DialogueEvent,Unit 5 Dev,2026-09-25T23:54:56.0650000Z,2026-09-25T23:54:56.0650000Z,6ab709cf485cab4c9567178d,wenyi09232026.stratalog.logdata.json
DialogueNodeEvent:109:5,dialogue,1,DialogueEvent,Unit 5 Dev,2026-09-25T23:53:41.1950000Z,2026-09-25T23:53:41.1950000Z,6ab70984485cab4c95671735,wenyi09232026.stratalog.logdata.json
DialogueNodeEvent:109:6,dialogue,1,DialogueEvent,Unit 5 Dev,2026-09-25T23:53:55.9690000Z,2026-09-25T23:53:55.9690000Z,6ab70993485cab4c95671745,wenyi09232026.stratalog.logdata.json
DialogueNodeEvent:109:7,dialogue,1,DialogueEvent,Unit 5 Dev,2026-09-25T23:53:58.3700000Z,2026-09-25T23:53:58.3700000Z,6ab70996485cab4c95671749,wenyi09232026.stratalog.logdata.json
DialogueNodeEvent:109:8,dialogue,1,DialogueEvent,Unit 5 Dev,2026-09-25T23:54:07.9570000Z,2026-09-25T23:54:07.9570000Z,6ab7099f485cab4c95671755,wenyi09232026.stratalog.logdata.json
DialogueNodeEvent:109:9,dialogue,1,DialogueEvent,Unit 5 Dev,2026-09-25T23:54:29.0010000Z,2026-09-25T23:54:29.0010000Z,6ab709b4485cab4c9567176b,wenyi09232026.stratalog.logdata.json
DialogueNodeEvent:10:0,dialogue,2,DialogueEvent,Unit 3 Dev,2026-09-25T21:53:03.0320000Z,2026-09-25T22:20:06.7750000Z,6ab6ed3e485cab4c9566d38f,wenyi09232026.stratalog.logdata.json
DialogueNodeEvent:10:1,dialogue,1,DialogueEvent,Unit 3 Dev,2026-09-25T21:45:49.6940000Z,2026-09-25T21:45:49.6940000Z,6ab6eb8d485cab4c9566d085,wenyi09232026.stratalog.logdata.json
DialogueNodeEvent:10:101,dialogue,1,DialogueEvent,Unit 3 Dev,2026-09-25T22:01:04.9270000Z,2026-09-25T22:01:04.9270000Z,6ab6ef20485cab4c9566d849,wenyi09232026.stratalog.logdata.json
DialogueNodeEvent:10:102,dialogue,1,DialogueEvent,Unit 3 Dev,2026-09-25T22:01:06.7460000Z,2026-09-25T22:01:06.7460000Z,6ab6ef22485cab4c9566d84d,wenyi09232026.stratalog.logdata.json
DialogueNodeEvent:10:103,dialogue,1,DialogueEvent,Unit 3 Dev,2026-09-25T22:01:57.3380000Z,2026-09-25T22:01:57.3380000Z,6ab6ef55485cab4c9566d8d9,wenyi09232026.stratalog.logdata.json
DialogueNodeEvent:10:114,dialogue,1,DialogueEvent,Unit 3 Dev,2026-09-25T22:04:04.0980000Z,2026-09-25T22:04:04.0980000Z,6ab6efd3485cab4c9566d9bd,wenyi09232026.stratalog.logdata.json
DialogueNodeEvent:10:115,dialogue,1,DialogueEvent,Unit 3 Dev,2026-09-25T22:04:04.5980000Z,2026-09-25T22:04:04.5980000Z,6ab6efd4485cab4c9566d9c5,wenyi09232026.stratalog.logdata.json
DialogueNodeEvent:10:116,dialogue,1,DialogueEvent,Unit 3 Dev,2026-09-25T22:04:54.6880000Z,2026-09-25T22:04:54.6880000Z,6ab6f006485cab4c9566da4b,wenyi09232026.stratalog.logdata.json
DialogueNodeEvent:10:118,dialogue,1,DialogueEvent,Unit 3 Dev,2026-09-25T22:05:07.0780000Z,2026-09-25T22:05:07.0780000Z,6ab6f012485cab4c9566da5f,wenyi09232026.stratalog.logdata.json
DialogueNodeEvent:10:122,dialogue,1,DialogueEvent,Unit 3 Dungeon Dev,2026-09-25T22:08:44.9970000Z,2026-09-25T22:08:44.9970000Z,6ab6f0ec485cab4c9566dedf,wenyi09232026.stratalog.logdata.json
DialogueNodeEvent:10:123,dialogue,1,DialogueEvent,Unit 3 Dungeon Dev,2026-09-25T22:08:53.0020000Z,2026-09-25T22:08:53.0020000Z,6ab6f0f4485cab4c9566deef,wenyi09232026.stratalog.logdata.json
DialogueNodeEvent:10:124,dialogue,1,DialogueEvent,Unit 3 Dungeon Dev,2026-09-25T22:08:55.6530000Z,2026-09-25T22:08:55.6530000Z,6ab6f0f7485cab4c9566def9,wenyi09232026.stratalog.logdata.json
DialogueNodeEvent:10:125,dialogue,1,DialogueEvent,Unit 3 Dungeon Dev,2026-09-25T22:08:56.8540000Z,2026-09-25T22:08:56.8540000Z,6ab6f0f8485cab4c9566deff,wenyi09232026.stratalog.logdata.json
DialogueNodeEvent:10:126,dialogue,1,DialogueEvent,Unit 3 Dungeon Dev,2026-09-25T22:09:01.7390000Z,2026-09-25T22:09:01.7390000Z,6ab6f0fd485cab4c9566df0b,wenyi09232026.stratalog.logdata.json
DialogueNodeEvent:10:13,dialogue,1,DialogueEvent,Unit 3 Dev,2026-09-25T21:47:26.0370000Z,2026-09-25T21:47:26.0370000Z,6ab6ebed485cab4c9566d119,wenyi09232026.stratalog.logdata.json
DialogueNodeEvent:10:15,dialogue,1,DialogueEvent,Unit 3 Dev,2026-09-25T21:47:30.2390000Z,2026-09-25T21:47:30.2390000Z,6ab6ebf2485cab4c9566d121,wenyi09232026.stratalog.logdata.json
DialogueNodeEvent:10:154,dialogue,1,DialogueEvent,Unit 3 Dungeon Dev,2026-09-25T22:15:32.6930000Z,2026-09-25T22:15:32.6930000Z,6ab6f284485cab4c9566e317,wenyi09232026.stratalog.logdata.json
DialogueNodeEvent:10:155,dialogue,1,DialogueEvent,Unit 3 Dungeon Dev,2026-09-25T22:15:33.8450000Z,2026-09-25T22:15:33.8450000Z,6ab6f285485cab4c9566e31d,wenyi09232026.stratalog.logdata.json
DialogueNodeEvent:10:156,dialogue,1,DialogueEvent,Unit 3 Dungeon Dev,2026-09-25T22:15:39.1990000Z,2026-09-25T22:15:39.1990000Z,6ab6f28b485cab4c9566e32b,wenyi09232026.stratalog.logdata.json
DialogueNodeEvent:10:157,dialogue,1,DialogueEvent,Unit 3 Dev,2026-09-25T22:16:36.9570000Z,2026-09-25T22:16:36.9570000Z,6ab6f2c4485cab4c9566e391,wenyi09232026.stratalog.logdata.json
DialogueNodeEvent:10:158,dialogue,1,DialogueEvent,Unit 3 Dev,2026-09-25T22:16:40.6610000Z,2026-09-25T22:16:40.6610000Z,6ab6f2c8485cab4c9566e39b,wenyi09232026.stratalog.logdata.json
DialogueNodeEvent:10:159,dialogue,1,DialogueEvent,Unit 3 Dev,2026-09-25T22:16:42.7610000Z,2026-09-25T22:16:42.7610000Z,6ab6f2ca485cab4c9566e3a3,wenyi09232026.stratalog.logdata.json
DialogueNodeEvent:10:16,dialogue,1,DialogueEvent,Unit 3 Dev,2026-09-25T21:47:40.0720000Z,2026-09-25T21:47:40.0720000Z,6ab6ebfb485cab4c9566d131,wenyi09232026.stratalog.logdata.json
DialogueNodeEvent:10:160,dialogue,1,DialogueEvent,Unit 3 Dev,2026-09-25T22:16:51.0990000Z,2026-09-25T22:16:51.0990000Z,6ab6f2d2485cab4c9566e3b7,wenyi09232026.stratalog.logdata.json
DialogueNodeEvent:10:162,dialogue,1,DialogueEvent,Unit 3 Dev,2026-09-25T22:16:56.2340000Z,2026-09-25T22:16:56.2340000Z,6ab6f2d8485cab4c9566e3c1,wenyi09232026.stratalog.logdata.json
DialogueNodeEvent:10:176,dialogue,1,DialogueEvent,Unit 3 Dev,2026-09-25T22:20:06.7780000Z,2026-09-25T22:20:06.7780000Z,6ab6f396485cab4c9566e555,wenyi09232026.stratalog.logdata.json
DialogueNodeEvent:10:177,dialogue,1,DialogueEvent,Unit 3 Dev,2026-09-25T22:20:19.1800000Z,2026-09-25T22:20:19.1800000Z,6ab6f3a2485cab4c9566e563,wenyi09232026.stratalog.logdata.json
DialogueNodeEvent:10:178,dialogue,1,DialogueEvent,Unit 3 Dev,2026-09-25T22:20:30.2690000Z,2026-09-25T22:20:30.2690000Z,6ab6f3ae485cab4c9566e573,wenyi09232026.stratalog.logdata.json
DialogueNodeEvent:10:179,dialogue,1,DialogueEvent,Unit 3 Dev,2026-09-25T22:21:07.0860000Z,2026-09-25T22:21:07.0860000Z,6ab6f3d2485cab4c9566e59f,wenyi09232026.stratalog.logdata.json
DialogueNodeEvent:10:181,dialogue,1,DialogueEvent,Unit 3 Dev,2026-09-25T22:21:24.9950000Z,2026-09-25T22:21:24.9950000Z,6ab6f3e4485cab4c9566e5b9,wenyi09232026.stratalog.logdata.json
DialogueNodeEvent:10:182,dialogue,1,DialogueEvent,Unit 3 Dev,2026-09-25T22:21:36.2670000Z,2026-09-25T22:21:36.2670000Z,6ab6f3f0485cab4c9566e5c9,wenyi09232026.stratalog.logdata.json
DialogueNodeEvent:10:183,dialogue,1,DialogueEvent,Unit 3 Dev,2026-09-25T22:21:50.3410000Z,2026-09-25T22:21:50.3410000Z,6ab6f3fe485cab4c9566e5d9,wenyi09232026.stratalog.logdata.json
DialogueNodeEvent:10:184,dialogue,1,DialogueEvent,Unit 3 Dev,2026-09-25T22:22:00.4450000Z,2026-09-25T22:22:00.4450000Z,6ab6f408485cab4c9566e5e7,wenyi09232026.stratalog.logdata.json
DialogueNodeEvent:10:187,dialogue,1,DialogueEvent,Unit 3 Dev,2026-09-25T22:22:04.5470000Z,2026-09-25T22:22:04.5470000Z,6ab6f40c485cab4c9566e5ed,wenyi09232026.stratalog.logdata.json
DialogueNodeEvent:10:188,dialogue,1,DialogueEvent,Unit 3 Dev,2026-09-25T22:22:26.4740000Z,2026-09-25T22:22:26.4740000Z,6ab6f422485cab4c9566e609,wenyi09232026.stratalog.logdata.json
DialogueNodeEvent:10:190,dialogue,1,DialogueEvent,Unit 3 Dev,2026-09-25T22:22:32.9280000Z,2026-09-25T22:22:32.9280000Z,6ab6f428485cab4c9566e611,wenyi09232026.stratalog.logdata.json
DialogueNodeEvent:10:191,dialogue,1,DialogueEvent,Unit 3 Dev,2026-09-25T22:22:41.6650000Z,2026-09-25T22:22:41.6650000Z,6ab6f431485cab4c9566e61d,wenyi09232026.stratalog.logdata.json
DialogueNodeEvent:10:193,dialogue,1,DialogueEvent,Unit 3 Dev,2026-09-25T22:22:43.3820000Z,2026-09-25T22:22:43.3820000Z,6ab6f433485cab4c9566e61f,wenyi09232026.stratalog.logdata.json
DialogueNodeEvent:10:194,dialogue,1,DialogueEvent,Unit 3 Dev,2026-09-25T22:22:53.9730000Z,2026-09-25T22:22:53.9730000Z,6ab6f43d485cab4c9566e631,wenyi09232026.stratalog.logdata.json
DialogueNodeEvent:10:195,dialogue,1,DialogueEvent,Unit 3 Dev,2026-09-25T21:52:00.7250000Z,2026-09-25T21:52:00.7250000Z,6ab6ed00485cab4c9566d32d,wenyi09232026.stratalog.logdata.json
DialogueNodeEvent:10:196,dialogue,1,DialogueEvent,Unit 3 Dev,2026-09-25T22:01:09.4640000Z,2026-09-25T22:01:09.4640000Z,6ab6ef25485cab4c9566d855,wenyi09232026.stratalog.logdata.json
DialogueNodeEvent:10:198,dialogue,1,DialogueEvent,Unit 3 Dev,2026-09-25T21:53:03.0350000Z,2026-09-25T21:53:03.0350000Z,6ab6ed3e485cab4c9566d393,wenyi09232026.stratalog.logdata.json
DialogueNodeEvent:10:2,dialogue,1,DialogueEvent,Unit 3 Dev,2026-09-25T21:45:53.1960000Z,2026-09-25T21:45:53.1960000Z,6ab6eb91485cab4c9566d091,wenyi09232026.stratalog.logdata.json
DialogueNodeEvent:10:200,dialogue,1,DialogueEvent,Unit 3 Dev,2026-09-25T21:53:20.4550000Z,2026-09-25T21:53:20.4550000Z,6ab6ed50485cab4c9566d3ab,wenyi09232026.stratalog.logdata.json
DialogueNodeEvent:10:202,dialogue,1,DialogueEvent,Unit 3 Dev,2026-09-25T21:53:24.1400000Z,2026-09-25T21:53:24.1400000Z,6ab6ed53485cab4c9566d3b1,wenyi09232026.stratalog.logdata.json
DialogueNodeEvent:10:204,dialogue,1,DialogueEvent,Unit 3 Dev,2026-09-25T21:53:30.9120000Z,2026-09-25T21:53:30.9120000Z,6ab6ed5a485cab4c9566d3bf,wenyi09232026.stratalog.logdata.json
DialogueNodeEvent:10:205,dialogue,1,DialogueEvent,Unit 3 Dev,2026-09-25T21:48:01.7060000Z,2026-09-25T21:48:01.7060000Z,6ab6ec11485cab4c9566d159,wenyi09232026.stratalog.logdata.json
DialogueNodeEvent:10:211,dialogue,1,DialogueEvent,Unit 3 Dev,2026-09-25T21:53:53.4870000Z,2026-09-25T21:53:53.4870000Z,6ab6ed71485cab4c9566d3df,wenyi09232026.stratalog.logdata.json
DialogueNodeEvent:10:217,dialogue,1,DialogueEvent,Unit 3 Dev,2026-09-25T21:53:58.1730000Z,2026-09-25T21:53:58.1730000Z,6ab6ed75485cab4c9566d3e7,wenyi09232026.stratalog.logdata.json
DialogueNodeEvent:10:218,dialogue,1,DialogueEvent,Unit 3 Dev,2026-09-25T21:54:14.2480000Z,2026-09-25T21:54:14.2480000Z,6ab6ed86485cab4c9566d3fb,wenyi09232026.stratalog.logdata.json
DialogueNodeEvent:10:224,dialogue,1,DialogueEvent,Unit 3 Dev,2026-09-25T21:45:56.3460000Z,2026-09-25T21:45:56.3460000Z,6ab6eb94485cab4c9566d09b,wenyi09232026.stratalog.logdata.json
DialogueNodeEvent:10:29,dialogue,3,DialogueEvent,Unit 3 Dev,2026-09-25T21:49:58.8270000Z,2026-09-25T21:51:48.0780000Z,6ab6ec86485cab4c9566d23f,wenyi09232026.stratalog.logdata.json
DialogueNodeEvent:10:3,dialogue,1,DialogueEvent,Unit 3 Dev,2026-09-25T21:47:04.6440000Z,2026-09-25T21:47:04.6440000Z,6ab6ebd8485cab4c9566d0f7,wenyi09232026.stratalog.logdata.json
DialogueNodeEvent:10:30,dialogue,3,DialogueEvent,Unit 3 Dev,2026-09-25T21:50:10.1830000Z,2026-09-25T21:51:59.4340000Z,6ab6ec91485cab4c9566d255,wenyi09232026.stratalog.logdata.json
DialogueNodeEvent:10:38,dialogue,1,DialogueEvent,Unit 3 Dev,2026-09-25T21:53:36.7800000Z,2026-09-25T21:53:36.7800000Z,6ab6ed60485cab4c9566d3c9,wenyi09232026.stratalog.logdata.json
DialogueNodeEvent:10:39,dialogue,1,DialogueEvent,Unit 3 Dev,2026-09-25T21:53:41.5160000Z,2026-09-25T21:53:41.5160000Z,6ab6ed65485cab4c9566d3cf,wenyi09232026.stratalog.logdata.json
DialogueNodeEvent:10:4,dialogue,1,DialogueEvent,Unit 3 Dev,2026-09-25T21:47:10.2470000Z,2026-09-25T21:47:10.2470000Z,6ab6ebde485cab4c9566d0ff,wenyi09232026.stratalog.logdata.json
DialogueNodeEvent:10:6,dialogue,1,DialogueEvent,Unit 3 Dev,2026-09-25T21:47:12.6310000Z,2026-09-25T21:47:12.6310000Z,6ab6ebe0485cab4c9566d107,wenyi09232026.stratalog.logdata.json
DialogueNodeEvent:10:64,dialogue,1,DialogueEvent,Unit 3 Dev,2026-09-25T21:58:32.6220000Z,2026-09-25T21:58:32.6220000Z,6ab6ee88485cab4c9566d769,wenyi09232026.stratalog.logdata.json
DialogueNodeEvent:10:65,dialogue,1,DialogueEvent,Unit 3 Dev,2026-09-25T21:58:47.0770000Z,2026-09-25T21:58:47.0770000Z,6ab6ee96485cab4c9566d77d,wenyi09232026.stratalog.logdata.json
DialogueNodeEvent:10:67,dialogue,1,DialogueEvent,Unit 3 Dev,2026-09-25T21:58:49.7290000Z,2026-09-25T21:58:49.7290000Z,6ab6ee99485cab4c9566d783,wenyi09232026.stratalog.logdata.json
DialogueNodeEvent:10:68,dialogue,1,DialogueEvent,Unit 3 Dev,2026-09-25T21:58:58.5830000Z,2026-09-25T21:58:58.5830000Z,6ab6eea2485cab4c9566d78d,wenyi09232026.stratalog.logdata.json
DialogueNodeEvent:10:7,dialogue,1,DialogueEvent,Unit 3 Dev,2026-09-25T21:47:17.5000000Z,2026-09-25T21:47:17.5000000Z,6ab6ebe5485cab4c9566d10d,wenyi09232026.stratalog.logdata.json
DialogueNodeEvent:10:70,dialogue,1,DialogueEvent,Unit 3 Dev,2026-09-25T21:59:02.0350000Z,2026-09-25T21:59:02.0350000Z,6ab6eea5485cab4c9566d795,wenyi09232026.stratalog.logdata.json
DialogueNodeEvent:10:74,dialogue,1,DialogueEvent,Unit 3 Dev,2026-09-25T21:59:05.1200000Z,2026-09-25T21:59:05.1200000Z,6ab6eea8485cab4c9566d79b,wenyi09232026.stratalog.logdata.json
DialogueNodeEvent:10:75,dialogue,1,DialogueEvent,Unit 3 Dev,2026-09-25T21:59:27.9320000Z,2026-09-25T21:59:27.9320000Z,6ab6eebf485cab4c9566d7bb,wenyi09232026.stratalog.logdata.json
DialogueNodeEvent:10:76,dialogue,1,DialogueEvent,Unit 3 Dev,2026-09-25T21:59:46.1230000Z,2026-09-25T21:59:46.1230000Z,6ab6eed1485cab4c9566d7d3,wenyi09232026.stratalog.logdata.json
DialogueNodeEvent:10:77,dialogue,1,DialogueEvent,Unit 3 Dev,2026-09-25T21:59:55.6600000Z,2026-09-25T21:59:55.6600000Z,6ab6eedb485cab4c9566d7e1,wenyi09232026.stratalog.logdata.json
DialogueNodeEvent:10:79,dialogue,1,DialogueEvent,Unit 3 Dev,2026-09-25T21:59:58.8290000Z,2026-09-25T21:59:58.8290000Z,6ab6eede485cab4c9566d7e7,wenyi09232026.stratalog.logdata.json
DialogueNodeEvent:10:80,dialogue,1,DialogueEvent,Unit 3 Dev,2026-09-25T22:00:03.1470000Z,2026-09-25T22:00:03.1470000Z,6ab6eee2485cab4c9566d7ed,wenyi09232026.stratalog.logdata.json
DialogueNodeEvent:10:81,dialogue,1,DialogueEvent,Unit 3 Dev,2026-09-25T22:00:07.3330000Z,2026-09-25T22:00:07.3330000Z,6ab6eee7485cab4c9566d7f3,wenyi09232026.stratalog.logdata.json
DialogueNodeEvent:10:82,dialogue,1,DialogueEvent,Unit 3 Dev,2026-09-25T22:00:32.5450000Z,2026-09-25T22:00:32.5450000Z,6ab6ef00485cab4c9566d815,wenyi09232026.stratalog.logdata.json
DialogueNodeEvent:10:83,dialogue,1,DialogueEvent,Unit 3 Dev,2026-09-25T22:00:38.3820000Z,2026-09-25T22:00:38.3820000Z,6ab6ef06485cab4c9566d81d,wenyi09232026.stratalog.logdata.json
DialogueNodeEvent:10:90,dialogue,1,DialogueEvent,Unit 3 Dev,2026-09-25T22:00:46.1510000Z,2026-09-25T22:00:46.1510000Z,6ab6ef0d485cab4c9566d829,wenyi09232026.stratalog.logdata.json
DialogueNodeEvent:10:91,dialogue,1,DialogueEvent,Unit 3 Dev,2026-09-25T22:00:48.4520000Z,2026-09-25T22:00:48.4520000Z,6ab6ef10485cab4c9566d82d,wenyi09232026.stratalog.logdata.json
DialogueNodeEvent:10:94,dialogue,1,DialogueEvent,Unit 3 Dev,2026-09-25T22:00:52.2210000Z,2026-09-25T22:00:52.2210000Z,6ab6ef14485cab4c9566d835,wenyi09232026.stratalog.logdata.json
DialogueNodeEvent:10:98,dialogue,1,DialogueEvent,Unit 3 Dev,2026-09-25T22:00:58.1570000Z,2026-09-25T22:00:58.1570000Z,6ab6ef19485cab4c9566d83d,wenyi09232026.stratalog.logdata.json
DialogueNodeEvent:10:99,dialogue,1,DialogueEvent,Unit 3 Dev,2026-09-25T22:01:01.0590000Z,2026-09-25T22:01:01.0590000Z,6ab6ef1c485cab4c9566d843,wenyi09232026.stratalog.logdata.json
DialogueNodeEvent:111:1,dialogue,1,DialogueEvent,Unit 4 Dev - Dungeon,2026-09-25T22:37:45.0870000Z,2026-09-25T22:37:45.0870000Z,6ab6f7b8485cab4c9566f429,wenyi09232026.stratalog.logdata.json
DialogueNodeEvent:114:1,dialogue,1,DialogueEvent,Unit 4 Dev,2026-09-25T23:08:26.4180000Z,2026-09-25T23:08:26.4180000Z,6ab6feea485cab4c95670291,wenyi09232026.stratalog.logdata.json
DialogueNodeEvent:114:2,dialogue,1,DialogueEvent,Unit 4 Dev,2026-09-25T23:08:30.8620000Z,2026-09-25T23:08:30.8620000Z,6ab6feee485cab4c9567029b,wenyi09232026.stratalog.logdata.json
DialogueNodeEvent:114:3,dialogue,1,DialogueEvent,Unit 4 Dev,2026-09-25T23:08:32.7300000Z,2026-09-25T23:08:32.7300000Z,6ab6fef0485cab4c956702a3,wenyi09232026.stratalog.logdata.json
DialogueNodeEvent:114:4,dialogue,1,DialogueEvent,Unit 4 Dev,2026-09-25T23:08:33.9470000Z,2026-09-25T23:08:33.9470000Z,6ab6fef1485cab4c956702a9,wenyi09232026.stratalog.logdata.json
DialogueNodeEvent:116:1,dialogue,1,DialogueEvent,Unit 5 Dev - Dungeon,2026-09-25T23:36:06.8830000Z,2026-09-25T23:36:06.8830000Z,6ab70566485cab4c95671099,wenyi09232026.stratalog.logdata.json
DialogueNodeEvent:116:2,dialogue,1,DialogueEvent,Unit 5 Dev - Dungeon,2026-09-25T23:36:08.6510000Z,2026-09-25T23:36:08.6510000Z,6ab70568485cab4c956710a3,wenyi09232026.stratalog.logdata.json
DialogueNodeEvent:116:3,dialogue,1,DialogueEvent,Unit 5 Dev - Dungeon,2026-09-25T23:36:10.6190000Z,2026-09-25T23:36:10.6190000Z,6ab7056a485cab4c956710ab,wenyi09232026.stratalog.logdata.json
DialogueNodeEvent:116:4,dialogue,1,DialogueEvent,Unit 5 Dev - Dungeon,2026-09-25T23:36:12.2190000Z,2026-09-25T23:36:12.2190000Z,6ab7056b485cab4c956710b3,wenyi09232026.stratalog.logdata.json
DialogueNodeEvent:117:1,dialogue,1,DialogueEvent,Unit 5 Dev,2026-09-25T23:43:21.9770000Z,2026-09-25T23:43:21.9770000Z,6ab70719485cab4c95671381,wenyi09232026.stratalog.logdata.json
DialogueNodeEvent:117:10,dialogue,1,DialogueEvent,Unit 5 Dev,2026-09-25T23:43:28.7480000Z,2026-09-25T23:43:28.7480000Z,6ab70720485cab4c9567138d,wenyi09232026.stratalog.logdata.json
DialogueNodeEvent:117:11,dialogue,1,DialogueEvent,Unit 5 Dev,2026-09-25T23:43:33.0340000Z,2026-09-25T23:43:33.0340000Z,6ab70724485cab4c95671399,wenyi09232026.stratalog.logdata.json
DialogueNodeEvent:117:2,dialogue,1,DialogueEvent,Unit 5 Dev,2026-09-25T23:43:35.1340000Z,2026-09-25T23:43:35.1340000Z,6ab70726485cab4c956713a1,wenyi09232026.stratalog.logdata.json
DialogueNodeEvent:117:3,dialogue,1,DialogueEvent,Unit 5 Dev,2026-09-25T23:43:40.5040000Z,2026-09-25T23:43:40.5040000Z,6ab7072c485cab4c956713ab,wenyi09232026.stratalog.logdata.json
DialogueNodeEvent:117:5,dialogue,1,DialogueEvent,Unit 5 Dev,2026-09-25T23:43:45.1060000Z,2026-09-25T23:43:45.1060000Z,6ab70730485cab4c956713bd,wenyi09232026.stratalog.logdata.json
DialogueNodeEvent:117:6,dialogue,1,DialogueEvent,Unit 5 Dev,2026-09-25T23:43:47.0900000Z,2026-09-25T23:43:47.0900000Z,6ab70732485cab4c956713c5,wenyi09232026.stratalog.logdata.json
DialogueNodeEvent:117:7,dialogue,2,DialogueEvent,Unit 5 Dev,2026-09-25T23:43:42.4880000Z,2026-09-25T23:43:49.9080000Z,6ab7072e485cab4c956713b5,wenyi09232026.stratalog.logdata.json
DialogueNodeEvent:117:8,dialogue,1,DialogueEvent,Unit 5 Dev,2026-09-25T23:43:53.4100000Z,2026-09-25T23:43:53.4100000Z,6ab70739485cab4c956713d7,wenyi09232026.stratalog.logdata.json
DialogueNodeEvent:117:9,dialogue,1,DialogueEvent,Unit 5 Dev,2026-09-25T23:43:56.1950000Z,2026-09-25T23:43:56.1950000Z,6ab7073b485cab4c956713df,wenyi09232026.stratalog.logdata.json
DialogueNodeEvent:118:1,dialogue,1,DialogueEvent,Unit 5 Dev,2026-09-25T23:49:06.1780000Z,2026-09-25T23:49:06.1780000Z,6ab70871485cab4c95671583,wenyi09232026.stratalog.logdata.json
DialogueNodeEvent:118:10,dialogue,1,DialogueEvent,Unit 5 Dev,2026-09-25T23:49:39.4450000Z,2026-09-25T23:49:39.4450000Z,6ab70893485cab4c956715d9,wenyi09232026.stratalog.logdata.json
DialogueNodeEvent:118:2,dialogue,1,DialogueEvent,Unit 5 Dev,2026-09-25T23:49:12.2980000Z,2026-09-25T23:49:12.2980000Z,6ab70878485cab4c95671591,wenyi09232026.stratalog.logdata.json
DialogueNodeEvent:118:3,dialogue,1,DialogueEvent,Unit 5 Dev,2026-09-25T23:49:18.9180000Z,2026-09-25T23:49:18.9180000Z,6ab7087e485cab4c9567159b,wenyi09232026.stratalog.logdata.json
DialogueNodeEvent:118:4,dialogue,1,DialogueEvent,Unit 5 Dev,2026-09-25T23:49:20.2860000Z,2026-09-25T23:49:20.2860000Z,6ab7087f485cab4c956715a3,wenyi09232026.stratalog.logdata.json
DialogueNodeEvent:118:5,dialogue,1,DialogueEvent,Unit 5 Dev,2026-09-25T23:49:22.6370000Z,2026-09-25T23:49:22.6370000Z,6ab70882485cab4c956715ad,wenyi09232026.stratalog.logdata.json
DialogueNodeEvent:118:6,dialogue,1,DialogueEvent,Unit 5 Dev,2026-09-25T23:49:25.0220000Z,2026-09-25T23:49:25.0220000Z,6ab70884485cab4c956715b5,wenyi09232026.stratalog.logdata.json
DialogueNodeEvent:118:7,dialogue,1,DialogueEvent,Unit 5 Dev,2026-09-25T23:49:28.7570000Z,2026-09-25T23:49:28.7570000Z,6ab70888485cab4c956715bd,wenyi09232026.stratalog.logdata.json
DialogueNodeEvent:118:8,dialogue,1,DialogueEvent,Unit 5 Dev,2026-09-25T23:49:31.8080000Z,2026-09-25T23:49:31.8080000Z,6ab7088b485cab4c956715c7,wenyi09232026.stratalog.logdata.json
DialogueNodeEvent:118:9,dialogue,1,DialogueEvent,Unit 5 Dev,2026-09-25T23:49:38.6610000Z,2026-09-25T23:49:38.6610000Z,6ab70892485cab4c956715d3,wenyi09232026.stratalog.logdata.json
DialogueNodeEvent:11:0,dialogue,1,DialogueEvent,Unit 3 Dev,2026-09-25T21:48:23.6990000Z,2026-09-25T21:48:23.6990000Z,6ab6ec27485cab4c9566d18d,wenyi09232026.stratalog.logdata.json
DialogueNodeEvent:11:1,dialogue,1,DialogueEvent,Unit 3 Dev,2026-09-25T21:48:23.7150000Z,2026-09-25T21:48:23.7150000Z,6ab6ec27485cab4c9566d191,wenyi09232026.stratalog.logdata.json
DialogueNodeEvent:11:10,dialogue,1,DialogueEvent,Unit 3 Dev,2026-09-25T21:49:03.7330000Z,2026-09-25T21:49:03.7330000Z,6ab6ec4f485cab4c9566d1cf,wenyi09232026.stratalog.logdata.json
DialogueNodeEvent:11:11,dialogue,1,DialogueEvent,Unit 3 Dev,2026-09-25T21:49:11.8560000Z,2026-09-25T21:49:11.8560000Z,6ab6ec57485cab4c9566d1dd,wenyi09232026.stratalog.logdata.json
DialogueNodeEvent:11:12,dialogue,1,DialogueEvent,Unit 3 Dev,2026-09-25T21:52:01.1840000Z,2026-09-25T21:52:01.1840000Z,6ab6ed00485cab4c9566d32f,wenyi09232026.stratalog.logdata.json
DialogueNodeEvent:11:13,dialogue,1,DialogueEvent,Unit 3 Dev,2026-09-25T21:52:04.2860000Z,2026-09-25T21:52:04.2860000Z,6ab6ed04485cab4c9566d333,wenyi09232026.stratalog.logdata.json
DialogueNodeEvent:11:14,dialogue,1,DialogueEvent,Unit 3 Dev,2026-09-25T21:52:07.7370000Z,2026-09-25T21:52:07.7370000Z,6ab6ed07485cab4c9566d33b,wenyi09232026.stratalog.logdata.json
DialogueNodeEvent:11:15,dialogue,1,DialogueEvent,Unit 3 Dev,2026-09-25T21:52:16.8080000Z,2026-09-25T21:52:16.8080000Z,6ab6ed10485cab4c9566d349,wenyi09232026.stratalog.logdata.json
DialogueNodeEvent:11:2,dialogue,1,DialogueEvent,Unit 3 Dev,2026-09-25T21:48:30.6010000Z,2026-09-25T21:48:30.6010000Z,6ab6ec2e485cab4c9566d19b,wenyi09232026.stratalog.logdata.json
DialogueNodeEvent:11:21,dialogue,1,DialogueEvent,Unit 3 Dev,2026-09-25T21:52:19.5430000Z,2026-09-25T21:52:19.5430000Z,6ab6ed13485cab4c9566d34d,wenyi09232026.stratalog.logdata.json
DialogueNodeEvent:11:22,dialogue,1,DialogueEvent,Unit 3 Dev,2026-09-25T21:52:22.6360000Z,2026-09-25T21:52:22.6360000Z,6ab6ed16485cab4c9566d353,wenyi09232026.stratalog.logdata.json
DialogueNodeEvent:11:224,dialogue,1,DialogueEvent,Unit 3 Dev,2026-09-25T21:54:18.2000000Z,2026-09-25T21:54:18.2000000Z,6ab6ed89485cab4c9566d403,wenyi09232026.stratalog.logdata.json
DialogueNodeEvent:11:226,dialogue,1,DialogueEvent,Unit 3 Dev,2026-09-25T21:54:35.2460000Z,2026-09-25T21:54:35.2460000Z,6ab6ed9b485cab4c9566d41f,wenyi09232026.stratalog.logdata.json
DialogueNodeEvent:11:227,dialogue,1,DialogueEvent,Unit 3 Dev,2026-09-25T22:04:21.3710000Z,2026-09-25T22:04:21.3710000Z,6ab6efe5485cab4c9566d9f7,wenyi09232026.stratalog.logdata.json
DialogueNodeEvent:11:228,dialogue,1,DialogueEvent,Unit 3 Dev,2026-09-25T22:04:22.7060000Z,2026-09-25T22:04:22.7060000Z,6ab6efe6485cab4c9566d9fd,wenyi09232026.stratalog.logdata.json
DialogueNodeEvent:11:229,dialogue,1,DialogueEvent,Unit 3 Dev,2026-09-25T22:04:23.3550000Z,2026-09-25T22:04:23.3550000Z,6ab6efe7485cab4c9566d9ff,wenyi09232026.stratalog.logdata.json
DialogueNodeEvent:11:23,dialogue,1,DialogueEvent,Unit 3 Dev,2026-09-25T21:54:44.4300000Z,2026-09-25T21:54:44.4300000Z,6ab6eda4485cab4c9566d44b,wenyi09232026.stratalog.logdata.json
DialogueNodeEvent:11:24,dialogue,1,DialogueEvent,Unit 3 Dev,2026-09-25T21:55:59.8350000Z,2026-09-25T21:55:59.8350000Z,6ab6edef485cab4c9566d55f,wenyi09232026.stratalog.logdata.json
DialogueNodeEvent:11:25,dialogue,6,DialogueEvent,Unit 3 Dev,2026-09-25T21:57:02.7110000Z,2026-09-25T21:57:55.5030000Z,6ab6ee2e485cab4c9566d61b,wenyi09232026.stratalog.logdata.json
DialogueNodeEvent:11:26,dialogue,2,DialogueEvent,Unit 3 Dev,2026-09-25T21:57:33.9770000Z,2026-09-25T21:57:49.4170000Z,6ab6ee4d485cab4c9566d6b9,wenyi09232026.stratalog.logdata.json
DialogueNodeEvent:11:27,dialogue,3,DialogueEvent,Unit 3 Dev,2026-09-25T21:56:19.1740000Z,2026-09-25T21:56:51.8390000Z,6ab6ee02485cab4c9566d581,wenyi09232026.stratalog.logdata.json
DialogueNodeEvent:11:34,dialogue,1,DialogueEvent,Unit 3 Dev,2026-09-25T21:58:12.2320000Z,2026-09-25T21:58:12.2320000Z,6ab6ee74485cab4c9566d74d,wenyi09232026.stratalog.logdata.json
DialogueNodeEvent:11:35,dialogue,1,DialogueEvent,Unit 3 Dev,2026-09-25T22:04:13.0180000Z,2026-09-25T22:04:13.0180000Z,6ab6efdc485cab4c9566d9d9,wenyi09232026.stratalog.logdata.json
DialogueNodeEvent:11:36,dialogue,1,DialogueEvent,Unit 3 Dev,2026-09-25T22:04:15.8350000Z,2026-09-25T22:04:15.8350000Z,6ab6efdf485cab4c9566d9df,wenyi09232026.stratalog.logdata.json
DialogueNodeEvent:11:4,dialogue,1,DialogueEvent,Unit 3 Dev,2026-09-25T21:48:33.9030000Z,2026-09-25T21:48:33.9030000Z,6ab6ec31485cab4c9566d1a3,wenyi09232026.stratalog.logdata.json
DialogueNodeEvent:11:6,dialogue,1,DialogueEvent,Unit 3 Dev,2026-09-25T21:48:45.1240000Z,2026-09-25T21:48:45.1240000Z,6ab6ec3c485cab4c9566d1b1,wenyi09232026.stratalog.logdata.json
DialogueNodeEvent:11:7,dialogue,1,DialogueEvent,Unit 3 Dev,2026-09-25T21:48:47.6590000Z,2026-09-25T21:48:47.6590000Z,6ab6ec3f485cab4c9566d1b7,wenyi09232026.stratalog.logdata.json
DialogueNodeEvent:11:8,dialogue,1,DialogueEvent,Unit 3 Dev,2026-09-25T21:49:01.5150000Z,2026-09-25T21:49:01.5150000Z,6ab6ec4d485cab4c9566d1c9,wenyi09232026.stratalog.logdata.json
DialogueNodeEvent:12:11,dialogue,1,DialogueEvent,Unit 3 Dev,2026-09-25T22:02:36.5080000Z,2026-09-25T22:02:36.5080000Z,6ab6ef7c485cab4c9566d933,wenyi09232026.stratalog.logdata.json
DialogueNodeEvent:13:1,dialogue,1,DialogueEvent,Unit 3 Dev,2026-09-25T22:02:17.3960000Z,2026-09-25T22:02:17.3960000Z,6ab6ef69485cab4c9566d901,wenyi09232026.stratalog.logdata.json
DialogueNodeEvent:15:13,dialogue,1,DialogueEvent,Unit 3 Dev,2026-09-25T22:02:54.5460000Z,2026-09-25T22:02:54.5460000Z,6ab6ef8e485cab4c9566d959,wenyi09232026.stratalog.logdata.json
DialogueNodeEvent:15:14,dialogue,1,DialogueEvent,Unit 3 Dev,2026-09-25T22:02:57.7310000Z,2026-09-25T22:02:57.7310000Z,6ab6ef91485cab4c9566d95f,wenyi09232026.stratalog.logdata.json
DialogueNodeEvent:15:15,dialogue,1,DialogueEvent,Unit 3 Dev,2026-09-25T22:03:00.3580000Z,2026-09-25T22:03:00.3580000Z,6ab6ef94485cab4c9566d967,wenyi09232026.stratalog.logdata.json
DialogueNodeEvent:15:3,dialogue,2,DialogueEvent,Unit 3 Dev,2026-09-25T22:02:46.5090000Z,2026-09-25T22:02:50.5120000Z,6ab6ef86485cab4c9566d943,wenyi09232026.stratalog.logdata.json
DialogueNodeEvent:15:7,dialogue,1,DialogueEvent,Unit 3 Dev,2026-09-25T22:02:52.9780000Z,2026-09-25T22:02:52.9780000Z,6ab6ef8c485cab4c9566d957,wenyi09232026.stratalog.logdata.json
DialogueNodeEvent:16:3,dialogue,1,DialogueEvent,Unit 2 Prod (Refactor),2026-09-25T20:38:09.6270000Z,2026-09-25T20:38:09.6270000Z,6ab6dbb1485cab4c9565939b,wenyi09232026.stratalog.logdata.json
DialogueNodeEvent:17:17,dialogue,1,DialogueEvent,Unit 2 Prod (Refactor),2026-09-25T20:39:49.2180000Z,2026-09-25T20:39:49.2180000Z,6ab6dc14485cab4c9565ae4c,wenyi09232026.stratalog.logdata.json
DialogueNodeEvent:17:19,dialogue,1,DialogueEvent,Unit 2 Prod (Refactor),2026-09-25T20:39:51.3870000Z,2026-09-25T20:39:51.3870000Z,6ab6dc17485cab4c9565aefd,wenyi09232026.stratalog.logdata.json
DialogueNodeEvent:17:20,dialogue,1,DialogueEvent,Unit 2 Prod (Refactor),2026-09-25T20:39:57.9720000Z,2026-09-25T20:39:57.9720000Z,6ab6dc1d485cab4c9565b0d9,wenyi09232026.stratalog.logdata.json
DialogueNodeEvent:17:22,dialogue,1,DialogueEvent,Unit 2 Prod (Refactor),2026-09-25T20:40:01.3070000Z,2026-09-25T20:40:01.3070000Z,6ab6dc21485cab4c9565b19e,wenyi09232026.stratalog.logdata.json
DialogueNodeEvent:17:26,dialogue,1,DialogueEvent,Unit 2 Prod (Refactor),2026-09-25T20:40:14.7960000Z,2026-09-25T20:40:14.7960000Z,6ab6dc2e485cab4c9565b4a1,wenyi09232026.stratalog.logdata.json
DialogueNodeEvent:18:1,dialogue,1,DialogueEvent,Unit 2 Prod (Refactor),2026-09-25T20:38:42.8730000Z,2026-09-25T20:38:42.8730000Z,6ab6dbd2485cab4c95659c41,wenyi09232026.stratalog.logdata.json
DialogueNodeEvent:18:10,dialogue,1,DialogueEvent,Unit 2 Prod (Refactor),2026-09-25T20:39:22.3690000Z,2026-09-25T20:39:22.3690000Z,6ab6dbfa485cab4c9565a6a3,wenyi09232026.stratalog.logdata.json
DialogueNodeEvent:18:102,dialogue,1,DialogueEvent,Unit 2 Prod (Refactor),2026-09-25T21:10:18.4450000Z,2026-09-25T21:10:18.4450000Z,6ab6e33a485cab4c9566b2ab,wenyi09232026.stratalog.logdata.json
DialogueNodeEvent:18:103,dialogue,1,DialogueEvent,Unit 2 Prod (Refactor),2026-09-25T21:10:26.0970000Z,2026-09-25T21:10:26.0970000Z,6ab6e341485cab4c9566b2bd,wenyi09232026.stratalog.logdata.json
DialogueNodeEvent:18:105,dialogue,1,DialogueEvent,Unit 2 Prod (Refactor),2026-09-25T21:10:28.9340000Z,2026-09-25T21:10:28.9340000Z,6ab6e344485cab4c9566b2c5,wenyi09232026.stratalog.logdata.json
DialogueNodeEvent:18:109,dialogue,1,DialogueEvent,Unit 2 Prod (Refactor),2026-09-25T21:10:56.3270000Z,2026-09-25T21:10:56.3270000Z,6ab6e360485cab4c9566b311,wenyi09232026.stratalog.logdata.json
DialogueNodeEvent:18:110,dialogue,1,DialogueEvent,Unit 2 Prod (Refactor),2026-09-25T21:11:05.2160000Z,2026-09-25T21:11:05.2160000Z,6ab6e369485cab4c9566b321,wenyi09232026.stratalog.logdata.json
DialogueNodeEvent:18:112,dialogue,1,DialogueEvent,Unit 2 Prod (Refactor),2026-09-25T21:11:14.4530000Z,2026-09-25T21:11:14.4530000Z,6ab6e372485cab4c9566b335,wenyi09232026.stratalog.logdata.json
DialogueNodeEvent:18:113,dialogue,1,DialogueEvent,Unit 2 Prod (Refactor),2026-09-25T21:11:36.8820000Z,2026-09-25T21:11:36.8820000Z,6ab6e388485cab4c9566b377,wenyi09232026.stratalog.logdata.json
DialogueNodeEvent:18:114,dialogue,1,DialogueEvent,Unit 2 Prod (Refactor),2026-09-25T21:11:39.4820000Z,2026-09-25T21:11:39.4820000Z,6ab6e38b485cab4c9566b38b,wenyi09232026.stratalog.logdata.json
DialogueNodeEvent:18:116,dialogue,1,DialogueEvent,Unit 2 Prod (Refactor),2026-09-25T21:12:05.3170000Z,2026-09-25T21:12:05.3170000Z,6ab6e3a5485cab4c9566b41b,wenyi09232026.stratalog.logdata.json
DialogueNodeEvent:18:117,dialogue,1,DialogueEvent,Unit 2 Prod (Refactor),2026-09-25T21:12:14.2650000Z,2026-09-25T21:12:14.2650000Z,6ab6e3ae485cab4c9566b49d,wenyi09232026.stratalog.logdata.json
DialogueNodeEvent:18:118,dialogue,1,DialogueEvent,Unit 2 Prod (Refactor),2026-09-25T21:14:20.4050000Z,2026-09-25T21:14:20.4050000Z,6ab6e42c485cab4c9566b5a3,wenyi09232026.stratalog.logdata.json
DialogueNodeEvent:18:120,dialogue,1,DialogueEvent,Unit 2 Prod (Refactor),2026-09-25T21:29:46.4370000Z,2026-09-25T21:29:46.4370000Z,6ab6e7ca485cab4c9566c979,wenyi09232026.stratalog.logdata.json
DialogueNodeEvent:18:121,dialogue,1,DialogueEvent,Unit 2 Prod (Refactor),2026-09-25T21:29:51.3390000Z,2026-09-25T21:29:51.3390000Z,6ab6e7cf485cab4c9566c97f,wenyi09232026.stratalog.logdata.json
DialogueNodeEvent:18:122,dialogue,1,DialogueEvent,Unit 2 Prod (Refactor),2026-09-25T21:29:58.5420000Z,2026-09-25T21:29:58.5420000Z,6ab6e7d6485cab4c9566c98b,wenyi09232026.stratalog.logdata.json
DialogueNodeEvent:18:124,dialogue,1,DialogueEvent,Unit 2 Prod (Refactor),2026-09-25T21:30:03.3950000Z,2026-09-25T21:30:03.3950000Z,6ab6e7db485cab4c9566c993,wenyi09232026.stratalog.logdata.json
DialogueNodeEvent:18:125,dialogue,1,DialogueEvent,Unit 2 Prod (Refactor),2026-09-25T21:30:06.7130000Z,2026-09-25T21:30:06.7130000Z,6ab6e7de485cab4c9566c99b,wenyi09232026.stratalog.logdata.json
DialogueNodeEvent:18:127,dialogue,1,DialogueEvent,Unit 2 Prod (Refactor),2026-09-25T21:30:10.2000000Z,2026-09-25T21:30:10.2000000Z,6ab6e7e2485cab4c9566c9a3,wenyi09232026.stratalog.logdata.json
DialogueNodeEvent:18:128,dialogue,1,DialogueEvent,Unit 2 Prod (Refactor),2026-09-25T21:30:23.9730000Z,2026-09-25T21:30:23.9730000Z,6ab6e7ef485cab4c9566c9b9,wenyi09232026.stratalog.logdata.json
DialogueNodeEvent:18:130,dialogue,1,DialogueEvent,Unit 2 Prod (Refactor),2026-09-25T21:30:27.7480000Z,2026-09-25T21:30:27.7480000Z,6ab6e7f3485cab4c9566c9c1,wenyi09232026.stratalog.logdata.json
DialogueNodeEvent:18:136,dialogue,1,DialogueEvent,Unit 2 Prod (Refactor),2026-09-25T21:35:44.2230000Z,2026-09-25T21:35:44.2230000Z,6ab6e930485cab4c9566cbd3,wenyi09232026.stratalog.logdata.json
DialogueNodeEvent:18:137,dialogue,1,DialogueEvent,Unit 2 Prod (Refactor),2026-09-25T21:35:55.5090000Z,2026-09-25T21:35:55.5090000Z,6ab6e93b485cab4c9566cbe7,wenyi09232026.stratalog.logdata.json
DialogueNodeEvent:18:139,dialogue,1,DialogueEvent,Unit 2 Prod (Refactor),2026-09-25T21:36:00.3460000Z,2026-09-25T21:36:00.3460000Z,6ab6e940485cab4c9566cbed,wenyi09232026.stratalog.logdata.json
DialogueNodeEvent:18:141,dialogue,1,DialogueEvent,Unit 2 Prod (Refactor),2026-09-25T21:36:05.6490000Z,2026-09-25T21:36:05.6490000Z,6ab6e945485cab4c9566cbf7,wenyi09232026.stratalog.logdata.json
DialogueNodeEvent:18:142,dialogue,1,DialogueEvent,Unit 2 Prod (Refactor),2026-09-25T21:36:20.8560000Z,2026-09-25T21:36:20.8560000Z,6ab6e954485cab4c9566cc17,wenyi09232026.stratalog.logdata.json
DialogueNodeEvent:18:143,dialogue,1,DialogueEvent,Unit 2 Prod (Refactor),2026-09-25T21:36:26.7410000Z,2026-09-25T21:36:26.7410000Z,6ab6e95a485cab4c9566cc23,wenyi09232026.stratalog.logdata.json
DialogueNodeEvent:18:145,dialogue,1,DialogueEvent,Unit 2 Prod (Refactor),2026-09-25T21:36:30.9430000Z,2026-09-25T21:36:30.9430000Z,6ab6e95e485cab4c9566cc2b,wenyi09232026.stratalog.logdata.json
DialogueNodeEvent:18:146,dialogue,1,DialogueEvent,Unit 2 Prod (Refactor),2026-09-25T21:36:37.5490000Z,2026-09-25T21:36:37.5490000Z,6ab6e965485cab4c9566cc3f,wenyi09232026.stratalog.logdata.json
DialogueNodeEvent:18:148,dialogue,1,DialogueEvent,Unit 2 Prod (Refactor),2026-09-25T21:36:45.8660000Z,2026-09-25T21:36:45.8660000Z,6ab6e96d485cab4c9566cc4d,wenyi09232026.stratalog.logdata.json
DialogueNodeEvent:18:149,dialogue,1,DialogueEvent,Unit 2 Prod (Refactor),2026-09-25T21:36:48.2520000Z,2026-09-25T21:36:48.2520000Z,6ab6e970485cab4c9566cc53,wenyi09232026.stratalog.logdata.json
DialogueNodeEvent:18:150,dialogue,1,DialogueEvent,Unit 2 Prod (Refactor),2026-09-25T21:37:02.1420000Z,2026-09-25T21:37:02.1420000Z,6ab6e97d485cab4c9566cc6b,wenyi09232026.stratalog.logdata.json
DialogueNodeEvent:18:151,dialogue,1,DialogueEvent,Unit 2 Prod (Refactor),2026-09-25T21:37:07.3940000Z,2026-09-25T21:37:07.3940000Z,6ab6e983485cab4c9566cc77,wenyi09232026.stratalog.logdata.json
DialogueNodeEvent:18:153,dialogue,1,DialogueEvent,Unit 2 Prod (Refactor),2026-09-25T21:37:09.4640000Z,2026-09-25T21:37:09.4640000Z,6ab6e985485cab4c9566cc7b,wenyi09232026.stratalog.logdata.json
DialogueNodeEvent:18:154,dialogue,1,DialogueEvent,Unit 2 Prod (Refactor),2026-09-25T21:37:24.4210000Z,2026-09-25T21:37:24.4210000Z,6ab6e994485cab4c9566ccad,wenyi09232026.stratalog.logdata.json
DialogueNodeEvent:18:155,dialogue,1,DialogueEvent,Unit 2 Prod (Refactor),2026-09-25T21:37:33.2900000Z,2026-09-25T21:37:33.2900000Z,6ab6e99d485cab4c9566ccbd,wenyi09232026.stratalog.logdata.json
DialogueNodeEvent:18:156,dialogue,1,DialogueEvent,Unit 2 Prod (Refactor),2026-09-25T21:37:39.6760000Z,2026-09-25T21:37:39.6760000Z,6ab6e9a3485cab4c9566ccc7,wenyi09232026.stratalog.logdata.json
DialogueNodeEvent:18:158,dialogue,1,DialogueEvent,Unit 2 Prod (Refactor),2026-09-25T21:37:42.4280000Z,2026-09-25T21:37:42.4280000Z,6ab6e9a6485cab4c9566cccd,wenyi09232026.stratalog.logdata.json
DialogueNodeEvent:18:159,dialogue,1,DialogueEvent,Unit 2 Prod (Refactor),2026-09-25T21:38:23.1470000Z,2026-09-25T21:38:23.1470000Z,6ab6e9ce485cab4c9566cd35,wenyi09232026.stratalog.logdata.json
DialogueNodeEvent:18:160,dialogue,1,DialogueEvent,Unit 2 Prod (Refactor),2026-09-25T21:38:27.7490000Z,2026-09-25T21:38:27.7490000Z,6ab6e9d3485cab4c9566cd41,wenyi09232026.stratalog.logdata.json
DialogueNodeEvent:18:162,dialogue,1,DialogueEvent,Unit 2 Prod (Refactor),2026-09-25T21:38:29.7660000Z,2026-09-25T21:38:29.7660000Z,6ab6e9d5485cab4c9566cd45,wenyi09232026.stratalog.logdata.json
DialogueNodeEvent:18:163,dialogue,1,DialogueEvent,Unit 2 Prod (Refactor),2026-09-25T21:38:37.8060000Z,2026-09-25T21:38:37.8060000Z,6ab6e9dd485cab4c9566cd5f,wenyi09232026.stratalog.logdata.json
DialogueNodeEvent:18:164,dialogue,1,DialogueEvent,Unit 2 Prod (Refactor),2026-09-25T21:38:43.7720000Z,2026-09-25T21:38:43.7720000Z,6ab6e9e3485cab4c9566cd6b,wenyi09232026.stratalog.logdata.json
DialogueNodeEvent:18:166,dialogue,1,DialogueEvent,Unit 2 Prod (Refactor),2026-09-25T21:38:46.0570000Z,2026-09-25T21:38:46.0570000Z,6ab6e9e5485cab4c9566cd71,wenyi09232026.stratalog.logdata.json
DialogueNodeEvent:18:167,dialogue,1,DialogueEvent,Unit 2 Prod (Refactor),2026-09-25T21:38:56.4650000Z,2026-09-25T21:38:56.4650000Z,6ab6e9f0485cab4c9566cd83,wenyi09232026.stratalog.logdata.json
DialogueNodeEvent:18:169,dialogue,1,DialogueEvent,Unit 2 Prod (Refactor),2026-09-25T21:39:14.3900000Z,2026-09-25T21:39:14.3900000Z,6ab6ea02485cab4c9566cdc1,wenyi09232026.stratalog.logdata.json
DialogueNodeEvent:18:170,dialogue,1,DialogueEvent,Unit 2 Prod (Refactor),2026-09-25T21:39:20.5740000Z,2026-09-25T21:39:20.5740000Z,6ab6ea08485cab4c9566cdcd,wenyi09232026.stratalog.logdata.json
DialogueNodeEvent:18:173,dialogue,1,DialogueEvent,Unit 2 Prod (Refactor),2026-09-25T21:39:22.3250000Z,2026-09-25T21:39:22.3250000Z,6ab6ea0a485cab4c9566cdd1,wenyi09232026.stratalog.logdata.json
DialogueNodeEvent:18:174,dialogue,1,DialogueEvent,Unit 2 Prod (Refactor),2026-09-25T21:39:25.5600000Z,2026-09-25T21:39:25.5600000Z,6ab6ea0d485cab4c9566cdd9,wenyi09232026.stratalog.logdata.json
DialogueNodeEvent:18:175,dialogue,1,DialogueEvent,Unit 2 Prod (Refactor),2026-09-25T21:39:39.8160000Z,2026-09-25T21:39:39.8160000Z,6ab6ea1b485cab4c9566cdef,wenyi09232026.stratalog.logdata.json
DialogueNodeEvent:18:176,dialogue,1,DialogueEvent,Unit 2 Prod (Refactor),2026-09-25T21:39:41.7750000Z,2026-09-25T21:39:41.7750000Z,6ab6ea1d485cab4c9566cdf3,wenyi09232026.stratalog.logdata.json
DialogueNodeEvent:18:179,dialogue,1,DialogueEvent,Unit 2 Prod (Refactor),2026-09-25T20:42:10.2970000Z,2026-09-25T20:42:10.2970000Z,6ab6dca2485cab4c9565d395,wenyi09232026.stratalog.logdata.json
DialogueNodeEvent:18:2,dialogue,1,DialogueEvent,Unit 2 Prod (Refactor),2026-09-25T20:38:51.7090000Z,2026-09-25T20:38:51.7090000Z,6ab6dbdb485cab4c95659e9e,wenyi09232026.stratalog.logdata.json
DialogueNodeEvent:18:209,dialogue,1,DialogueEvent,Unit 2 Prod (Refactor),2026-09-25T20:50:18.6310000Z,2026-09-25T20:50:18.6310000Z,6ab6de8a485cab4c95664651,wenyi09232026.stratalog.logdata.json
DialogueNodeEvent:18:21,dialogue,1,DialogueEvent,Unit 2 Prod (Refactor),2026-09-25T20:40:20.9850000Z,2026-09-25T20:40:20.9850000Z,6ab6dc34485cab4c9565b641,wenyi09232026.stratalog.logdata.json
DialogueNodeEvent:18:210,dialogue,1,DialogueEvent,Unit 2 Prod (Refactor),2026-09-25T20:50:26.0180000Z,2026-09-25T20:50:26.0180000Z,6ab6de91485cab4c956647eb,wenyi09232026.stratalog.logdata.json
DialogueNodeEvent:18:22,dialogue,1,DialogueEvent,Unit 2 Prod (Refactor),2026-09-25T20:40:29.1540000Z,2026-09-25T20:40:29.1540000Z,6ab6dc3c485cab4c9565b86a,wenyi09232026.stratalog.logdata.json
DialogueNodeEvent:18:231,dialogue,1,DialogueEvent,Unit 2 Prod (Refactor),2026-09-25T21:05:57.9900000Z,2026-09-25T21:05:57.9900000Z,6ab6e235485cab4c9566b0e7,wenyi09232026.stratalog.logdata.json
DialogueNodeEvent:18:24,dialogue,1,DialogueEvent,Unit 2 Prod (Refactor),2026-09-25T20:40:35.5570000Z,2026-09-25T20:40:35.5570000Z,6ab6dc43485cab4c9565ba1c,wenyi09232026.stratalog.logdata.json
DialogueNodeEvent:18:243,dialogue,1,DialogueEvent,Unit 2 Prod (Refactor),2026-09-25T21:12:23.5020000Z,2026-09-25T21:12:23.5020000Z,6ab6e3b7485cab4c9566b4f7,wenyi09232026.stratalog.logdata.json
DialogueNodeEvent:18:25,dialogue,1,DialogueEvent,Unit 2 Prod (Refactor),2026-09-25T20:40:42.2730000Z,2026-09-25T20:40:42.2730000Z,6ab6dc4a485cab4c9565bbed,wenyi09232026.stratalog.logdata.json
DialogueNodeEvent:18:270,dialogue,1,DialogueEvent,Unit 2 Prod (Refactor),2026-09-25T20:41:46.9350000Z,2026-09-25T20:41:46.9350000Z,6ab6dc8a485cab4c9565cd7c,wenyi09232026.stratalog.logdata.json
DialogueNodeEvent:18:272,dialogue,1,DialogueEvent,Unit 2 Prod (Refactor),2026-09-25T20:41:52.3880000Z,2026-09-25T20:41:52.3880000Z,6ab6dc90485cab4c9565cf2c,wenyi09232026.stratalog.logdata.json
DialogueNodeEvent:18:273,dialogue,1,DialogueEvent,Unit 2 Prod (Refactor),2026-09-25T20:42:00.8760000Z,2026-09-25T20:42:00.8760000Z,6ab6dc98485cab4c9565d150,wenyi09232026.stratalog.logdata.json
DialogueNodeEvent:18:274,dialogue,1,DialogueEvent,Unit 2 Prod (Refactor),2026-09-25T21:11:07.9160000Z,2026-09-25T21:11:07.9160000Z,6ab6e36b485cab4c9566b325,wenyi09232026.stratalog.logdata.json
DialogueNodeEvent:18:276,dialogue,1,DialogueEvent,Unit 2 Prod (Refactor),2026-09-25T21:11:41.8810000Z,2026-09-25T21:11:41.8810000Z,6ab6e38d485cab4c9566b391,wenyi09232026.stratalog.logdata.json
DialogueNodeEvent:18:277,dialogue,1,DialogueEvent,Unit 2 Prod (Refactor),2026-09-25T21:11:52.1190000Z,2026-09-25T21:11:52.1190000Z,6ab6e397485cab4c9566b3a1,wenyi09232026.stratalog.logdata.json
DialogueNodeEvent:18:279,dialogue,1,DialogueEvent,Unit 2 Prod (Refactor),2026-09-25T21:11:55.1210000Z,2026-09-25T21:11:55.1210000Z,6ab6e39a485cab4c9566b3a9,wenyi09232026.stratalog.logdata.json
DialogueNodeEvent:18:280,dialogue,1,DialogueEvent,Unit 2 Prod (Refactor),2026-09-25T20:48:48.4570000Z,2026-09-25T20:48:48.4570000Z,6ab6de30485cab4c956634b6,wenyi09232026.stratalog.logdata.json
DialogueNodeEvent:18:281,dialogue,1,DialogueEvent,Unit 2 Prod (Refactor),2026-09-25T20:50:06.3920000Z,2026-09-25T20:50:06.3920000Z,6ab6de7e485cab4c956643c4,wenyi09232026.stratalog.logdata.json
DialogueNodeEvent:18:282,dialogue,1,DialogueEvent,Unit 2 Prod (Refactor),2026-09-25T20:49:59.0050000Z,2026-09-25T20:49:59.0050000Z,6ab6de76485cab4c95664283,wenyi09232026.stratalog.logdata.json
DialogueNodeEvent:18:283,dialogue,1,DialogueEvent,Unit 2 Prod (Refactor),2026-09-25T20:52:33.4520000Z,2026-09-25T20:52:33.4520000Z,6ab6df11485cab4c95666251,wenyi09232026.stratalog.logdata.json
DialogueNodeEvent:18:284,dialogue,1,DialogueEvent,Unit 2 Prod (Refactor),2026-09-25T21:39:44.1530000Z,2026-09-25T21:39:44.1530000Z,6ab6ea1f485cab4c9566cdf9,wenyi09232026.stratalog.logdata.json
DialogueNodeEvent:18:290,dialogue,1,DialogueEvent,Unit 2 Prod (Refactor),2026-09-25T21:30:14.8170000Z,2026-09-25T21:30:14.8170000Z,6ab6e7e6485cab4c9566c9ab,wenyi09232026.stratalog.logdata.json
DialogueNodeEvent:18:33,dialogue,1,DialogueEvent,Unit 2 Prod (Refactor),2026-09-25T20:41:01.7340000Z,2026-09-25T20:41:01.7340000Z,6ab6dc5d485cab4c9565c123,wenyi09232026.stratalog.logdata.json
DialogueNodeEvent:18:34,dialogue,1,DialogueEvent,Unit 2 Prod (Refactor),2026-09-25T20:41:05.7350000Z,2026-09-25T20:41:05.7350000Z,6ab6dc61485cab4c9565c1f9,wenyi09232026.stratalog.logdata.json
DialogueNodeEvent:18:35,dialogue,1,DialogueEvent,Unit 2 Prod (Refactor),2026-09-25T20:41:12.7890000Z,2026-09-25T20:41:12.7890000Z,6ab6dc68485cab4c9565c3cf,wenyi09232026.stratalog.logdata.json
DialogueNodeEvent:18:36,dialogue,1,DialogueEvent,Unit 2 Prod (Refactor),2026-09-25T20:41:15.7230000Z,2026-09-25T20:41:15.7230000Z,6ab6dc6b485cab4c9565c483,wenyi09232026.stratalog.logdata.json
DialogueNodeEvent:18:37,dialogue,1,DialogueEvent,Unit 2 Prod (Refactor),2026-09-25T20:41:21.4600000Z,2026-09-25T20:41:21.4600000Z,6ab6dc71485cab4c9565c618,wenyi09232026.stratalog.logdata.json
DialogueNodeEvent:18:38,dialogue,1,DialogueEvent,Unit 2 Prod (Refactor),2026-09-25T20:41:26.2120000Z,2026-09-25T20:41:26.2120000Z,6ab6dc75485cab4c9565c787,wenyi09232026.stratalog.logdata.json
DialogueNodeEvent:18:39,dialogue,1,DialogueEvent,Unit 2 Prod (Refactor),2026-09-25T20:41:26.2140000Z,2026-09-25T20:41:26.2140000Z,6ab6dc76485cab4c9565c78e,wenyi09232026.stratalog.logdata.json
DialogueNodeEvent:18:4,dialogue,1,DialogueEvent,Unit 2 Prod (Refactor),2026-09-25T20:38:54.5610000Z,2026-09-25T20:38:54.5610000Z,6ab6dbde485cab4c95659f54,wenyi09232026.stratalog.logdata.json
DialogueNodeEvent:18:41,dialogue,1,DialogueEvent,Unit 2 Prod (Refactor),2026-09-25T20:47:46.5140000Z,2026-09-25T20:47:46.5140000Z,6ab6ddf2485cab4c9566279f,wenyi09232026.stratalog.logdata.json
DialogueNodeEvent:18:47,dialogue,1,DialogueEvent,Unit 2 Prod (Refactor),2026-09-25T20:47:52.5330000Z,2026-09-25T20:47:52.5330000Z,6ab6ddf8485cab4c956628c6,wenyi09232026.stratalog.logdata.json
DialogueNodeEvent:18:5,dialogue,1,DialogueEvent,Unit 2 Prod (Refactor),2026-09-25T20:39:05.3660000Z,2026-09-25T20:39:05.3660000Z,6ab6dbe9485cab4c9565a1e8,wenyi09232026.stratalog.logdata.json
DialogueNodeEvent:18:56,dialogue,1,DialogueEvent,Unit 2 Prod (Refactor),2026-09-25T20:48:25.4830000Z,2026-09-25T20:48:25.4830000Z,6ab6de19485cab4c95662f92,wenyi09232026.stratalog.logdata.json
DialogueNodeEvent:18:59,dialogue,1,DialogueEvent,Unit 2 Prod (Refactor),2026-09-25T20:48:41.9540000Z,2026-09-25T20:48:41.9540000Z,6ab6de29485cab4c95663349,wenyi09232026.stratalog.logdata.json
DialogueNodeEvent:18:61,dialogue,1,DialogueEvent,Unit 2 Prod (Refactor),2026-09-25T20:48:59.2780000Z,2026-09-25T20:48:59.2780000Z,6ab6de3b485cab4c9566370e,wenyi09232026.stratalog.logdata.json
DialogueNodeEvent:18:63,dialogue,1,DialogueEvent,Unit 2 Prod (Refactor),2026-09-25T20:49:04.1140000Z,2026-09-25T20:49:04.1140000Z,6ab6de3f485cab4c956637e6,wenyi09232026.stratalog.logdata.json
DialogueNodeEvent:18:64,dialogue,1,DialogueEvent,Unit 2 Prod (Refactor),2026-09-25T20:49:08.2660000Z,2026-09-25T20:49:08.2660000Z,6ab6de44485cab4c956638c8,wenyi09232026.stratalog.logdata.json
DialogueNodeEvent:18:65,dialogue,1,DialogueEvent,Unit 2 Prod (Refactor),2026-09-25T20:49:11.7010000Z,2026-09-25T20:49:11.7010000Z,6ab6de47485cab4c95663966,wenyi09232026.stratalog.logdata.json
DialogueNodeEvent:18:66,dialogue,1,DialogueEvent,Unit 2 Prod (Refactor),2026-09-25T20:49:31.3770000Z,2026-09-25T20:49:31.3770000Z,6ab6de5b485cab4c95663d30,wenyi09232026.stratalog.logdata.json
DialogueNodeEvent:18:68,dialogue,1,DialogueEvent,Unit 2 Prod (Refactor),2026-09-25T20:49:36.3470000Z,2026-09-25T20:49:36.3470000Z,6ab6de60485cab4c95663e2a,wenyi09232026.stratalog.logdata.json
DialogueNodeEvent:18:69,dialogue,1,DialogueEvent,Unit 2 Prod (Refactor),2026-09-25T20:49:43.5140000Z,2026-09-25T20:49:43.5140000Z,6ab6de67485cab4c95663f7f,wenyi09232026.stratalog.logdata.json
DialogueNodeEvent:18:7,dialogue,1,DialogueEvent,Unit 2 Prod (Refactor),2026-09-25T20:39:08.9010000Z,2026-09-25T20:39:08.9010000Z,6ab6dbec485cab4c9565a2e2,wenyi09232026.stratalog.logdata.json
DialogueNodeEvent:18:71,dialogue,1,DialogueEvent,Unit 2 Prod (Refactor),2026-09-25T20:49:50.8180000Z,2026-09-25T20:49:50.8180000Z,6ab6de6e485cab4c956640e1,wenyi09232026.stratalog.logdata.json
DialogueNodeEvent:18:72,dialogue,1,DialogueEvent,Unit 2 Prod (Refactor),2026-09-25T20:50:15.8300000Z,2026-09-25T20:50:15.8300000Z,6ab6de87485cab4c956645b3,wenyi09232026.stratalog.logdata.json
DialogueNodeEvent:18:75,dialogue,1,DialogueEvent,Unit 2 Prod (Refactor),2026-09-25T20:50:30.9540000Z,2026-09-25T20:50:30.9540000Z,6ab6de96485cab4c95664902,wenyi09232026.stratalog.logdata.json
DialogueNodeEvent:18:76,dialogue,1,DialogueEvent,Unit 2 Prod (Refactor),2026-09-25T20:50:36.8570000Z,2026-09-25T20:50:36.8570000Z,6ab6de9c485cab4c95664a60,wenyi09232026.stratalog.logdata.json
DialogueNodeEvent:18:77,dialogue,1,DialogueEvent,Unit 2 Prod (Refactor),2026-09-25T20:50:40.3920000Z,2026-09-25T20:50:40.3920000Z,6ab6dea0485cab4c95664b29,wenyi09232026.stratalog.logdata.json
DialogueNodeEvent:18:79,dialogue,1,DialogueEvent,Unit 2 Prod (Refactor),2026-09-25T20:50:42.6910000Z,2026-09-25T20:50:42.6910000Z,6ab6dea2485cab4c95664bae,wenyi09232026.stratalog.logdata.json
DialogueNodeEvent:18:8,dialogue,1,DialogueEvent,Unit 2 Prod (Refactor),2026-09-25T20:39:19.4560000Z,2026-09-25T20:39:19.4560000Z,6ab6dbf7485cab4c9565a5b3,wenyi09232026.stratalog.logdata.json
DialogueNodeEvent:18:80,dialogue,1,DialogueEvent,Unit 2 Prod (Refactor),2026-09-25T20:51:09.5700000Z,2026-09-25T20:51:09.5700000Z,6ab6debd485cab4c95665146,wenyi09232026.stratalog.logdata.json
DialogueNodeEvent:18:82,dialogue,1,DialogueEvent,Unit 2 Prod (Refactor),2026-09-25T20:51:12.9220000Z,2026-09-25T20:51:12.9220000Z,6ab6dec0485cab4c956651f9,wenyi09232026.stratalog.logdata.json
DialogueNodeEvent:18:87,dialogue,1,DialogueEvent,Unit 2 Prod (Refactor),2026-09-25T20:51:23.7770000Z,2026-09-25T20:51:23.7770000Z,6ab6decb485cab4c9566542a,wenyi09232026.stratalog.logdata.json
DialogueNodeEvent:18:89,dialogue,1,DialogueEvent,Unit 2 Prod (Refactor),2026-09-25T20:51:30.0480000Z,2026-09-25T20:51:30.0480000Z,6ab6ded1485cab4c9566556d,wenyi09232026.stratalog.logdata.json
DialogueNodeEvent:18:91,dialogue,1,DialogueEvent,Unit 2 Prod (Refactor),2026-09-25T20:51:49.1570000Z,2026-09-25T20:51:49.1570000Z,6ab6dee4485cab4c9566590a,wenyi09232026.stratalog.logdata.json
DialogueNodeEvent:18:92,dialogue,1,DialogueEvent,Unit 2 Prod (Refactor),2026-09-25T20:51:57.1920000Z,2026-09-25T20:51:57.1920000Z,6ab6deec485cab4c95665a98,wenyi09232026.stratalog.logdata.json
DialogueNodeEvent:18:94,dialogue,1,DialogueEvent,Unit 2 Prod (Refactor),2026-09-25T20:52:07.8460000Z,2026-09-25T20:52:07.8460000Z,6ab6def7485cab4c95665cb1,wenyi09232026.stratalog.logdata.json
DialogueNodeEvent:18:95,dialogue,1,DialogueEvent,Unit 2 Prod (Refactor),2026-09-25T20:52:10.6150000Z,2026-09-25T20:52:10.6150000Z,6ab6defa485cab4c95665d4a,wenyi09232026.stratalog.logdata.json
DialogueNodeEvent:18:98,dialogue,1,DialogueEvent,Unit 2 Prod (Refactor),2026-09-25T20:52:15.8680000Z,2026-09-25T20:52:15.8680000Z,6ab6deff485cab4c95665e68,wenyi09232026.stratalog.logdata.json
DialogueNodeEvent:19:0,dialogue,3,DialogueEvent,Unit 2 Prod (Refactor),2026-09-25T20:53:21.0820000Z,2026-09-25T21:30:46.8490000Z,6ab6df40485cab4c95666c2c,wenyi09232026.stratalog.logdata.json
DialogueNodeEvent:19:1,dialogue,2,DialogueEvent,Unit 2 Prod (Refactor),2026-09-25T20:53:21.0850000Z,2026-09-25T20:59:03.0890000Z,6ab6df40485cab4c95666c35,wenyi09232026.stratalog.logdata.json
DialogueNodeEvent:19:16,dialogue,1,DialogueEvent,Unit 2 Prod (Refactor),2026-09-25T21:30:46.8520000Z,2026-09-25T21:30:46.8520000Z,6ab6e806485cab4c9566c9e7,wenyi09232026.stratalog.logdata.json
DialogueNodeEvent:19:17,dialogue,1,DialogueEvent,Unit 2 Prod (Refactor),2026-09-25T21:30:50.4830000Z,2026-09-25T21:30:50.4830000Z,6ab6e80a485cab4c9566c9ed,wenyi09232026.stratalog.logdata.json
DialogueNodeEvent:19:19,dialogue,1,DialogueEvent,Unit 2 Prod (Refactor),2026-09-25T21:30:54.0850000Z,2026-09-25T21:30:54.0850000Z,6ab6e80d485cab4c9566c9f3,wenyi09232026.stratalog.logdata.json
DialogueNodeEvent:19:2,dialogue,2,DialogueEvent,Unit 2 Prod (Refactor),2026-09-25T20:53:31.2190000Z,2026-09-25T20:59:12.0380000Z,6ab6df4b485cab4c95666e3d,wenyi09232026.stratalog.logdata.json
DialogueNodeEvent:19:20,dialogue,1,DialogueEvent,Unit 2 Prod (Refactor),2026-09-25T21:31:15.5620000Z,2026-09-25T21:31:15.5620000Z,6ab6e823485cab4c9566ca13,wenyi09232026.stratalog.logdata.json
DialogueNodeEvent:19:21,dialogue,1,DialogueEvent,Unit 2 Prod (Refactor),2026-09-25T21:31:22.2650000Z,2026-09-25T21:31:22.2650000Z,6ab6e82a485cab4c9566ca1b,wenyi09232026.stratalog.logdata.json
DialogueNodeEvent:19:26,dialogue,1,DialogueEvent,Unit 2 Prod (Refactor),2026-09-25T21:31:54.0300000Z,2026-09-25T21:31:54.0300000Z,6ab6e849485cab4c9566ca49,wenyi09232026.stratalog.logdata.json
DialogueNodeEvent:19:29,dialogue,1,DialogueEvent,Unit 2 Prod (Refactor),2026-09-25T21:31:56.4810000Z,2026-09-25T21:31:56.4810000Z,6ab6e84c485cab4c9566ca4f,wenyi09232026.stratalog.logdata.json
DialogueNodeEvent:19:30,dialogue,1,DialogueEvent,Unit 2 Prod (Refactor),2026-09-25T21:32:06.0860000Z,2026-09-25T21:32:06.0860000Z,6ab6e855485cab4c9566ca5d,wenyi09232026.stratalog.logdata.json
DialogueNodeEvent:19:31,dialogue,1,DialogueEvent,Unit 2 Prod (Refactor),2026-09-25T21:32:11.5050000Z,2026-09-25T21:32:11.5050000Z,6ab6e85b485cab4c9566ca65,wenyi09232026.stratalog.logdata.json
DialogueNodeEvent:19:32,dialogue,1,DialogueEvent,Unit 2 Prod (Refactor),2026-09-25T21:32:13.9400000Z,2026-09-25T21:32:13.9400000Z,6ab6e85d485cab4c9566ca6b,wenyi09232026.stratalog.logdata.json
DialogueNodeEvent:19:4,dialogue,2,DialogueEvent,Unit 2 Prod (Refactor),2026-09-25T20:54:20.8590000Z,2026-09-25T21:00:01.3110000Z,6ab6df7c485cab4c9566783b,wenyi09232026.stratalog.logdata.json
DialogueNodeEvent:19:46,dialogue,2,DialogueEvent,Unit 2 Prod (Refactor),2026-09-25T20:55:06.6790000Z,2026-09-25T21:00:41.1290000Z,6ab6dfaa485cab4c95668208,wenyi09232026.stratalog.logdata.json
DialogueNodeEvent:19:47,dialogue,1,DialogueEvent,Unit 2 Prod (Refactor),2026-09-25T21:31:39.5740000Z,2026-09-25T21:31:39.5740000Z,6ab6e83b485cab4c9566ca35,wenyi09232026.stratalog.logdata.json
DialogueNodeEvent:19:48,dialogue,2,DialogueEvent,Unit 2 Prod (Refactor),2026-09-25T20:55:02.5750000Z,2026-09-25T21:00:38.5950000Z,6ab6dfa6485cab4c95668149,wenyi09232026.stratalog.logdata.json
DialogueNodeEvent:19:49,dialogue,2,DialogueEvent,Unit 2 Prod (Refactor),2026-09-25T20:53:28.4510000Z,2026-09-25T20:59:09.5870000Z,6ab6df48485cab4c95666dba,wenyi09232026.stratalog.logdata.json
DialogueNodeEvent:19:5,dialogue,2,DialogueEvent,Unit 2 Prod (Refactor),2026-09-25T20:54:42.7990000Z,2026-09-25T21:00:22.4700000Z,6ab6df92485cab4c95667d1e,wenyi09232026.stratalog.logdata.json
DialogueNodeEvent:19:50,dialogue,2,DialogueEvent,Unit 2 Prod (Refactor),2026-09-25T20:53:36.8770000Z,2026-09-25T20:59:17.5900000Z,6ab6df50485cab4c95666f51,wenyi09232026.stratalog.logdata.json
DialogueNodeEvent:19:51,dialogue,2,DialogueEvent,Unit 2 Prod (Refactor),2026-09-25T20:53:40.7590000Z,2026-09-25T20:59:21.4610000Z,6ab6df54485cab4c95667014,wenyi09232026.stratalog.logdata.json
DialogueNodeEvent:19:52,dialogue,2,DialogueEvent,Unit 2 Prod (Refactor),2026-09-25T20:53:43.0740000Z,2026-09-25T20:59:23.7780000Z,6ab6df56485cab4c95667085,wenyi09232026.stratalog.logdata.json
DialogueNodeEvent:19:53,dialogue,2,DialogueEvent,Unit 2 Prod (Refactor),2026-09-25T20:53:49.9930000Z,2026-09-25T20:59:30.6980000Z,6ab6df5d485cab4c9566720f,wenyi09232026.stratalog.logdata.json
DialogueNodeEvent:19:54,dialogue,2,DialogueEvent,Unit 2 Prod (Refactor),2026-09-25T20:54:06.7000000Z,2026-09-25T20:59:49.4200000Z,6ab6df6e485cab4c9566752a,wenyi09232026.stratalog.logdata.json
DialogueNodeEvent:19:56,dialogue,2,DialogueEvent,Unit 2 Prod (Refactor),2026-09-25T20:54:12.1530000Z,2026-09-25T20:59:53.2220000Z,6ab6df73485cab4c95667656,wenyi09232026.stratalog.logdata.json
DialogueNodeEvent:19:58,dialogue,2,DialogueEvent,Unit 2 Prod (Refactor),2026-09-25T20:55:06.6770000Z,2026-09-25T21:00:41.1270000Z,6ab6dfaa485cab4c95668201,wenyi09232026.stratalog.logdata.json
DialogueNodeEvent:19:59,dialogue,2,DialogueEvent,Unit 2 Prod (Refactor),2026-09-25T20:53:36.8730000Z,2026-09-25T20:59:17.5800000Z,6ab6df50485cab4c95666f48,wenyi09232026.stratalog.logdata.json
DialogueNodeEvent:19:60,dialogue,3,DialogueEvent,Unit 2 Prod (Refactor),2026-09-25T20:55:19.1670000Z,2026-09-25T21:00:44.1140000Z,6ab6dfb6485cab4c95668482,wenyi09232026.stratalog.logdata.json
DialogueNodeEvent:19:61,dialogue,3,DialogueEvent,Unit 2 Prod (Refactor),2026-09-25T20:55:32.0900000Z,2026-09-25T21:00:56.7520000Z,6ab6dfc3485cab4c956686f7,wenyi09232026.stratalog.logdata.json
DialogueNodeEvent:19:7,dialogue,2,DialogueEvent,Unit 2 Prod (Refactor),2026-09-25T20:54:51.5890000Z,2026-09-25T21:00:24.5560000Z,6ab6df9b485cab4c95667efd,wenyi09232026.stratalog.logdata.json
DialogueNodeEvent:20:0,dialogue,1,DialogueEvent,Unit 2 Prod (Refactor),2026-09-25T21:39:48.5710000Z,2026-09-25T21:39:48.5710000Z,6ab6ea24485cab4c9566ce07,wenyi09232026.stratalog.logdata.json
DialogueNodeEvent:20:1,dialogue,1,DialogueEvent,Unit 2 Prod (Refactor),2026-09-25T21:01:11.9270000Z,2026-09-25T21:01:11.9270000Z,6ab6e117485cab4c9566adb3,wenyi09232026.stratalog.logdata.json
DialogueNodeEvent:20:10,dialogue,1,DialogueEvent,Unit 2 Prod (Refactor),2026-09-25T21:01:53.9930000Z,2026-09-25T21:01:53.9930000Z,6ab6e141485cab4c9566ae63,wenyi09232026.stratalog.logdata.json
DialogueNodeEvent:20:110,dialogue,1,DialogueEvent,Unit 2 Prod (Refactor),2026-09-25T21:40:46.8480000Z,2026-09-25T21:40:46.8480000Z,6ab6ea5e485cab4c9566ce63,wenyi09232026.stratalog.logdata.json
DialogueNodeEvent:20:111,dialogue,1,DialogueEvent,Unit 2 Prod (Refactor),2026-09-25T21:03:35.7780000Z,2026-09-25T21:03:35.7780000Z,6ab6e1a7485cab4c9566afc9,wenyi09232026.stratalog.logdata.json
DialogueNodeEvent:20:13,dialogue,1,DialogueEvent,Unit 2 Prod (Refactor),2026-09-25T21:01:56.4950000Z,2026-09-25T21:01:56.4950000Z,6ab6e144485cab4c9566ae69,wenyi09232026.stratalog.logdata.json
DialogueNodeEvent:20:15,dialogue,1,DialogueEvent,Unit 2 Prod (Refactor),2026-09-25T21:02:07.5340000Z,2026-09-25T21:02:07.5340000Z,6ab6e14f485cab4c9566ae7b,wenyi09232026.stratalog.logdata.json
DialogueNodeEvent:20:17,dialogue,1,DialogueEvent,Unit 2 Prod (Refactor),2026-09-25T21:02:12.5690000Z,2026-09-25T21:02:12.5690000Z,6ab6e154485cab4c9566ae89,wenyi09232026.stratalog.logdata.json
DialogueNodeEvent:20:19,dialogue,1,DialogueEvent,Unit 2 Prod (Refactor),2026-09-25T21:02:24.5080000Z,2026-09-25T21:02:24.5080000Z,6ab6e160485cab4c9566aec1,wenyi09232026.stratalog.logdata.json
DialogueNodeEvent:20:20,dialogue,1,DialogueEvent,Unit 2 Prod (Refactor),2026-09-25T21:02:28.8270000Z,2026-09-25T21:02:28.8270000Z,6ab6e164485cab4c9566aedd,wenyi09232026.stratalog.logdata.json
DialogueNodeEvent:20:21,dialogue,1,DialogueEvent,Unit 2 Prod (Refactor),2026-09-25T21:02:36.0150000Z,2026-09-25T21:02:36.0150000Z,6ab6e16b485cab4c9566aef1,wenyi09232026.stratalog.logdata.json
DialogueNodeEvent:20:22,dialogue,1,DialogueEvent,Unit 2 Prod (Refactor),2026-09-25T21:02:55.5550000Z,2026-09-25T21:02:55.5550000Z,6ab6e17f485cab4c9566af75,wenyi09232026.stratalog.logdata.json
DialogueNodeEvent:20:24,dialogue,1,DialogueEvent,Unit 2 Prod (Refactor),2026-09-25T21:02:57.7400000Z,2026-09-25T21:02:57.7400000Z,6ab6e181485cab4c9566af7d,wenyi09232026.stratalog.logdata.json
DialogueNodeEvent:20:26,dialogue,1,DialogueEvent,Unit 2 Prod (Refactor),2026-09-25T21:03:05.5270000Z,2026-09-25T21:03:05.5270000Z,6ab6e189485cab4c9566af89,wenyi09232026.stratalog.logdata.json
DialogueNodeEvent:20:27,dialogue,1,DialogueEvent,Unit 2 Prod (Refactor),2026-09-25T21:03:09.4370000Z,2026-09-25T21:03:09.4370000Z,6ab6e18d485cab4c9566af93,wenyi09232026.stratalog.logdata.json
DialogueNodeEvent:20:28,dialogue,1,DialogueEvent,Unit 2 Prod (Refactor),2026-09-25T21:03:25.0860000Z,2026-09-25T21:03:25.0860000Z,6ab6e19c485cab4c9566afad,wenyi09232026.stratalog.logdata.json
DialogueNodeEvent:20:30,dialogue,1,DialogueEvent,Unit 2 Prod (Refactor),2026-09-25T21:03:27.4210000Z,2026-09-25T21:03:27.4210000Z,6ab6e19f485cab4c9566afb5,wenyi09232026.stratalog.logdata.json
DialogueNodeEvent:20:31,dialogue,1,DialogueEvent,Unit 2 Prod (Refactor),2026-09-25T21:03:33.1410000Z,2026-09-25T21:03:33.1410000Z,6ab6e1a4485cab4c9566afbf,wenyi09232026.stratalog.logdata.json
DialogueNodeEvent:20:33,dialogue,1,DialogueEvent,Unit 2 Prod (Refactor),2026-09-25T21:03:35.7790000Z,2026-09-25T21:03:35.7790000Z,6ab6e1a7485cab4c9566afcb,wenyi09232026.stratalog.logdata.json
DialogueNodeEvent:20:35,dialogue,1,DialogueEvent,Unit 2 Prod (Refactor),2026-09-25T21:39:48.5740000Z,2026-09-25T21:39:48.5740000Z,6ab6ea24485cab4c9566ce0b,wenyi09232026.stratalog.logdata.json
DialogueNodeEvent:20:36,dialogue,1,DialogueEvent,Unit 2 Prod (Refactor),2026-09-25T21:39:55.4730000Z,2026-09-25T21:39:55.4730000Z,6ab6ea2b485cab4c9566ce17,wenyi09232026.stratalog.logdata.json
DialogueNodeEvent:20:37,dialogue,1,DialogueEvent,Unit 2 Prod (Refactor),2026-09-25T21:39:58.0410000Z,2026-09-25T21:39:58.0410000Z,6ab6ea2d485cab4c9566ce1b,wenyi09232026.stratalog.logdata.json
DialogueNodeEvent:20:4,dialogue,1,DialogueEvent,Unit 2 Prod (Refactor),2026-09-25T21:01:23.3860000Z,2026-09-25T21:01:23.3860000Z,6ab6e123485cab4c9566adf5,wenyi09232026.stratalog.logdata.json
DialogueNodeEvent:20:41,dialogue,1,DialogueEvent,Unit 2 Prod (Refactor),2026-09-25T21:40:10.3140000Z,2026-09-25T21:40:10.3140000Z,6ab6ea3a485cab4c9566ce2d,wenyi09232026.stratalog.logdata.json
DialogueNodeEvent:20:42,dialogue,1,DialogueEvent,Unit 2 Prod (Refactor),2026-09-25T21:40:20.8860000Z,2026-09-25T21:40:20.8860000Z,6ab6ea44485cab4c9566ce3b,wenyi09232026.stratalog.logdata.json
DialogueNodeEvent:20:43,dialogue,1,DialogueEvent,Unit 2 Prod (Refactor),2026-09-25T21:40:36.5430000Z,2026-09-25T21:40:36.5430000Z,6ab6ea54485cab4c9566ce53,wenyi09232026.stratalog.logdata.json
DialogueNodeEvent:20:46,dialogue,1,DialogueEvent,Unit 2 Prod (Refactor),2026-09-25T21:40:38.1770000Z,2026-09-25T21:40:38.1770000Z,6ab6ea55485cab4c9566ce55,wenyi09232026.stratalog.logdata.json
DialogueNodeEvent:20:5,dialogue,1,DialogueEvent,Unit 2 Prod (Refactor),2026-09-25T21:01:36.7730000Z,2026-09-25T21:01:36.7730000Z,6ab6e130485cab4c9566ae19,wenyi09232026.stratalog.logdata.json
DialogueNodeEvent:20:50,dialogue,1,DialogueEvent,Unit 2 Prod (Refactor),2026-09-25T21:40:52.4500000Z,2026-09-25T21:40:52.4500000Z,6ab6ea64485cab4c9566ce6b,wenyi09232026.stratalog.logdata.json
DialogueNodeEvent:20:55,dialogue,1,DialogueEvent,Unit 2 Prod (Refactor),2026-09-25T21:40:54.2680000Z,2026-09-25T21:40:54.2680000Z,6ab6ea66485cab4c9566ce6f,wenyi09232026.stratalog.logdata.json
DialogueNodeEvent:20:57,dialogue,1,DialogueEvent,Unit 2 Prod (Refactor),2026-09-25T21:41:01.7550000Z,2026-09-25T21:41:01.7550000Z,6ab6ea6d485cab4c9566ce7b,wenyi09232026.stratalog.logdata.json
DialogueNodeEvent:20:6,dialogue,1,DialogueEvent,Unit 2 Prod (Refactor),2026-09-25T21:01:41.0370000Z,2026-09-25T21:01:41.0370000Z,6ab6e134485cab4c9566ae23,wenyi09232026.stratalog.logdata.json
DialogueNodeEvent:20:62,dialogue,1,DialogueEvent,Unit 2 Prod (Refactor),2026-09-25T21:41:04.0080000Z,2026-09-25T21:41:04.0080000Z,6ab6ea6f485cab4c9566ce7f,wenyi09232026.stratalog.logdata.json
DialogueNodeEvent:20:63,dialogue,1,DialogueEvent,Unit 2 Prod (Refactor),2026-09-25T21:41:06.2090000Z,2026-09-25T21:41:06.2090000Z,6ab6ea72485cab4c9566ce87,wenyi09232026.stratalog.logdata.json
DialogueNodeEvent:20:64,dialogue,1,DialogueEvent,Unit 2 Prod (Refactor),2026-09-25T21:41:35.4560000Z,2026-09-25T21:41:35.4560000Z,6ab6ea8f485cab4c9566cee3,wenyi09232026.stratalog.logdata.json
DialogueNodeEvent:20:65,dialogue,1,DialogueEvent,Unit 2 Prod (Refactor),2026-09-25T21:41:41.8740000Z,2026-09-25T21:41:41.8740000Z,6ab6ea95485cab4c9566ceef,wenyi09232026.stratalog.logdata.json
DialogueNodeEvent:20:66,dialogue,1,DialogueEvent,Unit 2 Prod (Refactor),2026-09-25T21:41:48.4940000Z,2026-09-25T21:41:48.4940000Z,6ab6ea9c485cab4c9566cefb,wenyi09232026.stratalog.logdata.json
DialogueNodeEvent:20:67,dialogue,1,DialogueEvent,Unit 2 Prod (Refactor),2026-09-25T21:41:57.5810000Z,2026-09-25T21:41:57.5810000Z,6ab6eaa5485cab4c9566cf07,wenyi09232026.stratalog.logdata.json
DialogueNodeEvent:20:68,dialogue,1,DialogueEvent,Unit 2 Prod (Refactor),2026-09-25T21:42:07.0860000Z,2026-09-25T21:42:07.0860000Z,6ab6eaae485cab4c9566cf15,wenyi09232026.stratalog.logdata.json
DialogueNodeEvent:20:69,dialogue,1,DialogueEvent,Unit 2 Prod (Refactor),2026-09-25T21:42:13.7230000Z,2026-09-25T21:42:13.7230000Z,6ab6eab5485cab4c9566cf1f,wenyi09232026.stratalog.logdata.json
DialogueNodeEvent:20:70,dialogue,1,DialogueEvent,Unit 2 Prod (Refactor),2026-09-25T21:42:21.4600000Z,2026-09-25T21:42:21.4600000Z,6ab6eabd485cab4c9566cf2b,wenyi09232026.stratalog.logdata.json
DialogueNodeEvent:20:71,dialogue,1,DialogueEvent,Unit 2 Prod (Refactor),2026-09-25T21:42:37.1840000Z,2026-09-25T21:42:37.1840000Z,6ab6eacc485cab4c9566cf41,wenyi09232026.stratalog.logdata.json
DialogueNodeEvent:20:73,dialogue,1,DialogueEvent,Unit 2 Prod (Refactor),2026-09-25T21:42:39.6020000Z,2026-09-25T21:42:39.6020000Z,6ab6eacf485cab4c9566cf45,wenyi09232026.stratalog.logdata.json
DialogueNodeEvent:20:74,dialogue,1,DialogueEvent,Unit 2 Prod (Refactor),2026-09-25T21:42:58.9600000Z,2026-09-25T21:42:58.9600000Z,6ab6eae2485cab4c9566cf61,wenyi09232026.stratalog.logdata.json
DialogueNodeEvent:20:76,dialogue,1,DialogueEvent,Unit 2 Prod (Refactor),2026-09-25T21:43:01.5380000Z,2026-09-25T21:43:01.5380000Z,6ab6eae5485cab4c9566cf67,wenyi09232026.stratalog.logdata.json
DialogueNodeEvent:20:8,dialogue,1,DialogueEvent,Unit 2 Prod (Refactor),2026-09-25T21:01:44.8390000Z,2026-09-25T21:01:44.8390000Z,6ab6e138485cab4c9566ae33,wenyi09232026.stratalog.logdata.json
DialogueNodeEvent:21:0,dialogue,1,DialogueEvent,Unit 2 Prod (Refactor),2026-09-25T21:32:30.5310000Z,2026-09-25T21:32:30.5310000Z,6ab6e86e485cab4c9566ca8b,wenyi09232026.stratalog.logdata.json
DialogueNodeEvent:21:1,dialogue,1,DialogueEvent,Unit 2 Prod (Refactor),2026-09-25T21:04:10.6420000Z,2026-09-25T21:04:10.6420000Z,6ab6e1ca485cab4c9566b019,wenyi09232026.stratalog.logdata.json
DialogueNodeEvent:21:10,dialogue,1,DialogueEvent,Unit 2 Prod (Refactor),2026-09-25T21:04:50.6080000Z,2026-09-25T21:04:50.6080000Z,6ab6e1f2485cab4c9566b06b,wenyi09232026.stratalog.logdata.json
DialogueNodeEvent:21:11,dialogue,1,DialogueEvent,Unit 2 Prod (Refactor),2026-09-25T21:04:55.6620000Z,2026-09-25T21:04:55.6620000Z,6ab6e1f7485cab4c9566b077,wenyi09232026.stratalog.logdata.json
DialogueNodeEvent:21:12,dialogue,1,DialogueEvent,Unit 2 Prod (Refactor),2026-09-25T21:05:12.1520000Z,2026-09-25T21:05:12.1520000Z,6ab6e207485cab4c9566b091,wenyi09232026.stratalog.logdata.json
DialogueNodeEvent:21:15,dialogue,1,DialogueEvent,Unit 2 Prod (Refactor),2026-09-25T21:05:33.2320000Z,2026-09-25T21:05:33.2320000Z,6ab6e21d485cab4c9566b0bb,wenyi09232026.stratalog.logdata.json
DialogueNodeEvent:21:19,dialogue,1,DialogueEvent,Unit 2 Prod (Refactor),2026-09-25T21:22:38.4560000Z,2026-09-25T21:22:38.4560000Z,6ab6e61e485cab4c9566c687,wenyi09232026.stratalog.logdata.json
DialogueNodeEvent:21:2,dialogue,1,DialogueEvent,Unit 2 Prod (Refactor),2026-09-25T21:04:16.1270000Z,2026-09-25T21:04:16.1270000Z,6ab6e1cf485cab4c9566b02b,wenyi09232026.stratalog.logdata.json
DialogueNodeEvent:21:20,dialogue,1,DialogueEvent,Unit 2 Prod (Refactor),2026-09-25T21:22:40.7570000Z,2026-09-25T21:22:40.7570000Z,6ab6e620485cab4c9566c68f,wenyi09232026.stratalog.logdata.json
DialogueNodeEvent:21:21,dialogue,1,DialogueEvent,Unit 2 Prod (Refactor),2026-09-25T21:22:43.5560000Z,2026-09-25T21:22:43.5560000Z,6ab6e623485cab4c9566c699,wenyi09232026.stratalog.logdata.json
DialogueNodeEvent:21:22,dialogue,1,DialogueEvent,Unit 2 Prod (Refactor),2026-09-25T21:23:02.3330000Z,2026-09-25T21:23:02.3330000Z,6ab6e636485cab4c9566c6b7,wenyi09232026.stratalog.logdata.json
DialogueNodeEvent:21:23,dialogue,1,DialogueEvent,Unit 2 Prod (Refactor),2026-09-25T21:23:14.2720000Z,2026-09-25T21:23:14.2720000Z,6ab6e642485cab4c9566c6cd,wenyi09232026.stratalog.logdata.json
DialogueNodeEvent:21:24,dialogue,1,DialogueEvent,Unit 2 Prod (Refactor),2026-09-25T21:23:25.3270000Z,2026-09-25T21:23:25.3270000Z,6ab6e64d485cab4c9566c6e3,wenyi09232026.stratalog.logdata.json
DialogueNodeEvent:21:25,dialogue,1,DialogueEvent,Unit 2 Prod (Refactor),2026-09-25T21:23:31.5780000Z,2026-09-25T21:23:31.5780000Z,6ab6e653485cab4c9566c6ef,wenyi09232026.stratalog.logdata.json
DialogueNodeEvent:21:28,dialogue,1,DialogueEvent,Unit 2 Prod (Refactor),2026-09-25T21:23:43.6530000Z,2026-09-25T21:23:43.6530000Z,6ab6e65f485cab4c9566c703,wenyi09232026.stratalog.logdata.json
DialogueNodeEvent:21:29,dialogue,1,DialogueEvent,Unit 2 Prod (Refactor),2026-09-25T21:23:49.1190000Z,2026-09-25T21:23:49.1190000Z,6ab6e664485cab4c9566c70f,wenyi09232026.stratalog.logdata.json
DialogueNodeEvent:21:30,dialogue,1,DialogueEvent,Unit 2 Prod (Refactor),2026-09-25T21:24:05.4300000Z,2026-09-25T21:24:05.4300000Z,6ab6e675485cab4c9566c729,wenyi09232026.stratalog.logdata.json
DialogueNodeEvent:21:31,dialogue,1,DialogueEvent,Unit 2 Prod (Refactor),2026-09-25T21:24:16.6350000Z,2026-09-25T21:24:16.6350000Z,6ab6e680485cab4c9566c73f,wenyi09232026.stratalog.logdata.json
DialogueNodeEvent:21:32,dialogue,1,DialogueEvent,Unit 2 Prod (Refactor),2026-09-25T21:24:25.8230000Z,2026-09-25T21:24:25.8230000Z,6ab6e689485cab4c9566c753,wenyi09232026.stratalog.logdata.json
DialogueNodeEvent:21:33,dialogue,1,DialogueEvent,Unit 2 Prod (Refactor),2026-09-25T21:24:37.2260000Z,2026-09-25T21:24:37.2260000Z,6ab6e695485cab4c9566c767,wenyi09232026.stratalog.logdata.json
DialogueNodeEvent:21:34,dialogue,1,DialogueEvent,Unit 2 Prod (Refactor),2026-09-25T21:24:41.7270000Z,2026-09-25T21:24:41.7270000Z,6ab6e699485cab4c9566c76d,wenyi09232026.stratalog.logdata.json
DialogueNodeEvent:21:35,dialogue,1,DialogueEvent,Unit 2 Prod (Refactor),2026-09-25T21:24:46.6290000Z,2026-09-25T21:24:46.6290000Z,6ab6e69e485cab4c9566c777,wenyi09232026.stratalog.logdata.json
DialogueNodeEvent:21:36,dialogue,1,DialogueEvent,Unit 2 Prod (Refactor),2026-09-25T21:25:03.4710000Z,2026-09-25T21:25:03.4710000Z,6ab6e6af485cab4c9566c78d,wenyi09232026.stratalog.logdata.json
DialogueNodeEvent:21:37,dialogue,1,DialogueEvent,Unit 2 Prod (Refactor),2026-09-25T21:25:10.2240000Z,2026-09-25T21:25:10.2240000Z,6ab6e6b6485cab4c9566c799,wenyi09232026.stratalog.logdata.json
DialogueNodeEvent:21:38,dialogue,1,DialogueEvent,Unit 2 Prod (Refactor),2026-09-25T21:25:18.6280000Z,2026-09-25T21:25:18.6280000Z,6ab6e6be485cab4c9566c7a7,wenyi09232026.stratalog.logdata.json
DialogueNodeEvent:21:39,dialogue,1,DialogueEvent,Unit 2 Prod (Refactor),2026-09-25T21:25:24.8340000Z,2026-09-25T21:25:24.8340000Z,6ab6e6c4485cab4c9566c7b5,wenyi09232026.stratalog.logdata.json
DialogueNodeEvent:21:4,dialogue,1,DialogueEvent,Unit 2 Prod (Refactor),2026-09-25T21:04:18.6610000Z,2026-09-25T21:04:18.6610000Z,6ab6e1d2485cab4c9566b02f,wenyi09232026.stratalog.logdata.json
DialogueNodeEvent:21:40,dialogue,1,DialogueEvent,Unit 2 Prod (Refactor),2026-09-25T21:25:47.2740000Z,2026-09-25T21:25:47.2740000Z,6ab6e6db485cab4c9566c7d5,wenyi09232026.stratalog.logdata.json
DialogueNodeEvent:21:42,dialogue,1,DialogueEvent,Unit 2 Prod (Refactor),2026-09-25T21:25:50.8590000Z,2026-09-25T21:25:50.8590000Z,6ab6e6de485cab4c9566c7db,wenyi09232026.stratalog.logdata.json
DialogueNodeEvent:21:43,dialogue,1,DialogueEvent,Unit 2 Prod (Refactor),2026-09-25T21:26:12.4700000Z,2026-09-25T21:26:12.4700000Z,6ab6e6f4485cab4c9566c7f9,wenyi09232026.stratalog.logdata.json
DialogueNodeEvent:21:45,dialogue,1,DialogueEvent,Unit 2 Prod (Refactor),2026-09-25T21:26:21.1580000Z,2026-09-25T21:26:21.1580000Z,6ab6e6fd485cab4c9566c809,wenyi09232026.stratalog.logdata.json
DialogueNodeEvent:21:46,dialogue,1,DialogueEvent,Unit 2 Prod (Refactor),2026-09-25T21:26:40.8850000Z,2026-09-25T21:26:40.8850000Z,6ab6e710485cab4c9566c825,wenyi09232026.stratalog.logdata.json
DialogueNodeEvent:21:47,dialogue,1,DialogueEvent,Unit 2 Prod (Refactor),2026-09-25T21:26:51.8880000Z,2026-09-25T21:26:51.8880000Z,6ab6e71b485cab4c9566c835,wenyi09232026.stratalog.logdata.json
DialogueNodeEvent:21:48,dialogue,1,DialogueEvent,Unit 2 Prod (Refactor),2026-09-25T21:27:07.5290000Z,2026-09-25T21:27:07.5290000Z,6ab6e72b485cab4c9566c84d,wenyi09232026.stratalog.logdata.json
DialogueNodeEvent:21:5,dialogue,1,DialogueEvent,Unit 2 Prod (Refactor),2026-09-25T21:04:25.0970000Z,2026-09-25T21:04:25.0970000Z,6ab6e1d8485cab4c9566b03d,wenyi09232026.stratalog.logdata.json
DialogueNodeEvent:21:50,dialogue,1,DialogueEvent,Unit 2 Prod (Refactor),2026-09-25T21:27:17.1170000Z,2026-09-25T21:27:17.1170000Z,6ab6e734485cab4c9566c85f,wenyi09232026.stratalog.logdata.json
DialogueNodeEvent:21:51,dialogue,1,DialogueEvent,Unit 2 Prod (Refactor),2026-09-25T21:27:22.6550000Z,2026-09-25T21:27:22.6550000Z,6ab6e73a485cab4c9566c867,wenyi09232026.stratalog.logdata.json
DialogueNodeEvent:21:60,dialogue,1,DialogueEvent,Unit 2 Prod (Refactor),2026-09-25T21:32:30.5340000Z,2026-09-25T21:32:30.5340000Z,6ab6e86e485cab4c9566ca8f,wenyi09232026.stratalog.logdata.json
DialogueNodeEvent:21:61,dialogue,1,DialogueEvent,Unit 2 Prod (Refactor),2026-09-25T21:32:35.4330000Z,2026-09-25T21:32:35.4330000Z,6ab6e873485cab4c9566ca97,wenyi09232026.stratalog.logdata.json
DialogueNodeEvent:21:63,dialogue,1,DialogueEvent,Unit 2 Prod (Refactor),2026-09-25T21:32:39.4850000Z,2026-09-25T21:32:39.4850000Z,6ab6e877485cab4c9566ca9d,wenyi09232026.stratalog.logdata.json
DialogueNodeEvent:21:65,dialogue,1,DialogueEvent,Unit 2 Prod (Refactor),2026-09-25T21:32:58.3430000Z,2026-09-25T21:32:58.3430000Z,6ab6e88a485cab4c9566cab9,wenyi09232026.stratalog.logdata.json
DialogueNodeEvent:21:68,dialogue,1,DialogueEvent,Unit 2 Prod (Refactor),2026-09-25T21:33:00.9450000Z,2026-09-25T21:33:00.9450000Z,6ab6e88c485cab4c9566cabd,wenyi09232026.stratalog.logdata.json
DialogueNodeEvent:21:69,dialogue,1,DialogueEvent,Unit 2 Prod (Refactor),2026-09-25T21:33:09.2490000Z,2026-09-25T21:33:09.2490000Z,6ab6e895485cab4c9566cacb,wenyi09232026.stratalog.logdata.json
DialogueNodeEvent:21:70,dialogue,1,DialogueEvent,Unit 2 Prod (Refactor),2026-09-25T21:33:21.8380000Z,2026-09-25T21:33:21.8380000Z,6ab6e8a1485cab4c9566cadb,wenyi09232026.stratalog.logdata.json
DialogueNodeEvent:21:72,dialogue,1,DialogueEvent,Unit 2 Prod (Refactor),2026-09-25T21:33:24.7390000Z,2026-09-25T21:33:24.7390000Z,6ab6e8a4485cab4c9566cae3,wenyi09232026.stratalog.logdata.json
DialogueNodeEvent:21:73,dialogue,1,DialogueEvent,Unit 2 Prod (Refactor),2026-09-25T21:33:42.2470000Z,2026-09-25T21:33:42.2470000Z,6ab6e8b6485cab4c9566cafb,wenyi09232026.stratalog.logdata.json
DialogueNodeEvent:21:75,dialogue,1,DialogueEvent,Unit 2 Prod (Refactor),2026-09-25T21:33:51.4020000Z,2026-09-25T21:33:51.4020000Z,6ab6e8bf485cab4c9566cb09,wenyi09232026.stratalog.logdata.json
DialogueNodeEvent:21:76,dialogue,1,DialogueEvent,Unit 2 Prod (Refactor),2026-09-25T21:33:59.1060000Z,2026-09-25T21:33:59.1060000Z,6ab6e8c6485cab4c9566cb15,wenyi09232026.stratalog.logdata.json
DialogueNodeEvent:21:8,dialogue,1,DialogueEvent,Unit 2 Prod (Refactor),2026-09-25T21:04:33.5510000Z,2026-09-25T21:04:33.5510000Z,6ab6e1e1485cab4c9566b04b,wenyi09232026.stratalog.logdata.json
DialogueNodeEvent:21:9,dialogue,1,DialogueEvent,Unit 2 Prod (Refactor),2026-09-25T21:04:39.2550000Z,2026-09-25T21:04:39.2550000Z,6ab6e1e7485cab4c9566b057,wenyi09232026.stratalog.logdata.json
DialogueNodeEvent:21:92,dialogue,1,DialogueEvent,Unit 2 Prod (Refactor),2026-09-25T21:05:16.9380000Z,2026-09-25T21:05:16.9380000Z,6ab6e20c485cab4c9566b09d,wenyi09232026.stratalog.logdata.json
DialogueNodeEvent:22:1,dialogue,1,DialogueEvent,Unit 2 Prod (Refactor),2026-09-25T21:06:53.1330000Z,2026-09-25T21:06:53.1330000Z,6ab6e26c485cab4c9566b147,wenyi09232026.stratalog.logdata.json
DialogueNodeEvent:22:10,dialogue,1,DialogueEvent,Unit 2 Prod (Refactor),2026-09-25T21:07:42.3040000Z,2026-09-25T21:07:42.3040000Z,6ab6e29e485cab4c9566b1a1,wenyi09232026.stratalog.logdata.json
DialogueNodeEvent:22:12,dialogue,1,DialogueEvent,Unit 2 Prod (Refactor),2026-09-25T21:07:44.8720000Z,2026-09-25T21:07:44.8720000Z,6ab6e2a0485cab4c9566b1a5,wenyi09232026.stratalog.logdata.json
DialogueNodeEvent:22:13,dialogue,1,DialogueEvent,Unit 2 Prod (Refactor),2026-09-25T21:08:02.6140000Z,2026-09-25T21:08:02.6140000Z,6ab6e2b2485cab4c9566b1c1,wenyi09232026.stratalog.logdata.json
DialogueNodeEvent:22:15,dialogue,1,DialogueEvent,Unit 2 Prod (Refactor),2026-09-25T21:08:04.9990000Z,2026-09-25T21:08:04.9990000Z,6ab6e2b4485cab4c9566b1c5,wenyi09232026.stratalog.logdata.json
DialogueNodeEvent:22:16,dialogue,1,DialogueEvent,Unit 2 Prod (Refactor),2026-09-25T21:08:10.8340000Z,2026-09-25T21:08:10.8340000Z,6ab6e2ba485cab4c9566b1cf,wenyi09232026.stratalog.logdata.json
DialogueNodeEvent:22:17,dialogue,1,DialogueEvent,Unit 2 Prod (Refactor),2026-09-25T21:08:32.3300000Z,2026-09-25T21:08:32.3300000Z,6ab6e2d0485cab4c9566b1f9,wenyi09232026.stratalog.logdata.json
DialogueNodeEvent:22:18,dialogue,1,DialogueEvent,Unit 2 Prod (Refactor),2026-09-25T21:08:35.8630000Z,2026-09-25T21:08:35.8630000Z,6ab6e2d3485cab4c9566b1ff,wenyi09232026.stratalog.logdata.json
DialogueNodeEvent:22:19,dialogue,1,DialogueEvent,Unit 2 Prod (Refactor),2026-09-25T21:08:43.4150000Z,2026-09-25T21:08:43.4150000Z,6ab6e2db485cab4c9566b20d,wenyi09232026.stratalog.logdata.json
DialogueNodeEvent:22:2,dialogue,1,DialogueEvent,Unit 2 Prod (Refactor),2026-09-25T21:06:55.2660000Z,2026-09-25T21:06:55.2660000Z,6ab6e26f485cab4c9566b14d,wenyi09232026.stratalog.logdata.json
DialogueNodeEvent:22:20,dialogue,1,DialogueEvent,Unit 2 Prod (Refactor),2026-09-25T21:08:52.7700000Z,2026-09-25T21:08:52.7700000Z,6ab6e2e4485cab4c9566b21b,wenyi09232026.stratalog.logdata.json
DialogueNodeEvent:22:22,dialogue,1,DialogueEvent,Unit 2 Prod (Refactor),2026-09-25T21:08:55.7810000Z,2026-09-25T21:08:55.7810000Z,6ab6e2e7485cab4c9566b221,wenyi09232026.stratalog.logdata.json
DialogueNodeEvent:22:27,dialogue,1,DialogueEvent,Unit 2 Prod (Refactor),2026-09-25T21:09:18.4830000Z,2026-09-25T21:09:18.4830000Z,6ab6e2fe485cab4c9566b245,wenyi09232026.stratalog.logdata.json
DialogueNodeEvent:22:3,dialogue,1,DialogueEvent,Unit 2 Prod (Refactor),2026-09-25T21:06:57.3170000Z,2026-09-25T21:06:57.3170000Z,6ab6e271485cab4c9566b153,wenyi09232026.stratalog.logdata.json
DialogueNodeEvent:22:4,dialogue,1,DialogueEvent,Unit 2 Prod (Refactor),2026-09-25T21:07:03.2040000Z,2026-09-25T21:07:03.2040000Z,6ab6e277485cab4c9566b161,wenyi09232026.stratalog.logdata.json
DialogueNodeEvent:22:46,dialogue,1,DialogueEvent,Unit 2 Prod (Refactor),2026-09-25T21:09:08.8940000Z,2026-09-25T21:09:08.8940000Z,6ab6e2f4485cab4c9566b233,wenyi09232026.stratalog.logdata.json
DialogueNodeEvent:22:48,dialogue,1,DialogueEvent,Unit 2 Prod (Refactor),2026-09-25T21:09:11.0620000Z,2026-09-25T21:09:11.0620000Z,6ab6e2f6485cab4c9566b239,wenyi09232026.stratalog.logdata.json
DialogueNodeEvent:22:5,dialogue,1,DialogueEvent,Unit 2 Prod (Refactor),2026-09-25T21:07:12.1570000Z,2026-09-25T21:07:12.1570000Z,6ab6e27f485cab4c9566b173,wenyi09232026.stratalog.logdata.json
DialogueNodeEvent:22:50,dialogue,1,DialogueEvent,Unit 2 Prod (Refactor),2026-09-25T21:07:18.0270000Z,2026-09-25T21:07:18.0270000Z,6ab6e285485cab4c9566b17b,wenyi09232026.stratalog.logdata.json
DialogueNodeEvent:23:0,dialogue,1,DialogueEvent,Unit 2 Prod (Refactor),2026-09-25T21:34:10.6960000Z,2026-09-25T21:34:10.6960000Z,6ab6e8d2485cab4c9566cb2b,wenyi09232026.stratalog.logdata.json
DialogueNodeEvent:23:1,dialogue,1,DialogueEvent,Unit 2 Prod (Refactor),2026-09-25T21:19:10.6740000Z,2026-09-25T21:19:10.6740000Z,6ab6e54e485cab4c9566c4e1,wenyi09232026.stratalog.logdata.json
DialogueNodeEvent:23:17,dialogue,1,DialogueEvent,Unit 2 Prod (Refactor),2026-09-25T21:20:35.0800000Z,2026-09-25T21:20:35.0800000Z,6ab6e5a2485cab4c9566c57d,wenyi09232026.stratalog.logdata.json
DialogueNodeEvent:23:18,dialogue,1,DialogueEvent,Unit 2 Prod (Refactor),2026-09-25T21:20:42.9310000Z,2026-09-25T21:20:42.9310000Z,6ab6e5aa485cab4c9566c587,wenyi09232026.stratalog.logdata.json
DialogueNodeEvent:23:2,dialogue,1,DialogueEvent,Unit 2 Prod (Refactor),2026-09-25T21:19:15.1570000Z,2026-09-25T21:19:15.1570000Z,6ab6e552485cab4c9566c4e9,wenyi09232026.stratalog.logdata.json
DialogueNodeEvent:23:20,dialogue,1,DialogueEvent,Unit 2 Prod (Refactor),2026-09-25T21:20:48.1010000Z,2026-09-25T21:20:48.1010000Z,6ab6e5af485cab4c9566c591,wenyi09232026.stratalog.logdata.json
DialogueNodeEvent:23:21,dialogue,1,DialogueEvent,Unit 2 Prod (Refactor),2026-09-25T21:20:58.2230000Z,2026-09-25T21:20:58.2230000Z,6ab6e5ba485cab4c9566c5a1,wenyi09232026.stratalog.logdata.json
DialogueNodeEvent:23:22,dialogue,1,DialogueEvent,Unit 2 Prod (Refactor),2026-09-25T21:21:29.2880000Z,2026-09-25T21:21:29.2880000Z,6ab6e5d9485cab4c9566c5d3,wenyi09232026.stratalog.logdata.json
DialogueNodeEvent:23:24,dialogue,1,DialogueEvent,Unit 2 Prod (Refactor),2026-09-25T21:21:32.5890000Z,2026-09-25T21:21:32.5890000Z,6ab6e5dc485cab4c9566c5d9,wenyi09232026.stratalog.logdata.json
DialogueNodeEvent:23:25,dialogue,1,DialogueEvent,Unit 2 Prod (Refactor),2026-09-25T21:21:46.8950000Z,2026-09-25T21:21:46.8950000Z,6ab6e5ea485cab4c9566c5ef,wenyi09232026.stratalog.logdata.json
DialogueNodeEvent:23:27,dialogue,1,DialogueEvent,Unit 2 Prod (Refactor),2026-09-25T21:21:49.3980000Z,2026-09-25T21:21:49.3980000Z,6ab6e5ed485cab4c9566c5f3,wenyi09232026.stratalog.logdata.json
DialogueNodeEvent:23:28,dialogue,1,DialogueEvent,Unit 2 Prod (Refactor),2026-09-25T21:34:10.6990000Z,2026-09-25T21:34:10.6990000Z,6ab6e8d2485cab4c9566cb2f,wenyi09232026.stratalog.logdata.json
DialogueNodeEvent:23:29,dialogue,1,DialogueEvent,Unit 2 Prod (Refactor),2026-09-25T21:34:13.4620000Z,2026-09-25T21:34:13.4620000Z,6ab6e8d5485cab4c9566cb35,wenyi09232026.stratalog.logdata.json
DialogueNodeEvent:23:3,dialogue,1,DialogueEvent,Unit 2 Prod (Refactor),2026-09-25T21:19:17.7930000Z,2026-09-25T21:19:17.7930000Z,6ab6e555485cab4c9566c4ef,wenyi09232026.stratalog.logdata.json
DialogueNodeEvent:23:31,dialogue,1,DialogueEvent,Unit 2 Prod (Refactor),2026-09-25T21:34:16.7140000Z,2026-09-25T21:34:16.7140000Z,6ab6e8d8485cab4c9566cb3d,wenyi09232026.stratalog.logdata.json
DialogueNodeEvent:23:32,dialogue,1,DialogueEvent,Unit 2 Prod (Refactor),2026-09-25T21:34:26.2020000Z,2026-09-25T21:34:26.2020000Z,6ab6e8e2485cab4c9566cb4b,wenyi09232026.stratalog.logdata.json
DialogueNodeEvent:23:34,dialogue,1,DialogueEvent,Unit 2 Prod (Refactor),2026-09-25T21:34:28.1530000Z,2026-09-25T21:34:28.1530000Z,6ab6e8e3485cab4c9566cb4f,wenyi09232026.stratalog.logdata.json
DialogueNodeEvent:23:35,dialogue,1,DialogueEvent,Unit 2 Prod (Refactor),2026-09-25T21:34:45.2100000Z,2026-09-25T21:34:45.2100000Z,6ab6e8f5485cab4c9566cb69,wenyi09232026.stratalog.logdata.json
DialogueNodeEvent:23:36,dialogue,1,DialogueEvent,Unit 2 Prod (Refactor),2026-09-25T21:34:56.1480000Z,2026-09-25T21:34:56.1480000Z,6ab6e8ff485cab4c9566cb77,wenyi09232026.stratalog.logdata.json
DialogueNodeEvent:23:38,dialogue,1,DialogueEvent,Unit 2 Prod (Refactor),2026-09-25T21:35:00.4170000Z,2026-09-25T21:35:00.4170000Z,6ab6e904485cab4c9566cb7f,wenyi09232026.stratalog.logdata.json
DialogueNodeEvent:23:39,dialogue,1,DialogueEvent,Unit 2 Prod (Refactor),2026-09-25T21:35:11.9390000Z,2026-09-25T21:35:11.9390000Z,6ab6e90f485cab4c9566cb8f,wenyi09232026.stratalog.logdata.json
DialogueNodeEvent:23:4,dialogue,1,DialogueEvent,Unit 2 Prod (Refactor),2026-09-25T21:19:20.5940000Z,2026-09-25T21:19:20.5940000Z,6ab6e558485cab4c9566c4f3,wenyi09232026.stratalog.logdata.json
DialogueNodeEvent:23:41,dialogue,1,DialogueEvent,Unit 2 Prod (Refactor),2026-09-25T21:35:14.7430000Z,2026-09-25T21:35:14.7430000Z,6ab6e912485cab4c9566cb97,wenyi09232026.stratalog.logdata.json
DialogueNodeEvent:23:42,dialogue,1,DialogueEvent,Unit 2 Prod (Refactor),2026-09-25T21:35:23.6460000Z,2026-09-25T21:35:23.6460000Z,6ab6e91b485cab4c9566cba1,wenyi09232026.stratalog.logdata.json
DialogueNodeEvent:23:59,dialogue,1,DialogueEvent,Unit 2 Prod (Refactor),2026-09-25T21:19:24.2620000Z,2026-09-25T21:19:24.2620000Z,6ab6e55c485cab4c9566c4f9,wenyi09232026.stratalog.logdata.json
DialogueNodeEvent:23:61,dialogue,1,DialogueEvent,Unit 2 Prod (Refactor),2026-09-25T21:19:26.4300000Z,2026-09-25T21:19:26.4300000Z,6ab6e55e485cab4c9566c501,wenyi09232026.stratalog.logdata.json
DialogueNodeEvent:23:63,dialogue,1,DialogueEvent,Unit 2 Prod (Refactor),2026-09-25T21:19:30.1490000Z,2026-09-25T21:19:30.1490000Z,6ab6e561485cab4c9566c507,wenyi09232026.stratalog.logdata.json
DialogueNodeEvent:23:65,dialogue,1,DialogueEvent,Unit 2 Prod (Refactor),2026-09-25T21:19:41.1700000Z,2026-09-25T21:19:41.1700000Z,6ab6e56c485cab4c9566c517,wenyi09232026.stratalog.logdata.json
DialogueNodeEvent:23:67,dialogue,1,DialogueEvent,Unit 2 Prod (Refactor),2026-09-25T21:20:08.6330000Z,2026-09-25T21:20:08.6330000Z,6ab6e588485cab4c9566c547,wenyi09232026.stratalog.logdata.json
DialogueNodeEvent:23:68,dialogue,1,DialogueEvent,Unit 2 Prod (Refactor),2026-09-25T21:20:12.3180000Z,2026-09-25T21:20:12.3180000Z,6ab6e58c485cab4c9566c551,wenyi09232026.stratalog.logdata.json
DialogueNodeEvent:23:69,dialogue,1,DialogueEvent,Unit 2 Prod (Refactor),2026-09-25T21:20:19.2720000Z,2026-09-25T21:20:19.2720000Z,6ab6e593485cab4c9566c561,wenyi09232026.stratalog.logdata.json
DialogueNodeEvent:23:70,dialogue,1,DialogueEvent,Unit 2 Prod (Refactor),2026-09-25T21:21:02.5410000Z,2026-09-25T21:21:02.5410000Z,6ab6e5be485cab4c9566c5a7,wenyi09232026.stratalog.logdata.json
DialogueNodeEvent:23:71,dialogue,1,DialogueEvent,Unit 2 Prod (Refactor),2026-09-25T21:21:12.2130000Z,2026-09-25T21:21:12.2130000Z,6ab6e5c8485cab4c9566c5b7,wenyi09232026.stratalog.logdata.json
DialogueNodeEvent:23:73,dialogue,1,DialogueEvent,Unit 2 Prod (Refactor),2026-09-25T21:21:16.5650000Z,2026-09-25T21:21:16.5650000Z,6ab6e5cc485cab4c9566c5c1,wenyi09232026.stratalog.logdata.json
DialogueNodeEvent:26:0,dialogue,6,DialogueEvent,Unit 2 Prod (Refactor),2026-09-25T21:28:16.3470000Z,2026-09-25T21:29:29.5150000Z,6ab6e770485cab4c9566c8c1,wenyi09232026.stratalog.logdata.json
DialogueNodeEvent:26:136,dialogue,1,DialogueEvent,Unit 2 Prod (Refactor),2026-09-25T21:29:43.1200000Z,2026-09-25T21:29:43.1200000Z,6ab6e7c6485cab4c9566c971,wenyi09232026.stratalog.logdata.json
DialogueNodeEvent:26:141,dialogue,6,DialogueEvent,Unit 2 Prod (Refactor),2026-09-25T21:28:27.9010000Z,2026-09-25T21:29:43.1190000Z,6ab6e77b485cab4c9566c8d7,wenyi09232026.stratalog.logdata.json
DialogueNodeEvent:26:142,dialogue,1,DialogueEvent,Unit 2 Prod (Refactor),2026-09-25T21:28:16.3620000Z,2026-09-25T21:28:16.3620000Z,6ab6e770485cab4c9566c8c5,wenyi09232026.stratalog.logdata.json
DialogueNodeEvent:26:175,dialogue,1,DialogueEvent,Unit 2 Prod (Refactor),2026-09-25T21:28:32.2860000Z,2026-09-25T21:28:32.2860000Z,6ab6e780485cab4c9566c8e5,wenyi09232026.stratalog.logdata.json
DialogueNodeEvent:26:177,dialogue,1,DialogueEvent,Unit 2 Prod (Refactor),2026-09-25T21:28:46.7250000Z,2026-09-25T21:28:46.7250000Z,6ab6e78e485cab4c9566c903,wenyi09232026.stratalog.logdata.json
DialogueNodeEvent:26:178,dialogue,1,DialogueEvent,Unit 2 Prod (Refactor),2026-09-25T21:28:58.4640000Z,2026-09-25T21:28:58.4640000Z,6ab6e79a485cab4c9566c91b,wenyi09232026.stratalog.logdata.json
DialogueNodeEvent:26:179,dialogue,1,DialogueEvent,Unit 2 Prod (Refactor),2026-09-25T21:29:29.5290000Z,2026-09-25T21:29:29.5290000Z,6ab6e7b9485cab4c9566c957,wenyi09232026.stratalog.logdata.json
DialogueNodeEvent:26:186,dialogue,1,DialogueEvent,Unit 2 Prod (Refactor),2026-09-25T21:29:12.7370000Z,2026-09-25T21:29:12.7370000Z,6ab6e7a8485cab4c9566c937,wenyi09232026.stratalog.logdata.json
DialogueNodeEvent:27:0,dialogue,1,DialogueEvent,Unit 2 Prod (Refactor),2026-09-25T21:41:30.3230000Z,2026-09-25T21:41:30.3230000Z,6ab6ea8a485cab4c9566ced3,wenyi09232026.stratalog.logdata.json
DialogueNodeEvent:27:7,dialogue,1,DialogueEvent,Unit 2 Prod (Refactor),2026-09-25T21:41:30.3350000Z,2026-09-25T21:41:30.3350000Z,6ab6ea8a485cab4c9566ced7,wenyi09232026.stratalog.logdata.json
DialogueNodeEvent:30:1,dialogue,1,DialogueEvent,Unit 1 Dev,2026-09-25T20:06:31.1440000Z,2026-09-25T20:06:31.1440000Z,6ab6d446485cab4c9562dd38,wenyi09232026.stratalog.logdata.json
DialogueNodeEvent:30:10,dialogue,1,DialogueEvent,Unit 1 Dev,2026-09-25T20:07:20.5470000Z,2026-09-25T20:07:20.5470000Z,6ab6d478485cab4c9562ee3b,wenyi09232026.stratalog.logdata.json
DialogueNodeEvent:30:100,dialogue,1,DialogueEvent,Unit 1 Dev,2026-09-25T20:29:20.5140000Z,2026-09-25T20:29:20.5140000Z,6ab6d9a0485cab4c95650b66,wenyi09232026.stratalog.logdata.json
DialogueNodeEvent:30:101,dialogue,1,DialogueEvent,Unit 1 Dev,2026-09-25T20:29:22.9970000Z,2026-09-25T20:29:22.9970000Z,6ab6d9a2485cab4c95650c47,wenyi09232026.stratalog.logdata.json
DialogueNodeEvent:30:102,dialogue,1,DialogueEvent,Unit 1 Dev,2026-09-25T20:29:28.1840000Z,2026-09-25T20:29:28.1840000Z,6ab6d9a7485cab4c95650dbf,wenyi09232026.stratalog.logdata.json
DialogueNodeEvent:30:103,dialogue,1,DialogueEvent,Unit 1 Dev,2026-09-25T20:29:30.7010000Z,2026-09-25T20:29:30.7010000Z,6ab6d9aa485cab4c95650eb2,wenyi09232026.stratalog.logdata.json
DialogueNodeEvent:30:104,dialogue,1,DialogueEvent,Unit 1 Dev,2026-09-25T20:29:31.9530000Z,2026-09-25T20:29:31.9530000Z,6ab6d9ab485cab4c95650f67,wenyi09232026.stratalog.logdata.json
DialogueNodeEvent:30:13,dialogue,1,DialogueEvent,Unit 1 Dev,2026-09-25T20:08:00.2160000Z,2026-09-25T20:08:00.2160000Z,6ab6d49f485cab4c9562fc72,wenyi09232026.stratalog.logdata.json
DialogueNodeEvent:30:14,dialogue,1,DialogueEvent,Unit 1 Dev,2026-09-25T20:08:16.0900000Z,2026-09-25T20:08:16.0900000Z,6ab6d4af485cab4c956301da,wenyi09232026.stratalog.logdata.json
DialogueNodeEvent:30:16,dialogue,1,DialogueEvent,Unit 1 Dev,2026-09-25T20:08:24.2780000Z,2026-09-25T20:08:24.2780000Z,6ab6d4b7485cab4c956304fd,wenyi09232026.stratalog.logdata.json
DialogueNodeEvent:30:2,dialogue,1,DialogueEvent,Unit 1 Dev,2026-09-25T20:06:40.7780000Z,2026-09-25T20:06:40.7780000Z,6ab6d450485cab4c9562e0b8,wenyi09232026.stratalog.logdata.json
DialogueNodeEvent:30:23,dialogue,1,DialogueEvent,Unit 1 Dev,2026-09-25T20:08:48.1730000Z,2026-09-25T20:08:48.1730000Z,6ab6d4cf485cab4c95630e40,wenyi09232026.stratalog.logdata.json
DialogueNodeEvent:30:24,dialogue,1,DialogueEvent,Unit 1 Dev,2026-09-25T20:08:52.5580000Z,2026-09-25T20:08:52.5580000Z,6ab6d4d4485cab4c95630fd1,wenyi09232026.stratalog.logdata.json
DialogueNodeEvent:30:29,dialogue,1,DialogueEvent,Unit 1 Dev,2026-09-25T20:09:23.1250000Z,2026-09-25T20:09:23.1250000Z,6ab6d4f2485cab4c95631acd,wenyi09232026.stratalog.logdata.json
DialogueNodeEvent:30:32,dialogue,1,DialogueEvent,Unit 1 Dev,2026-09-25T20:09:33.2380000Z,2026-09-25T20:09:33.2380000Z,6ab6d4fc485cab4c95631e8b,wenyi09232026.stratalog.logdata.json
DialogueNodeEvent:30:33,dialogue,1,DialogueEvent,Unit 1 Dev,2026-09-25T20:09:46.9190000Z,2026-09-25T20:09:46.9190000Z,6ab6d50a485cab4c95632358,wenyi09232026.stratalog.logdata.json
DialogueNodeEvent:30:37,dialogue,1,DialogueEvent,Unit 1 Dev,2026-09-25T20:10:07.2630000Z,2026-09-25T20:10:07.2630000Z,6ab6d51e485cab4c956329cb,wenyi09232026.stratalog.logdata.json
DialogueNodeEvent:30:38,dialogue,1,DialogueEvent,Unit 1 Dev,2026-09-25T20:10:17.7350000Z,2026-09-25T20:10:17.7350000Z,6ab6d529485cab4c95632d91,wenyi09232026.stratalog.logdata.json
DialogueNodeEvent:30:40,dialogue,1,DialogueEvent,Unit 1 Dev,2026-09-25T20:10:31.5060000Z,2026-09-25T20:10:31.5060000Z,6ab6d537485cab4c9563324e,wenyi09232026.stratalog.logdata.json
DialogueNodeEvent:30:42,dialogue,1,DialogueEvent,Unit 1 Dev,2026-09-25T20:10:33.7580000Z,2026-09-25T20:10:33.7580000Z,6ab6d539485cab4c95633323,wenyi09232026.stratalog.logdata.json
DialogueNodeEvent:30:48,dialogue,1,DialogueEvent,Unit 1 Dev,2026-09-25T20:10:52.1330000Z,2026-09-25T20:10:52.1330000Z,6ab6d54b485cab4c95633add,wenyi09232026.stratalog.logdata.json
DialogueNodeEvent:30:49,dialogue,1,DialogueEvent,Unit 1 Dev,2026-09-25T20:11:04.3550000Z,2026-09-25T20:11:04.3550000Z,6ab6d558485cab4c95634057,wenyi09232026.stratalog.logdata.json
DialogueNodeEvent:30:50,dialogue,1,DialogueEvent,Unit 1 Dev,2026-09-25T20:11:10.7240000Z,2026-09-25T20:11:10.7240000Z,6ab6d55e485cab4c956343c1,wenyi09232026.stratalog.logdata.json
DialogueNodeEvent:30:56,dialogue,1,DialogueEvent,Unit 1 Dev,2026-09-25T20:11:22.0650000Z,2026-09-25T20:11:22.0650000Z,6ab6d569485cab4c95634a63,wenyi09232026.stratalog.logdata.json
DialogueNodeEvent:30:57,dialogue,1,DialogueEvent,Unit 1 Dev,2026-09-25T20:11:30.2670000Z,2026-09-25T20:11:30.2670000Z,6ab6d571485cab4c95634f17,wenyi09232026.stratalog.logdata.json
DialogueNodeEvent:30:6,dialogue,1,DialogueEvent,Unit 1 Dev,2026-09-25T20:06:57.3190000Z,2026-09-25T20:06:57.3190000Z,6ab6d461485cab4c9562e684,wenyi09232026.stratalog.logdata.json
DialogueNodeEvent:30:7,dialogue,1,DialogueEvent,Unit 1 Dev,2026-09-25T20:06:59.9530000Z,2026-09-25T20:06:59.9530000Z,6ab6d463485cab4c9562e780,wenyi09232026.stratalog.logdata.json
DialogueNodeEvent:30:77,dialogue,1,DialogueEvent,Unit 1 Dev,2026-09-25T20:29:08.4910000Z,2026-09-25T20:29:08.4910000Z,6ab6d994485cab4c956506bb,wenyi09232026.stratalog.logdata.json
DialogueNodeEvent:30:8,dialogue,1,DialogueEvent,Unit 1 Dev,2026-09-25T20:07:15.6110000Z,2026-09-25T20:07:15.6110000Z,6ab6d473485cab4c9562ec8d,wenyi09232026.stratalog.logdata.json
DialogueNodeEvent:30:86,dialogue,1,DialogueEvent,Unit 1 Dev,2026-09-25T20:29:57.6620000Z,2026-09-25T20:29:57.6620000Z,6ab6d9c5485cab4c956516f4,wenyi09232026.stratalog.logdata.json
DialogueNodeEvent:30:89,dialogue,1,DialogueEvent,Unit 1 Dev,2026-09-25T20:07:38.9220000Z,2026-09-25T20:07:38.9220000Z,6ab6d48a485cab4c9562f49f,wenyi09232026.stratalog.logdata.json
DialogueNodeEvent:30:90,dialogue,1,DialogueEvent,Unit 1 Dev,2026-09-25T20:08:02.5840000Z,2026-09-25T20:08:02.5840000Z,6ab6d4a2485cab4c9562fd11,wenyi09232026.stratalog.logdata.json
DialogueNodeEvent:30:91,dialogue,1,DialogueEvent,Unit 1 Dev,2026-09-25T20:08:20.6090000Z,2026-09-25T20:08:20.6090000Z,6ab6d4b4485cab4c95630390,wenyi09232026.stratalog.logdata.json
DialogueNodeEvent:30:93,dialogue,1,DialogueEvent,Unit 1 Dev,2026-09-25T20:09:08.4820000Z,2026-09-25T20:09:08.4820000Z,6ab6d4e4485cab4c9563155f,wenyi09232026.stratalog.logdata.json
DialogueNodeEvent:30:94,dialogue,1,DialogueEvent,Unit 1 Dev,2026-09-25T20:09:10.8170000Z,2026-09-25T20:09:10.8170000Z,6ab6d4e6485cab4c9563164b,wenyi09232026.stratalog.logdata.json
DialogueNodeEvent:30:95,dialogue,1,DialogueEvent,Unit 1 Dev,2026-09-25T20:09:12.6520000Z,2026-09-25T20:09:12.6520000Z,6ab6d4e8485cab4c95631700,wenyi09232026.stratalog.logdata.json
DialogueNodeEvent:30:96,dialogue,1,DialogueEvent,Unit 1 Dev,2026-09-25T20:09:30.0450000Z,2026-09-25T20:09:30.0450000Z,6ab6d4f9485cab4c95631d55,wenyi09232026.stratalog.logdata.json
DialogueNodeEvent:30:97,dialogue,1,DialogueEvent,Unit 1 Dev,2026-09-25T20:10:36.2590000Z,2026-09-25T20:10:36.2590000Z,6ab6d53b485cab4c95633419,wenyi09232026.stratalog.logdata.json
DialogueNodeEvent:30:98,dialogue,1,DialogueEvent,Unit 1 Dev,2026-09-25T20:23:57.1640000Z,2026-09-25T20:23:57.1640000Z,6ab6d85c485cab4c956493a6,wenyi09232026.stratalog.logdata.json
DialogueNodeEvent:30:99,dialogue,1,DialogueEvent,Unit 1 Dev,2026-09-25T20:29:18.6530000Z,2026-09-25T20:29:18.6530000Z,6ab6d99e485cab4c95650aa2,wenyi09232026.stratalog.logdata.json
DialogueNodeEvent:31:0,dialogue,2,DialogueEvent,Unit 1 Dev,2026-09-25T20:11:57.3120000Z,2026-09-25T20:24:21.6550000Z,6ab6d58d485cab4c95635c8d,wenyi09232026.stratalog.logdata.json
DialogueNodeEvent:31:1,dialogue,1,DialogueEvent,Unit 1 Dev,2026-09-25T20:11:42.4890000Z,2026-09-25T20:11:42.4890000Z,6ab6d57e485cab4c9563558f,wenyi09232026.stratalog.logdata.json
DialogueNodeEvent:31:13,dialogue,1,DialogueEvent,Unit 1 Dev,2026-09-25T20:13:06.6720000Z,2026-09-25T20:13:06.6720000Z,6ab6d5d2485cab4c9563757e,wenyi09232026.stratalog.logdata.json
DialogueNodeEvent:31:2,dialogue,1,DialogueEvent,Unit 1 Dev,2026-09-25T20:11:57.3140000Z,2026-09-25T20:11:57.3140000Z,6ab6d58d485cab4c95635cab,wenyi09232026.stratalog.logdata.json
DialogueNodeEvent:31:21,dialogue,1,DialogueEvent,Unit 1 Dev,2026-09-25T20:13:19.3950000Z,2026-09-25T20:13:19.3950000Z,6ab6d5df485cab4c95637b93,wenyi09232026.stratalog.logdata.json
DialogueNodeEvent:31:23,dialogue,1,DialogueEvent,Unit 1 Dev,2026-09-25T20:13:30.8850000Z,2026-09-25T20:13:30.8850000Z,6ab6d5ea485cab4c9563819a,wenyi09232026.stratalog.logdata.json
DialogueNodeEvent:31:24,dialogue,1,DialogueEvent,Unit 1 Dev,2026-09-25T20:14:48.4130000Z,2026-09-25T20:14:48.4130000Z,6ab6d638485cab4c9563a74d,wenyi09232026.stratalog.logdata.json
DialogueNodeEvent:31:29,dialogue,1,DialogueEvent,Unit 1 Dev,2026-09-25T20:14:56.2330000Z,2026-09-25T20:14:56.2330000Z,6ab6d63f485cab4c9563aa1e,wenyi09232026.stratalog.logdata.json
DialogueNodeEvent:31:32,dialogue,1,DialogueEvent,Unit 1 Dev,2026-09-25T20:15:17.5640000Z,2026-09-25T20:15:17.5640000Z,6ab6d655485cab4c9563b2fc,wenyi09232026.stratalog.logdata.json
DialogueNodeEvent:31:35,dialogue,1,DialogueEvent,Unit 1 Dev,2026-09-25T20:24:21.6580000Z,2026-09-25T20:24:21.6580000Z,6ab6d875485cab4c95649e9e,wenyi09232026.stratalog.logdata.json
DialogueNodeEvent:31:38,dialogue,1,DialogueEvent,Unit 1 Dev,2026-09-25T20:24:27.9730000Z,2026-09-25T20:24:27.9730000Z,6ab6d87b485cab4c9564a059,wenyi09232026.stratalog.logdata.json
DialogueNodeEvent:31:39,dialogue,1,DialogueEvent,Unit 1 Dev,2026-09-25T20:24:45.0100000Z,2026-09-25T20:24:45.0100000Z,6ab6d88c485cab4c9564a68b,wenyi09232026.stratalog.logdata.json
DialogueNodeEvent:31:41,dialogue,1,DialogueEvent,Unit 1 Dev,2026-09-25T20:24:51.0800000Z,2026-09-25T20:24:51.0800000Z,6ab6d892485cab4c9564a801,wenyi09232026.stratalog.logdata.json
DialogueNodeEvent:31:45,dialogue,1,DialogueEvent,Unit 1 Dev,2026-09-25T20:24:51.0990000Z,2026-09-25T20:24:51.0990000Z,6ab6d892485cab4c9564a808,wenyi09232026.stratalog.logdata.json
DialogueNodeEvent:31:48,dialogue,1,DialogueEvent,Unit 1 Dev,2026-09-25T20:25:05.2030000Z,2026-09-25T20:25:05.2030000Z,6ab6d8a0485cab4c9564ab66,wenyi09232026.stratalog.logdata.json
DialogueNodeEvent:31:5,dialogue,1,DialogueEvent,Unit 1 Dev,2026-09-25T20:12:15.2840000Z,2026-09-25T20:12:15.2840000Z,6ab6d59e485cab4c95636264,wenyi09232026.stratalog.logdata.json
DialogueNodeEvent:31:51,dialogue,1,DialogueEvent,Unit 1 Dev,2026-09-25T20:25:54.0730000Z,2026-09-25T20:25:54.0730000Z,6ab6d8d1485cab4c9564b818,wenyi09232026.stratalog.logdata.json
DialogueNodeEvent:31:55,dialogue,1,DialogueEvent,Unit 1 Dev,2026-09-25T20:28:18.0350000Z,2026-09-25T20:28:18.0350000Z,6ab6d961485cab4c9564f1dc,wenyi09232026.stratalog.logdata.json
DialogueNodeEvent:31:56,dialogue,1,DialogueEvent,Unit 1 Dev,2026-09-25T20:28:35.7470000Z,2026-09-25T20:28:35.7470000Z,6ab6d973485cab4c9564f93d,wenyi09232026.stratalog.logdata.json
DialogueNodeEvent:31:59,dialogue,1,DialogueEvent,Unit 1 Dev,2026-09-25T20:28:38.2450000Z,2026-09-25T20:28:38.2450000Z,6ab6d976485cab4c9564fa1c,wenyi09232026.stratalog.logdata.json
DialogueNodeEvent:31:6,dialogue,1,DialogueEvent,Unit 1 Dev,2026-09-25T20:12:27.1570000Z,2026-09-25T20:12:27.1570000Z,6ab6d5aa485cab4c9563658a,wenyi09232026.stratalog.logdata.json
DialogueNodeEvent:31:60,dialogue,1,DialogueEvent,Unit 1 Dev,2026-09-25T20:28:46.6140000Z,2026-09-25T20:28:46.6140000Z,6ab6d97e485cab4c9564fd20,wenyi09232026.stratalog.logdata.json
DialogueNodeEvent:31:61,dialogue,1,DialogueEvent,Unit 1 Dev,2026-09-25T20:12:37.4450000Z,2026-09-25T20:12:37.4450000Z,6ab6d5b5485cab4c956369ca,wenyi09232026.stratalog.logdata.json
DialogueNodeEvent:31:64,dialogue,1,DialogueEvent,Unit 1 Dev,2026-09-25T20:12:59.4520000Z,2026-09-25T20:12:59.4520000Z,6ab6d5cb485cab4c956372d0,wenyi09232026.stratalog.logdata.json
DialogueNodeEvent:31:65,dialogue,1,DialogueEvent,Unit 1 Dev,2026-09-25T20:28:31.8410000Z,2026-09-25T20:28:31.8410000Z,6ab6d96f485cab4c9564f7e9,wenyi09232026.stratalog.logdata.json
DialogueNodeEvent:31:67,dialogue,1,DialogueEvent,Unit 1 Dev,2026-09-25T20:26:04.1610000Z,2026-09-25T20:26:04.1610000Z,6ab6d8db485cab4c9564ba8e,wenyi09232026.stratalog.logdata.json
DialogueNodeEvent:31:68,dialogue,1,DialogueEvent,Unit 1 Dev,2026-09-25T20:25:24.8460000Z,2026-09-25T20:25:24.8460000Z,6ab6d8b4485cab4c9564b02a,wenyi09232026.stratalog.logdata.json
DialogueNodeEvent:31:69,dialogue,1,DialogueEvent,Unit 1 Dev,2026-09-25T20:26:12.7820000Z,2026-09-25T20:26:12.7820000Z,6ab6d8e4485cab4c9564bccc,wenyi09232026.stratalog.logdata.json
DialogueNodeEvent:31:70,dialogue,1,DialogueEvent,Unit 1 Dev,2026-09-25T20:26:42.0750000Z,2026-09-25T20:26:42.0750000Z,6ab6d901485cab4c9564c7d2,wenyi09232026.stratalog.logdata.json
DialogueNodeEvent:31:71,dialogue,1,DialogueEvent,Unit 1 Dev,2026-09-25T20:26:56.3490000Z,2026-09-25T20:26:56.3490000Z,6ab6d910485cab4c9564ce47,wenyi09232026.stratalog.logdata.json
DialogueNodeEvent:31:72,dialogue,1,DialogueEvent,Unit 1 Dev,2026-09-25T20:27:01.0510000Z,2026-09-25T20:27:01.0510000Z,6ab6d914485cab4c9564cf8a,wenyi09232026.stratalog.logdata.json
DialogueNodeEvent:31:73,dialogue,1,DialogueEvent,Unit 1 Dev,2026-09-25T20:27:09.2880000Z,2026-09-25T20:27:09.2880000Z,6ab6d91d485cab4c9564d2d7,wenyi09232026.stratalog.logdata.json
DialogueNodeEvent:31:74,dialogue,1,DialogueEvent,Unit 1 Dev,2026-09-25T20:27:11.5560000Z,2026-09-25T20:27:11.5560000Z,6ab6d91f485cab4c9564d3df,wenyi09232026.stratalog.logdata.json
DialogueNodeEvent:31:78,dialogue,1,DialogueEvent,Unit 1 Dev,2026-09-25T20:27:40.0380000Z,2026-09-25T20:27:40.0380000Z,6ab6d93b485cab4c9564e10d,wenyi09232026.stratalog.logdata.json
DialogueNodeEvent:31:8,dialogue,1,DialogueEvent,Unit 1 Dev,2026-09-25T20:12:43.0940000Z,2026-09-25T20:12:43.0940000Z,6ab6d5ba485cab4c95636bdb,wenyi09232026.stratalog.logdata.json
DialogueNodeEvent:31:82,dialogue,1,DialogueEvent,Unit 1 Dev,2026-09-25T20:27:41.9520000Z,2026-09-25T20:27:41.9520000Z,6ab6d93d485cab4c9564e218,wenyi09232026.stratalog.logdata.json
DialogueNodeEvent:31:83,dialogue,1,DialogueEvent,Unit 1 Dev,2026-09-25T20:25:42.9340000Z,2026-09-25T20:25:42.9340000Z,6ab6d8c6485cab4c9564b506,wenyi09232026.stratalog.logdata.json
DialogueNodeEvent:31:84,dialogue,1,DialogueEvent,Unit 1 Dev,2026-09-25T20:25:46.2690000Z,2026-09-25T20:25:46.2690000Z,6ab6d8ca485cab4c9564b5e0,wenyi09232026.stratalog.logdata.json
DialogueNodeEvent:32:0,dialogue,1,DialogueEvent,Unit 1 Dev,2026-09-25T20:17:53.0910000Z,2026-09-25T20:17:53.0910000Z,6ab6d6f0485cab4c9563f781,wenyi09232026.stratalog.logdata.json
DialogueNodeEvent:32:101,dialogue,1,DialogueEvent,Unit 1 Dev,2026-09-25T20:18:22.2870000Z,2026-09-25T20:18:22.2870000Z,6ab6d70e485cab4c9564058a,wenyi09232026.stratalog.logdata.json
DialogueNodeEvent:32:69,dialogue,1,DialogueEvent,Unit 1 Dev,2026-09-25T20:17:53.0940000Z,2026-09-25T20:17:53.0940000Z,6ab6d6f0485cab4c9563f78f,wenyi09232026.stratalog.logdata.json
DialogueNodeEvent:32:73,dialogue,1,DialogueEvent,Unit 1 Dev,2026-09-25T20:18:01.6770000Z,2026-09-25T20:18:01.6770000Z,6ab6d6f9485cab4c9563fab7,wenyi09232026.stratalog.logdata.json
DialogueNodeEvent:32:75,dialogue,1,DialogueEvent,Unit 1 Dev,2026-09-25T20:18:07.2970000Z,2026-09-25T20:18:07.2970000Z,6ab6d6ff485cab4c9563fcc6,wenyi09232026.stratalog.logdata.json
DialogueNodeEvent:32:77,dialogue,1,DialogueEvent,Unit 1 Dev,2026-09-25T20:18:14.7170000Z,2026-09-25T20:18:14.7170000Z,6ab6d706485cab4c95640122,wenyi09232026.stratalog.logdata.json
DialogueNodeEvent:32:87,dialogue,1,DialogueEvent,Unit 1 Dev,2026-09-25T20:18:35.3940000Z,2026-09-25T20:18:35.3940000Z,6ab6d71b485cab4c95640ce7,wenyi09232026.stratalog.logdata.json
DialogueNodeEvent:32:88,dialogue,1,DialogueEvent,Unit 1 Dev,2026-09-25T20:18:55.0320000Z,2026-09-25T20:18:55.0320000Z,6ab6d72e485cab4c9564143f,wenyi09232026.stratalog.logdata.json
DialogueNodeEvent:32:91,dialogue,1,DialogueEvent,Unit 1 Dev,2026-09-25T20:19:00.9680000Z,2026-09-25T20:19:00.9680000Z,6ab6d734485cab4c95641790,wenyi09232026.stratalog.logdata.json
DialogueNodeEvent:32:95,dialogue,1,DialogueEvent,Unit 1 Dev,2026-09-25T20:19:12.7410000Z,2026-09-25T20:19:12.7410000Z,6ab6d740485cab4c95641e17,wenyi09232026.stratalog.logdata.json
DialogueNodeEvent:32:96,dialogue,1,DialogueEvent,Unit 1 Dev,2026-09-25T20:19:17.8610000Z,2026-09-25T20:19:17.8610000Z,6ab6d745485cab4c95642118,wenyi09232026.stratalog.logdata.json
DialogueNodeEvent:33:1,dialogue,1,DialogueEvent,Unit 1 Dev,2026-09-25T20:29:41.7870000Z,2026-09-25T20:29:41.7870000Z,6ab6d9b5485cab4c95651276,wenyi09232026.stratalog.logdata.json
DialogueNodeEvent:33:12,dialogue,1,DialogueEvent,Unit 1 Dev,2026-09-25T20:30:18.6890000Z,2026-09-25T20:30:18.6890000Z,6ab6d9da485cab4c95651b71,wenyi09232026.stratalog.logdata.json
DialogueNodeEvent:33:15,dialogue,1,DialogueEvent,Unit 1 Dev,2026-09-25T20:30:21.9070000Z,2026-09-25T20:30:21.9070000Z,6ab6d9dd485cab4c95651c4f,wenyi09232026.stratalog.logdata.json
DialogueNodeEvent:33:16,dialogue,1,DialogueEvent,Unit 1 Dev,2026-09-25T20:30:30.8280000Z,2026-09-25T20:30:30.8280000Z,6ab6d9e6485cab4c95651e8e,wenyi09232026.stratalog.logdata.json
DialogueNodeEvent:33:19,dialogue,1,DialogueEvent,Unit 1 Dev,2026-09-25T20:30:38.0980000Z,2026-09-25T20:30:38.0980000Z,6ab6d9ed485cab4c9565208f,wenyi09232026.stratalog.logdata.json
DialogueNodeEvent:33:3,dialogue,1,DialogueEvent,Unit 1 Dev,2026-09-25T20:29:43.6210000Z,2026-09-25T20:29:43.6210000Z,6ab6d9b7485cab4c956512e7,wenyi09232026.stratalog.logdata.json
DialogueNodeEvent:33:5,dialogue,1,DialogueEvent,Unit 1 Dev,2026-09-25T20:29:46.7400000Z,2026-09-25T20:29:46.7400000Z,6ab6d9ba485cab4c956513d2,wenyi09232026.stratalog.logdata.json
DialogueNodeEvent:33:8,dialogue,1,DialogueEvent,Unit 1 Dev,2026-09-25T20:30:11.4910000Z,2026-09-25T20:30:11.4910000Z,6ab6d9d3485cab4c956519b5,wenyi09232026.stratalog.logdata.json
DialogueNodeEvent:33:9,dialogue,1,DialogueEvent,Unit 1 Dev,2026-09-25T20:30:15.3700000Z,2026-09-25T20:30:15.3700000Z,6ab6d9d7485cab4c95651a95,wenyi09232026.stratalog.logdata.json
DialogueNodeEvent:35:0,dialogue,1,DialogueEvent,Unit 1 Dev,2026-09-25T20:19:31.6020000Z,2026-09-25T20:19:31.6020000Z,6ab6d753485cab4c95642765,wenyi09232026.stratalog.logdata.json
DialogueNodeEvent:35:1,dialogue,1,DialogueEvent,Unit 1 Dev,2026-09-25T20:19:31.6040000Z,2026-09-25T20:19:31.6040000Z,6ab6d753485cab4c9564277b,wenyi09232026.stratalog.logdata.json
DialogueNodeEvent:35:20,dialogue,1,DialogueEvent,Unit 1 Dev,2026-09-25T20:22:42.3920000Z,2026-09-25T20:22:42.3920000Z,6ab6d812485cab4c95646c13,wenyi09232026.stratalog.logdata.json
DialogueNodeEvent:35:21,dialogue,1,DialogueEvent,Unit 1 Dev,2026-09-25T20:23:13.8580000Z,2026-09-25T20:23:13.8580000Z,6ab6d831485cab4c95647abe,wenyi09232026.stratalog.logdata.json
DialogueNodeEvent:35:24,dialogue,1,DialogueEvent,Unit 1 Dev,2026-09-25T20:23:24.4290000Z,2026-09-25T20:23:24.4290000Z,6ab6d83c485cab4c956480e4,wenyi09232026.stratalog.logdata.json
DialogueNodeEvent:35:28,dialogue,1,DialogueEvent,Unit 1 Dev,2026-09-25T20:23:44.1850000Z,2026-09-25T20:23:44.1850000Z,6ab6d84f485cab4c95648c41,wenyi09232026.stratalog.logdata.json
DialogueNodeEvent:35:29,dialogue,1,DialogueEvent,Unit 1 Dev,2026-09-25T20:23:48.9040000Z,2026-09-25T20:23:48.9040000Z,6ab6d854485cab4c95648efd,wenyi09232026.stratalog.logdata.json
DialogueNodeEvent:35:33,dialogue,1,DialogueEvent,Unit 1 Dev,2026-09-25T20:19:38.2530000Z,2026-09-25T20:19:38.2530000Z,6ab6d759485cab4c95642a26,wenyi09232026.stratalog.logdata.json
DialogueNodeEvent:35:34,dialogue,1,DialogueEvent,Unit 1 Dev,2026-09-25T20:19:46.7530000Z,2026-09-25T20:19:46.7530000Z,6ab6d762485cab4c95642cce,wenyi09232026.stratalog.logdata.json
DialogueNodeEvent:35:40,dialogue,1,DialogueEvent,Unit 1 Dev,2026-09-25T20:22:37.3610000Z,2026-09-25T20:22:37.3610000Z,6ab6d80d485cab4c95646aa0,wenyi09232026.stratalog.logdata.json
DialogueNodeEvent:35:7,dialogue,1,DialogueEvent,Unit 1 Dev,2026-09-25T20:19:42.7680000Z,2026-09-25T20:19:42.7680000Z,6ab6d75e485cab4c95642ba7,wenyi09232026.stratalog.logdata.json
DialogueNodeEvent:35:8,dialogue,1,DialogueEvent,Unit 1 Dev,2026-09-25T20:19:53.6400000Z,2026-09-25T20:19:53.6400000Z,6ab6d769485cab4c95642edf,wenyi09232026.stratalog.logdata.json
DialogueNodeEvent:36:0,dialogue,1,DialogueEvent,Unit 1 Dev,2026-09-25T20:15:37.5390000Z,2026-09-25T20:15:37.5390000Z,6ab6d669485cab4c9563bd30,wenyi09232026.stratalog.logdata.json
DialogueNodeEvent:36:32,dialogue,1,DialogueEvent,Unit 1 Dev,2026-09-25T20:15:37.5410000Z,2026-09-25T20:15:37.5410000Z,6ab6d669485cab4c9563bd3b,wenyi09232026.stratalog.logdata.json
DialogueNodeEvent:36:33,dialogue,1,DialogueEvent,Unit 1 Dev,2026-09-25T20:15:47.7040000Z,2026-09-25T20:15:47.7040000Z,6ab6d673485cab4c9563c228,wenyi09232026.stratalog.logdata.json
DialogueNodeEvent:36:35,dialogue,1,DialogueEvent,Unit 1 Dev,2026-09-25T20:15:50.7560000Z,2026-09-25T20:15:50.7560000Z,6ab6d676485cab4c9563c3a5,wenyi09232026.stratalog.logdata.json
DialogueNodeEvent:36:36,dialogue,1,DialogueEvent,Unit 1 Dev,2026-09-25T20:15:54.3240000Z,2026-09-25T20:15:54.3240000Z,6ab6d67a485cab4c9563c5ba,wenyi09232026.stratalog.logdata.json
DialogueNodeEvent:36:50,dialogue,1,DialogueEvent,Unit 1 Dev,2026-09-25T20:16:07.0310000Z,2026-09-25T20:16:07.0310000Z,6ab6d686485cab4c9563cb7c,wenyi09232026.stratalog.logdata.json
DialogueNodeEvent:36:52,dialogue,1,DialogueEvent,Unit 1 Dev,2026-09-25T20:16:24.7720000Z,2026-09-25T20:16:24.7720000Z,6ab6d698485cab4c9563d0b9,wenyi09232026.stratalog.logdata.json
DialogueNodeEvent:36:55,dialogue,1,DialogueEvent,Unit 1 Dev,2026-09-25T20:16:32.4090000Z,2026-09-25T20:16:32.4090000Z,6ab6d6a0485cab4c9563d30e,wenyi09232026.stratalog.logdata.json
DialogueNodeEvent:36:59,dialogue,1,DialogueEvent,Unit 1 Dev,2026-09-25T20:16:40.9420000Z,2026-09-25T20:16:40.9420000Z,6ab6d6a8485cab4c9563d5d6,wenyi09232026.stratalog.logdata.json
DialogueNodeEvent:36:60,dialogue,1,DialogueEvent,Unit 1 Dev,2026-09-25T20:16:46.7630000Z,2026-09-25T20:16:46.7630000Z,6ab6d6ae485cab4c9563d90c,wenyi09232026.stratalog.logdata.json
DialogueNodeEvent:36:65,dialogue,1,DialogueEvent,Unit 1 Dev,2026-09-25T20:16:00.6440000Z,2026-09-25T20:16:00.6440000Z,6ab6d680485cab4c9563c8fb,wenyi09232026.stratalog.logdata.json
DialogueNodeEvent:37:0,dialogue,1,DialogueEvent,Unit 1 Dev,2026-09-25T20:17:04.1220000Z,2026-09-25T20:17:04.1220000Z,6ab6d6bf485cab4c9563de36,wenyi09232026.stratalog.logdata.json
DialogueNodeEvent:37:64,dialogue,1,DialogueEvent,Unit 1 Dev,2026-09-25T20:17:04.1230000Z,2026-09-25T20:17:04.1230000Z,6ab6d6c0485cab4c9563de44,wenyi09232026.stratalog.logdata.json
DialogueNodeEvent:37:66,dialogue,1,DialogueEvent,Unit 1 Dev,2026-09-25T20:17:06.7710000Z,2026-09-25T20:17:06.7710000Z,6ab6d6c2485cab4c9563df48,wenyi09232026.stratalog.logdata.json
DialogueNodeEvent:37:67,dialogue,1,DialogueEvent,Unit 1 Dev,2026-09-25T20:17:08.6730000Z,2026-09-25T20:17:08.6730000Z,6ab6d6c4485cab4c9563e064,wenyi09232026.stratalog.logdata.json
DialogueNodeEvent:37:97,dialogue,1,DialogueEvent,Unit 1 Dev,2026-09-25T20:17:09.8070000Z,2026-09-25T20:17:09.8070000Z,6ab6d6c5485cab4c9563e10a,wenyi09232026.stratalog.logdata.json
DialogueNodeEvent:68:18,dialogue,1,DialogueEvent,Unit 2 Prod (Refactor),2026-09-25T20:44:43.3790000Z,2026-09-25T20:44:43.3790000Z,6ab6dd3b485cab4c9565fc8b,wenyi09232026.stratalog.logdata.json
DialogueNodeEvent:68:20,dialogue,1,DialogueEvent,Unit 2 Prod (Refactor),2026-09-25T20:44:52.5170000Z,2026-09-25T20:44:52.5170000Z,6ab6dd44485cab4c9565fe94,wenyi09232026.stratalog.logdata.json
DialogueNodeEvent:68:23,dialogue,1,DialogueEvent,Unit 2 Prod (Refactor),2026-09-25T20:45:41.3050000Z,2026-09-25T20:45:41.3050000Z,6ab6dd75485cab4c95660a61,wenyi09232026.stratalog.logdata.json
DialogueNodeEvent:68:25,dialogue,1,DialogueEvent,Unit 2 Prod (Refactor),2026-09-25T20:45:54.1940000Z,2026-09-25T20:45:54.1940000Z,6ab6dd81485cab4c95660cb8,wenyi09232026.stratalog.logdata.json
DialogueNodeEvent:68:27,dialogue,1,DialogueEvent,Unit 2 Prod (Refactor),2026-09-25T20:46:41.9160000Z,2026-09-25T20:46:41.9160000Z,6ab6ddb1485cab4c95661970,wenyi09232026.stratalog.logdata.json
DialogueNodeEvent:68:29,dialogue,1,DialogueEvent,Unit 2 Prod (Refactor),2026-09-25T20:47:09.4460000Z,2026-09-25T20:47:09.4460000Z,6ab6ddcd485cab4c956620b4,wenyi09232026.stratalog.logdata.json
DialogueNodeEvent:68:33,dialogue,1,DialogueEvent,Unit 2 Prod (Refactor),2026-09-25T20:46:46.7180000Z,2026-09-25T20:46:46.7180000Z,6ab6ddb6485cab4c95661a6c,wenyi09232026.stratalog.logdata.json
DialogueNodeEvent:68:5,dialogue,1,DialogueEvent,Unit 2 Prod (Refactor),2026-09-25T20:42:57.6680000Z,2026-09-25T20:42:57.6680000Z,6ab6dcd1485cab4c9565e16a,wenyi09232026.stratalog.logdata.json
DialogueNodeEvent:68:7,dialogue,1,DialogueEvent,Unit 2 Prod (Refactor),2026-09-25T20:43:45.7210000Z,2026-09-25T20:43:45.7210000Z,6ab6dd01485cab4c9565ed3a,wenyi09232026.stratalog.logdata.json
DialogueNodeEvent:70:0,dialogue,1,DialogueEvent,Unit 1 Dev,2026-09-25T20:28:09.0510000Z,2026-09-25T20:28:09.0510000Z,6ab6d958485cab4c9564edfc,wenyi09232026.stratalog.logdata.json
DialogueNodeEvent:70:7,dialogue,1,DialogueEvent,Unit 1 Dev,2026-09-25T20:28:09.0650000Z,2026-09-25T20:28:09.0650000Z,6ab6d959485cab4c9564ee0a,wenyi09232026.stratalog.logdata.json
DialogueNodeEvent:73:163,dialogue,4,DialogueEvent,Unit 3 Dev,2026-09-25T22:18:15.7060000Z,2026-09-25T22:19:45.2660000Z,6ab6f327485cab4c9566e45f,wenyi09232026.stratalog.logdata.json
DialogueNodeEvent:73:174,dialogue,1,DialogueEvent,Unit 3 Dev,2026-09-25T22:19:53.7510000Z,2026-09-25T22:19:53.7510000Z,6ab6f389485cab4c9566e52f,wenyi09232026.stratalog.logdata.json
DialogueNodeEvent:73:175,dialogue,1,DialogueEvent,Unit 3 Dev,2026-09-25T22:20:01.1220000Z,2026-09-25T22:20:01.1220000Z,6ab6f390485cab4c9566e53b,wenyi09232026.stratalog.logdata.json
DialogueNodeEvent:73:200,dialogue,1,DialogueEvent,Unit 3 Dev,2026-09-25T22:17:15.3420000Z,2026-09-25T22:17:15.3420000Z,6ab6f2eb485cab4c9566e3ef,wenyi09232026.stratalog.logdata.json
DialogueNodeEvent:73:204,dialogue,1,DialogueEvent,Unit 3 Dev,2026-09-25T22:17:32.3500000Z,2026-09-25T22:17:32.3500000Z,6ab6f2fc485cab4c9566e407,wenyi09232026.stratalog.logdata.json
DialogueNodeEvent:73:208,dialogue,1,DialogueEvent,Unit 3 Dev,2026-09-25T22:17:36.2520000Z,2026-09-25T22:17:36.2520000Z,6ab6f300485cab4c9566e40d,wenyi09232026.stratalog.logdata.json
DialogueNodeEvent:73:209,dialogue,1,DialogueEvent,Unit 3 Dev,2026-09-25T22:17:41.8480000Z,2026-09-25T22:17:41.8480000Z,6ab6f305485cab4c9566e419,wenyi09232026.stratalog.logdata.json
DialogueNodeEvent:73:210,dialogue,1,DialogueEvent,Unit 3 Dev,2026-09-25T22:17:45.5060000Z,2026-09-25T22:17:45.5060000Z,6ab6f309485cab4c9566e41f,wenyi09232026.stratalog.logdata.json
DialogueNodeEvent:73:211,dialogue,1,DialogueEvent,Unit 3 Dev,2026-09-25T22:17:51.4110000Z,2026-09-25T22:17:51.4110000Z,6ab6f30f485cab4c9566e429,wenyi09232026.stratalog.logdata.json
DialogueNodeEvent:73:212,dialogue,1,DialogueEvent,Unit 3 Dev,2026-09-25T22:17:51.4120000Z,2026-09-25T22:17:51.4120000Z,6ab6f30f485cab4c9566e42b,wenyi09232026.stratalog.logdata.json
DialogueNodeEvent:73:213,dialogue,1,DialogueEvent,Unit 3 Dev,2026-09-25T22:20:01.9050000Z,2026-09-25T22:20:01.9050000Z,6ab6f391485cab4c9566e53d,wenyi09232026.stratalog.logdata.json
DialogueNodeEvent:74:0,dialogue,5,DialogueEvent,Unit 2 Prod (Refactor),2026-09-25T21:14:53.2370000Z,2026-09-25T21:18:40.7270000Z,6ab6e44d485cab4c9566b86d,wenyi09232026.stratalog.logdata.json
DialogueNodeEvent:74:10,dialogue,1,DialogueEvent,Unit 2 Prod (Refactor),2026-09-25T21:16:14.1070000Z,2026-09-25T21:16:14.1070000Z,6ab6e49d485cab4c9566bd7f,wenyi09232026.stratalog.logdata.json
DialogueNodeEvent:74:11,dialogue,1,DialogueEvent,Unit 2 Prod (Refactor),2026-09-25T21:15:40.8430000Z,2026-09-25T21:15:40.8430000Z,6ab6e47c485cab4c9566bb1b,wenyi09232026.stratalog.logdata.json
DialogueNodeEvent:74:13,dialogue,1,DialogueEvent,Unit 2 Prod (Refactor),2026-09-25T21:16:24.4630000Z,2026-09-25T21:16:24.4630000Z,6ab6e4a8485cab4c9566bda5,wenyi09232026.stratalog.logdata.json
DialogueNodeEvent:74:15,dialogue,1,DialogueEvent,Unit 2 Prod (Refactor),2026-09-25T21:18:03.7410000Z,2026-09-25T21:18:03.7410000Z,6ab6e50b485cab4c9566c0c9,wenyi09232026.stratalog.logdata.json
DialogueNodeEvent:74:16,dialogue,1,DialogueEvent,Unit 2 Prod (Refactor),2026-09-25T21:18:40.7430000Z,2026-09-25T21:18:40.7430000Z,6ab6e530485cab4c9566c3e5,wenyi09232026.stratalog.logdata.json
DialogueNodeEvent:74:21,dialogue,1,DialogueEvent,Unit 2 Prod (Refactor),2026-09-25T21:18:56.7500000Z,2026-09-25T21:18:56.7500000Z,6ab6e540485cab4c9566c4b9,wenyi09232026.stratalog.logdata.json
DialogueNodeEvent:74:23,dialogue,1,DialogueEvent,Unit 2 Prod (Refactor),2026-09-25T21:15:42.0420000Z,2026-09-25T21:15:42.0420000Z,6ab6e47d485cab4c9566bb1f,wenyi09232026.stratalog.logdata.json
DialogueNodeEvent:74:24,dialogue,1,DialogueEvent,Unit 2 Prod (Refactor),2026-09-25T21:16:25.7130000Z,2026-09-25T21:16:25.7130000Z,6ab6e4a9485cab4c9566bda9,wenyi09232026.stratalog.logdata.json
DialogueNodeEvent:74:27,dialogue,1,DialogueEvent,Unit 2 Prod (Refactor),2026-09-25T21:17:36.1290000Z,2026-09-25T21:17:36.1290000Z,6ab6e4ef485cab4c9566be33,wenyi09232026.stratalog.logdata.json
DialogueNodeEvent:74:4,dialogue,1,DialogueEvent,Unit 2 Prod (Refactor),2026-09-25T21:14:53.2530000Z,2026-09-25T21:14:53.2530000Z,6ab6e44d485cab4c9566b871,wenyi09232026.stratalog.logdata.json
DialogueNodeEvent:74:6,dialogue,1,DialogueEvent,Unit 2 Prod (Refactor),2026-09-25T21:15:31.9220000Z,2026-09-25T21:15:31.9220000Z,6ab6e473485cab4c9566baf3,wenyi09232026.stratalog.logdata.json
DialogueNodeEvent:75:2,dialogue,1,DialogueEvent,Unit 3 Dev,2026-09-25T22:02:08.0920000Z,2026-09-25T22:02:08.0920000Z,6ab6ef5f485cab4c9566d8e9,wenyi09232026.stratalog.logdata.json
DialogueNodeEvent:75:3,dialogue,1,DialogueEvent,Unit 3 Dev,2026-09-25T22:02:10.5940000Z,2026-09-25T22:02:10.5940000Z,6ab6ef62485cab4c9566d8f5,wenyi09232026.stratalog.logdata.json
DialogueNodeEvent:75:4,dialogue,1,DialogueEvent,Unit 3 Dev,2026-09-25T22:02:19.4480000Z,2026-09-25T22:02:19.4480000Z,6ab6ef6b485cab4c9566d90b,wenyi09232026.stratalog.logdata.json
DialogueNodeEvent:75:5,dialogue,1,DialogueEvent,Unit 3 Dev,2026-09-25T22:02:21.4160000Z,2026-09-25T22:02:21.4160000Z,6ab6ef6d485cab4c9566d913,wenyi09232026.stratalog.logdata.json
DialogueNodeEvent:75:6,dialogue,1,DialogueEvent,Unit 3 Dev,2026-09-25T22:02:32.7890000Z,2026-09-25T22:02:32.7890000Z,6ab6ef78485cab4c9566d92b,wenyi09232026.stratalog.logdata.json
DialogueNodeEvent:78:0,dialogue,5,DialogueEvent,Unit 3 Dungeon Dev,2026-09-25T22:05:54.7330000Z,2026-09-25T22:06:56.8300000Z,6ab6f042485cab4c9566dbc1,wenyi09232026.stratalog.logdata.json
DialogueNodeEvent:78:12,dialogue,1,DialogueEvent,Unit 3 Dungeon Dev,2026-09-25T22:06:43.0390000Z,2026-09-25T22:06:43.0390000Z,6ab6f072485cab4c9566dd37,wenyi09232026.stratalog.logdata.json
DialogueNodeEvent:78:23,dialogue,1,DialogueEvent,Unit 3 Dungeon Dev,2026-09-25T22:06:56.8450000Z,2026-09-25T22:06:56.8450000Z,6ab6f080485cab4c9566ddc1,wenyi09232026.stratalog.logdata.json
DialogueNodeEvent:78:24,dialogue,1,DialogueEvent,Unit 3 Dungeon Dev,2026-09-25T22:07:15.0220000Z,2026-09-25T22:07:15.0220000Z,6ab6f092485cab4c9566de35,wenyi09232026.stratalog.logdata.json
DialogueNodeEvent:78:4,dialogue,1,DialogueEvent,Unit 3 Dungeon Dev,2026-09-25T22:05:54.7540000Z,2026-09-25T22:05:54.7540000Z,6ab6f042485cab4c9566dbc5,wenyi09232026.stratalog.logdata.json
DialogueNodeEvent:78:7,dialogue,1,DialogueEvent,Unit 3 Dungeon Dev,2026-09-25T22:06:07.8720000Z,2026-09-25T22:06:07.8720000Z,6ab6f04f485cab4c9566dc2f,wenyi09232026.stratalog.logdata.json
DialogueNodeEvent:78:9,dialogue,1,DialogueEvent,Unit 3 Dungeon Dev,2026-09-25T22:06:25.7470000Z,2026-09-25T22:06:25.7470000Z,6ab6f061485cab4c9566dcbd,wenyi09232026.stratalog.logdata.json
DialogueNodeEvent:79:0,dialogue,2,DialogueEvent,Unit 3 Dungeon Dev,2026-09-25T22:15:08.9990000Z,2026-09-25T22:15:09.0020000Z,6ab6f26c485cab4c9566e2df,wenyi09232026.stratalog.logdata.json
DialogueNodeEvent:79:101,dialogue,1,DialogueEvent,Unit 3 Dungeon Dev,2026-09-25T22:09:14.4630000Z,2026-09-25T22:09:14.4630000Z,6ab6f10a485cab4c9566df21,wenyi09232026.stratalog.logdata.json
DialogueNodeEvent:79:102,dialogue,1,DialogueEvent,Unit 3 Dungeon Dev,2026-09-25T22:07:47.4200000Z,2026-09-25T22:07:47.4200000Z,6ab6f0b3485cab4c9566de81,wenyi09232026.stratalog.logdata.json
DialogueNodeEvent:79:103,dialogue,1,DialogueEvent,Unit 3 Dungeon Dev,2026-09-25T22:08:16.9670000Z,2026-09-25T22:08:16.9670000Z,6ab6f0d0485cab4c9566dead,wenyi09232026.stratalog.logdata.json
DialogueNodeEvent:79:104,dialogue,1,DialogueEvent,Unit 3 Dungeon Dev,2026-09-25T22:08:03.4440000Z,2026-09-25T22:08:03.4440000Z,6ab6f0c3485cab4c9566de99,wenyi09232026.stratalog.logdata.json
DialogueNodeEvent:79:108,dialogue,1,DialogueEvent,Unit 3 Dungeon Dev,2026-09-25T22:10:28.3480000Z,2026-09-25T22:10:28.3480000Z,6ab6f154485cab4c9566dfef,wenyi09232026.stratalog.logdata.json
DialogueNodeEvent:79:109,dialogue,3,DialogueEvent,Unit 3 Dungeon Dev,2026-09-25T22:11:51.9030000Z,2026-09-25T22:13:25.9490000Z,6ab6f1a7485cab4c9566e0d7,wenyi09232026.stratalog.logdata.json
DialogueNodeEvent:79:110,dialogue,2,DialogueEvent,Unit 3 Dungeon Dev,2026-09-25T22:11:58.7900000Z,2026-09-25T22:12:26.1360000Z,6ab6f1ae485cab4c9566e0e1,wenyi09232026.stratalog.logdata.json
DialogueNodeEvent:79:111,dialogue,1,DialogueEvent,Unit 3 Dungeon Dev,2026-09-25T22:13:32.5680000Z,2026-09-25T22:13:32.5680000Z,6ab6f20c485cab4c9566e15b,wenyi09232026.stratalog.logdata.json
DialogueNodeEvent:79:112,dialogue,2,DialogueEvent,Unit 3 Dungeon Dev,2026-09-25T22:12:01.4740000Z,2026-09-25T22:12:28.9540000Z,6ab6f1b1485cab4c9566e0e9,wenyi09232026.stratalog.logdata.json
DialogueNodeEvent:79:113,dialogue,1,DialogueEvent,Unit 3 Dungeon Dev,2026-09-25T22:13:34.8360000Z,2026-09-25T22:13:34.8360000Z,6ab6f20e485cab4c9566e15f,wenyi09232026.stratalog.logdata.json
DialogueNodeEvent:79:115,dialogue,1,DialogueEvent,Unit 3 Dungeon Dev,2026-09-25T22:10:45.9550000Z,2026-09-25T22:10:45.9550000Z,6ab6f165485cab4c9566e025,wenyi09232026.stratalog.logdata.json
DialogueNodeEvent:79:116,dialogue,1,DialogueEvent,Unit 3 Dungeon Dev,2026-09-25T22:09:24.7850000Z,2026-09-25T22:09:24.7850000Z,6ab6f114485cab4c9566df3d,wenyi09232026.stratalog.logdata.json
DialogueNodeEvent:79:117,dialogue,1,DialogueEvent,Unit 3 Dungeon Dev,2026-09-25T22:09:32.4370000Z,2026-09-25T22:09:32.4370000Z,6ab6f11c485cab4c9566df4b,wenyi09232026.stratalog.logdata.json
DialogueNodeEvent:79:118,dialogue,1,DialogueEvent,Unit 3 Dungeon Dev,2026-09-25T22:09:36.6890000Z,2026-09-25T22:09:36.6890000Z,6ab6f120485cab4c9566df51,wenyi09232026.stratalog.logdata.json
DialogueNodeEvent:79:119,dialogue,1,DialogueEvent,Unit 3 Dungeon Dev,2026-09-25T22:11:37.6140000Z,2026-09-25T22:11:37.6140000Z,6ab6f199485cab4c9566e0b9,wenyi09232026.stratalog.logdata.json
DialogueNodeEvent:79:120,dialogue,1,DialogueEvent,Unit 3 Dungeon Dev,2026-09-25T22:11:43.4660000Z,2026-09-25T22:11:43.4660000Z,6ab6f19f485cab4c9566e0c5,wenyi09232026.stratalog.logdata.json
DialogueNodeEvent:79:126,dialogue,1,DialogueEvent,Unit 3 Dungeon Dev,2026-09-25T22:14:20.7930000Z,2026-09-25T22:14:20.7930000Z,6ab6f23c485cab4c9566e207,wenyi09232026.stratalog.logdata.json
DialogueNodeEvent:79:127,dialogue,1,DialogueEvent,Unit 3 Dungeon Dev,2026-09-25T22:14:36.5670000Z,2026-09-25T22:14:36.5670000Z,6ab6f24c485cab4c9566e229,wenyi09232026.stratalog.logdata.json
DialogueNodeEvent:79:128,dialogue,1,DialogueEvent,Unit 3 Dungeon Dev,2026-09-25T22:14:43.7030000Z,2026-09-25T22:14:43.7030000Z,6ab6f253485cab4c9566e237,wenyi09232026.stratalog.logdata.json
DialogueNodeEvent:79:134,dialogue,1,DialogueEvent,Unit 3 Dungeon Dev,2026-09-25T22:15:09.0040000Z,2026-09-25T22:15:09.0040000Z,6ab6f26d485cab4c9566e2e9,wenyi09232026.stratalog.logdata.json
DialogueNodeEvent:79:135,dialogue,1,DialogueEvent,Unit 3 Dungeon Dev,2026-09-25T22:15:14.3500000Z,2026-09-25T22:15:14.3500000Z,6ab6f272485cab4c9566e2f3,wenyi09232026.stratalog.logdata.json
DialogueNodeEvent:79:136,dialogue,1,DialogueEvent,Unit 3 Dungeon Dev,2026-09-25T22:15:17.1520000Z,2026-09-25T22:15:17.1520000Z,6ab6f274485cab4c9566e2f7,wenyi09232026.stratalog.logdata.json
DialogueNodeEvent:79:137,dialogue,1,DialogueEvent,Unit 3 Dungeon Dev,2026-09-25T22:15:20.4870000Z,2026-09-25T22:15:20.4870000Z,6ab6f278485cab4c9566e2ff,wenyi09232026.stratalog.logdata.json
DialogueNodeEvent:79:138,dialogue,1,DialogueEvent,Unit 3 Dungeon Dev,2026-09-25T22:15:27.5590000Z,2026-09-25T22:15:27.5590000Z,6ab6f27f485cab4c9566e30b,wenyi09232026.stratalog.logdata.json
DialogueNodeEvent:79:140,dialogue,1,DialogueEvent,Unit 3 Dungeon Dev,2026-09-25T22:15:47.3000000Z,2026-09-25T22:15:47.3000000Z,6ab6f293485cab4c9566e341,wenyi09232026.stratalog.logdata.json
DialogueNodeEvent:79:141,dialogue,1,DialogueEvent,Unit 3 Dungeon Dev,2026-09-25T22:08:13.2650000Z,2026-09-25T22:08:13.2650000Z,6ab6f0cd485cab4c9566dea7,wenyi09232026.stratalog.logdata.json
DialogueNodeEvent:79:143,dialogue,1,DialogueEvent,Unit 3 Dungeon Dev,2026-09-25T22:15:49.7670000Z,2026-09-25T22:15:49.7670000Z,6ab6f295485cab4c9566e349,wenyi09232026.stratalog.logdata.json
DialogueNodeEvent:79:144,dialogue,1,DialogueEvent,Unit 3 Dungeon Dev,2026-09-25T22:16:00.2220000Z,2026-09-25T22:16:00.2220000Z,6ab6f29f485cab4c9566e357,wenyi09232026.stratalog.logdata.json
DialogueNodeEvent:79:146,dialogue,1,DialogueEvent,Unit 3 Dungeon Dev,2026-09-25T22:16:03.2570000Z,2026-09-25T22:16:03.2570000Z,6ab6f2a3485cab4c9566e35b,wenyi09232026.stratalog.logdata.json
DialogueNodeEvent:79:147,dialogue,1,DialogueEvent,Unit 3 Dungeon Dev,2026-09-25T22:16:05.2580000Z,2026-09-25T22:16:05.2580000Z,6ab6f2a5485cab4c9566e35f,wenyi09232026.stratalog.logdata.json
DialogueNodeEvent:79:148,dialogue,1,DialogueEvent,Unit 3 Dungeon Dev,2026-09-25T22:16:13.1450000Z,2026-09-25T22:16:13.1450000Z,6ab6f2ac485cab4c9566e369,wenyi09232026.stratalog.logdata.json
DialogueNodeEvent:79:149,dialogue,1,DialogueEvent,Unit 3 Dungeon Dev,2026-09-25T22:16:18.2160000Z,2026-09-25T22:16:18.2160000Z,6ab6f2b1485cab4c9566e371,wenyi09232026.stratalog.logdata.json
DialogueNodeEvent:79:70,dialogue,1,DialogueEvent,Unit 3 Dungeon Dev,2026-09-25T22:09:45.0590000Z,2026-09-25T22:09:45.0590000Z,6ab6f128485cab4c9566df6f,wenyi09232026.stratalog.logdata.json
DialogueNodeEvent:79:71,dialogue,1,DialogueEvent,Unit 3 Dungeon Dev,2026-09-25T22:09:52.4970000Z,2026-09-25T22:09:52.4970000Z,6ab6f130485cab4c9566df83,wenyi09232026.stratalog.logdata.json
DialogueNodeEvent:79:74,dialogue,1,DialogueEvent,Unit 3 Dungeon Dev,2026-09-25T22:10:06.6380000Z,2026-09-25T22:10:06.6380000Z,6ab6f13e485cab4c9566dfc1,wenyi09232026.stratalog.logdata.json
DialogueNodeEvent:79:75,dialogue,1,DialogueEvent,Unit 3 Dungeon Dev,2026-09-25T22:10:08.9210000Z,2026-09-25T22:10:08.9210000Z,6ab6f140485cab4c9566dfc7,wenyi09232026.stratalog.logdata.json
DialogueNodeEvent:79:76,dialogue,1,DialogueEvent,Unit 3 Dungeon Dev,2026-09-25T22:10:12.8230000Z,2026-09-25T22:10:12.8230000Z,6ab6f144485cab4c9566dfcf,wenyi09232026.stratalog.logdata.json
DialogueNodeEvent:79:79,dialogue,1,DialogueEvent,Unit 3 Dungeon Dev,2026-09-25T22:10:52.0750000Z,2026-09-25T22:10:52.0750000Z,6ab6f16b485cab4c9566e043,wenyi09232026.stratalog.logdata.json
DialogueNodeEvent:79:80,dialogue,1,DialogueEvent,Unit 3 Dungeon Dev,2026-09-25T22:10:59.0950000Z,2026-09-25T22:10:59.0950000Z,6ab6f172485cab4c9566e04f,wenyi09232026.stratalog.logdata.json
DialogueNodeEvent:79:81,dialogue,1,DialogueEvent,Unit 3 Dungeon Dev,2026-09-25T22:11:03.0630000Z,2026-09-25T22:11:03.0630000Z,6ab6f176485cab4c9566e057,wenyi09232026.stratalog.logdata.json
DialogueNodeEvent:79:83,dialogue,1,DialogueEvent,Unit 3 Dungeon Dev,2026-09-25T22:11:08.8000000Z,2026-09-25T22:11:08.8000000Z,6ab6f17c485cab4c9566e06d,wenyi09232026.stratalog.logdata.json
DialogueNodeEvent:79:86,dialogue,1,DialogueEvent,Unit 3 Dungeon Dev,2026-09-25T22:11:18.9070000Z,2026-09-25T22:11:18.9070000Z,6ab6f186485cab4c9566e095,wenyi09232026.stratalog.logdata.json
DialogueNodeEvent:79:87,dialogue,1,DialogueEvent,Unit 3 Dungeon Dev,2026-09-25T22:11:21.9550000Z,2026-09-25T22:11:21.9550000Z,6ab6f189485cab4c9566e09f,wenyi09232026.stratalog.logdata.json
DialogueNodeEvent:82:0,dialogue,5,DialogueEvent,Unit 4 Dev;Unit 4 Dev - Anderson Base,2026-09-25T22:54:18.8820000Z,2026-09-25T23:02:17.7640000Z,6ab6fb9a485cab4c9566fd57,wenyi09232026.stratalog.logdata.json
DialogueNodeEvent:82:1,dialogue,1,DialogueEvent,Unit 4 Dev,2026-09-25T22:54:20.3980000Z,2026-09-25T22:54:20.3980000Z,6ab6fb9c485cab4c9566fd5b,wenyi09232026.stratalog.logdata.json
DialogueNodeEvent:82:10,dialogue,1,DialogueEvent,Unit 4 Dev,2026-09-25T22:55:18.3930000Z,2026-09-25T22:55:18.3930000Z,6ab6fbd6485cab4c9566fdab,wenyi09232026.stratalog.logdata.json
DialogueNodeEvent:82:100,dialogue,1,DialogueEvent,Unit 4 Dev,2026-09-25T23:07:59.9290000Z,2026-09-25T23:07:59.9290000Z,6ab6fecf485cab4c95670261,wenyi09232026.stratalog.logdata.json
DialogueNodeEvent:82:101,dialogue,1,DialogueEvent,Unit 4 Dev,2026-09-25T23:08:05.9820000Z,2026-09-25T23:08:05.9820000Z,6ab6fed5485cab4c95670269,wenyi09232026.stratalog.logdata.json
DialogueNodeEvent:82:102,dialogue,2,DialogueEvent,Unit 4 Dev,2026-09-25T23:08:11.5850000Z,2026-09-25T23:08:16.6720000Z,6ab6fedb485cab4c95670271,wenyi09232026.stratalog.logdata.json
DialogueNodeEvent:82:104,dialogue,1,DialogueEvent,Unit 4 Dev,2026-09-25T23:08:16.5880000Z,2026-09-25T23:08:16.5880000Z,6ab6fee0485cab4c95670279,wenyi09232026.stratalog.logdata.json
DialogueNodeEvent:82:106,dialogue,1,DialogueEvent,Unit 4 Dev - Anderson Base,2026-09-25T23:04:20.8070000Z,2026-09-25T23:04:20.8070000Z,6ab6fdf4485cab4c956700e7,wenyi09232026.stratalog.logdata.json
DialogueNodeEvent:82:12,dialogue,1,DialogueEvent,Unit 4 Dev,2026-09-25T22:55:21.5450000Z,2026-09-25T22:55:21.5450000Z,6ab6fbd9485cab4c9566fdb1,wenyi09232026.stratalog.logdata.json
DialogueNodeEvent:82:14,dialogue,1,DialogueEvent,Unit 4 Dev,2026-09-25T22:55:27.4320000Z,2026-09-25T22:55:27.4320000Z,6ab6fbdf485cab4c9566fdb7,wenyi09232026.stratalog.logdata.json
DialogueNodeEvent:82:15,dialogue,1,DialogueEvent,Unit 4 Dev,2026-09-25T22:52:30.5460000Z,2026-09-25T22:52:30.5460000Z,6ab6fb2e485cab4c9566fc55,wenyi09232026.stratalog.logdata.json
DialogueNodeEvent:82:16,dialogue,1,DialogueEvent,Unit 4 Dev,2026-09-25T22:52:34.4310000Z,2026-09-25T22:52:34.4310000Z,6ab6fb32485cab4c9566fc5b,wenyi09232026.stratalog.logdata.json
DialogueNodeEvent:82:17,dialogue,1,DialogueEvent,Unit 4 Dev,2026-09-25T22:52:37.1990000Z,2026-09-25T22:52:37.1990000Z,6ab6fb34485cab4c9566fc5f,wenyi09232026.stratalog.logdata.json
DialogueNodeEvent:82:18,dialogue,1,DialogueEvent,Unit 4 Dev,2026-09-25T22:52:46.0020000Z,2026-09-25T22:52:46.0020000Z,6ab6fb3d485cab4c9566fc6b,wenyi09232026.stratalog.logdata.json
DialogueNodeEvent:82:20,dialogue,1,DialogueEvent,Unit 4 Dev,2026-09-25T22:52:48.4870000Z,2026-09-25T22:52:48.4870000Z,6ab6fb40485cab4c9566fc71,wenyi09232026.stratalog.logdata.json
DialogueNodeEvent:82:22,dialogue,1,DialogueEvent,Unit 4 Dev,2026-09-25T22:53:01.4770000Z,2026-09-25T22:53:01.4770000Z,6ab6fb4d485cab4c9566fc7f,wenyi09232026.stratalog.logdata.json
DialogueNodeEvent:82:24,dialogue,1,DialogueEvent,Unit 4 Dev,2026-09-25T22:53:09.8840000Z,2026-09-25T22:53:09.8840000Z,6ab6fb55485cab4c9566fc8d,wenyi09232026.stratalog.logdata.json
DialogueNodeEvent:82:26,dialogue,1,DialogueEvent,Unit 4 Dev,2026-09-25T22:56:00.8840000Z,2026-09-25T22:56:00.8840000Z,6ab6fc00485cab4c9566fdef,wenyi09232026.stratalog.logdata.json
DialogueNodeEvent:82:27,dialogue,1,DialogueEvent,Unit 4 Dev,2026-09-25T22:56:09.9680000Z,2026-09-25T22:56:09.9680000Z,6ab6fc09485cab4c9566fdfb,wenyi09232026.stratalog.logdata.json
DialogueNodeEvent:82:28,dialogue,1,DialogueEvent,Unit 4 Dev,2026-09-25T22:56:14.2710000Z,2026-09-25T22:56:14.2710000Z,6ab6fc0e485cab4c9566fdff,wenyi09232026.stratalog.logdata.json
DialogueNodeEvent:82:29,dialogue,1,DialogueEvent,Unit 4 Dev,2026-09-25T22:56:45.5550000Z,2026-09-25T22:56:45.5550000Z,6ab6fc2d485cab4c9566fe2f,wenyi09232026.stratalog.logdata.json
DialogueNodeEvent:82:3,dialogue,1,DialogueEvent,Unit 4 Dev,2026-09-25T22:54:23.5000000Z,2026-09-25T22:54:23.5000000Z,6ab6fb9f485cab4c9566fd61,wenyi09232026.stratalog.logdata.json
DialogueNodeEvent:82:30,dialogue,1,DialogueEvent,Unit 4 Dev,2026-09-25T22:56:50.1540000Z,2026-09-25T22:56:50.1540000Z,6ab6fc31485cab4c9566fe37,wenyi09232026.stratalog.logdata.json
DialogueNodeEvent:82:31,dialogue,1,DialogueEvent,Unit 4 Dev,2026-09-25T22:56:56.0740000Z,2026-09-25T22:56:56.0740000Z,6ab6fc37485cab4c9566fe3d,wenyi09232026.stratalog.logdata.json
DialogueNodeEvent:82:32,dialogue,1,DialogueEvent,Unit 4 Dev,2026-09-25T22:57:00.0760000Z,2026-09-25T22:57:00.0760000Z,6ab6fc3b485cab4c9566fe45,wenyi09232026.stratalog.logdata.json
DialogueNodeEvent:82:33,dialogue,1,DialogueEvent,Unit 4 Dev,2026-09-25T22:57:03.9440000Z,2026-09-25T22:57:03.9440000Z,6ab6fc3f485cab4c9566fe49,wenyi09232026.stratalog.logdata.json
DialogueNodeEvent:82:34,dialogue,1,DialogueEvent,Unit 4 Dev,2026-09-25T22:57:10.5140000Z,2026-09-25T22:57:10.5140000Z,6ab6fc46485cab4c9566fe53,wenyi09232026.stratalog.logdata.json
DialogueNodeEvent:82:35,dialogue,1,DialogueEvent,Unit 4 Dev,2026-09-25T22:57:17.9340000Z,2026-09-25T22:57:17.9340000Z,6ab6fc4d485cab4c9566fe5f,wenyi09232026.stratalog.logdata.json
DialogueNodeEvent:82:36,dialogue,1,DialogueEvent,Unit 4 Dev,2026-09-25T22:57:24.7380000Z,2026-09-25T22:57:24.7380000Z,6ab6fc54485cab4c9566fe65,wenyi09232026.stratalog.logdata.json
DialogueNodeEvent:82:37,dialogue,1,DialogueEvent,Unit 4 Dev,2026-09-25T22:57:34.0420000Z,2026-09-25T22:57:34.0420000Z,6ab6fc5d485cab4c9566fe71,wenyi09232026.stratalog.logdata.json
DialogueNodeEvent:82:39,dialogue,1,DialogueEvent,Unit 4 Dev,2026-09-25T22:57:37.2770000Z,2026-09-25T22:57:37.2770000Z,6ab6fc61485cab4c9566fe77,wenyi09232026.stratalog.logdata.json
DialogueNodeEvent:82:40,dialogue,1,DialogueEvent,Unit 4 Dev,2026-09-25T22:57:46.3490000Z,2026-09-25T22:57:46.3490000Z,6ab6fc6a485cab4c9566fe83,wenyi09232026.stratalog.logdata.json
DialogueNodeEvent:82:41,dialogue,1,DialogueEvent,Unit 4 Dev - Anderson Base,2026-09-25T22:58:02.5030000Z,2026-09-25T22:58:02.5030000Z,6ab6fc7a485cab4c9566fea1,wenyi09232026.stratalog.logdata.json
DialogueNodeEvent:82:42,dialogue,1,DialogueEvent,Unit 4 Dev - Anderson Base,2026-09-25T22:59:45.6070000Z,2026-09-25T22:59:45.6070000Z,6ab6fce1485cab4c9566ff13,wenyi09232026.stratalog.logdata.json
DialogueNodeEvent:82:43,dialogue,1,DialogueEvent,Unit 4 Dev - Anderson Base,2026-09-25T23:00:24.7250000Z,2026-09-25T23:00:24.7250000Z,6ab6fd08485cab4c9566ff4b,wenyi09232026.stratalog.logdata.json
DialogueNodeEvent:82:44,dialogue,1,DialogueEvent,Unit 4 Dev - Anderson Base,2026-09-25T23:00:33.8800000Z,2026-09-25T23:00:33.8800000Z,6ab6fd11485cab4c9566ff5b,wenyi09232026.stratalog.logdata.json
DialogueNodeEvent:82:45,dialogue,1,DialogueEvent,Unit 4 Dev - Anderson Base,2026-09-25T23:00:50.7900000Z,2026-09-25T23:00:50.7900000Z,6ab6fd22485cab4c9566ff73,wenyi09232026.stratalog.logdata.json
DialogueNodeEvent:82:46,dialogue,1,DialogueEvent,Unit 4 Dev - Anderson Base,2026-09-25T23:01:16.0030000Z,2026-09-25T23:01:16.0030000Z,6ab6fd3b485cab4c9566ffb1,wenyi09232026.stratalog.logdata.json
DialogueNodeEvent:82:47,dialogue,1,DialogueEvent,Unit 4 Dev - Anderson Base,2026-09-25T23:01:38.6450000Z,2026-09-25T23:01:38.6450000Z,6ab6fd52485cab4c9566ffcf,wenyi09232026.stratalog.logdata.json
DialogueNodeEvent:82:48,dialogue,1,DialogueEvent,Unit 4 Dev - Anderson Base,2026-09-25T23:02:00.7900000Z,2026-09-25T23:02:00.7900000Z,6ab6fd68485cab4c9566fff7,wenyi09232026.stratalog.logdata.json
DialogueNodeEvent:82:49,dialogue,1,DialogueEvent,Unit 4 Dev - Anderson Base,2026-09-25T23:02:17.7670000Z,2026-09-25T23:02:17.7670000Z,6ab6fd79485cab4c95670025,wenyi09232026.stratalog.logdata.json
DialogueNodeEvent:82:5,dialogue,1,DialogueEvent,Unit 4 Dev,2026-09-25T22:54:26.9680000Z,2026-09-25T22:54:26.9680000Z,6ab6fba2485cab4c9566fd65,wenyi09232026.stratalog.logdata.json
DialogueNodeEvent:82:50,dialogue,1,DialogueEvent,Unit 4 Dev - Anderson Base,2026-09-25T23:01:11.0190000Z,2026-09-25T23:01:11.0190000Z,6ab6fd36485cab4c9566ffa7,wenyi09232026.stratalog.logdata.json
DialogueNodeEvent:82:51,dialogue,1,DialogueEvent,Unit 4 Dev - Anderson Base,2026-09-25T23:02:22.7500000Z,2026-09-25T23:02:22.7500000Z,6ab6fd7e485cab4c9567002f,wenyi09232026.stratalog.logdata.json
DialogueNodeEvent:82:52,dialogue,1,DialogueEvent,Unit 4 Dev - Anderson Base,2026-09-25T23:02:33.6890000Z,2026-09-25T23:02:33.6890000Z,6ab6fd89485cab4c9567004f,wenyi09232026.stratalog.logdata.json
DialogueNodeEvent:82:53,dialogue,1,DialogueEvent,Unit 4 Dev - Anderson Base,2026-09-25T23:02:43.2090000Z,2026-09-25T23:02:43.2090000Z,6ab6fd92485cab4c9567005f,wenyi09232026.stratalog.logdata.json
DialogueNodeEvent:82:54,dialogue,1,DialogueEvent,Unit 4 Dev - Anderson Base,2026-09-25T23:02:57.4160000Z,2026-09-25T23:02:57.4160000Z,6ab6fda1485cab4c9567006f,wenyi09232026.stratalog.logdata.json
DialogueNodeEvent:82:56,dialogue,1,DialogueEvent,Unit 4 Dev - Anderson Base,2026-09-25T23:03:02.4850000Z,2026-09-25T23:03:02.4850000Z,6ab6fda6485cab4c95670077,wenyi09232026.stratalog.logdata.json
DialogueNodeEvent:82:58,dialogue,1,DialogueEvent,Unit 4 Dev - Anderson Base,2026-09-25T23:03:07.7040000Z,2026-09-25T23:03:07.7040000Z,6ab6fdab485cab4c9567007d,wenyi09232026.stratalog.logdata.json
DialogueNodeEvent:82:59,dialogue,1,DialogueEvent,Unit 4 Dev - Anderson Base,2026-09-25T23:03:15.5410000Z,2026-09-25T23:03:15.5410000Z,6ab6fdb3485cab4c95670087,wenyi09232026.stratalog.logdata.json
DialogueNodeEvent:82:6,dialogue,1,DialogueEvent,Unit 4 Dev,2026-09-25T22:54:32.2210000Z,2026-09-25T22:54:32.2210000Z,6ab6fba7485cab4c9566fd6f,wenyi09232026.stratalog.logdata.json
DialogueNodeEvent:82:60,dialogue,1,DialogueEvent,Unit 4 Dev - Anderson Base,2026-09-25T23:03:18.8260000Z,2026-09-25T23:03:18.8260000Z,6ab6fdb6485cab4c9567008d,wenyi09232026.stratalog.logdata.json
DialogueNodeEvent:82:61,dialogue,1,DialogueEvent,Unit 4 Dev - Anderson Base,2026-09-25T23:03:26.7130000Z,2026-09-25T23:03:26.7130000Z,6ab6fdbe485cab4c95670097,wenyi09232026.stratalog.logdata.json
DialogueNodeEvent:82:62,dialogue,1,DialogueEvent,Unit 4 Dev - Anderson Base,2026-09-25T23:03:35.7680000Z,2026-09-25T23:03:35.7680000Z,6ab6fdc7485cab4c956700a3,wenyi09232026.stratalog.logdata.json
DialogueNodeEvent:82:63,dialogue,1,DialogueEvent,Unit 4 Dev - Anderson Base,2026-09-25T23:03:43.8380000Z,2026-09-25T23:03:43.8380000Z,6ab6fdcf485cab4c956700ad,wenyi09232026.stratalog.logdata.json
DialogueNodeEvent:82:64,dialogue,1,DialogueEvent,Unit 4 Dev - Anderson Base,2026-09-25T23:03:51.1080000Z,2026-09-25T23:03:51.1080000Z,6ab6fdd6485cab4c956700b5,wenyi09232026.stratalog.logdata.json
DialogueNodeEvent:82:65,dialogue,1,DialogueEvent,Unit 4 Dev - Anderson Base,2026-09-25T23:03:56.7780000Z,2026-09-25T23:03:56.7780000Z,6ab6fddc485cab4c956700bd,wenyi09232026.stratalog.logdata.json
DialogueNodeEvent:82:69,dialogue,1,DialogueEvent,Unit 4 Dev - Anderson Base,2026-09-25T23:04:01.3800000Z,2026-09-25T23:04:01.3800000Z,6ab6fde1485cab4c956700c3,wenyi09232026.stratalog.logdata.json
DialogueNodeEvent:82:7,dialogue,1,DialogueEvent,Unit 4 Dev,2026-09-25T22:54:34.8060000Z,2026-09-25T22:54:34.8060000Z,6ab6fbaa485cab4c9566fd73,wenyi09232026.stratalog.logdata.json
DialogueNodeEvent:82:73,dialogue,1,DialogueEvent,Unit 4 Dev - Anderson Base,2026-09-25T23:04:03.8980000Z,2026-09-25T23:04:03.8980000Z,6ab6fde3485cab4c956700c9,wenyi09232026.stratalog.logdata.json
DialogueNodeEvent:82:77,dialogue,1,DialogueEvent,Unit 4 Dev - Anderson Base,2026-09-25T23:04:09.9840000Z,2026-09-25T23:04:09.9840000Z,6ab6fde9485cab4c956700d1,wenyi09232026.stratalog.logdata.json
DialogueNodeEvent:82:8,dialogue,1,DialogueEvent,Unit 4 Dev,2026-09-25T22:54:37.4730000Z,2026-09-25T22:54:37.4730000Z,6ab6fbad485cab4c9566fd77,wenyi09232026.stratalog.logdata.json
DialogueNodeEvent:82:80,dialogue,1,DialogueEvent,Unit 4 Dev - Anderson Base,2026-09-25T23:04:12.7020000Z,2026-09-25T23:04:12.7020000Z,6ab6fdec485cab4c956700d7,wenyi09232026.stratalog.logdata.json
DialogueNodeEvent:82:82,dialogue,1,DialogueEvent,Unit 4 Dev - Anderson Base,2026-09-25T23:04:17.3880000Z,2026-09-25T23:04:17.3880000Z,6ab6fdf1485cab4c956700dd,wenyi09232026.stratalog.logdata.json
DialogueNodeEvent:82:84,dialogue,1,DialogueEvent,Unit 4 Dev - Anderson Base,2026-09-25T23:04:19.0900000Z,2026-09-25T23:04:19.0900000Z,6ab6fdf2485cab4c956700e1,wenyi09232026.stratalog.logdata.json
DialogueNodeEvent:82:85,dialogue,1,DialogueEvent,Unit 4 Dev - Anderson Base,2026-09-25T23:06:50.7620000Z,2026-09-25T23:06:50.7620000Z,6ab6fe8a485cab4c956701e7,wenyi09232026.stratalog.logdata.json
DialogueNodeEvent:82:86,dialogue,1,DialogueEvent,Unit 4 Dev - Anderson Base,2026-09-25T23:07:01.2170000Z,2026-09-25T23:07:01.2170000Z,6ab6fe94485cab4c956701f5,wenyi09232026.stratalog.logdata.json
DialogueNodeEvent:82:87,dialogue,1,DialogueEvent,Unit 4 Dev - Anderson Base,2026-09-25T23:07:07.5700000Z,2026-09-25T23:07:07.5700000Z,6ab6fe9b485cab4c956701fd,wenyi09232026.stratalog.logdata.json
DialogueNodeEvent:82:9,dialogue,1,DialogueEvent,Unit 4 Dev,2026-09-25T22:55:07.4050000Z,2026-09-25T22:55:07.4050000Z,6ab6fbcb485cab4c9566fd9d,wenyi09232026.stratalog.logdata.json
DialogueNodeEvent:82:90,dialogue,1,DialogueEvent,Unit 4 Dev - Anderson Base,2026-09-25T23:07:09.7090000Z,2026-09-25T23:07:09.7090000Z,6ab6fe9d485cab4c95670203,wenyi09232026.stratalog.logdata.json
DialogueNodeEvent:82:91,dialogue,1,DialogueEvent,Unit 4 Dev - Anderson Base,2026-09-25T23:07:18.5780000Z,2026-09-25T23:07:18.5780000Z,6ab6fea6485cab4c95670211,wenyi09232026.stratalog.logdata.json
DialogueNodeEvent:82:92,dialogue,1,DialogueEvent,Unit 4 Dev - Anderson Base,2026-09-25T23:07:23.3800000Z,2026-09-25T23:07:23.3800000Z,6ab6feab485cab4c9567021d,wenyi09232026.stratalog.logdata.json
DialogueNodeEvent:82:93,dialogue,1,DialogueEvent,Unit 4 Dev - Anderson Base,2026-09-25T23:07:24.0470000Z,2026-09-25T23:07:24.0470000Z,6ab6feab485cab4c95670223,wenyi09232026.stratalog.logdata.json
DialogueNodeEvent:82:94,dialogue,1,DialogueEvent,Unit 4 Dev,2026-09-25T23:07:35.2530000Z,2026-09-25T23:07:35.2530000Z,6ab6feb7485cab4c95670237,wenyi09232026.stratalog.logdata.json
DialogueNodeEvent:82:95,dialogue,1,DialogueEvent,Unit 4 Dev,2026-09-25T23:07:45.8890000Z,2026-09-25T23:07:45.8890000Z,6ab6fec1485cab4c9567024d,wenyi09232026.stratalog.logdata.json
DialogueNodeEvent:82:97,dialogue,1,DialogueEvent,Unit 4 Dev,2026-09-25T23:07:49.0570000Z,2026-09-25T23:07:49.0570000Z,6ab6fec4485cab4c95670253,wenyi09232026.stratalog.logdata.json
DialogueNodeEvent:82:99,dialogue,1,DialogueEvent,Unit 4 Dev,2026-09-25T23:07:52.9090000Z,2026-09-25T23:07:52.9090000Z,6ab6fec8485cab4c95670257,wenyi09232026.stratalog.logdata.json
DialogueNodeEvent:83:10,dialogue,1,DialogueEvent,Unit 3 Dev,2026-09-25T22:17:05.5560000Z,2026-09-25T22:17:05.5560000Z,6ab6f2e1485cab4c9566e3d9,wenyi09232026.stratalog.logdata.json
DialogueNodeEvent:83:11,dialogue,1,DialogueEvent,Unit 3 Dev,2026-09-25T22:17:06.5560000Z,2026-09-25T22:17:06.5560000Z,6ab6f2e2485cab4c9566e3e1,wenyi09232026.stratalog.logdata.json
DialogueNodeEvent:83:9,dialogue,1,DialogueEvent,Unit 3 Dev,2026-09-25T22:17:01.6370000Z,2026-09-25T22:17:01.6370000Z,6ab6f2dd485cab4c9566e3cf,wenyi09232026.stratalog.logdata.json
DialogueNodeEvent:84:0,dialogue,1,DialogueEvent,Unit 3 Dev,2026-09-25T22:01:50.7370000Z,2026-09-25T22:01:50.7370000Z,6ab6ef4e485cab4c9566d8c9,wenyi09232026.stratalog.logdata.json
DialogueNodeEvent:84:36,dialogue,1,DialogueEvent,Unit 3 Dev,2026-09-25T22:01:50.7490000Z,2026-09-25T22:01:50.7490000Z,6ab6ef4e485cab4c9566d8cf,wenyi09232026.stratalog.logdata.json
DialogueNodeEvent:88:0,dialogue,1,DialogueEvent,Unit 4 Dev,2026-09-25T22:27:16.1490000Z,2026-09-25T22:27:16.1490000Z,6ab6f543485cab4c9566e7b5,wenyi09232026.stratalog.logdata.json
DialogueNodeEvent:88:1,dialogue,1,DialogueEvent,Unit 4 Dev,2026-09-25T22:32:02.8690000Z,2026-09-25T22:32:02.8690000Z,6ab6f662485cab4c9566e909,wenyi09232026.stratalog.logdata.json
DialogueNodeEvent:88:10,dialogue,1,DialogueEvent,Unit 4 Dev,2026-09-25T22:34:09.2300000Z,2026-09-25T22:34:09.2300000Z,6ab6f6e1485cab4c9566ea1b,wenyi09232026.stratalog.logdata.json
DialogueNodeEvent:88:11,dialogue,1,DialogueEvent,Unit 4 Dev,2026-09-25T22:36:43.6380000Z,2026-09-25T22:36:43.6380000Z,6ab6f77b485cab4c9566f37b,wenyi09232026.stratalog.logdata.json
DialogueNodeEvent:88:12,dialogue,1,DialogueEvent,Unit 4 Dev,2026-09-25T22:36:50.6250000Z,2026-09-25T22:36:50.6250000Z,6ab6f782485cab4c9566f387,wenyi09232026.stratalog.logdata.json
DialogueNodeEvent:88:19,dialogue,1,DialogueEvent,Unit 4 Dev,2026-09-25T22:27:16.1640000Z,2026-09-25T22:27:16.1640000Z,6ab6f544485cab4c9566e7b9,wenyi09232026.stratalog.logdata.json
DialogueNodeEvent:88:2,dialogue,1,DialogueEvent,Unit 4 Dev,2026-09-25T22:32:08.4010000Z,2026-09-25T22:32:08.4010000Z,6ab6f668485cab4c9566e911,wenyi09232026.stratalog.logdata.json
DialogueNodeEvent:88:3,dialogue,1,DialogueEvent,Unit 4 Dev,2026-09-25T22:32:28.9830000Z,2026-09-25T22:32:28.9830000Z,6ab6f67c485cab4c9566e933,wenyi09232026.stratalog.logdata.json
DialogueNodeEvent:88:4,dialogue,1,DialogueEvent,Unit 4 Dev,2026-09-25T22:32:47.6920000Z,2026-09-25T22:32:47.6920000Z,6ab6f68f485cab4c9566e953,wenyi09232026.stratalog.logdata.json
DialogueNodeEvent:88:5,dialogue,1,DialogueEvent,Unit 4 Dev,2026-09-25T22:33:06.7670000Z,2026-09-25T22:33:06.7670000Z,6ab6f6a2485cab4c9566e96d,wenyi09232026.stratalog.logdata.json
DialogueNodeEvent:88:8,dialogue,1,DialogueEvent,Unit 4 Dev,2026-09-25T22:33:11.8350000Z,2026-09-25T22:33:11.8350000Z,6ab6f6a7485cab4c9566e975,wenyi09232026.stratalog.logdata.json
DialogueNodeEvent:88:9,dialogue,1,DialogueEvent,Unit 4 Dev,2026-09-25T22:33:31.4290000Z,2026-09-25T22:33:31.4290000Z,6ab6f6bb485cab4c9566e991,wenyi09232026.stratalog.logdata.json
DialogueNodeEvent:8:11,dialogue,1,DialogueEvent,Unit 2 Prod (Refactor),2026-09-25T21:27:58.2190000Z,2026-09-25T21:27:58.2190000Z,6ab6e75e485cab4c9566c8a1,wenyi09232026.stratalog.logdata.json
DialogueNodeEvent:8:12,dialogue,1,DialogueEvent,Unit 2 Prod (Refactor),2026-09-25T21:28:12.4600000Z,2026-09-25T21:28:12.4600000Z,6ab6e76c485cab4c9566c8b7,wenyi09232026.stratalog.logdata.json
DialogueNodeEvent:8:2,dialogue,1,DialogueEvent,Unit 2 Prod (Refactor),2026-09-25T21:27:28.2900000Z,2026-09-25T21:27:28.2900000Z,6ab6e740485cab4c9566c871,wenyi09232026.stratalog.logdata.json
DialogueNodeEvent:8:4,dialogue,1,DialogueEvent,Unit 2 Prod (Refactor),2026-09-25T21:27:37.4270000Z,2026-09-25T21:27:37.4270000Z,6ab6e749485cab4c9566c87f,wenyi09232026.stratalog.logdata.json
DialogueNodeEvent:8:5,dialogue,1,DialogueEvent,Unit 2 Prod (Refactor),2026-09-25T21:27:42.9780000Z,2026-09-25T21:27:42.9780000Z,6ab6e74e485cab4c9566c887,wenyi09232026.stratalog.logdata.json
DialogueNodeEvent:8:6,dialogue,1,DialogueEvent,Unit 2 Prod (Refactor),2026-09-25T21:27:50.8150000Z,2026-09-25T21:27:50.8150000Z,6ab6e756485cab4c9566c895,wenyi09232026.stratalog.logdata.json
DialogueNodeEvent:8:7,dialogue,1,DialogueEvent,Unit 2 Prod (Refactor),2026-09-25T21:28:03.9560000Z,2026-09-25T21:28:03.9560000Z,6ab6e763485cab4c9566c8a7,wenyi09232026.stratalog.logdata.json
DialogueNodeEvent:8:8,dialogue,1,DialogueEvent,Unit 2 Prod (Refactor),2026-09-25T21:28:07.5070000Z,2026-09-25T21:28:07.5070000Z,6ab6e767485cab4c9566c8af,wenyi09232026.stratalog.logdata.json
DialogueNodeEvent:90:0,dialogue,1,DialogueEvent,Unit 4 Dev - Anderson Base,2026-09-25T23:06:47.5650000Z,2026-09-25T23:06:47.5650000Z,6ab6fe87485cab4c956701dd,wenyi09232026.stratalog.logdata.json
DialogueNodeEvent:90:50,dialogue,1,DialogueEvent,Unit 4 Dev - Anderson Base,2026-09-25T23:06:47.5770000Z,2026-09-25T23:06:47.5770000Z,6ab6fe87485cab4c956701e3,wenyi09232026.stratalog.logdata.json
DialogueNodeEvent:91:0,dialogue,1,DialogueEvent,Unit 4 Dev - Dungeon,2026-09-25T22:37:31.8770000Z,2026-09-25T22:37:31.8770000Z,6ab6f7ab485cab4c9566f40b,wenyi09232026.stratalog.logdata.json
DialogueNodeEvent:91:1,dialogue,1,DialogueEvent,Unit 4 Dev - Dungeon,2026-09-25T22:37:56.0900000Z,2026-09-25T22:37:56.0900000Z,6ab6f7c3485cab4c9566f43f,wenyi09232026.stratalog.logdata.json
DialogueNodeEvent:91:10,dialogue,1,DialogueEvent,Unit 4 Dev - Dungeon,2026-09-25T22:38:18.4830000Z,2026-09-25T22:38:18.4830000Z,6ab6f7da485cab4c9566f45d,wenyi09232026.stratalog.logdata.json
DialogueNodeEvent:91:100,dialogue,1,DialogueEvent,Unit 4 Dev - Dungeon,2026-09-25T22:50:12.1130000Z,2026-09-25T22:50:12.1130000Z,6ab6faa3485cab4c9566fb1b,wenyi09232026.stratalog.logdata.json
DialogueNodeEvent:91:101,dialogue,1,DialogueEvent,Unit 4 Dev - Dungeon,2026-09-25T22:50:19.5820000Z,2026-09-25T22:50:19.5820000Z,6ab6faab485cab4c9566fb27,wenyi09232026.stratalog.logdata.json
DialogueNodeEvent:91:103,dialogue,1,DialogueEvent,Unit 4 Dev - Dungeon,2026-09-25T22:50:22.1510000Z,2026-09-25T22:50:22.1510000Z,6ab6faad485cab4c9566fb2d,wenyi09232026.stratalog.logdata.json
DialogueNodeEvent:91:105,dialogue,1,DialogueEvent,Unit 4 Dev,2026-09-25T22:50:51.5390000Z,2026-09-25T22:50:51.5390000Z,6ab6facb485cab4c9566fb7d,wenyi09232026.stratalog.logdata.json
DialogueNodeEvent:91:106,dialogue,1,DialogueEvent,Unit 4 Dev,2026-09-25T22:51:43.7730000Z,2026-09-25T22:51:43.7730000Z,6ab6faff485cab4c9566fc13,wenyi09232026.stratalog.logdata.json
DialogueNodeEvent:91:107,dialogue,1,DialogueEvent,Unit 4 Dev,2026-09-25T22:51:50.7940000Z,2026-09-25T22:51:50.7940000Z,6ab6fb06485cab4c9566fc1d,wenyi09232026.stratalog.logdata.json
DialogueNodeEvent:91:108,dialogue,1,DialogueEvent,Unit 4 Dev,2026-09-25T22:51:57.3620000Z,2026-09-25T22:51:57.3620000Z,6ab6fb0d485cab4c9566fc25,wenyi09232026.stratalog.logdata.json
DialogueNodeEvent:91:110,dialogue,1,DialogueEvent,Unit 4 Dev,2026-09-25T22:51:59.7970000Z,2026-09-25T22:51:59.7970000Z,6ab6fb0f485cab4c9566fc2b,wenyi09232026.stratalog.logdata.json
DialogueNodeEvent:91:112,dialogue,1,DialogueEvent,Unit 4 Dev,2026-09-25T22:52:13.6870000Z,2026-09-25T22:52:13.6870000Z,6ab6fb1d485cab4c9566fc3b,wenyi09232026.stratalog.logdata.json
DialogueNodeEvent:91:114,dialogue,1,DialogueEvent,Unit 4 Dev,2026-09-25T22:52:16.3720000Z,2026-09-25T22:52:16.3720000Z,6ab6fb20485cab4c9566fc3f,wenyi09232026.stratalog.logdata.json
DialogueNodeEvent:91:115,dialogue,1,DialogueEvent,Unit 4 Dev,2026-09-25T22:52:25.7780000Z,2026-09-25T22:52:25.7780000Z,6ab6fb29485cab4c9566fc4d,wenyi09232026.stratalog.logdata.json
DialogueNodeEvent:91:116,dialogue,1,DialogueEvent,Unit 4 Dev - Dungeon,2026-09-25T22:40:56.2440000Z,2026-09-25T22:40:56.2440000Z,6ab6f877485cab4c9566f5bd,wenyi09232026.stratalog.logdata.json
DialogueNodeEvent:91:117,dialogue,1,DialogueEvent,Unit 4 Dev - Dungeon,2026-09-25T22:43:28.3510000Z,2026-09-25T22:43:28.3510000Z,6ab6f910485cab4c9566f725,wenyi09232026.stratalog.logdata.json
DialogueNodeEvent:91:118,dialogue,1,DialogueEvent,Unit 4 Dev - Dungeon,2026-09-25T22:45:52.4700000Z,2026-09-25T22:45:52.4700000Z,6ab6f9a0485cab4c9566f8af,wenyi09232026.stratalog.logdata.json
DialogueNodeEvent:91:119,dialogue,1,DialogueEvent,Unit 4 Dev,2026-09-25T22:51:13.0430000Z,2026-09-25T22:51:13.0430000Z,6ab6fae0485cab4c9566fbd9,wenyi09232026.stratalog.logdata.json
DialogueNodeEvent:91:12,dialogue,1,DialogueEvent,Unit 4 Dev - Dungeon,2026-09-25T22:38:20.6850000Z,2026-09-25T22:38:20.6850000Z,6ab6f7dc485cab4c9566f461,wenyi09232026.stratalog.logdata.json
DialogueNodeEvent:91:120,dialogue,1,DialogueEvent,Unit 4 Dev - Dungeon,2026-09-25T22:37:35.0630000Z,2026-09-25T22:37:35.0630000Z,6ab6f7ae485cab4c9566f417,wenyi09232026.stratalog.logdata.json
DialogueNodeEvent:91:122,dialogue,1,DialogueEvent,Unit 4 Dev - Dungeon,2026-09-25T22:37:37.6480000Z,2026-09-25T22:37:37.6480000Z,6ab6f7b1485cab4c9566f41b,wenyi09232026.stratalog.logdata.json
DialogueNodeEvent:91:125,dialogue,1,DialogueEvent,Unit 4 Dev - Dungeon,2026-09-25T22:37:43.5690000Z,2026-09-25T22:37:43.5690000Z,6ab6f7b7485cab4c9566f423,wenyi09232026.stratalog.logdata.json
DialogueNodeEvent:91:13,dialogue,1,DialogueEvent,Unit 4 Dev - Dungeon,2026-09-25T22:38:24.3620000Z,2026-09-25T22:38:24.3620000Z,6ab6f7e0485cab4c9566f46b,wenyi09232026.stratalog.logdata.json
DialogueNodeEvent:91:19,dialogue,1,DialogueEvent,Unit 4 Dev - Dungeon,2026-09-25T22:38:32.3250000Z,2026-09-25T22:38:32.3250000Z,6ab6f7e8485cab4c9566f481,wenyi09232026.stratalog.logdata.json
DialogueNodeEvent:91:20,dialogue,1,DialogueEvent,Unit 4 Dev - Dungeon,2026-09-25T22:38:50.1160000Z,2026-09-25T22:38:50.1160000Z,6ab6f7f9485cab4c9566f499,wenyi09232026.stratalog.logdata.json
DialogueNodeEvent:91:21,dialogue,1,DialogueEvent,Unit 4 Dev - Dungeon,2026-09-25T22:39:01.8580000Z,2026-09-25T22:39:01.8580000Z,6ab6f805485cab4c9566f4c1,wenyi09232026.stratalog.logdata.json
DialogueNodeEvent:91:29,dialogue,1,DialogueEvent,Unit 4 Dev - Dungeon,2026-09-25T22:39:27.7190000Z,2026-09-25T22:39:27.7190000Z,6ab6f81f485cab4c9566f527,wenyi09232026.stratalog.logdata.json
DialogueNodeEvent:91:30,dialogue,1,DialogueEvent,Unit 4 Dev - Dungeon,2026-09-25T22:39:48.7110000Z,2026-09-25T22:39:48.7110000Z,6ab6f834485cab4c9566f553,wenyi09232026.stratalog.logdata.json
DialogueNodeEvent:91:31,dialogue,1,DialogueEvent,Unit 4 Dev - Dungeon,2026-09-25T22:39:54.8130000Z,2026-09-25T22:39:54.8130000Z,6ab6f83a485cab4c9566f55f,wenyi09232026.stratalog.logdata.json
DialogueNodeEvent:91:32,dialogue,1,DialogueEvent,Unit 4 Dev - Dungeon,2026-09-25T22:40:02.8340000Z,2026-09-25T22:40:02.8340000Z,6ab6f842485cab4c9566f569,wenyi09232026.stratalog.logdata.json
DialogueNodeEvent:91:34,dialogue,1,DialogueEvent,Unit 4 Dev - Dungeon,2026-09-25T22:40:10.9380000Z,2026-09-25T22:40:10.9380000Z,6ab6f84a485cab4c9566f573,wenyi09232026.stratalog.logdata.json
DialogueNodeEvent:91:36,dialogue,1,DialogueEvent,Unit 4 Dev - Dungeon,2026-09-25T22:40:19.5610000Z,2026-09-25T22:40:19.5610000Z,6ab6f853485cab4c9566f583,wenyi09232026.stratalog.logdata.json
DialogueNodeEvent:91:42,dialogue,2,DialogueEvent,Unit 4 Dev - Dungeon,2026-09-25T22:40:29.9810000Z,2026-09-25T22:40:57.8110000Z,6ab6f85d485cab4c9566f599,wenyi09232026.stratalog.logdata.json
DialogueNodeEvent:91:43,dialogue,1,DialogueEvent,Unit 4 Dev - Dungeon,2026-09-25T22:41:19.2720000Z,2026-09-25T22:41:19.2720000Z,6ab6f88f485cab4c9566f5e9,wenyi09232026.stratalog.logdata.json
DialogueNodeEvent:91:44,dialogue,1,DialogueEvent,Unit 4 Dev - Dungeon,2026-09-25T22:41:38.0320000Z,2026-09-25T22:41:38.0320000Z,6ab6f8a1485cab4c9566f62b,wenyi09232026.stratalog.logdata.json
DialogueNodeEvent:91:45,dialogue,1,DialogueEvent,Unit 4 Dev - Dungeon,2026-09-25T22:41:48.7850000Z,2026-09-25T22:41:48.7850000Z,6ab6f8ac485cab4c9566f63b,wenyi09232026.stratalog.logdata.json
DialogueNodeEvent:91:47,dialogue,1,DialogueEvent,Unit 4 Dev - Dungeon,2026-09-25T22:41:51.9540000Z,2026-09-25T22:41:51.9540000Z,6ab6f8af485cab4c9566f641,wenyi09232026.stratalog.logdata.json
DialogueNodeEvent:91:49,dialogue,1,DialogueEvent,Unit 4 Dev - Dungeon,2026-09-25T22:42:17.5680000Z,2026-09-25T22:42:17.5680000Z,6ab6f8c9485cab4c9566f68b,wenyi09232026.stratalog.logdata.json
DialogueNodeEvent:91:5,dialogue,1,DialogueEvent,Unit 4 Dev - Dungeon,2026-09-25T22:38:06.8610000Z,2026-09-25T22:38:06.8610000Z,6ab6f7ce485cab4c9566f44f,wenyi09232026.stratalog.logdata.json
DialogueNodeEvent:91:50,dialogue,1,DialogueEvent,Unit 4 Dev - Dungeon,2026-09-25T22:42:43.8120000Z,2026-09-25T22:42:43.8120000Z,6ab6f8e3485cab4c9566f6cd,wenyi09232026.stratalog.logdata.json
DialogueNodeEvent:91:51,dialogue,1,DialogueEvent,Unit 4 Dev - Dungeon,2026-09-25T22:42:45.8790000Z,2026-09-25T22:42:45.8790000Z,6ab6f8e5485cab4c9566f6d3,wenyi09232026.stratalog.logdata.json
DialogueNodeEvent:91:53,dialogue,1,DialogueEvent,Unit 4 Dev - Dungeon,2026-09-25T22:42:48.5310000Z,2026-09-25T22:42:48.5310000Z,6ab6f8e8485cab4c9566f6d7,wenyi09232026.stratalog.logdata.json
DialogueNodeEvent:91:55,dialogue,1,DialogueEvent,Unit 4 Dev - Dungeon,2026-09-25T22:42:56.0590000Z,2026-09-25T22:42:56.0590000Z,6ab6f8ef485cab4c9566f6e9,wenyi09232026.stratalog.logdata.json
DialogueNodeEvent:91:61,dialogue,1,DialogueEvent,Unit 4 Dev - Dungeon,2026-09-25T22:43:07.5740000Z,2026-09-25T22:43:07.5740000Z,6ab6f8fb485cab4c9566f709,wenyi09232026.stratalog.logdata.json
DialogueNodeEvent:91:62,dialogue,1,DialogueEvent,Unit 4 Dev - Dungeon,2026-09-25T22:43:56.0640000Z,2026-09-25T22:43:56.0640000Z,6ab6f92b485cab4c9566f7a9,wenyi09232026.stratalog.logdata.json
DialogueNodeEvent:91:63,dialogue,1,DialogueEvent,Unit 4 Dev - Dungeon,2026-09-25T22:44:02.8830000Z,2026-09-25T22:44:02.8830000Z,6ab6f932485cab4c9566f7b7,wenyi09232026.stratalog.logdata.json
DialogueNodeEvent:91:65,dialogue,1,DialogueEvent,Unit 4 Dev - Dungeon,2026-09-25T22:44:05.7020000Z,2026-09-25T22:44:05.7020000Z,6ab6f935485cab4c9566f7bb,wenyi09232026.stratalog.logdata.json
DialogueNodeEvent:91:67,dialogue,1,DialogueEvent,Unit 4 Dev - Dungeon,2026-09-25T22:44:33.6500000Z,2026-09-25T22:44:33.6500000Z,6ab6f951485cab4c9566f81b,wenyi09232026.stratalog.logdata.json
DialogueNodeEvent:91:68,dialogue,1,DialogueEvent,Unit 4 Dev - Dungeon,2026-09-25T22:44:55.8930000Z,2026-09-25T22:44:55.8930000Z,6ab6f967485cab4c9566f84b,wenyi09232026.stratalog.logdata.json
DialogueNodeEvent:91:69,dialogue,1,DialogueEvent,Unit 4 Dev - Dungeon,2026-09-25T22:45:19.1710000Z,2026-09-25T22:45:19.1710000Z,6ab6f97e485cab4c9566f86b,wenyi09232026.stratalog.logdata.json
DialogueNodeEvent:91:71,dialogue,1,DialogueEvent,Unit 4 Dev - Dungeon,2026-09-25T22:45:23.8730000Z,2026-09-25T22:45:23.8730000Z,6ab6f983485cab4c9566f877,wenyi09232026.stratalog.logdata.json
DialogueNodeEvent:91:73,dialogue,1,DialogueEvent,Unit 4 Dev - Dungeon,2026-09-25T22:45:33.3460000Z,2026-09-25T22:45:33.3460000Z,6ab6f98d485cab4c9566f887,wenyi09232026.stratalog.logdata.json
DialogueNodeEvent:91:79,dialogue,1,DialogueEvent,Unit 4 Dev - Dungeon,2026-09-25T22:45:43.9330000Z,2026-09-25T22:45:43.9330000Z,6ab6f997485cab4c9566f89f,wenyi09232026.stratalog.logdata.json
DialogueNodeEvent:91:80,dialogue,1,DialogueEvent,Unit 4 Dev - Dungeon,2026-09-25T22:46:49.7650000Z,2026-09-25T22:46:49.7650000Z,6ab6f9d9485cab4c9566f965,wenyi09232026.stratalog.logdata.json
DialogueNodeEvent:91:82,dialogue,1,DialogueEvent,Unit 4 Dev - Dungeon,2026-09-25T22:47:52.9460000Z,2026-09-25T22:47:52.9460000Z,6ab6fa18485cab4c9566f9b5,wenyi09232026.stratalog.logdata.json
DialogueNodeEvent:91:83,dialogue,1,DialogueEvent,Unit 4 Dev - Dungeon,2026-09-25T22:48:00.1980000Z,2026-09-25T22:48:00.1980000Z,6ab6fa1f485cab4c9566f9c7,wenyi09232026.stratalog.logdata.json
DialogueNodeEvent:91:85,dialogue,1,DialogueEvent,Unit 4 Dev - Dungeon,2026-09-25T22:48:02.6500000Z,2026-09-25T22:48:02.6500000Z,6ab6fa22485cab4c9566f9cd,wenyi09232026.stratalog.logdata.json
DialogueNodeEvent:91:87,dialogue,1,DialogueEvent,Unit 4 Dev - Dungeon,2026-09-25T22:48:24.5280000Z,2026-09-25T22:48:24.5280000Z,6ab6fa38485cab4c9566f9f5,wenyi09232026.stratalog.logdata.json
DialogueNodeEvent:91:88,dialogue,1,DialogueEvent,Unit 4 Dev - Dungeon,2026-09-25T22:48:40.1840000Z,2026-09-25T22:48:40.1840000Z,6ab6fa47485cab4c9566fa0d,wenyi09232026.stratalog.logdata.json
DialogueNodeEvent:91:90,dialogue,1,DialogueEvent,Unit 4 Dev - Dungeon,2026-09-25T22:48:44.4030000Z,2026-09-25T22:48:44.4030000Z,6ab6fa4c485cab4c9566fa15,wenyi09232026.stratalog.logdata.json
DialogueNodeEvent:91:92,dialogue,1,DialogueEvent,Unit 4 Dev - Dungeon,2026-09-25T22:48:55.6770000Z,2026-09-25T22:48:55.6770000Z,6ab6fa57485cab4c9566fa27,wenyi09232026.stratalog.logdata.json
DialogueNodeEvent:91:98,dialogue,1,DialogueEvent,Unit 4 Dev - Dungeon,2026-09-25T22:49:05.9640000Z,2026-09-25T22:49:05.9640000Z,6ab6fa61485cab4c9566fa41,wenyi09232026.stratalog.logdata.json
DialogueNodeEvent:91:99,dialogue,1,DialogueEvent,Unit 4 Dev - Dungeon,2026-09-25T22:49:19.7710000Z,2026-09-25T22:49:19.7710000Z,6ab6fa6f485cab4c9566fa55,wenyi09232026.stratalog.logdata.json
DialogueNodeEvent:92:0,dialogue,9,DialogueEvent,Unit 4 Dev,2026-09-25T23:09:51.3670000Z,2026-09-25T23:13:14.0660000Z,6ab6ff3f485cab4c95670329,wenyi09232026.stratalog.logdata.json
DialogueNodeEvent:92:1,dialogue,1,DialogueEvent,Unit 4 Dev,2026-09-25T23:08:40.1000000Z,2026-09-25T23:08:40.1000000Z,6ab6fef7485cab4c956702b9,wenyi09232026.stratalog.logdata.json
DialogueNodeEvent:92:10,dialogue,1,DialogueEvent,Unit 4 Dev,2026-09-25T23:09:05.6270000Z,2026-09-25T23:09:05.6270000Z,6ab6ff11485cab4c956702e3,wenyi09232026.stratalog.logdata.json
DialogueNodeEvent:92:12,dialogue,1,DialogueEvent,Unit 4 Dev,2026-09-25T23:09:14.7820000Z,2026-09-25T23:09:14.7820000Z,6ab6ff1a485cab4c956702ef,wenyi09232026.stratalog.logdata.json
DialogueNodeEvent:92:13,dialogue,1,DialogueEvent,Unit 4 Dev,2026-09-25T23:09:20.9020000Z,2026-09-25T23:09:20.9020000Z,6ab6ff20485cab4c956702f7,wenyi09232026.stratalog.logdata.json
DialogueNodeEvent:92:14,dialogue,1,DialogueEvent,Unit 4 Dev,2026-09-25T23:09:32.1400000Z,2026-09-25T23:09:32.1400000Z,6ab6ff2b485cab4c95670305,wenyi09232026.stratalog.logdata.json
DialogueNodeEvent:92:15,dialogue,1,DialogueEvent,Unit 4 Dev,2026-09-25T23:09:34.0080000Z,2026-09-25T23:09:34.0080000Z,6ab6ff2d485cab4c95670307,wenyi09232026.stratalog.logdata.json
DialogueNodeEvent:92:16,dialogue,1,DialogueEvent,Unit 4 Dev,2026-09-25T23:09:36.4760000Z,2026-09-25T23:09:36.4760000Z,6ab6ff30485cab4c9567030f,wenyi09232026.stratalog.logdata.json
DialogueNodeEvent:92:17,dialogue,1,DialogueEvent,Unit 4 Dev,2026-09-25T23:09:44.9880000Z,2026-09-25T23:09:44.9880000Z,6ab6ff38485cab4c95670319,wenyi09232026.stratalog.logdata.json
DialogueNodeEvent:92:19,dialogue,1,DialogueEvent,Unit 4 Dev,2026-09-25T23:09:51.3700000Z,2026-09-25T23:09:51.3700000Z,6ab6ff3f485cab4c9567032d,wenyi09232026.stratalog.logdata.json
DialogueNodeEvent:92:2,dialogue,1,DialogueEvent,Unit 4 Dev,2026-09-25T23:08:43.9830000Z,2026-09-25T23:08:43.9830000Z,6ab6fefb485cab4c956702c1,wenyi09232026.stratalog.logdata.json
DialogueNodeEvent:92:20,dialogue,1,DialogueEvent,Unit 4 Dev,2026-09-25T23:10:02.1090000Z,2026-09-25T23:10:02.1090000Z,6ab6ff4a485cab4c95670345,wenyi09232026.stratalog.logdata.json
DialogueNodeEvent:92:21,dialogue,1,DialogueEvent,Unit 4 Dev,2026-09-25T23:10:07.7120000Z,2026-09-25T23:10:07.7120000Z,6ab6ff4f485cab4c95670357,wenyi09232026.stratalog.logdata.json
DialogueNodeEvent:92:22,dialogue,1,DialogueEvent,Unit 4 Dev,2026-09-25T23:10:15.2830000Z,2026-09-25T23:10:15.2830000Z,6ab6ff57485cab4c9567036b,wenyi09232026.stratalog.logdata.json
DialogueNodeEvent:92:23,dialogue,1,DialogueEvent,Unit 4 Dev,2026-09-25T23:10:23.4150000Z,2026-09-25T23:10:23.4150000Z,6ab6ff5f485cab4c95670375,wenyi09232026.stratalog.logdata.json
DialogueNodeEvent:92:25,dialogue,1,DialogueEvent,Unit 4 Dev,2026-09-25T23:10:33.6370000Z,2026-09-25T23:10:33.6370000Z,6ab6ff69485cab4c95670381,wenyi09232026.stratalog.logdata.json
DialogueNodeEvent:92:26,dialogue,1,DialogueEvent,Unit 4 Dev,2026-09-25T23:10:53.6660000Z,2026-09-25T23:10:53.6660000Z,6ab6ff7d485cab4c956703a1,wenyi09232026.stratalog.logdata.json
DialogueNodeEvent:92:27,dialogue,1,DialogueEvent,Unit 4 Dev,2026-09-25T23:11:02.0550000Z,2026-09-25T23:11:02.0550000Z,6ab6ff86485cab4c956703cf,wenyi09232026.stratalog.logdata.json
DialogueNodeEvent:92:29,dialogue,1,DialogueEvent,Unit 4 Dev,2026-09-25T23:11:15.8440000Z,2026-09-25T23:11:15.8440000Z,6ab6ff93485cab4c956703eb,wenyi09232026.stratalog.logdata.json
DialogueNodeEvent:92:30,dialogue,1,DialogueEvent,Unit 4 Dev,2026-09-25T23:11:22.8820000Z,2026-09-25T23:11:22.8820000Z,6ab6ff9a485cab4c95670419,wenyi09232026.stratalog.logdata.json
DialogueNodeEvent:92:32,dialogue,1,DialogueEvent,Unit 4 Dev,2026-09-25T23:11:32.8660000Z,2026-09-25T23:11:32.8660000Z,6ab6ffa4485cab4c95670433,wenyi09232026.stratalog.logdata.json
DialogueNodeEvent:92:34,dialogue,1,DialogueEvent,Unit 4 Dev,2026-09-25T23:11:43.0710000Z,2026-09-25T23:11:43.0710000Z,6ab6ffae485cab4c9567043f,wenyi09232026.stratalog.logdata.json
DialogueNodeEvent:92:35,dialogue,1,DialogueEvent,Unit 4 Dev,2026-09-25T23:12:19.7760000Z,2026-09-25T23:12:19.7760000Z,6ab6ffd3485cab4c9567049b,wenyi09232026.stratalog.logdata.json
DialogueNodeEvent:92:36,dialogue,1,DialogueEvent,Unit 4 Dev,2026-09-25T23:12:27.2610000Z,2026-09-25T23:12:27.2610000Z,6ab6ffda485cab4c956704a5,wenyi09232026.stratalog.logdata.json
DialogueNodeEvent:92:38,dialogue,1,DialogueEvent,Unit 4 Dev,2026-09-25T23:12:57.5930000Z,2026-09-25T23:12:57.5930000Z,6ab6fff9485cab4c956704ed,wenyi09232026.stratalog.logdata.json
DialogueNodeEvent:92:39,dialogue,1,DialogueEvent,Unit 4 Dev,2026-09-25T23:12:58.3240000Z,2026-09-25T23:12:58.3240000Z,6ab6fffa485cab4c956704f3,wenyi09232026.stratalog.logdata.json
DialogueNodeEvent:92:4,dialogue,1,DialogueEvent,Unit 4 Dev,2026-09-25T23:08:46.2850000Z,2026-09-25T23:08:46.2850000Z,6ab6fefd485cab4c956702c7,wenyi09232026.stratalog.logdata.json
DialogueNodeEvent:92:41,dialogue,1,DialogueEvent,Unit 4 Dev,2026-09-25T23:13:05.2280000Z,2026-09-25T23:13:05.2280000Z,6ab70000485cab4c956704fb,wenyi09232026.stratalog.logdata.json
DialogueNodeEvent:92:42,dialogue,1,DialogueEvent,Unit 4 Dev,2026-09-25T23:13:14.0690000Z,2026-09-25T23:13:14.0690000Z,6ab70009485cab4c9567050d,wenyi09232026.stratalog.logdata.json
DialogueNodeEvent:92:44,dialogue,1,DialogueEvent,Unit 4 Dev,2026-09-25T23:13:20.4010000Z,2026-09-25T23:13:20.4010000Z,6ab70010485cab4c95670517,wenyi09232026.stratalog.logdata.json
DialogueNodeEvent:92:46,dialogue,1,DialogueEvent,Unit 4 Dev,2026-09-25T23:13:22.7020000Z,2026-09-25T23:13:22.7020000Z,6ab70012485cab4c9567051b,wenyi09232026.stratalog.logdata.json
DialogueNodeEvent:92:47,dialogue,1,DialogueEvent,Unit 4 Dev,2026-09-25T23:13:26.2540000Z,2026-09-25T23:13:26.2540000Z,6ab70015485cab4c95670523,wenyi09232026.stratalog.logdata.json
DialogueNodeEvent:92:48,dialogue,1,DialogueEvent,Unit 4 Dev,2026-09-25T23:13:34.2250000Z,2026-09-25T23:13:34.2250000Z,6ab7001d485cab4c9567052b,wenyi09232026.stratalog.logdata.json
DialogueNodeEvent:92:49,dialogue,1,DialogueEvent,Unit 4 Dev,2026-09-25T23:13:42.3950000Z,2026-09-25T23:13:42.3950000Z,6ab70026485cab4c95670535,wenyi09232026.stratalog.logdata.json
DialogueNodeEvent:92:50,dialogue,1,DialogueEvent,Unit 4 Dev,2026-09-25T23:13:57.2690000Z,2026-09-25T23:13:57.2690000Z,6ab70034485cab4c95670547,wenyi09232026.stratalog.logdata.json
DialogueNodeEvent:92:52,dialogue,1,DialogueEvent,Unit 4 Dev,2026-09-25T23:13:59.4700000Z,2026-09-25T23:13:59.4700000Z,6ab70037485cab4c9567054b,wenyi09232026.stratalog.logdata.json
DialogueNodeEvent:92:53,dialogue,1,DialogueEvent,Unit 4 Dev,2026-09-25T23:14:05.5730000Z,2026-09-25T23:14:05.5730000Z,6ab7003d485cab4c95670557,wenyi09232026.stratalog.logdata.json
DialogueNodeEvent:92:54,dialogue,1,DialogueEvent,Unit 4 Dev,2026-09-25T23:14:11.9260000Z,2026-09-25T23:14:11.9260000Z,6ab70043485cab4c9567055f,wenyi09232026.stratalog.logdata.json
DialogueNodeEvent:92:55,dialogue,1,DialogueEvent,Unit 4 Dev,2026-09-25T23:14:15.6780000Z,2026-09-25T23:14:15.6780000Z,6ab70047485cab4c95670565,wenyi09232026.stratalog.logdata.json
DialogueNodeEvent:92:57,dialogue,1,DialogueEvent,Unit 4 Dev,2026-09-25T23:14:18.6300000Z,2026-09-25T23:14:18.6300000Z,6ab7004a485cab4c9567056b,wenyi09232026.stratalog.logdata.json
DialogueNodeEvent:92:58,dialogue,1,DialogueEvent,Unit 4 Dev,2026-09-25T23:14:22.0810000Z,2026-09-25T23:14:22.0810000Z,6ab7004d485cab4c95670571,wenyi09232026.stratalog.logdata.json
DialogueNodeEvent:92:59,dialogue,1,DialogueEvent,Unit 4 Dev,2026-09-25T23:14:23.2480000Z,2026-09-25T23:14:23.2480000Z,6ab7004e485cab4c95670573,wenyi09232026.stratalog.logdata.json
DialogueNodeEvent:92:6,dialogue,1,DialogueEvent,Unit 4 Dev,2026-09-25T23:08:50.3200000Z,2026-09-25T23:08:50.3200000Z,6ab6ff02485cab4c956702cb,wenyi09232026.stratalog.logdata.json
DialogueNodeEvent:92:60,dialogue,1,DialogueEvent,Unit 4 Dev,2026-09-25T23:14:27.3380000Z,2026-09-25T23:14:27.3380000Z,6ab70053485cab4c9567057f,wenyi09232026.stratalog.logdata.json
DialogueNodeEvent:92:61,dialogue,3,DialogueEvent,Unit 4 Dev,2026-09-25T23:12:34.7630000Z,2026-09-25T23:12:52.5550000Z,6ab6ffe2485cab4c956704b7,wenyi09232026.stratalog.logdata.json
DialogueNodeEvent:92:64,dialogue,1,DialogueEvent,Unit 4 Dev,2026-09-25T23:12:57.5950000Z,2026-09-25T23:12:57.5950000Z,6ab6fff9485cab4c956704f1,wenyi09232026.stratalog.logdata.json
DialogueNodeEvent:92:65,dialogue,1,DialogueEvent,Unit 4 Dev,2026-09-25T23:10:42.4920000Z,2026-09-25T23:10:42.4920000Z,6ab6ff72485cab4c9567038d,wenyi09232026.stratalog.logdata.json
DialogueNodeEvent:92:66,dialogue,1,DialogueEvent,Unit 4 Dev,2026-09-25T23:11:09.9380000Z,2026-09-25T23:11:09.9380000Z,6ab6ff8d485cab4c956703d9,wenyi09232026.stratalog.logdata.json
DialogueNodeEvent:92:67,dialogue,1,DialogueEvent,Unit 4 Dev,2026-09-25T23:11:27.6300000Z,2026-09-25T23:11:27.6300000Z,6ab6ff9f485cab4c95670421,wenyi09232026.stratalog.logdata.json
DialogueNodeEvent:92:7,dialogue,1,DialogueEvent,Unit 4 Dev,2026-09-25T23:08:55.3560000Z,2026-09-25T23:08:55.3560000Z,6ab6ff07485cab4c956702d1,wenyi09232026.stratalog.logdata.json
DialogueNodeEvent:92:8,dialogue,1,DialogueEvent,Unit 4 Dev,2026-09-25T23:08:57.3570000Z,2026-09-25T23:08:57.3570000Z,6ab6ff09485cab4c956702d7,wenyi09232026.stratalog.logdata.json
DialogueNodeEvent:92:9,dialogue,1,DialogueEvent,Unit 4 Dev,2026-09-25T23:09:01.3420000Z,2026-09-25T23:09:01.3420000Z,6ab6ff0d485cab4c956702dd,wenyi09232026.stratalog.logdata.json
DialogueNodeEvent:95:1,dialogue,1,DialogueEvent,Unit 5 Dev - Dungeon,2026-09-25T23:21:07.2290000Z,2026-09-25T23:21:07.2290000Z,6ab701e2485cab4c9567081f,wenyi09232026.stratalog.logdata.json
DialogueNodeEvent:95:11,dialogue,1,DialogueEvent,Unit 5 Dev - Dungeon,2026-09-25T23:27:47.2220000Z,2026-09-25T23:27:47.2220000Z,6ab70372485cab4c95670c93,wenyi09232026.stratalog.logdata.json
DialogueNodeEvent:95:32,dialogue,1,DialogueEvent,Unit 5 Dev - Dungeon,2026-09-25T23:28:01.4140000Z,2026-09-25T23:28:01.4140000Z,6ab70381485cab4c95670cb1,wenyi09232026.stratalog.logdata.json
DialogueNodeEvent:95:35,dialogue,2,DialogueEvent,Unit 5 Dev - Dungeon,2026-09-25T23:29:09.3630000Z,2026-09-25T23:29:15.7190000Z,6ab703c5485cab4c95670d35,wenyi09232026.stratalog.logdata.json
DialogueNodeEvent:95:4,dialogue,1,DialogueEvent,Unit 5 Dev - Dungeon,2026-09-25T23:21:23.5690000Z,2026-09-25T23:21:23.5690000Z,6ab701f3485cab4c95670833,wenyi09232026.stratalog.logdata.json
DialogueNodeEvent:95:41,dialogue,1,DialogueEvent,Unit 5 Dev - Dungeon,2026-09-25T23:30:24.2680000Z,2026-09-25T23:30:24.2680000Z,6ab70410485cab4c95670dcb,wenyi09232026.stratalog.logdata.json
DialogueNodeEvent:95:42,dialogue,1,DialogueEvent,Unit 5 Dev - Dungeon,2026-09-25T23:29:51.7840000Z,2026-09-25T23:29:51.7840000Z,6ab703ef485cab4c95670d8d,wenyi09232026.stratalog.logdata.json
DialogueNodeEvent:95:5,dialogue,1,DialogueEvent,Unit 5 Dev - Dungeon,2026-09-25T23:21:26.0300000Z,2026-09-25T23:21:26.0300000Z,6ab701f5485cab4c95670837,wenyi09232026.stratalog.logdata.json
DialogueNodeEvent:95:60,dialogue,3,DialogueEvent,Unit 5 Dev - Dungeon,2026-09-25T23:33:32.3240000Z,2026-09-25T23:34:19.8960000Z,6ab704cc485cab4c95670f7f,wenyi09232026.stratalog.logdata.json
DialogueNodeEvent:95:61,dialogue,1,DialogueEvent,Unit 5 Dev - Dungeon,2026-09-25T23:33:55.1840000Z,2026-09-25T23:33:55.1840000Z,6ab704e2485cab4c95670fa3,wenyi09232026.stratalog.logdata.json
DialogueNodeEvent:95:62,dialogue,1,DialogueEvent,Unit 5 Dev - Dungeon,2026-09-25T23:33:57.7190000Z,2026-09-25T23:33:57.7190000Z,6ab704e5485cab4c95670fa7,wenyi09232026.stratalog.logdata.json
DialogueNodeEvent:95:63,dialogue,2,DialogueEvent,Unit 5 Dev - Dungeon,2026-09-25T23:33:39.3600000Z,2026-09-25T23:34:27.1830000Z,6ab704d3485cab4c95670f8b,wenyi09232026.stratalog.logdata.json
DialogueNodeEvent:95:64,dialogue,2,DialogueEvent,Unit 5 Dev - Dungeon,2026-09-25T23:33:42.0610000Z,2026-09-25T23:34:29.6010000Z,6ab704d5485cab4c95670f8f,wenyi09232026.stratalog.logdata.json
DialogueNodeEvent:95:66,dialogue,1,DialogueEvent,Unit 5 Dev - Dungeon,2026-09-25T23:34:30.6540000Z,2026-09-25T23:34:30.6540000Z,6ab70506485cab4c95670fd5,wenyi09232026.stratalog.logdata.json
DialogueNodeEvent:95:76,dialogue,1,DialogueEvent,Unit 5 Dev - Dungeon,2026-09-25T23:21:33.6240000Z,2026-09-25T23:21:33.6240000Z,6ab701fd485cab4c9567085b,wenyi09232026.stratalog.logdata.json
DialogueNodeEvent:95:77,dialogue,1,DialogueEvent,Unit 5 Dev - Dungeon,2026-09-25T23:21:37.6260000Z,2026-09-25T23:21:37.6260000Z,6ab70201485cab4c95670869,wenyi09232026.stratalog.logdata.json
DialogueNodeEvent:95:78,dialogue,1,DialogueEvent,Unit 5 Dev - Dungeon,2026-09-25T23:23:32.5990000Z,2026-09-25T23:23:32.5990000Z,6ab70274485cab4c956708ff,wenyi09232026.stratalog.logdata.json
DialogueNodeEvent:95:79,dialogue,1,DialogueEvent,Unit 5 Dev - Dungeon,2026-09-25T23:29:42.9500000Z,2026-09-25T23:29:42.9500000Z,6ab703e6485cab4c95670d7b,wenyi09232026.stratalog.logdata.json
DialogueNodeEvent:95:8,dialogue,1,DialogueEvent,Unit 5 Dev - Dungeon,2026-09-25T23:27:37.5690000Z,2026-09-25T23:27:37.5690000Z,6ab70369485cab4c95670c83,wenyi09232026.stratalog.logdata.json
DialogueNodeEvent:95:80,dialogue,1,DialogueEvent,Unit 5 Dev - Dungeon,2026-09-25T23:27:16.6750000Z,2026-09-25T23:27:16.6750000Z,6ab70354485cab4c95670c67,wenyi09232026.stratalog.logdata.json
DialogueNodeEvent:95:81,dialogue,1,DialogueEvent,Unit 5 Dev - Dungeon,2026-09-25T23:28:27.9930000Z,2026-09-25T23:28:27.9930000Z,6ab7039b485cab4c95670cdd,wenyi09232026.stratalog.logdata.json
DialogueNodeEvent:95:82,dialogue,1,DialogueEvent,Unit 5 Dev - Dungeon,2026-09-25T23:28:45.6350000Z,2026-09-25T23:28:45.6350000Z,6ab703ad485cab4c95670cfb,wenyi09232026.stratalog.logdata.json
DialogueNodeEvent:95:83,dialogue,1,DialogueEvent,Unit 5 Dev - Dungeon,2026-09-25T23:29:42.9460000Z,2026-09-25T23:29:42.9460000Z,6ab703e6485cab4c95670d75,wenyi09232026.stratalog.logdata.json
DialogueNodeEvent:95:84,dialogue,1,DialogueEvent,Unit 5 Dev - Dungeon,2026-09-25T23:31:35.0170000Z,2026-09-25T23:31:35.0170000Z,6ab70456485cab4c95670e71,wenyi09232026.stratalog.logdata.json
DialogueNodeEvent:95:85,dialogue,1,DialogueEvent,Unit 5 Dev - Dungeon,2026-09-25T23:32:01.3460000Z,2026-09-25T23:32:01.3460000Z,6ab70471485cab4c95670eb1,wenyi09232026.stratalog.logdata.json
DialogueNodeEvent:95:86,dialogue,1,DialogueEvent,Unit 5 Dev - Dungeon,2026-09-25T23:32:45.8680000Z,2026-09-25T23:32:45.8680000Z,6ab7049d485cab4c95670f17,wenyi09232026.stratalog.logdata.json
DialogueNodeEvent:95:87,dialogue,1,DialogueEvent,Unit 5 Dev - Dungeon,2026-09-25T23:34:57.6820000Z,2026-09-25T23:34:57.6820000Z,6ab70521485cab4c95671013,wenyi09232026.stratalog.logdata.json
DialogueNodeEvent:95:88,dialogue,1,DialogueEvent,Unit 5 Dev - Dungeon,2026-09-25T23:35:19.9780000Z,2026-09-25T23:35:19.9780000Z,6ab70537485cab4c95671049,wenyi09232026.stratalog.logdata.json
DialogueNodeEvent:95:9,dialogue,1,DialogueEvent,Unit 5 Dev - Dungeon,2026-09-25T23:27:44.5710000Z,2026-09-25T23:27:44.5710000Z,6ab70370485cab4c95670c8f,wenyi09232026.stratalog.logdata.json
DialogueNodeEvent:96:1,dialogue,1,DialogueEvent,Unit 5 Dev,2026-09-25T23:36:37.9820000Z,2026-09-25T23:36:37.9820000Z,6ab70585485cab4c956710d9,wenyi09232026.stratalog.logdata.json
DialogueNodeEvent:96:10,dialogue,1,DialogueEvent,Unit 5 Dev,2026-09-25T23:37:14.9650000Z,2026-09-25T23:37:14.9650000Z,6ab705aa485cab4c9567110f,wenyi09232026.stratalog.logdata.json
DialogueNodeEvent:96:12,dialogue,1,DialogueEvent,Unit 5 Dev,2026-09-25T23:37:23.6850000Z,2026-09-25T23:37:23.6850000Z,6ab705b3485cab4c95671119,wenyi09232026.stratalog.logdata.json
DialogueNodeEvent:96:13,dialogue,1,DialogueEvent,Unit 5 Dev,2026-09-25T23:37:25.9030000Z,2026-09-25T23:37:25.9030000Z,6ab705b5485cab4c9567111d,wenyi09232026.stratalog.logdata.json
DialogueNodeEvent:96:14,dialogue,1,DialogueEvent,Unit 5 Dev,2026-09-25T23:37:28.3040000Z,2026-09-25T23:37:28.3040000Z,6ab705b7485cab4c95671121,wenyi09232026.stratalog.logdata.json
DialogueNodeEvent:96:16,dialogue,1,DialogueEvent,Unit 5 Dev,2026-09-25T23:37:42.3450000Z,2026-09-25T23:37:42.3450000Z,6ab705c6485cab4c95671131,wenyi09232026.stratalog.logdata.json
DialogueNodeEvent:96:17,dialogue,1,DialogueEvent,Unit 5 Dev,2026-09-25T23:37:45.3130000Z,2026-09-25T23:37:45.3130000Z,6ab705c8485cab4c95671135,wenyi09232026.stratalog.logdata.json
DialogueNodeEvent:96:18,dialogue,1,DialogueEvent,Unit 5 Dev,2026-09-25T23:37:54.4510000Z,2026-09-25T23:37:54.4510000Z,6ab705d2485cab4c95671141,wenyi09232026.stratalog.logdata.json
DialogueNodeEvent:96:19,dialogue,1,DialogueEvent,Unit 5 Dev,2026-09-25T23:38:08.5570000Z,2026-09-25T23:38:08.5570000Z,6ab705e0485cab4c95671151,wenyi09232026.stratalog.logdata.json
DialogueNodeEvent:96:2,dialogue,1,DialogueEvent,Unit 5 Dev,2026-09-25T23:36:44.5170000Z,2026-09-25T23:36:44.5170000Z,6ab7058c485cab4c956710e5,wenyi09232026.stratalog.logdata.json
DialogueNodeEvent:96:20,dialogue,1,DialogueEvent,Unit 5 Dev,2026-09-25T23:38:15.8940000Z,2026-09-25T23:38:15.8940000Z,6ab705e7485cab4c9567115b,wenyi09232026.stratalog.logdata.json
DialogueNodeEvent:96:22,dialogue,1,DialogueEvent,Unit 5 Dev,2026-09-25T23:38:26.9490000Z,2026-09-25T23:38:26.9490000Z,6ab705f2485cab4c95671167,wenyi09232026.stratalog.logdata.json
DialogueNodeEvent:96:23,dialogue,1,DialogueEvent,Unit 5 Dev,2026-09-25T23:38:30.7930000Z,2026-09-25T23:38:30.7930000Z,6ab705f6485cab4c9567116f,wenyi09232026.stratalog.logdata.json
DialogueNodeEvent:96:3,dialogue,1,DialogueEvent,Unit 5 Dev,2026-09-25T23:36:51.1360000Z,2026-09-25T23:36:51.1360000Z,6ab70592485cab4c956710eb,wenyi09232026.stratalog.logdata.json
DialogueNodeEvent:96:5,dialogue,1,DialogueEvent,Unit 5 Dev,2026-09-25T23:36:53.3710000Z,2026-09-25T23:36:53.3710000Z,6ab70595485cab4c956710f1,wenyi09232026.stratalog.logdata.json
DialogueNodeEvent:96:6,dialogue,1,DialogueEvent,Unit 5 Dev,2026-09-25T23:37:03.9090000Z,2026-09-25T23:37:03.9090000Z,6ab7059f485cab4c956710fd,wenyi09232026.stratalog.logdata.json
DialogueNodeEvent:96:8,dialogue,1,DialogueEvent,Unit 5 Dev,2026-09-25T23:37:08.1780000Z,2026-09-25T23:37:08.1780000Z,6ab705a3485cab4c95671103,wenyi09232026.stratalog.logdata.json
DialogueNodeEvent:96:9,dialogue,1,DialogueEvent,Unit 5 Dev,2026-09-25T23:37:11.4790000Z,2026-09-25T23:37:11.4790000Z,6ab705a7485cab4c95671107,wenyi09232026.stratalog.logdata.json
DialogueNodeEvent:98:31,dialogue,1,DialogueEvent,Unit 5 Dev,2026-09-25T23:39:01.5340000Z,2026-09-25T23:39:01.5340000Z,6ab70615485cab4c9567119d,wenyi09232026.stratalog.logdata.json
DialogueNodeEvent:98:32,dialogue,1,DialogueEvent,Unit 5 Dev,2026-09-25T23:39:10.1560000Z,2026-09-25T23:39:10.1560000Z,6ab7061d485cab4c956711ad,wenyi09232026.stratalog.logdata.json
DialogueNodeEvent:98:33,dialogue,1,DialogueEvent,Unit 5 Dev,2026-09-25T23:39:25.2130000Z,2026-09-25T23:39:25.2130000Z,6ab7062c485cab4c956711d5,wenyi09232026.stratalog.logdata.json
DialogueNodeEvent:98:34,dialogue,1,DialogueEvent,Unit 5 Dev,2026-09-25T23:39:43.4040000Z,2026-09-25T23:39:43.4040000Z,6ab7063f485cab4c956711f9,wenyi09232026.stratalog.logdata.json
DialogueNodeEvent:98:36,dialogue,1,DialogueEvent,Unit 5 Dev,2026-09-25T23:40:01.9960000Z,2026-09-25T23:40:01.9960000Z,6ab70651485cab4c9567120f,wenyi09232026.stratalog.logdata.json
DialogueNodeEvent:98:37,dialogue,1,DialogueEvent,Unit 5 Dev,2026-09-25T23:40:10.2840000Z,2026-09-25T23:40:10.2840000Z,6ab70659485cab4c95671223,wenyi09232026.stratalog.logdata.json
DialogueNodeEvent:98:38,dialogue,1,DialogueEvent,Unit 5 Dev,2026-09-25T23:40:22.2400000Z,2026-09-25T23:40:22.2400000Z,6ab70665485cab4c95671233,wenyi09232026.stratalog.logdata.json
DialogueNodeEvent:98:39,dialogue,2,DialogueEvent,Unit 5 Dev,2026-09-25T23:40:38.0810000Z,2026-09-25T23:40:38.0850000Z,6ab70675485cab4c95671255,wenyi09232026.stratalog.logdata.json
DialogueNodeEvent:98:40,dialogue,1,DialogueEvent,Unit 5 Dev,2026-09-25T23:40:44.0830000Z,2026-09-25T23:40:44.0830000Z,6ab7067b485cab4c95671265,wenyi09232026.stratalog.logdata.json
DialogueNodeEvent:98:41,dialogue,1,DialogueEvent,Unit 5 Dev,2026-09-25T23:41:01.5750000Z,2026-09-25T23:41:01.5750000Z,6ab7068d485cab4c95671277,wenyi09232026.stratalog.logdata.json
DialogueNodeEvent:98:45,dialogue,1,DialogueEvent,Unit 5 Dev,2026-09-25T23:41:05.4600000Z,2026-09-25T23:41:05.4600000Z,6ab70691485cab4c9567127d,wenyi09232026.stratalog.logdata.json
DialogueNodeEvent:98:49,dialogue,1,DialogueEvent,Unit 5 Dev,2026-09-25T23:41:11.8470000Z,2026-09-25T23:41:11.8470000Z,6ab70697485cab4c95671285,wenyi09232026.stratalog.logdata.json
DialogueNodeEvent:98:55,dialogue,1,DialogueEvent,Unit 5 Dev,2026-09-25T23:41:20.2000000Z,2026-09-25T23:41:20.2000000Z,6ab7069f485cab4c9567128f,wenyi09232026.stratalog.logdata.json
DialogueNodeEvent:98:56,dialogue,1,DialogueEvent,Unit 5 Dev,2026-09-25T23:41:22.9850000Z,2026-09-25T23:41:22.9850000Z,6ab706a2485cab4c95671295,wenyi09232026.stratalog.logdata.json
DialogueNodeEvent:98:57,dialogue,1,DialogueEvent,Unit 5 Dev,2026-09-25T23:41:26.1710000Z,2026-09-25T23:41:26.1710000Z,6ab706a5485cab4c95671299,wenyi09232026.stratalog.logdata.json
DialogueNodeEvent:98:59,dialogue,1,DialogueEvent,Unit 5 Dev,2026-09-25T23:42:39.2760000Z,2026-09-25T23:42:39.2760000Z,6ab706ee485cab4c95671347,wenyi09232026.stratalog.logdata.json
DialogueNodeEvent:98:60,dialogue,1,DialogueEvent,Unit 5 Dev,2026-09-25T23:43:07.0190000Z,2026-09-25T23:43:07.0190000Z,6ab7070a485cab4c95671369,wenyi09232026.stratalog.logdata.json
DialogueNodeEvent:98:62,dialogue,1,DialogueEvent,Unit 5 Dev,2026-09-25T23:43:10.3060000Z,2026-09-25T23:43:10.3060000Z,6ab7070e485cab4c9567136f,wenyi09232026.stratalog.logdata.json
DialogueNodeEvent:98:63,dialogue,1,DialogueEvent,Unit 5 Dev,2026-09-25T23:41:27.8050000Z,2026-09-25T23:41:27.8050000Z,6ab706a7485cab4c9567129f,wenyi09232026.stratalog.logdata.json
DialogueNodeEvent:98:64,dialogue,1,DialogueEvent,Unit 5 Dev,2026-09-25T23:43:16.9920000Z,2026-09-25T23:43:16.9920000Z,6ab70714485cab4c95671379,wenyi09232026.stratalog.logdata.json
DialogueNodeEvent:99:1,dialogue,1,DialogueEvent,Unit 5 Dev,2026-09-25T23:44:04.2570000Z,2026-09-25T23:44:04.2570000Z,6ab70744485cab4c956713f1,wenyi09232026.stratalog.logdata.json
DialogueNodeEvent:99:13,dialogue,1,DialogueEvent,Unit 5 Dev,2026-09-25T23:45:25.3030000Z,2026-09-25T23:45:25.3030000Z,6ab70794485cab4c9567145d,wenyi09232026.stratalog.logdata.json
DialogueNodeEvent:99:17,dialogue,1,DialogueEvent,Unit 5 Dev,2026-09-25T23:45:27.7550000Z,2026-09-25T23:45:27.7550000Z,6ab70797485cab4c95671461,wenyi09232026.stratalog.logdata.json
DialogueNodeEvent:99:18,dialogue,1,DialogueEvent,Unit 5 Dev,2026-09-25T23:45:40.5280000Z,2026-09-25T23:45:40.5280000Z,6ab707a4485cab4c95671475,wenyi09232026.stratalog.logdata.json
DialogueNodeEvent:99:19,dialogue,1,DialogueEvent,Unit 5 Dev,2026-09-25T23:45:44.5290000Z,2026-09-25T23:45:44.5290000Z,6ab707a8485cab4c9567147d,wenyi09232026.stratalog.logdata.json
DialogueNodeEvent:99:2,dialogue,2,DialogueEvent,Unit 5 Dev,2026-09-25T23:44:13.1020000Z,2026-09-25T23:44:13.1060000Z,6ab7074c485cab4c95671403,wenyi09232026.stratalog.logdata.json
DialogueNodeEvent:99:20,dialogue,1,DialogueEvent,Unit 5 Dev,2026-09-25T23:45:48.0640000Z,2026-09-25T23:45:48.0640000Z,6ab707ab485cab4c95671481,wenyi09232026.stratalog.logdata.json
DialogueNodeEvent:99:21,dialogue,1,DialogueEvent,Unit 5 Dev,2026-09-25T23:45:51.6500000Z,2026-09-25T23:45:51.6500000Z,6ab707af485cab4c95671485,wenyi09232026.stratalog.logdata.json
DialogueNodeEvent:99:22,dialogue,1,DialogueEvent,Unit 5 Dev,2026-09-25T23:45:54.7360000Z,2026-09-25T23:45:54.7360000Z,6ab707b2485cab4c95671491,wenyi09232026.stratalog.logdata.json
DialogueNodeEvent:99:23,dialogue,1,DialogueEvent,Unit 5 Dev,2026-09-25T23:45:55.9680000Z,2026-09-25T23:45:55.9680000Z,6ab707b3485cab4c95671497,wenyi09232026.stratalog.logdata.json
DialogueNodeEvent:99:24,dialogue,1,DialogueEvent,Unit 5 Dev,2026-09-25T23:45:56.5180000Z,2026-09-25T23:45:56.5180000Z,6ab707b4485cab4c95671499,wenyi09232026.stratalog.logdata.json
DialogueNodeEvent:99:25,dialogue,2,DialogueEvent,Unit 5 Dev,2026-09-25T23:45:57.0190000Z,2026-09-25T23:46:02.3040000Z,6ab707b4485cab4c9567149b,wenyi09232026.stratalog.logdata.json
DialogueNodeEvent:99:26,dialogue,1,DialogueEvent,Unit 5 Dev,2026-09-25T23:46:00.4370000Z,2026-09-25T23:46:00.4370000Z,6ab707b8485cab4c956714a1,wenyi09232026.stratalog.logdata.json
DialogueNodeEvent:99:28,dialogue,1,DialogueEvent,Unit 5 Dev,2026-09-25T23:46:07.9240000Z,2026-09-25T23:46:07.9240000Z,6ab707bf485cab4c956714b1,wenyi09232026.stratalog.logdata.json
DialogueNodeEvent:99:29,dialogue,1,DialogueEvent,Unit 5 Dev,2026-09-25T23:46:01.4040000Z,2026-09-25T23:46:01.4040000Z,6ab707b9485cab4c956714a3,wenyi09232026.stratalog.logdata.json
DialogueNodeEvent:99:3,dialogue,1,DialogueEvent,Unit 5 Dev,2026-09-25T23:44:36.6290000Z,2026-09-25T23:44:36.6290000Z,6ab70764485cab4c95671423,wenyi09232026.stratalog.logdata.json
DialogueNodeEvent:99:31,dialogue,1,DialogueEvent,Unit 5 Dev,2026-09-25T23:46:01.8540000Z,2026-09-25T23:46:01.8540000Z,6ab707b9485cab4c956714a5,wenyi09232026.stratalog.logdata.json
DialogueNodeEvent:99:33,dialogue,1,DialogueEvent,Unit 5 Dev,2026-09-25T23:46:09.1750000Z,2026-09-25T23:46:09.1750000Z,6ab707c0485cab4c956714b3,wenyi09232026.stratalog.logdata.json
DialogueNodeEvent:99:34,dialogue,1,DialogueEvent,Unit 5 Dev,2026-09-25T23:46:09.6410000Z,2026-09-25T23:46:09.6410000Z,6ab707c1485cab4c956714b5,wenyi09232026.stratalog.logdata.json
DialogueNodeEvent:99:5,dialogue,1,DialogueEvent,Unit 5 Dev,2026-09-25T23:44:47.2850000Z,2026-09-25T23:44:47.2850000Z,6ab7076e485cab4c9567142f,wenyi09232026.stratalog.logdata.json
DialogueNodeEvent:99:53,dialogue,1,DialogueEvent,Unit 5 Dev,2026-09-25T23:49:49.8680000Z,2026-09-25T23:49:49.8680000Z,6ab7089d485cab4c956715ed,wenyi09232026.stratalog.logdata.json
DialogueNodeEvent:99:54,dialogue,1,DialogueEvent,Unit 5 Dev,2026-09-25T23:49:58.6530000Z,2026-09-25T23:49:58.6530000Z,6ab708a6485cab4c956715fb,wenyi09232026.stratalog.logdata.json
DialogueNodeEvent:99:56,dialogue,1,DialogueEvent,Unit 5 Dev,2026-09-25T23:50:02.9210000Z,2026-09-25T23:50:02.9210000Z,6ab708aa485cab4c95671601,wenyi09232026.stratalog.logdata.json
DialogueNodeEvent:99:58,dialogue,1,DialogueEvent,Unit 5 Dev,2026-09-25T23:50:08.5240000Z,2026-09-25T23:50:08.5240000Z,6ab708b0485cab4c95671607,wenyi09232026.stratalog.logdata.json
DialogueNodeEvent:99:61,dialogue,1,DialogueEvent,Unit 5 Dev,2026-09-25T23:50:10.4250000Z,2026-09-25T23:50:10.4250000Z,6ab708b2485cab4c9567160d,wenyi09232026.stratalog.logdata.json
DialogueNodeEvent:99:64,dialogue,1,DialogueEvent,Unit 5 Dev,2026-09-25T23:50:12.6760000Z,2026-09-25T23:50:12.6760000Z,6ab708b4485cab4c95671611,wenyi09232026.stratalog.logdata.json
DialogueNodeEvent:99:65,dialogue,1,DialogueEvent,Unit 5 Dev,2026-09-25T23:50:17.5450000Z,2026-09-25T23:50:17.5450000Z,6ab708b9485cab4c95671617,wenyi09232026.stratalog.logdata.json
DialogueNodeEvent:99:66,dialogue,1,DialogueEvent,Unit 5 Dev,2026-09-25T23:50:20.9300000Z,2026-09-25T23:50:20.9300000Z,6ab708bc485cab4c9567161d,wenyi09232026.stratalog.logdata.json
DialogueNodeEvent:99:67,dialogue,1,DialogueEvent,Unit 5 Dev,2026-09-25T23:50:29.1510000Z,2026-09-25T23:50:29.1510000Z,6ab708c4485cab4c95671625,wenyi09232026.stratalog.logdata.json
DialogueNodeEvent:99:69,dialogue,1,DialogueEvent,Unit 5 Dev,2026-09-25T23:50:48.2940000Z,2026-09-25T23:50:48.2940000Z,6ab708d7485cab4c9567163b,wenyi09232026.stratalog.logdata.json
DialogueNodeEvent:99:7,dialogue,1,DialogueEvent,Unit 5 Dev,2026-09-25T23:44:57.1230000Z,2026-09-25T23:44:57.1230000Z,6ab70778485cab4c9567143b,wenyi09232026.stratalog.logdata.json
DialogueNodeEvent:99:72,dialogue,1,DialogueEvent,Unit 5 Dev,2026-09-25T23:50:55.8800000Z,2026-09-25T23:50:55.8800000Z,6ab708df485cab4c95671645,wenyi09232026.stratalog.logdata.json
DialogueNodeEvent:99:73,dialogue,1,DialogueEvent,Unit 5 Dev,2026-09-25T23:51:03.1390000Z,2026-09-25T23:51:03.1390000Z,6ab708e6485cab4c95671651,wenyi09232026.stratalog.logdata.json
DialogueNodeEvent:99:74,dialogue,1,DialogueEvent,Unit 5 Dev,2026-09-25T23:46:09.6430000Z,2026-09-25T23:46:09.6430000Z,6ab707c1485cab4c956714b7,wenyi09232026.stratalog.logdata.json
DialogueNodeEvent:99:8,dialogue,1,DialogueEvent,Unit 5 Dev,2026-09-25T23:45:03.9430000Z,2026-09-25T23:45:03.9430000Z,6ab7077f485cab4c95671445,wenyi09232026.stratalog.logdata.json
DialogueNodeEvent:99:9,dialogue,1,DialogueEvent,Unit 5 Dev,2026-09-25T23:45:18.0660000Z,2026-09-25T23:45:18.0660000Z,6ab7078d485cab4c95671453,wenyi09232026.stratalog.logdata.json
questActiveEvent:16,quest,1,questEvent,Unit 3 Dev,2026-09-25T21:47:40.0620000Z,2026-09-25T21:47:40.0620000Z,6ab6ebfb485cab4c9566d12f,wenyi09232026.stratalog.logdata.json
questActiveEvent:17,quest,1,questEvent,Unit 3 Dev,2026-09-25T21:54:35.2420000Z,2026-09-25T21:54:35.2420000Z,6ab6ed9b485cab4c9566d41d,wenyi09232026.stratalog.logdata.json
questActiveEvent:18,quest,2,questEvent,Unit 3 Dev;Unit 3 Dungeon Dev,2026-09-25T22:03:00.3490000Z,2026-09-25T22:05:35.0560000Z,6ab6ef94485cab4c9566d965,wenyi09232026.stratalog.logdata.json
questActiveEvent:19,quest,1,questEvent,Unit 3 Dev,2026-09-25T22:17:41.8380000Z,2026-09-25T22:17:41.8380000Z,6ab6f305485cab4c9566e417,wenyi09232026.stratalog.logdata.json
questActiveEvent:21,quest,1,questEvent,Unit 2 Prod (Refactor),2026-09-25T20:39:22.3580000Z,2026-09-25T20:39:22.3580000Z,6ab6dbfa485cab4c9565a69c,wenyi09232026.stratalog.logdata.json
questActiveEvent:22,quest,2,questEvent,Unit 2 Prod (Refactor),2026-09-25T20:54:51.5870000Z,2026-09-25T21:00:24.5540000Z,6ab6df9b485cab4c95667efb,wenyi09232026.stratalog.logdata.json
questActiveEvent:23,quest,2,questEvent,Unit 2 Prod (Refactor),2026-09-25T20:52:33.4430000Z,2026-09-25T20:57:30.3010000Z,6ab6df11485cab4c9566624a,wenyi09232026.stratalog.logdata.json
questActiveEvent:24,quest,1,questEvent,Unit 2 Prod (Refactor),2026-09-25T21:10:28.9320000Z,2026-09-25T21:10:28.9320000Z,6ab6e344485cab4c9566b2c3,wenyi09232026.stratalog.logdata.json
questActiveEvent:25,quest,1,questEvent,Unit 2 Prod (Refactor),2026-09-25T21:26:21.1570000Z,2026-09-25T21:26:21.1570000Z,6ab6e6fc485cab4c9566c807,wenyi09232026.stratalog.logdata.json
questActiveEvent:28,quest,1,questEvent,Unit 1 Dev,2026-09-25T20:06:31.1400000Z,2026-09-25T20:06:31.1400000Z,6ab6d446485cab4c9562dd2f,wenyi09232026.stratalog.logdata.json
questActiveEvent:29,quest,1,questEvent,Unit 1 Dev,2026-09-25T20:09:33.2280000Z,2026-09-25T20:09:33.2280000Z,6ab6d4fc485cab4c95631e82,wenyi09232026.stratalog.logdata.json
questActiveEvent:31,quest,1,questEvent,Unit 1 Dev,2026-09-25T20:11:22.0640000Z,2026-09-25T20:11:22.0640000Z,6ab6d569485cab4c95634a5a,wenyi09232026.stratalog.logdata.json
questActiveEvent:32,quest,1,questEvent,Unit 1 Dev,2026-09-25T20:15:17.5620000Z,2026-09-25T20:15:17.5620000Z,6ab6d655485cab4c9563b2f5,wenyi09232026.stratalog.logdata.json
questActiveEvent:33,quest,1,questEvent,Unit 1 Dev,2026-09-25T20:24:21.6570000Z,2026-09-25T20:24:21.6570000Z,6ab6d875485cab4c95649e97,wenyi09232026.stratalog.logdata.json
questActiveEvent:34,quest,1,questEvent,Unit 1 Dev,2026-09-25T20:28:52.0480000Z,2026-09-25T20:28:52.0480000Z,6ab6d983485cab4c9564ff9f,wenyi09232026.stratalog.logdata.json
questActiveEvent:36,quest,2,questEvent,Unit 4 Dev;Unit 4 Dev - Anderson Base,2026-09-25T22:53:09.8810000Z,2026-09-25T22:58:02.4890000Z,6ab6fb55485cab4c9566fc8b,wenyi09232026.stratalog.logdata.json
questActiveEvent:39,quest,1,questEvent,Unit 4 Dev,2026-09-25T22:32:08.3910000Z,2026-09-25T22:32:08.3910000Z,6ab6f668485cab4c9566e90f,wenyi09232026.stratalog.logdata.json
questActiveEvent:40,quest,1,questEvent,Unit 4 Dev,2026-09-25T22:50:51.5310000Z,2026-09-25T22:50:51.5310000Z,6ab6facb485cab4c9566fb7b,wenyi09232026.stratalog.logdata.json
questActiveEvent:41,quest,1,questEvent,Unit 4 Dev,2026-09-25T23:09:44.9800000Z,2026-09-25T23:09:44.9800000Z,6ab6ff38485cab4c95670317,wenyi09232026.stratalog.logdata.json
questActiveEvent:43,quest,1,questEvent,Unit 5 Dev - Dungeon,2026-09-25T23:20:57.3640000Z,2026-09-25T23:20:57.3640000Z,6ab701d9485cab4c956707e9,wenyi09232026.stratalog.logdata.json
questActiveEvent:44,quest,1,questEvent,Unit 5 Dev,2026-09-25T23:38:30.7850000Z,2026-09-25T23:38:30.7850000Z,6ab705f6485cab4c9567116d,wenyi09232026.stratalog.logdata.json
questActiveEvent:45,quest,2,questEvent,Unit 5 Dev,2026-09-25T23:44:04.2490000Z,2026-09-25T23:44:04.2490000Z,6ab70743485cab4c956713ed,wenyi09232026.stratalog.logdata.json
questActiveEvent:46,quest,1,questEvent,Unit 4 Dev - Dungeon,2026-09-25T22:38:24.3530000Z,2026-09-25T22:38:24.3530000Z,6ab6f7e0485cab4c9566f469,wenyi09232026.stratalog.logdata.json
questActiveEvent:47,quest,1,questEvent,Unit 4 Dev - Dungeon,2026-09-25T22:40:19.5600000Z,2026-09-25T22:40:19.5600000Z,6ab6f853485cab4c9566f581,wenyi09232026.stratalog.logdata.json
questActiveEvent:48,quest,1,questEvent,Unit 4 Dev - Dungeon,2026-09-25T22:42:56.0520000Z,2026-09-25T22:42:56.0520000Z,6ab6f8ef485cab4c9566f6e7,wenyi09232026.stratalog.logdata.json
questActiveEvent:49,quest,1,questEvent,Unit 4 Dev - Dungeon,2026-09-25T22:45:33.3450000Z,2026-09-25T22:45:33.3450000Z,6ab6f98d485cab4c9566f885,wenyi09232026.stratalog.logdata.json
questActiveEvent:50,quest,1,questEvent,Unit 4 Dev - Dungeon,2026-09-25T22:48:55.6760000Z,2026-09-25T22:48:55.6760000Z,6ab6fa57485cab4c9566fa25,wenyi09232026.stratalog.logdata.json
questActiveEvent:51,quest,1,questEvent,Unit 5 Dev - Dungeon,2026-09-25T23:29:15.7510000Z,2026-09-25T23:29:15.7510000Z,6ab703cb485cab4c95670d51,wenyi09232026.stratalog.logdata.json
questActiveEvent:52,quest,1,questEvent,Unit 5 Dev - Dungeon,2026-09-25T23:30:48.4800000Z,2026-09-25T23:30:48.4800000Z,6ab70428485cab4c95670e11,wenyi09232026.stratalog.logdata.json
questActiveEvent:53,quest,1,questEvent,Unit 5 Dev - Dungeon,2026-09-25T23:33:10.6490000Z,2026-09-25T23:33:10.6490000Z,6ab704b6485cab4c95670f63,wenyi09232026.stratalog.logdata.json
questActiveEvent:54,quest,1,questEvent,Unit 2 Prod (Refactor),2026-09-25T21:43:01.5290000Z,2026-09-25T21:43:01.5290000Z,6ab6eae5485cab4c9566cf65,wenyi09232026.stratalog.logdata.json
questActiveEvent:55,quest,1,questEvent,Unit 3 Dev,2026-09-25T22:22:53.9720000Z,2026-09-25T22:22:53.9720000Z,6ab6f43d485cab4c9566e62f,wenyi09232026.stratalog.logdata.json
questActiveEvent:56,quest,1,questEvent,Unit 4 Dev,2026-09-25T23:14:27.3360000Z,2026-09-25T23:14:27.3360000Z,6ab70053485cab4c9567057d,wenyi09232026.stratalog.logdata.json
questActiveEvent:57,quest,1,questEvent,Unit 5 Dev,2026-09-25T23:51:03.1350000Z,2026-09-25T23:51:03.1350000Z,6ab708e6485cab4c9567164f,wenyi09232026.stratalog.logdata.json
questFinishEvent:16,quest,1,questEvent,Unit 3 Dev,2026-09-25T21:53:30.9110000Z,2026-09-25T21:53:30.9110000Z,6ab6ed5a485cab4c9566d3bd,wenyi09232026.stratalog.logdata.json
questFinishEvent:17,quest,1,questEvent,Unit 3 Dev,2026-09-25T22:01:57.3360000Z,2026-09-25T22:01:57.3360000Z,6ab6ef55485cab4c9566d8d7,wenyi09232026.stratalog.logdata.json
questFinishEvent:18,quest,1,questEvent,Unit 3 Dungeon Dev,2026-09-25T22:15:39.1980000Z,2026-09-25T22:15:39.1980000Z,6ab6f28b485cab4c9566e329,wenyi09232026.stratalog.logdata.json
questFinishEvent:19,quest,1,questEvent,Unit 3 Dev,2026-09-25T22:20:06.7770000Z,2026-09-25T22:20:06.7770000Z,6ab6f396485cab4c9566e553,wenyi09232026.stratalog.logdata.json
questFinishEvent:21,quest,1,questEvent,Unit 2 Prod (Refactor),2026-09-25T20:48:25.4810000Z,2026-09-25T20:48:25.4810000Z,6ab6de19485cab4c95662f90,wenyi09232026.stratalog.logdata.json
questFinishEvent:22,quest,1,questEvent,Unit 2 Prod (Refactor),2026-09-25T21:22:38.4540000Z,2026-09-25T21:22:38.4540000Z,6ab6e61e485cab4c9566c685,wenyi09232026.stratalog.logdata.json
questFinishEvent:23,quest,2,questEvent,Unit 2 Prod (Refactor),2026-09-25T20:54:20.8570000Z,2026-09-25T21:00:01.3100000Z,6ab6df7c485cab4c95667839,wenyi09232026.stratalog.logdata.json
questFinishEvent:24,quest,1,questEvent,Unit 2 Prod (Refactor),2026-09-25T21:19:10.6720000Z,2026-09-25T21:19:10.6720000Z,6ab6e54e485cab4c9566c4df,wenyi09232026.stratalog.logdata.json
questFinishEvent:25,quest,1,questEvent,Unit 2 Prod (Refactor),2026-09-25T21:41:35.4550000Z,2026-09-25T21:41:35.4550000Z,6ab6ea8f485cab4c9566cee1,wenyi09232026.stratalog.logdata.json
questFinishEvent:28,quest,1,questEvent,Unit 1 Dev,2026-09-25T20:09:30.0440000Z,2026-09-25T20:09:30.0440000Z,6ab6d4f9485cab4c95631d53,wenyi09232026.stratalog.logdata.json
questFinishEvent:29,quest,1,questEvent,Unit 1 Dev,2026-09-25T20:11:22.0630000Z,2026-09-25T20:11:22.0630000Z,6ab6d569485cab4c95634a53,wenyi09232026.stratalog.logdata.json
questFinishEvent:31,quest,1,questEvent,Unit 1 Dev,2026-09-25T20:15:17.5600000Z,2026-09-25T20:15:17.5600000Z,6ab6d655485cab4c9563b2e7,wenyi09232026.stratalog.logdata.json
questFinishEvent:32,quest,1,questEvent,Unit 1 Dev,2026-09-25T20:24:21.6570000Z,2026-09-25T20:24:21.6570000Z,6ab6d875485cab4c95649e95,wenyi09232026.stratalog.logdata.json
questFinishEvent:33,quest,1,questEvent,Unit 1 Dev,2026-09-25T20:28:46.6120000Z,2026-09-25T20:28:46.6120000Z,6ab6d97e485cab4c9564fd19,wenyi09232026.stratalog.logdata.json
questFinishEvent:34,quest,1,questEvent,Unit 1 Dev,2026-09-25T20:30:11.4840000Z,2026-09-25T20:30:11.4840000Z,6ab6d9d3485cab4c956519ae,wenyi09232026.stratalog.logdata.json
questFinishEvent:36,quest,1,questEvent,Unit 4 Dev - Anderson Base,2026-09-25T23:07:09.7050000Z,2026-09-25T23:07:09.7050000Z,6ab6fe9d485cab4c95670201,wenyi09232026.stratalog.logdata.json
questFinishEvent:40,quest,1,questEvent,Unit 4 Dev,2026-09-25T22:52:25.7760000Z,2026-09-25T22:52:25.7760000Z,6ab6fb29485cab4c9566fc4b,wenyi09232026.stratalog.logdata.json
questFinishEvent:41,quest,1,questEvent,Unit 4 Dev,2026-09-25T23:14:27.3340000Z,2026-09-25T23:14:27.3340000Z,6ab70053485cab4c9567057b,wenyi09232026.stratalog.logdata.json
questFinishEvent:43,quest,1,questEvent,Unit 5 Dev - Dungeon,2026-09-25T23:29:15.7510000Z,2026-09-25T23:29:15.7510000Z,6ab703cb485cab4c95670d4f,wenyi09232026.stratalog.logdata.json
questFinishEvent:44,quest,1,questEvent,Unit 5 Dev,2026-09-25T23:43:10.3050000Z,2026-09-25T23:43:10.3050000Z,6ab7070d485cab4c9567136d,wenyi09232026.stratalog.logdata.json
questFinishEvent:45,quest,2,questEvent,Unit 5 Dev,2026-09-25T23:49:49.8650000Z,2026-09-25T23:49:49.8660000Z,6ab7089d485cab4c956715e7,wenyi09232026.stratalog.logdata.json
questFinishEvent:46,quest,1,questEvent,Unit 4 Dev - Dungeon,2026-09-25T22:40:19.5590000Z,2026-09-25T22:40:19.5590000Z,6ab6f853485cab4c9566f57f,wenyi09232026.stratalog.logdata.json
questFinishEvent:47,quest,1,questEvent,Unit 4 Dev - Dungeon,2026-09-25T22:42:56.0510000Z,2026-09-25T22:42:56.0510000Z,6ab6f8ef485cab4c9566f6e5,wenyi09232026.stratalog.logdata.json
questFinishEvent:48,quest,1,questEvent,Unit 4 Dev - Dungeon,2026-09-25T22:45:33.3440000Z,2026-09-25T22:45:33.3440000Z,6ab6f98d485cab4c9566f883,wenyi09232026.stratalog.logdata.json
questFinishEvent:49,quest,1,questEvent,Unit 4 Dev - Dungeon,2026-09-25T22:48:55.6750000Z,2026-09-25T22:48:55.6750000Z,6ab6fa57485cab4c9566fa23,wenyi09232026.stratalog.logdata.json
questFinishEvent:51,quest,1,questEvent,Unit 5 Dev - Dungeon,2026-09-25T23:30:48.4790000Z,2026-09-25T23:30:48.4790000Z,6ab70428485cab4c95670e0f,wenyi09232026.stratalog.logdata.json
questFinishEvent:52,quest,1,questEvent,Unit 5 Dev - Dungeon,2026-09-25T23:33:10.6490000Z,2026-09-25T23:33:10.6490000Z,6ab704b6485cab4c95670f61,wenyi09232026.stratalog.logdata.json
questFinishEvent:54,quest,1,questEvent,Unit 2 Prod (Refactor),2026-09-25T21:45:00.4350000Z,2026-09-25T21:45:00.4350000Z,6ab6eb5c485cab4c9566d03f,wenyi09232026.stratalog.logdata.json
questFinishEvent:55,quest,1,questEvent,Unit 3 Dev,2026-09-25T22:26:19.2540000Z,2026-09-25T22:26:19.2540000Z,6ab6f50b485cab4c9566e767,wenyi09232026.stratalog.logdata.json
questFinishEvent:56,quest,1,questEvent,Unit 4 Dev,2026-09-25T23:20:07.7990000Z,2026-09-25T23:20:07.7990000Z,6ab701a7485cab4c956707a9,wenyi09232026.stratalog.logdata.json
