eventKey,kind,count,eventTypes,scenes,first_ts,last_ts,example_id,example_src
DialogueNodeEvent:100:44,dialogue,1,DialogueEvent,Unit 5 Dev - Dungeon,2026-09-01T00:23:59.7480000Z,2026-09-01T00:23:59.7480000Z,6a961b1f485cab4c953dd61b,wenyi083126-1.stratalog.logdata.json
DialogueNodeEvent:103:0,dialogue,4,DialogueEvent,Unit 2 Prod (Refactor),2026-08-31T23:32:53.2130000Z,2026-08-31T23:33:16.4580000Z,6a960f25485cab4c953db7f7,wenyi083126-1.stratalog.logdata.json
DialogueNodeEvent:103:1,dialogue,1,DialogueEvent,Unit 2 Prod (Refactor),2026-08-31T23:32:53.2160000Z,2026-08-31T23:32:53.2160000Z,6a960f25485cab4c953db7fb,wenyi083126-1.stratalog.logdata.json
DialogueNodeEvent:103:12,dialogue,1,DialogueEvent,Unit 2 Prod (Refactor),2026-08-31T23:33:06.2690000Z,2026-08-31T23:33:06.2690000Z,6a960f32485cab4c953db819,wenyi083126-1.stratalog.logdata.json
DialogueNodeEvent:103:15,dialogue,1,DialogueEvent,Unit 2 Prod (Refactor),2026-08-31T23:33:07.0690000Z,2026-08-31T23:33:07.0690000Z,6a960f32485cab4c953db81b,wenyi083126-1.stratalog.logdata.json
DialogueNodeEvent:103:16,dialogue,1,DialogueEvent,Unit 2 Prod (Refactor),2026-08-31T23:33:07.4700000Z,2026-08-31T23:33:07.4700000Z,6a960f33485cab4c953db81d,wenyi083126-1.stratalog.logdata.json
DialogueNodeEvent:103:17,dialogue,1,DialogueEvent,Unit 2 Prod (Refactor),2026-08-31T23:33:09.7070000Z,2026-08-31T23:33:09.7070000Z,6a960f35485cab4c953db82f,wenyi083126-1.stratalog.logdata.json
DialogueNodeEvent:103:19,dialogue,1,DialogueEvent,Unit 2 Prod (Refactor),2026-08-31T23:33:13.1390000Z,2026-08-31T23:33:13.1390000Z,6a960f38485cab4c953db831,wenyi083126-1.stratalog.logdata.json
DialogueNodeEvent:103:2,dialogue,1,DialogueEvent,Unit 2 Prod (Refactor),2026-08-31T23:32:56.2970000Z,2026-08-31T23:32:56.2970000Z,6a960f28485cab4c953db7ff,wenyi083126-1.stratalog.logdata.json
DialogueNodeEvent:103:22,dialogue,1,DialogueEvent,Unit 2 Prod (Refactor),2026-08-31T23:33:13.7060000Z,2026-08-31T23:33:13.7060000Z,6a960f39485cab4c953db835,wenyi083126-1.stratalog.logdata.json
DialogueNodeEvent:103:24,dialogue,1,DialogueEvent,Unit 2 Prod (Refactor),2026-08-31T23:33:14.0400000Z,2026-08-31T23:33:14.0400000Z,6a960f39485cab4c953db837,wenyi083126-1.stratalog.logdata.json
DialogueNodeEvent:103:25,dialogue,1,DialogueEvent,Unit 2 Prod (Refactor),2026-08-31T23:33:16.4610000Z,2026-08-31T23:33:16.4610000Z,6a960f3c485cab4c953db845,wenyi083126-1.stratalog.logdata.json
DialogueNodeEvent:103:26,dialogue,1,DialogueEvent,Unit 2 Prod (Refactor),2026-08-31T23:33:17.1730000Z,2026-08-31T23:33:17.1730000Z,6a960f3c485cab4c953db847,wenyi083126-1.stratalog.logdata.json
DialogueNodeEvent:103:27,dialogue,1,DialogueEvent,Unit 2 Prod (Refactor),2026-08-31T23:33:17.6410000Z,2026-08-31T23:33:17.6410000Z,6a960f3d485cab4c953db849,wenyi083126-1.stratalog.logdata.json
DialogueNodeEvent:103:28,dialogue,1,DialogueEvent,Unit 2 Prod (Refactor),2026-08-31T23:33:21.8350000Z,2026-08-31T23:33:21.8350000Z,6a960f41485cab4c953db84d,wenyi083126-1.stratalog.logdata.json
DialogueNodeEvent:103:31,dialogue,1,DialogueEvent,Unit 2 Prod (Refactor),2026-08-31T23:33:22.9300000Z,2026-08-31T23:33:22.9300000Z,6a960f42485cab4c953db853,wenyi083126-1.stratalog.logdata.json
DialogueNodeEvent:103:32,dialogue,1,DialogueEvent,Unit 2 Prod (Refactor),2026-08-31T23:33:22.5600000Z,2026-08-31T23:33:22.5600000Z,6a960f42485cab4c953db84f,wenyi083126-1.stratalog.logdata.json
DialogueNodeEvent:103:4,dialogue,1,DialogueEvent,Unit 2 Prod (Refactor),2026-08-31T23:32:56.9480000Z,2026-08-31T23:32:56.9480000Z,6a960f28485cab4c953db801,wenyi083126-1.stratalog.logdata.json
DialogueNodeEvent:103:5,dialogue,1,DialogueEvent,Unit 2 Prod (Refactor),2026-08-31T23:32:58.4150000Z,2026-08-31T23:32:58.4150000Z,6a960f2a485cab4c953db803,wenyi083126-1.stratalog.logdata.json
DialogueNodeEvent:103:7,dialogue,1,DialogueEvent,Unit 2 Prod (Refactor),2026-08-31T23:32:59.1330000Z,2026-08-31T23:32:59.1330000Z,6a960f2a485cab4c953db805,wenyi083126-1.stratalog.logdata.json
DialogueNodeEvent:103:8,dialogue,1,DialogueEvent,Unit 2 Prod (Refactor),2026-08-31T23:33:01.6040000Z,2026-08-31T23:33:01.6040000Z,6a960f2d485cab4c953db813,wenyi083126-1.stratalog.logdata.json
DialogueNodeEvent:103:9,dialogue,1,DialogueEvent,Unit 2 Prod (Refactor),2026-08-31T23:33:03.0510000Z,2026-08-31T23:33:03.0510000Z,6a960f2e485cab4c953db815,wenyi083126-1.stratalog.logdata.json
DialogueNodeEvent:104:1,dialogue,1,DialogueEvent,Unit 3 Dev,2026-08-31T23:54:47.0410000Z,2026-08-31T23:54:47.0410000Z,6a961446485cab4c953dc589,wenyi083126-1.stratalog.logdata.json
DialogueNodeEvent:104:10,dialogue,1,DialogueEvent,Unit 3 Dev,2026-08-31T23:55:25.1400000Z,2026-08-31T23:55:25.1400000Z,6a96146c485cab4c953dc5ed,wenyi083126-1.stratalog.logdata.json
DialogueNodeEvent:104:12,dialogue,1,DialogueEvent,Unit 3 Dev,2026-08-31T23:55:26.0910000Z,2026-08-31T23:55:26.0910000Z,6a96146d485cab4c953dc5ef,wenyi083126-1.stratalog.logdata.json
DialogueNodeEvent:104:13,dialogue,1,DialogueEvent,Unit 3 Dev,2026-08-31T23:54:36.3840000Z,2026-08-31T23:54:36.3840000Z,6a96143c485cab4c953dc565,wenyi083126-1.stratalog.logdata.json
DialogueNodeEvent:104:14,dialogue,1,DialogueEvent,Unit 3 Dev,2026-08-31T23:54:37.4840000Z,2026-08-31T23:54:37.4840000Z,6a96143d485cab4c953dc569,wenyi083126-1.stratalog.logdata.json
DialogueNodeEvent:104:15,dialogue,1,DialogueEvent,Unit 3 Dev,2026-08-31T23:54:39.8520000Z,2026-08-31T23:54:39.8520000Z,6a96143f485cab4c953dc56b,wenyi083126-1.stratalog.logdata.json
DialogueNodeEvent:104:17,dialogue,1,DialogueEvent,Unit 3 Dev,2026-08-31T23:54:40.5690000Z,2026-08-31T23:54:40.5690000Z,6a961440485cab4c953dc56f,wenyi083126-1.stratalog.logdata.json
DialogueNodeEvent:104:18,dialogue,1,DialogueEvent,Unit 3 Dev,2026-08-31T23:54:42.0190000Z,2026-08-31T23:54:42.0190000Z,6a961441485cab4c953dc571,wenyi083126-1.stratalog.logdata.json
DialogueNodeEvent:104:2,dialogue,1,DialogueEvent,Unit 3 Dev,2026-08-31T23:54:50.7400000Z,2026-08-31T23:54:50.7400000Z,6a96144a485cab4c953dc595,wenyi083126-1.stratalog.logdata.json
DialogueNodeEvent:104:20,dialogue,1,DialogueEvent,Unit 3 Dev,2026-08-31T23:54:42.7030000Z,2026-08-31T23:54:42.7030000Z,6a961442485cab4c953dc573,wenyi083126-1.stratalog.logdata.json
DialogueNodeEvent:104:22,dialogue,1,DialogueEvent,Unit 3 Dev,2026-08-31T23:54:42.9880000Z,2026-08-31T23:54:42.9880000Z,6a961442485cab4c953dc577,wenyi083126-1.stratalog.logdata.json
DialogueNodeEvent:104:23,dialogue,1,DialogueEvent,Unit 3 Dev,2026-08-31T23:55:31.1270000Z,2026-08-31T23:55:31.1270000Z,6a961472485cab4c953dc60d,wenyi083126-1.stratalog.logdata.json
DialogueNodeEvent:104:25,dialogue,1,DialogueEvent,Unit 3 Dev,2026-08-31T23:55:34.1520000Z,2026-08-31T23:55:34.1520000Z,6a961475485cab4c953dc61f,wenyi083126-1.stratalog.logdata.json
DialogueNodeEvent:104:26,dialogue,1,DialogueEvent,Unit 3 Dev,2026-08-31T23:55:34.9950000Z,2026-08-31T23:55:34.9950000Z,6a961476485cab4c953dc621,wenyi083126-1.stratalog.logdata.json
DialogueNodeEvent:104:27,dialogue,1,DialogueEvent,Unit 3 Dev,2026-08-31T23:55:35.5980000Z,2026-08-31T23:55:35.5980000Z,6a961477485cab4c953dc625,wenyi083126-1.stratalog.logdata.json
DialogueNodeEvent:104:4,dialogue,1,DialogueEvent,Unit 3 Dev,2026-08-31T23:54:52.4910000Z,2026-08-31T23:54:52.4910000Z,6a96144c485cab4c953dc59f,wenyi083126-1.stratalog.logdata.json
DialogueNodeEvent:104:5,dialogue,1,DialogueEvent,Unit 3 Dev,2026-08-31T23:54:53.1750000Z,2026-08-31T23:54:53.1750000Z,6a96144c485cab4c953dc5a5,wenyi083126-1.stratalog.logdata.json
DialogueNodeEvent:104:6,dialogue,1,DialogueEvent,Unit 3 Dev,2026-08-31T23:54:53.7090000Z,2026-08-31T23:54:53.7090000Z,6a96144d485cab4c953dc5a7,wenyi083126-1.stratalog.logdata.json
DialogueNodeEvent:104:7,dialogue,1,DialogueEvent,Unit 3 Dev,2026-08-31T23:54:55.3090000Z,2026-08-31T23:54:55.3090000Z,6a96144f485cab4c953dc5b7,wenyi083126-1.stratalog.logdata.json
DialogueNodeEvent:104:8,dialogue,1,DialogueEvent,Unit 3 Dev,2026-08-31T23:55:24.2060000Z,2026-08-31T23:55:24.2060000Z,6a96146c485cab4c953dc5eb,wenyi083126-1.stratalog.logdata.json
DialogueNodeEvent:105:1,dialogue,1,DialogueEvent,Unit 4 Dev,2026-09-01T00:20:11.3630000Z,2026-09-01T00:20:11.3630000Z,6a961a3b485cab4c953dd565,wenyi083126-1.stratalog.logdata.json
DialogueNodeEvent:105:10,dialogue,1,DialogueEvent,Unit 4 Dev,2026-09-01T00:20:24.2350000Z,2026-09-01T00:20:24.2350000Z,6a961a48485cab4c953dd579,wenyi083126-1.stratalog.logdata.json
DialogueNodeEvent:105:12,dialogue,1,DialogueEvent,Unit 4 Dev,2026-09-01T00:20:25.7030000Z,2026-09-01T00:20:25.7030000Z,6a961a49485cab4c953dd57b,wenyi083126-1.stratalog.logdata.json
DialogueNodeEvent:105:14,dialogue,1,DialogueEvent,Unit 4 Dev,2026-09-01T00:20:26.1200000Z,2026-09-01T00:20:26.1200000Z,6a961a49485cab4c953dd57d,wenyi083126-1.stratalog.logdata.json
DialogueNodeEvent:105:15,dialogue,1,DialogueEvent,Unit 4 Dev,2026-09-01T00:19:12.7720000Z,2026-09-01T00:19:12.7720000Z,6a961a00485cab4c953dd527,wenyi083126-1.stratalog.logdata.json
DialogueNodeEvent:105:16,dialogue,1,DialogueEvent,Unit 4 Dev,2026-09-01T00:19:14.1890000Z,2026-09-01T00:19:14.1890000Z,6a961a02485cab4c953dd52b,wenyi083126-1.stratalog.logdata.json
DialogueNodeEvent:105:17,dialogue,1,DialogueEvent,Unit 4 Dev,2026-09-01T00:19:16.5730000Z,2026-09-01T00:19:16.5730000Z,6a961a04485cab4c953dd52d,wenyi083126-1.stratalog.logdata.json
DialogueNodeEvent:105:19,dialogue,1,DialogueEvent,Unit 4 Dev,2026-09-01T00:19:17.3400000Z,2026-09-01T00:19:17.3400000Z,6a961a05485cab4c953dd52f,wenyi083126-1.stratalog.logdata.json
DialogueNodeEvent:105:2,dialogue,1,DialogueEvent,Unit 4 Dev,2026-09-01T00:20:13.7970000Z,2026-09-01T00:20:13.7970000Z,6a961a3d485cab4c953dd56b,wenyi083126-1.stratalog.logdata.json
DialogueNodeEvent:105:21,dialogue,1,DialogueEvent,Unit 4 Dev,2026-09-01T00:19:23.0100000Z,2026-09-01T00:19:23.0100000Z,6a961a0a485cab4c953dd533,wenyi083126-1.stratalog.logdata.json
DialogueNodeEvent:105:24,dialogue,1,DialogueEvent,Unit 4 Dev,2026-09-01T00:19:23.9100000Z,2026-09-01T00:19:23.9100000Z,6a961a0b485cab4c953dd535,wenyi083126-1.stratalog.logdata.json
DialogueNodeEvent:105:25,dialogue,1,DialogueEvent,Unit 4 Dev,2026-09-01T00:19:25.2610000Z,2026-09-01T00:19:25.2610000Z,6a961a0d485cab4c953dd537,wenyi083126-1.stratalog.logdata.json
DialogueNodeEvent:105:26,dialogue,1,DialogueEvent,Unit 4 Dev,2026-09-01T00:19:25.6950000Z,2026-09-01T00:19:25.6950000Z,6a961a0d485cab4c953dd539,wenyi083126-1.stratalog.logdata.json
DialogueNodeEvent:105:27,dialogue,1,DialogueEvent,Unit 4 Dev,2026-09-01T00:19:27.6460000Z,2026-09-01T00:19:27.6460000Z,6a961a0f485cab4c953dd545,wenyi083126-1.stratalog.logdata.json
DialogueNodeEvent:105:28,dialogue,1,DialogueEvent,Unit 4 Dev,2026-09-01T00:19:28.9290000Z,2026-09-01T00:19:28.9290000Z,6a961a10485cab4c953dd549,wenyi083126-1.stratalog.logdata.json
DialogueNodeEvent:105:29,dialogue,1,DialogueEvent,Unit 4 Dev,2026-09-01T00:19:31.5470000Z,2026-09-01T00:19:31.5470000Z,6a961a13485cab4c953dd54b,wenyi083126-1.stratalog.logdata.json
DialogueNodeEvent:105:31,dialogue,1,DialogueEvent,Unit 4 Dev,2026-09-01T00:19:32.2140000Z,2026-09-01T00:19:32.2140000Z,6a961a14485cab4c953dd54d,wenyi083126-1.stratalog.logdata.json
DialogueNodeEvent:105:34,dialogue,1,DialogueEvent,Unit 4 Dev,2026-09-01T00:20:07.7610000Z,2026-09-01T00:20:07.7610000Z,6a961a37485cab4c953dd557,wenyi083126-1.stratalog.logdata.json
DialogueNodeEvent:105:37,dialogue,1,DialogueEvent,Unit 4 Dev,2026-09-01T00:20:08.5110000Z,2026-09-01T00:20:08.5110000Z,6a961a38485cab4c953dd559,wenyi083126-1.stratalog.logdata.json
DialogueNodeEvent:105:38,dialogue,1,DialogueEvent,Unit 4 Dev,2026-09-01T00:20:08.8290000Z,2026-09-01T00:20:08.8290000Z,6a961a38485cab4c953dd55b,wenyi083126-1.stratalog.logdata.json
DialogueNodeEvent:105:39,dialogue,2,DialogueEvent,Unit 4 Dev,2026-09-01T00:20:58.4020000Z,2026-09-01T00:20:58.4070000Z,6a961a6a485cab4c953dd59b,wenyi083126-1.stratalog.logdata.json
DialogueNodeEvent:105:4,dialogue,1,DialogueEvent,Unit 4 Dev,2026-09-01T00:20:14.4140000Z,2026-09-01T00:20:14.4140000Z,6a961a3e485cab4c953dd56d,wenyi083126-1.stratalog.logdata.json
DialogueNodeEvent:105:42,dialogue,1,DialogueEvent,Unit 4 Dev,2026-09-01T00:21:06.8300000Z,2026-09-01T00:21:06.8300000Z,6a961a72485cab4c953dd5ab,wenyi083126-1.stratalog.logdata.json
DialogueNodeEvent:105:43,dialogue,1,DialogueEvent,Unit 4 Dev,2026-09-01T00:21:07.5700000Z,2026-09-01T00:21:07.5700000Z,6a961a73485cab4c953dd5ad,wenyi083126-1.stratalog.logdata.json
DialogueNodeEvent:105:44,dialogue,1,DialogueEvent,Unit 4 Dev,2026-09-01T00:21:07.9390000Z,2026-09-01T00:21:07.9390000Z,6a961a73485cab4c953dd5b1,wenyi083126-1.stratalog.logdata.json
DialogueNodeEvent:105:5,dialogue,1,DialogueEvent,Unit 4 Dev,2026-09-01T00:20:14.9310000Z,2026-09-01T00:20:14.9310000Z,6a961a3e485cab4c953dd56f,wenyi083126-1.stratalog.logdata.json
DialogueNodeEvent:105:6,dialogue,1,DialogueEvent,Unit 4 Dev,2026-09-01T00:20:15.6150000Z,2026-09-01T00:20:15.6150000Z,6a961a3f485cab4c953dd571,wenyi083126-1.stratalog.logdata.json
DialogueNodeEvent:105:7,dialogue,1,DialogueEvent,Unit 4 Dev,2026-09-01T00:20:16.4320000Z,2026-09-01T00:20:16.4320000Z,6a961a40485cab4c953dd573,wenyi083126-1.stratalog.logdata.json
DialogueNodeEvent:105:8,dialogue,1,DialogueEvent,Unit 4 Dev,2026-09-01T00:20:23.2680000Z,2026-09-01T00:20:23.2680000Z,6a961a47485cab4c953dd577,wenyi083126-1.stratalog.logdata.json
DialogueNodeEvent:106:0,dialogue,1,DialogueEvent,Unit 5 Dev,2026-09-01T00:39:57.4950000Z,2026-09-01T00:39:57.4950000Z,6a961edd485cab4c953ddb5b,wenyi083126-1.stratalog.logdata.json
DialogueNodeEvent:106:35,dialogue,1,DialogueEvent,Unit 5 Dev,2026-09-01T00:39:57.5090000Z,2026-09-01T00:39:57.5090000Z,6a961edd485cab4c953ddb61,wenyi083126-1.stratalog.logdata.json
DialogueNodeEvent:106:37,dialogue,1,DialogueEvent,Unit 5 Dev,2026-09-01T00:39:59.0920000Z,2026-09-01T00:39:59.0920000Z,6a961ede485cab4c953ddb63,wenyi083126-1.stratalog.logdata.json
DialogueNodeEvent:107:0,dialogue,1,DialogueEvent,Unit 4 Dev,2026-09-01T00:08:01.7500000Z,2026-09-01T00:08:01.7500000Z,6a961761485cab4c953dcf11,wenyi083126-1.stratalog.logdata.json
DialogueNodeEvent:107:1,dialogue,1,DialogueEvent,Unit 4 Dev,2026-09-01T00:08:01.7530000Z,2026-09-01T00:08:01.7530000Z,6a961761485cab4c953dcf15,wenyi083126-1.stratalog.logdata.json
DialogueNodeEvent:107:5,dialogue,1,DialogueEvent,Unit 4 Dev,2026-09-01T00:08:05.0010000Z,2026-09-01T00:08:05.0010000Z,6a961764485cab4c953dcf17,wenyi083126-1.stratalog.logdata.json
DialogueNodeEvent:107:9,dialogue,1,DialogueEvent,Unit 4 Dev,2026-09-01T00:08:05.8340000Z,2026-09-01T00:08:05.8340000Z,6a961765485cab4c953dcf19,wenyi083126-1.stratalog.logdata.json
DialogueNodeEvent:109:1,dialogue,1,DialogueEvent,Unit 5 Dev,2026-09-01T00:41:25.6140000Z,2026-09-01T00:41:25.6140000Z,6a961f35485cab4c953ddc25,wenyi083126-1.stratalog.logdata.json
DialogueNodeEvent:109:10,dialogue,1,DialogueEvent,Unit 5 Dev,2026-09-01T00:41:33.3160000Z,2026-09-01T00:41:33.3160000Z,6a961f3d485cab4c953ddc35,wenyi083126-1.stratalog.logdata.json
DialogueNodeEvent:109:12,dialogue,1,DialogueEvent,Unit 5 Dev,2026-09-01T00:41:34.0170000Z,2026-09-01T00:41:34.0170000Z,6a961f3d485cab4c953ddc37,wenyi083126-1.stratalog.logdata.json
DialogueNodeEvent:109:13,dialogue,1,DialogueEvent,Unit 5 Dev,2026-09-01T00:41:34.4000000Z,2026-09-01T00:41:34.4000000Z,6a961f3e485cab4c953ddc3b,wenyi083126-1.stratalog.logdata.json
DialogueNodeEvent:109:14,dialogue,1,DialogueEvent,Unit 5 Dev,2026-09-01T00:41:34.8340000Z,2026-09-01T00:41:34.8340000Z,6a961f3e485cab4c953ddc3d,wenyi083126-1.stratalog.logdata.json
DialogueNodeEvent:109:15,dialogue,1,DialogueEvent,Unit 5 Dev,2026-09-01T00:41:17.1930000Z,2026-09-01T00:41:17.1930000Z,6a961f2d485cab4c953ddc0b,wenyi083126-1.stratalog.logdata.json
DialogueNodeEvent:109:16,dialogue,1,DialogueEvent,Unit 5 Dev,2026-09-01T00:41:19.2270000Z,2026-09-01T00:41:19.2270000Z,6a961f2f485cab4c953ddc0f,wenyi083126-1.stratalog.logdata.json
DialogueNodeEvent:109:17,dialogue,1,DialogueEvent,Unit 5 Dev,2026-09-01T00:41:19.6760000Z,2026-09-01T00:41:19.6760000Z,6a961f2f485cab4c953ddc11,wenyi083126-1.stratalog.logdata.json
DialogueNodeEvent:109:18,dialogue,1,DialogueEvent,Unit 5 Dev,2026-09-01T00:41:20.1100000Z,2026-09-01T00:41:20.1100000Z,6a961f2f485cab4c953ddc13,wenyi083126-1.stratalog.logdata.json
DialogueNodeEvent:109:19,dialogue,1,DialogueEvent,Unit 5 Dev,2026-09-01T00:41:20.5770000Z,2026-09-01T00:41:20.5770000Z,6a961f30485cab4c953ddc15,wenyi083126-1.stratalog.logdata.json
DialogueNodeEvent:109:2,dialogue,1,DialogueEvent,Unit 5 Dev,2026-09-01T00:41:26.4800000Z,2026-09-01T00:41:26.4800000Z,6a961f36485cab4c953ddc29,wenyi083126-1.stratalog.logdata.json
DialogueNodeEvent:109:20,dialogue,1,DialogueEvent,Unit 5 Dev,2026-09-01T00:41:21.0600000Z,2026-09-01T00:41:21.0600000Z,6a961f30485cab4c953ddc17,wenyi083126-1.stratalog.logdata.json
DialogueNodeEvent:109:21,dialogue,1,DialogueEvent,Unit 5 Dev,2026-09-01T00:41:22.6290000Z,2026-09-01T00:41:22.6290000Z,6a961f32485cab4c953ddc19,wenyi083126-1.stratalog.logdata.json
DialogueNodeEvent:109:23,dialogue,1,DialogueEvent,Unit 5 Dev,2026-09-01T00:41:06.2570000Z,2026-09-01T00:41:06.2570000Z,6a961f22485cab4c953ddbdf,wenyi083126-1.stratalog.logdata.json
DialogueNodeEvent:109:24,dialogue,1,DialogueEvent,Unit 5 Dev,2026-09-01T00:41:07.1890000Z,2026-09-01T00:41:07.1890000Z,6a961f23485cab4c953ddbe3,wenyi083126-1.stratalog.logdata.json
DialogueNodeEvent:109:25,dialogue,1,DialogueEvent,Unit 5 Dev,2026-09-01T00:41:07.6040000Z,2026-09-01T00:41:07.6040000Z,6a961f23485cab4c953ddbe5,wenyi083126-1.stratalog.logdata.json
DialogueNodeEvent:109:26,dialogue,1,DialogueEvent,Unit 5 Dev,2026-09-01T00:41:08.0380000Z,2026-09-01T00:41:08.0380000Z,6a961f23485cab4c953ddbe7,wenyi083126-1.stratalog.logdata.json
DialogueNodeEvent:109:27,dialogue,1,DialogueEvent,Unit 5 Dev,2026-09-01T00:41:08.5050000Z,2026-09-01T00:41:08.5050000Z,6a961f24485cab4c953ddbe9,wenyi083126-1.stratalog.logdata.json
DialogueNodeEvent:109:28,dialogue,1,DialogueEvent,Unit 5 Dev,2026-09-01T00:41:08.9550000Z,2026-09-01T00:41:08.9550000Z,6a961f24485cab4c953ddbeb,wenyi083126-1.stratalog.logdata.json
DialogueNodeEvent:109:29,dialogue,1,DialogueEvent,Unit 5 Dev,2026-09-01T00:41:09.3720000Z,2026-09-01T00:41:09.3720000Z,6a961f25485cab4c953ddbed,wenyi083126-1.stratalog.logdata.json
DialogueNodeEvent:109:3,dialogue,1,DialogueEvent,Unit 5 Dev,2026-09-01T00:41:29.1140000Z,2026-09-01T00:41:29.1140000Z,6a961f38485cab4c953ddc2b,wenyi083126-1.stratalog.logdata.json
DialogueNodeEvent:109:30,dialogue,1,DialogueEvent,Unit 5 Dev,2026-09-01T00:41:09.8050000Z,2026-09-01T00:41:09.8050000Z,6a961f25485cab4c953ddbef,wenyi083126-1.stratalog.logdata.json
DialogueNodeEvent:109:31,dialogue,1,DialogueEvent,Unit 5 Dev,2026-09-01T00:41:10.2220000Z,2026-09-01T00:41:10.2220000Z,6a961f26485cab4c953ddbf1,wenyi083126-1.stratalog.logdata.json
DialogueNodeEvent:109:32,dialogue,1,DialogueEvent,Unit 5 Dev,2026-09-01T00:41:10.6220000Z,2026-09-01T00:41:10.6220000Z,6a961f26485cab4c953ddbf3,wenyi083126-1.stratalog.logdata.json
DialogueNodeEvent:109:33,dialogue,1,DialogueEvent,Unit 5 Dev,2026-09-01T00:41:11.0730000Z,2026-09-01T00:41:11.0730000Z,6a961f26485cab4c953ddbf5,wenyi083126-1.stratalog.logdata.json
DialogueNodeEvent:109:34,dialogue,1,DialogueEvent,Unit 5 Dev,2026-09-01T00:41:13.5070000Z,2026-09-01T00:41:13.5070000Z,6a961f29485cab4c953ddbf7,wenyi083126-1.stratalog.logdata.json
DialogueNodeEvent:109:36,dialogue,1,DialogueEvent,Unit 5 Dev,2026-09-01T00:41:14.1910000Z,2026-09-01T00:41:14.1910000Z,6a961f2a485cab4c953ddbfb,wenyi083126-1.stratalog.logdata.json
DialogueNodeEvent:109:38,dialogue,1,DialogueEvent,Unit 5 Dev,2026-09-01T00:41:35.3010000Z,2026-09-01T00:41:35.3010000Z,6a961f3f485cab4c953ddc3f,wenyi083126-1.stratalog.logdata.json
DialogueNodeEvent:109:5,dialogue,1,DialogueEvent,Unit 5 Dev,2026-09-01T00:41:29.7810000Z,2026-09-01T00:41:29.7810000Z,6a961f39485cab4c953ddc2d,wenyi083126-1.stratalog.logdata.json
DialogueNodeEvent:109:6,dialogue,1,DialogueEvent,Unit 5 Dev,2026-09-01T00:41:30.1150000Z,2026-09-01T00:41:30.1150000Z,6a961f39485cab4c953ddc2f,wenyi083126-1.stratalog.logdata.json
DialogueNodeEvent:109:7,dialogue,1,DialogueEvent,Unit 5 Dev,2026-09-01T00:41:30.5990000Z,2026-09-01T00:41:30.5990000Z,6a961f3a485cab4c953ddc31,wenyi083126-1.stratalog.logdata.json
DialogueNodeEvent:109:8,dialogue,1,DialogueEvent,Unit 5 Dev,2026-09-01T00:41:31.0320000Z,2026-09-01T00:41:31.0320000Z,6a961f3a485cab4c953ddc33,wenyi083126-1.stratalog.logdata.json
DialogueNodeEvent:10:0,dialogue,3,DialogueEvent,Unit 3 Dev,2026-08-31T23:40:30.7320000Z,2026-08-31T23:54:18.4260000Z,6a9610ee485cab4c953dbaad,wenyi083126-1.stratalog.logdata.json
DialogueNodeEvent:10:1,dialogue,1,DialogueEvent,Unit 3 Dev,2026-08-31T23:33:40.9540000Z,2026-08-31T23:33:40.9540000Z,6a960f54485cab4c953db85d,wenyi083126-1.stratalog.logdata.json
DialogueNodeEvent:10:101,dialogue,1,DialogueEvent,Unit 3 Dev,2026-08-31T23:43:03.4360000Z,2026-08-31T23:43:03.4360000Z,6a961187485cab4c953dbd0f,wenyi083126-1.stratalog.logdata.json
DialogueNodeEvent:10:102,dialogue,1,DialogueEvent,Unit 3 Dev,2026-08-31T23:43:04.3060000Z,2026-08-31T23:43:04.3060000Z,6a961188485cab4c953dbd13,wenyi083126-1.stratalog.logdata.json
DialogueNodeEvent:10:103,dialogue,1,DialogueEvent,Unit 3 Dev,2026-08-31T23:43:33.4530000Z,2026-08-31T23:43:33.4530000Z,6a9611a5485cab4c953dbd8f,wenyi083126-1.stratalog.logdata.json
DialogueNodeEvent:10:114,dialogue,1,DialogueEvent,Unit 3 Dev,2026-08-31T23:45:40.9960000Z,2026-08-31T23:45:40.9960000Z,6a961224485cab4c953dbe93,wenyi083126-1.stratalog.logdata.json
DialogueNodeEvent:10:115,dialogue,1,DialogueEvent,Unit 3 Dev,2026-08-31T23:45:41.4970000Z,2026-08-31T23:45:41.4970000Z,6a961225485cab4c953dbe99,wenyi083126-1.stratalog.logdata.json
DialogueNodeEvent:10:116,dialogue,1,DialogueEvent,Unit 3 Dungeon Dev,2026-08-31T23:46:19.0450000Z,2026-08-31T23:46:19.0450000Z,6a96124a485cab4c953dbf0f,wenyi083126-1.stratalog.logdata.json
DialogueNodeEvent:10:117,dialogue,1,DialogueEvent,Unit 3 Dungeon Dev,2026-08-31T23:46:30.6360000Z,2026-08-31T23:46:30.6360000Z,6a961256485cab4c953dbf2f,wenyi083126-1.stratalog.logdata.json
DialogueNodeEvent:10:118,dialogue,1,DialogueEvent,Unit 3 Dungeon Dev,2026-08-31T23:46:31.4210000Z,2026-08-31T23:46:31.4210000Z,6a961257485cab4c953dbf39,wenyi083126-1.stratalog.logdata.json
DialogueNodeEvent:10:122,dialogue,1,DialogueEvent,Unit 3 Dungeon Dev,2026-08-31T23:47:36.4670000Z,2026-08-31T23:47:36.4670000Z,6a961298485cab4c953dc0e1,wenyi083126-1.stratalog.logdata.json
DialogueNodeEvent:10:123,dialogue,1,DialogueEvent,Unit 3 Dungeon Dev,2026-08-31T23:47:44.4720000Z,2026-08-31T23:47:44.4720000Z,6a9612a0485cab4c953dc0f9,wenyi083126-1.stratalog.logdata.json
DialogueNodeEvent:10:124,dialogue,1,DialogueEvent,Unit 3 Dungeon Dev,2026-08-31T23:47:47.1230000Z,2026-08-31T23:47:47.1230000Z,6a9612a2485cab4c953dc0ff,wenyi083126-1.stratalog.logdata.json
DialogueNodeEvent:10:125,dialogue,1,DialogueEvent,Unit 3 Dungeon Dev,2026-08-31T23:47:48.3240000Z,2026-08-31T23:47:48.3240000Z,6a9612a4485cab4c953dc105,wenyi083126-1.stratalog.logdata.json
DialogueNodeEvent:10:126,dialogue,1,DialogueEvent,Unit 3 Dungeon Dev,2026-08-31T23:47:53.2090000Z,2026-08-31T23:47:53.2090000Z,6a9612a9485cab4c953dc113,wenyi083126-1.stratalog.logdata.json
DialogueNodeEvent:10:13,dialogue,1,DialogueEvent,Unit 3 Dev,2026-08-31T23:36:35.6510000Z,2026-08-31T23:36:35.6510000Z,6a961003485cab4c953db8c3,wenyi083126-1.stratalog.logdata.json
DialogueNodeEvent:10:15,dialogue,1,DialogueEvent,Unit 3 Dev,2026-08-31T23:36:36.3690000Z,2026-08-31T23:36:36.3690000Z,6a961004485cab4c953db8c7,wenyi083126-1.stratalog.logdata.json
DialogueNodeEvent:10:154,dialogue,1,DialogueEvent,Unit 3 Dungeon Dev,2026-08-31T23:51:27.3940000Z,2026-08-31T23:51:27.3940000Z,6a96137f485cab4c953dc3c1,wenyi083126-1.stratalog.logdata.json
DialogueNodeEvent:10:155,dialogue,1,DialogueEvent,Unit 3 Dungeon Dev,2026-08-31T23:51:28.5460000Z,2026-08-31T23:51:28.5460000Z,6a961380485cab4c953dc3c7,wenyi083126-1.stratalog.logdata.json
DialogueNodeEvent:10:156,dialogue,1,DialogueEvent,Unit 3 Dungeon Dev,2026-08-31T23:51:33.9000000Z,2026-08-31T23:51:33.9000000Z,6a961385485cab4c953dc3d5,wenyi083126-1.stratalog.logdata.json
DialogueNodeEvent:10:157,dialogue,1,DialogueEvent,Unit 3 Dev,2026-08-31T23:52:06.8970000Z,2026-08-31T23:52:06.8970000Z,6a9613a6485cab4c953dc405,wenyi083126-1.stratalog.logdata.json
DialogueNodeEvent:10:158,dialogue,1,DialogueEvent,Unit 3 Dev,2026-08-31T23:52:10.5830000Z,2026-08-31T23:52:10.5830000Z,6a9613aa485cab4c953dc40e,wenyi083126-1.stratalog.logdata.json
DialogueNodeEvent:10:159,dialogue,1,DialogueEvent,Unit 3 Dev,2026-08-31T23:52:12.6840000Z,2026-08-31T23:52:12.6840000Z,6a9613ac485cab4c953dc419,wenyi083126-1.stratalog.logdata.json
DialogueNodeEvent:10:16,dialogue,1,DialogueEvent,Unit 3 Dev,2026-08-31T23:36:36.7960000Z,2026-08-31T23:36:36.7960000Z,6a961004485cab4c953db8cb,wenyi083126-1.stratalog.logdata.json
DialogueNodeEvent:10:160,dialogue,1,DialogueEvent,Unit 3 Dev,2026-08-31T23:52:21.0210000Z,2026-08-31T23:52:21.0210000Z,6a9613b4485cab4c953dc427,wenyi083126-1.stratalog.logdata.json
DialogueNodeEvent:10:162,dialogue,1,DialogueEvent,Unit 3 Dev,2026-08-31T23:52:26.1570000Z,2026-08-31T23:52:26.1570000Z,6a9613b9485cab4c953dc42d,wenyi083126-1.stratalog.logdata.json
DialogueNodeEvent:10:176,dialogue,1,DialogueEvent,Unit 3 Dev,2026-08-31T23:54:18.4290000Z,2026-08-31T23:54:18.4290000Z,6a96142a485cab4c953dc533,wenyi083126-1.stratalog.logdata.json
DialogueNodeEvent:10:177,dialogue,1,DialogueEvent,Unit 3 Dev,2026-08-31T23:54:19.6260000Z,2026-08-31T23:54:19.6260000Z,6a96142b485cab4c953dc535,wenyi083126-1.stratalog.logdata.json
DialogueNodeEvent:10:178,dialogue,1,DialogueEvent,Unit 3 Dev,2026-08-31T23:54:19.9920000Z,2026-08-31T23:54:19.9920000Z,6a96142b485cab4c953dc539,wenyi083126-1.stratalog.logdata.json
DialogueNodeEvent:10:179,dialogue,1,DialogueEvent,Unit 3 Dev,2026-08-31T23:54:21.5260000Z,2026-08-31T23:54:21.5260000Z,6a96142d485cab4c953dc53b,wenyi083126-1.stratalog.logdata.json
DialogueNodeEvent:10:181,dialogue,1,DialogueEvent,Unit 3 Dev,2026-08-31T23:54:22.2270000Z,2026-08-31T23:54:22.2270000Z,6a96142e485cab4c953dc53d,wenyi083126-1.stratalog.logdata.json
DialogueNodeEvent:10:182,dialogue,1,DialogueEvent,Unit 3 Dev,2026-08-31T23:54:22.5940000Z,2026-08-31T23:54:22.5940000Z,6a96142e485cab4c953dc53f,wenyi083126-1.stratalog.logdata.json
DialogueNodeEvent:10:183,dialogue,1,DialogueEvent,Unit 3 Dev,2026-08-31T23:54:22.9440000Z,2026-08-31T23:54:22.9440000Z,6a96142e485cab4c953dc543,wenyi083126-1.stratalog.logdata.json
DialogueNodeEvent:10:184,dialogue,1,DialogueEvent,Unit 3 Dev,2026-08-31T23:54:24.9780000Z,2026-08-31T23:54:24.9780000Z,6a961430485cab4c953dc545,wenyi083126-1.stratalog.logdata.json
DialogueNodeEvent:10:187,dialogue,1,DialogueEvent,Unit 3 Dev,2026-08-31T23:54:25.5620000Z,2026-08-31T23:54:25.5620000Z,6a961431485cab4c953dc547,wenyi083126-1.stratalog.logdata.json
DialogueNodeEvent:10:188,dialogue,1,DialogueEvent,Unit 3 Dev,2026-08-31T23:54:27.0120000Z,2026-08-31T23:54:27.0120000Z,6a961432485cab4c953dc549,wenyi083126-1.stratalog.logdata.json
DialogueNodeEvent:10:190,dialogue,1,DialogueEvent,Unit 3 Dev,2026-08-31T23:54:28.2800000Z,2026-08-31T23:54:28.2800000Z,6a961434485cab4c953dc54b,wenyi083126-1.stratalog.logdata.json
DialogueNodeEvent:10:191,dialogue,1,DialogueEvent,Unit 3 Dev,2026-08-31T23:54:29.7800000Z,2026-08-31T23:54:29.7800000Z,6a961435485cab4c953dc54d,wenyi083126-1.stratalog.logdata.json
DialogueNodeEvent:10:193,dialogue,1,DialogueEvent,Unit 3 Dev,2026-08-31T23:54:30.3810000Z,2026-08-31T23:54:30.3810000Z,6a961436485cab4c953dc551,wenyi083126-1.stratalog.logdata.json
DialogueNodeEvent:10:194,dialogue,1,DialogueEvent,Unit 3 Dev,2026-08-31T23:54:30.6660000Z,2026-08-31T23:54:30.6660000Z,6a961436485cab4c953dc555,wenyi083126-1.stratalog.logdata.json
DialogueNodeEvent:10:195,dialogue,1,DialogueEvent,Unit 3 Dev,2026-08-31T23:39:44.4160000Z,2026-08-31T23:39:44.4160000Z,6a9610c0485cab4c953dba4f,wenyi083126-1.stratalog.logdata.json
DialogueNodeEvent:10:196,dialogue,1,DialogueEvent,Unit 3 Dev,2026-08-31T23:43:04.8550000Z,2026-08-31T23:43:04.8550000Z,6a961188485cab4c953dbd17,wenyi083126-1.stratalog.logdata.json
DialogueNodeEvent:10:198,dialogue,2,DialogueEvent,Unit 3 Dev,2026-08-31T23:40:30.7340000Z,2026-08-31T23:44:33.6500000Z,6a9610ee485cab4c953dbab1,wenyi083126-1.stratalog.logdata.json
DialogueNodeEvent:10:2,dialogue,1,DialogueEvent,Unit 3 Dev,2026-08-31T23:33:44.4560000Z,2026-08-31T23:33:44.4560000Z,6a960f58485cab4c953db865,wenyi083126-1.stratalog.logdata.json
DialogueNodeEvent:10:200,dialogue,1,DialogueEvent,Unit 3 Dev,2026-08-31T23:40:42.3520000Z,2026-08-31T23:40:42.3520000Z,6a9610fa485cab4c953dbabf,wenyi083126-1.stratalog.logdata.json
DialogueNodeEvent:10:201,dialogue,1,DialogueEvent,Unit 3 Dev,2026-08-31T23:44:35.9970000Z,2026-08-31T23:44:35.9970000Z,6a9611e3485cab4c953dbe3b,wenyi083126-1.stratalog.logdata.json
DialogueNodeEvent:10:202,dialogue,1,DialogueEvent,Unit 3 Dev,2026-08-31T23:40:43.1030000Z,2026-08-31T23:40:43.1030000Z,6a9610fa485cab4c953dbac1,wenyi083126-1.stratalog.logdata.json
DialogueNodeEvent:10:203,dialogue,1,DialogueEvent,Unit 3 Dev,2026-08-31T23:44:36.6480000Z,2026-08-31T23:44:36.6480000Z,6a9611e4485cab4c953dbe3d,wenyi083126-1.stratalog.logdata.json
DialogueNodeEvent:10:204,dialogue,2,DialogueEvent,Unit 3 Dev,2026-08-31T23:40:43.5720000Z,2026-08-31T23:44:37.0820000Z,6a9610fb485cab4c953dbac5,wenyi083126-1.stratalog.logdata.json
DialogueNodeEvent:10:205,dialogue,1,DialogueEvent,Unit 3 Dev,2026-08-31T23:36:48.8590000Z,2026-08-31T23:36:48.8590000Z,6a961010485cab4c953db8e5,wenyi083126-1.stratalog.logdata.json
DialogueNodeEvent:10:211,dialogue,2,DialogueEvent,Unit 3 Dev,2026-08-31T23:40:47.4550000Z,2026-08-31T23:44:39.6660000Z,6a9610ff485cab4c953dbacb,wenyi083126-1.stratalog.logdata.json
DialogueNodeEvent:10:217,dialogue,2,DialogueEvent,Unit 3 Dev,2026-08-31T23:40:48.4390000Z,2026-08-31T23:44:40.3660000Z,6a961100485cab4c953dbacd,wenyi083126-1.stratalog.logdata.json
DialogueNodeEvent:10:218,dialogue,2,DialogueEvent,Unit 3 Dev,2026-08-31T23:40:48.8560000Z,2026-08-31T23:44:40.8000000Z,6a961100485cab4c953dbad1,wenyi083126-1.stratalog.logdata.json
DialogueNodeEvent:10:224,dialogue,1,DialogueEvent,Unit 3 Dev,2026-08-31T23:33:48.6580000Z,2026-08-31T23:33:48.6580000Z,6a960f5c485cab4c953db86b,wenyi083126-1.stratalog.logdata.json
DialogueNodeEvent:10:29,dialogue,3,DialogueEvent,Unit 3 Dev,2026-08-31T23:37:40.5670000Z,2026-08-31T23:39:30.2020000Z,6a961044485cab4c953db94f,wenyi083126-1.stratalog.logdata.json
DialogueNodeEvent:10:3,dialogue,1,DialogueEvent,Unit 3 Dev,2026-08-31T23:35:36.2230000Z,2026-08-31T23:35:36.2230000Z,6a960fc8485cab4c953db88b,wenyi083126-1.stratalog.logdata.json
DialogueNodeEvent:10:30,dialogue,3,DialogueEvent,Unit 3 Dev,2026-08-31T23:37:51.9220000Z,2026-08-31T23:39:41.5570000Z,6a96104f485cab4c953db95b,wenyi083126-1.stratalog.logdata.json
DialogueNodeEvent:10:31,dialogue,1,DialogueEvent,Unit 3 Dev,2026-08-31T23:46:16.4590000Z,2026-08-31T23:46:16.4590000Z,6a961248485cab4c953dbf07,wenyi083126-1.stratalog.logdata.json
DialogueNodeEvent:10:38,dialogue,2,DialogueEvent,Unit 3 Dev,2026-08-31T23:40:44.0370000Z,2026-08-31T23:44:37.5150000Z,6a9610fb485cab4c953dbac7,wenyi083126-1.stratalog.logdata.json
DialogueNodeEvent:10:39,dialogue,2,DialogueEvent,Unit 3 Dev,2026-08-31T23:40:44.5700000Z,2026-08-31T23:44:38.0150000Z,6a9610fc485cab4c953dbac9,wenyi083126-1.stratalog.logdata.json
DialogueNodeEvent:10:4,dialogue,1,DialogueEvent,Unit 3 Dev,2026-08-31T23:36:28.2150000Z,2026-08-31T23:36:28.2150000Z,6a960ffc485cab4c953db8b1,wenyi083126-1.stratalog.logdata.json
DialogueNodeEvent:10:6,dialogue,1,DialogueEvent,Unit 3 Dev,2026-08-31T23:36:29.2320000Z,2026-08-31T23:36:29.2320000Z,6a960ffd485cab4c953db8b7,wenyi083126-1.stratalog.logdata.json
DialogueNodeEvent:10:64,dialogue,1,DialogueEvent,Unit 3 Dev,2026-08-31T23:42:42.5770000Z,2026-08-31T23:42:42.5770000Z,6a961172485cab4c953dbccb,wenyi083126-1.stratalog.logdata.json
DialogueNodeEvent:10:65,dialogue,1,DialogueEvent,Unit 3 Dev,2026-08-31T23:42:44.6940000Z,2026-08-31T23:42:44.6940000Z,6a961174485cab4c953dbccd,wenyi083126-1.stratalog.logdata.json
DialogueNodeEvent:10:67,dialogue,1,DialogueEvent,Unit 3 Dev,2026-08-31T23:42:45.5110000Z,2026-08-31T23:42:45.5110000Z,6a961175485cab4c953dbccf,wenyi083126-1.stratalog.logdata.json
DialogueNodeEvent:10:68,dialogue,1,DialogueEvent,Unit 3 Dev,2026-08-31T23:42:48.2620000Z,2026-08-31T23:42:48.2620000Z,6a961178485cab4c953dbcd3,wenyi083126-1.stratalog.logdata.json
DialogueNodeEvent:10:7,dialogue,1,DialogueEvent,Unit 3 Dev,2026-08-31T23:36:29.6490000Z,2026-08-31T23:36:29.6490000Z,6a960ffd485cab4c953db8b9,wenyi083126-1.stratalog.logdata.json
DialogueNodeEvent:10:70,dialogue,1,DialogueEvent,Unit 3 Dev,2026-08-31T23:42:49.0630000Z,2026-08-31T23:42:49.0630000Z,6a961178485cab4c953dbcd9,wenyi083126-1.stratalog.logdata.json
DialogueNodeEvent:10:74,dialogue,1,DialogueEvent,Unit 3 Dev,2026-08-31T23:42:49.3630000Z,2026-08-31T23:42:49.3630000Z,6a961179485cab4c953dbcdb,wenyi083126-1.stratalog.logdata.json
DialogueNodeEvent:10:75,dialogue,1,DialogueEvent,Unit 3 Dev,2026-08-31T23:42:49.7470000Z,2026-08-31T23:42:49.7470000Z,6a961179485cab4c953dbcdd,wenyi083126-1.stratalog.logdata.json
DialogueNodeEvent:10:76,dialogue,1,DialogueEvent,Unit 3 Dev,2026-08-31T23:42:50.1480000Z,2026-08-31T23:42:50.1480000Z,6a961179485cab4c953dbcdf,wenyi083126-1.stratalog.logdata.json
DialogueNodeEvent:10:77,dialogue,1,DialogueEvent,Unit 3 Dev,2026-08-31T23:42:51.7810000Z,2026-08-31T23:42:51.7810000Z,6a96117b485cab4c953dbce5,wenyi083126-1.stratalog.logdata.json
DialogueNodeEvent:10:79,dialogue,1,DialogueEvent,Unit 3 Dev,2026-08-31T23:42:52.6310000Z,2026-08-31T23:42:52.6310000Z,6a96117c485cab4c953dbce7,wenyi083126-1.stratalog.logdata.json
DialogueNodeEvent:10:80,dialogue,1,DialogueEvent,Unit 3 Dev,2026-08-31T23:42:52.9320000Z,2026-08-31T23:42:52.9320000Z,6a96117c485cab4c953dbceb,wenyi083126-1.stratalog.logdata.json
DialogueNodeEvent:10:81,dialogue,1,DialogueEvent,Unit 3 Dev,2026-08-31T23:42:54.3490000Z,2026-08-31T23:42:54.3490000Z,6a96117e485cab4c953dbcf1,wenyi083126-1.stratalog.logdata.json
DialogueNodeEvent:10:82,dialogue,1,DialogueEvent,Unit 3 Dev,2026-08-31T23:42:55.0660000Z,2026-08-31T23:42:55.0660000Z,6a96117e485cab4c953dbcf3,wenyi083126-1.stratalog.logdata.json
DialogueNodeEvent:10:83,dialogue,1,DialogueEvent,Unit 3 Dev,2026-08-31T23:42:55.4490000Z,2026-08-31T23:42:55.4490000Z,6a96117f485cab4c953dbcf5,wenyi083126-1.stratalog.logdata.json
DialogueNodeEvent:10:90,dialogue,1,DialogueEvent,Unit 3 Dev,2026-08-31T23:42:57.3000000Z,2026-08-31T23:42:57.3000000Z,6a961181485cab4c953dbcfd,wenyi083126-1.stratalog.logdata.json
DialogueNodeEvent:10:91,dialogue,1,DialogueEvent,Unit 3 Dev,2026-08-31T23:42:57.9670000Z,2026-08-31T23:42:57.9670000Z,6a961181485cab4c953dbcff,wenyi083126-1.stratalog.logdata.json
DialogueNodeEvent:10:94,dialogue,1,DialogueEvent,Unit 3 Dev,2026-08-31T23:42:58.2670000Z,2026-08-31T23:42:58.2670000Z,6a961182485cab4c953dbd01,wenyi083126-1.stratalog.logdata.json
DialogueNodeEvent:10:98,dialogue,1,DialogueEvent,Unit 3 Dev,2026-08-31T23:43:00.4350000Z,2026-08-31T23:43:00.4350000Z,6a961184485cab4c953dbd05,wenyi083126-1.stratalog.logdata.json
DialogueNodeEvent:10:99,dialogue,1,DialogueEvent,Unit 3 Dev,2026-08-31T23:43:01.1520000Z,2026-08-31T23:43:01.1520000Z,6a961184485cab4c953dbd09,wenyi083126-1.stratalog.logdata.json
DialogueNodeEvent:111:1,dialogue,1,DialogueEvent,Unit 4 Dev - Dungeon,2026-09-01T00:01:41.7890000Z,2026-09-01T00:01:41.7890000Z,6a9615e5485cab4c953dca09,wenyi083126-1.stratalog.logdata.json
DialogueNodeEvent:114:1,dialogue,1,DialogueEvent,Unit 4 Dev,2026-09-01T00:13:59.4420000Z,2026-09-01T00:13:59.4420000Z,6a9618c7485cab4c953dd39b,wenyi083126-1.stratalog.logdata.json
DialogueNodeEvent:114:2,dialogue,1,DialogueEvent,Unit 4 Dev,2026-09-01T00:14:03.8830000Z,2026-09-01T00:14:03.8830000Z,6a9618cb485cab4c953dd3b1,wenyi083126-1.stratalog.logdata.json
DialogueNodeEvent:114:3,dialogue,1,DialogueEvent,Unit 4 Dev,2026-09-01T00:14:05.7510000Z,2026-09-01T00:14:05.7510000Z,6a9618cd485cab4c953dd3b7,wenyi083126-1.stratalog.logdata.json
DialogueNodeEvent:114:4,dialogue,1,DialogueEvent,Unit 4 Dev,2026-09-01T00:14:06.9680000Z,2026-09-01T00:14:06.9680000Z,6a9618ce485cab4c953dd3bf,wenyi083126-1.stratalog.logdata.json
DialogueNodeEvent:116:1,dialogue,1,DialogueEvent,Unit 5 Dev - Dungeon,2026-09-01T00:33:10.0480000Z,2026-09-01T00:33:10.0480000Z,6a961d45485cab4c953dd933,wenyi083126-1.stratalog.logdata.json
DialogueNodeEvent:116:2,dialogue,1,DialogueEvent,Unit 5 Dev - Dungeon,2026-09-01T00:33:11.8160000Z,2026-09-01T00:33:11.8160000Z,6a961d47485cab4c953dd939,wenyi083126-1.stratalog.logdata.json
DialogueNodeEvent:116:3,dialogue,1,DialogueEvent,Unit 5 Dev - Dungeon,2026-09-01T00:33:13.7840000Z,2026-09-01T00:33:13.7840000Z,6a961d49485cab4c953dd941,wenyi083126-1.stratalog.logdata.json
DialogueNodeEvent:116:4,dialogue,1,DialogueEvent,Unit 5 Dev - Dungeon,2026-09-01T00:33:15.3840000Z,2026-09-01T00:33:15.3840000Z,6a961d4b485cab4c953dd949,wenyi083126-1.stratalog.logdata.json
DialogueNodeEvent:117:1,dialogue,1,DialogueEvent,Unit 5 Dev,2026-09-01T00:36:05.9420000Z,2026-09-01T00:36:05.9420000Z,6a961df5485cab4c953dda81,wenyi083126-1.stratalog.logdata.json
DialogueNodeEvent:117:10,dialogue,1,DialogueEvent,Unit 5 Dev,2026-09-01T00:36:12.7090000Z,2026-09-01T00:36:12.7090000Z,6a961dfc485cab4c953dda87,wenyi083126-1.stratalog.logdata.json
DialogueNodeEvent:117:11,dialogue,1,DialogueEvent,Unit 5 Dev,2026-09-01T00:36:16.9950000Z,2026-09-01T00:36:16.9950000Z,6a961e00485cab4c953dda8f,wenyi083126-1.stratalog.logdata.json
DialogueNodeEvent:117:2,dialogue,1,DialogueEvent,Unit 5 Dev,2026-09-01T00:36:19.0960000Z,2026-09-01T00:36:19.0960000Z,6a961e03485cab4c953dda95,wenyi083126-1.stratalog.logdata.json
DialogueNodeEvent:117:3,dialogue,1,DialogueEvent,Unit 5 Dev,2026-09-01T00:36:24.4650000Z,2026-09-01T00:36:24.4650000Z,6a961e08485cab4c953dda9d,wenyi083126-1.stratalog.logdata.json
DialogueNodeEvent:117:5,dialogue,1,DialogueEvent,Unit 5 Dev,2026-09-01T00:36:29.0670000Z,2026-09-01T00:36:29.0670000Z,6a961e0c485cab4c953ddaa9,wenyi083126-1.stratalog.logdata.json
DialogueNodeEvent:117:6,dialogue,1,DialogueEvent,Unit 5 Dev,2026-09-01T00:36:31.0510000Z,2026-09-01T00:36:31.0510000Z,6a961e0e485cab4c953ddaaf,wenyi083126-1.stratalog.logdata.json
DialogueNodeEvent:117:7,dialogue,2,DialogueEvent,Unit 5 Dev,2026-09-01T00:36:26.4500000Z,2026-09-01T00:36:33.8700000Z,6a961e0a485cab4c953ddaa3,wenyi083126-1.stratalog.logdata.json
DialogueNodeEvent:117:8,dialogue,1,DialogueEvent,Unit 5 Dev,2026-09-01T00:36:37.3880000Z,2026-09-01T00:36:37.3880000Z,6a961e15485cab4c953ddabd,wenyi083126-1.stratalog.logdata.json
DialogueNodeEvent:117:9,dialogue,1,DialogueEvent,Unit 5 Dev,2026-09-01T00:36:40.1720000Z,2026-09-01T00:36:40.1720000Z,6a961e18485cab4c953ddac3,wenyi083126-1.stratalog.logdata.json
DialogueNodeEvent:118:1,dialogue,1,DialogueEvent,Unit 5 Dev,2026-09-01T00:40:08.0120000Z,2026-09-01T00:40:08.0120000Z,6a961ee7485cab4c953ddb73,wenyi083126-1.stratalog.logdata.json
DialogueNodeEvent:118:10,dialogue,1,DialogueEvent,Unit 5 Dev,2026-09-01T00:40:41.2790000Z,2026-09-01T00:40:41.2790000Z,6a961f09485cab4c953ddbaf,wenyi083126-1.stratalog.logdata.json
DialogueNodeEvent:118:2,dialogue,1,DialogueEvent,Unit 5 Dev,2026-09-01T00:40:14.1150000Z,2026-09-01T00:40:14.1150000Z,6a961eee485cab4c953ddb7b,wenyi083126-1.stratalog.logdata.json
DialogueNodeEvent:118:3,dialogue,1,DialogueEvent,Unit 5 Dev,2026-09-01T00:40:20.7350000Z,2026-09-01T00:40:20.7350000Z,6a961ef4485cab4c953ddb81,wenyi083126-1.stratalog.logdata.json
DialogueNodeEvent:118:4,dialogue,1,DialogueEvent,Unit 5 Dev,2026-09-01T00:40:22.1030000Z,2026-09-01T00:40:22.1030000Z,6a961ef6485cab4c953ddb87,wenyi083126-1.stratalog.logdata.json
DialogueNodeEvent:118:5,dialogue,1,DialogueEvent,Unit 5 Dev,2026-09-01T00:40:24.4540000Z,2026-09-01T00:40:24.4540000Z,6a961ef8485cab4c953ddb8f,wenyi083126-1.stratalog.logdata.json
DialogueNodeEvent:118:6,dialogue,1,DialogueEvent,Unit 5 Dev,2026-09-01T00:40:26.8380000Z,2026-09-01T00:40:26.8380000Z,6a961efa485cab4c953ddb95,wenyi083126-1.stratalog.logdata.json
DialogueNodeEvent:118:7,dialogue,1,DialogueEvent,Unit 5 Dev,2026-09-01T00:40:30.5740000Z,2026-09-01T00:40:30.5740000Z,6a961efe485cab4c953ddb9b,wenyi083126-1.stratalog.logdata.json
DialogueNodeEvent:118:8,dialogue,1,DialogueEvent,Unit 5 Dev,2026-09-01T00:40:33.6250000Z,2026-09-01T00:40:33.6250000Z,6a961f01485cab4c953ddba1,wenyi083126-1.stratalog.logdata.json
DialogueNodeEvent:118:9,dialogue,1,DialogueEvent,Unit 5 Dev,2026-09-01T00:40:40.4950000Z,2026-09-01T00:40:40.4950000Z,6a961f08485cab4c953ddba9,wenyi083126-1.stratalog.logdata.json
DialogueNodeEvent:11:0,dialogue,1,DialogueEvent,Unit 3 Dev,2026-08-31T23:36:58.1810000Z,2026-08-31T23:36:58.1810000Z,6a961019485cab4c953db8f9,wenyi083126-1.stratalog.logdata.json
DialogueNodeEvent:11:1,dialogue,1,DialogueEvent,Unit 3 Dev,2026-08-31T23:36:58.1960000Z,2026-08-31T23:36:58.1960000Z,6a96101a485cab4c953db8fd,wenyi083126-1.stratalog.logdata.json
DialogueNodeEvent:11:10,dialogue,1,DialogueEvent,Unit 3 Dev,2026-08-31T23:37:06.1990000Z,2026-08-31T23:37:06.1990000Z,6a961022485cab4c953db90d,wenyi083126-1.stratalog.logdata.json
DialogueNodeEvent:11:11,dialogue,1,DialogueEvent,Unit 3 Dev,2026-08-31T23:37:06.5350000Z,2026-08-31T23:37:06.5350000Z,6a961022485cab4c953db913,wenyi083126-1.stratalog.logdata.json
DialogueNodeEvent:11:12,dialogue,1,DialogueEvent,Unit 3 Dev,2026-08-31T23:39:45.1250000Z,2026-08-31T23:39:45.1250000Z,6a9610c0485cab4c953dba51,wenyi083126-1.stratalog.logdata.json
DialogueNodeEvent:11:13,dialogue,1,DialogueEvent,Unit 3 Dev,2026-08-31T23:39:45.6920000Z,2026-08-31T23:39:45.6920000Z,6a9610c1485cab4c953dba55,wenyi083126-1.stratalog.logdata.json
DialogueNodeEvent:11:14,dialogue,1,DialogueEvent,Unit 3 Dev,2026-08-31T23:39:46.2090000Z,2026-08-31T23:39:46.2090000Z,6a9610c2485cab4c953dba57,wenyi083126-1.stratalog.logdata.json
DialogueNodeEvent:11:15,dialogue,1,DialogueEvent,Unit 3 Dev,2026-08-31T23:39:49.0100000Z,2026-08-31T23:39:49.0100000Z,6a9610c4485cab4c953dba5d,wenyi083126-1.stratalog.logdata.json
DialogueNodeEvent:11:18,dialogue,1,DialogueEvent,Unit 3 Dev,2026-08-31T23:39:49.9940000Z,2026-08-31T23:39:49.9940000Z,6a9610c5485cab4c953dba65,wenyi083126-1.stratalog.logdata.json
DialogueNodeEvent:11:19,dialogue,1,DialogueEvent,Unit 3 Dev,2026-08-31T23:39:51.9280000Z,2026-08-31T23:39:51.9280000Z,6a9610c7485cab4c953dba71,wenyi083126-1.stratalog.logdata.json
DialogueNodeEvent:11:2,dialogue,1,DialogueEvent,Unit 3 Dev,2026-08-31T23:37:00.9470000Z,2026-08-31T23:37:00.9470000Z,6a96101c485cab4c953db901,wenyi083126-1.stratalog.logdata.json
DialogueNodeEvent:11:21,dialogue,1,DialogueEvent,Unit 3 Dev,2026-08-31T23:39:52.6790000Z,2026-08-31T23:39:52.6790000Z,6a9610c8485cab4c953dba73,wenyi083126-1.stratalog.logdata.json
DialogueNodeEvent:11:22,dialogue,1,DialogueEvent,Unit 3 Dev,2026-08-31T23:39:53.0860000Z,2026-08-31T23:39:53.0860000Z,6a9610c8485cab4c953dba77,wenyi083126-1.stratalog.logdata.json
DialogueNodeEvent:11:224,dialogue,1,DialogueEvent,Unit 3 Dev,2026-08-31T23:40:49.3730000Z,2026-08-31T23:40:49.3730000Z,6a961101485cab4c953dbad3,wenyi083126-1.stratalog.logdata.json
DialogueNodeEvent:11:226,dialogue,1,DialogueEvent,Unit 3 Dev,2026-08-31T23:40:50.0100000Z,2026-08-31T23:40:50.0100000Z,6a961101485cab4c953dbadb,wenyi083126-1.stratalog.logdata.json
DialogueNodeEvent:11:227,dialogue,1,DialogueEvent,Unit 3 Dev,2026-08-31T23:45:56.3530000Z,2026-08-31T23:45:56.3530000Z,6a961234485cab4c953dbeb9,wenyi083126-1.stratalog.logdata.json
DialogueNodeEvent:11:228,dialogue,1,DialogueEvent,Unit 3 Dev,2026-08-31T23:45:57.5870000Z,2026-08-31T23:45:57.5870000Z,6a961235485cab4c953dbebd,wenyi083126-1.stratalog.logdata.json
DialogueNodeEvent:11:229,dialogue,1,DialogueEvent,Unit 3 Dev,2026-08-31T23:45:58.0030000Z,2026-08-31T23:45:58.0030000Z,6a961235485cab4c953dbebf,wenyi083126-1.stratalog.logdata.json
DialogueNodeEvent:11:23,dialogue,1,DialogueEvent,Unit 3 Dev,2026-08-31T23:41:16.3540000Z,2026-08-31T23:41:16.3540000Z,6a96111c485cab4c953dbb4f,wenyi083126-1.stratalog.logdata.json
DialogueNodeEvent:11:24,dialogue,1,DialogueEvent,Unit 3 Dev,2026-08-31T23:41:29.9960000Z,2026-08-31T23:41:29.9960000Z,6a961129485cab4c953dbb7d,wenyi083126-1.stratalog.logdata.json
DialogueNodeEvent:11:25,dialogue,4,DialogueEvent,Unit 3 Dev,2026-08-31T23:41:38.2960000Z,2026-08-31T23:42:06.5930000Z,6a961132485cab4c953dbb97,wenyi083126-1.stratalog.logdata.json
DialogueNodeEvent:11:26,dialogue,2,DialogueEvent,Unit 3 Dev,2026-08-31T23:42:13.0630000Z,2026-08-31T23:42:19.8160000Z,6a961154485cab4c953dbc45,wenyi083126-1.stratalog.logdata.json
DialogueNodeEvent:11:34,dialogue,1,DialogueEvent,Unit 3 Dev,2026-08-31T23:42:36.2610000Z,2026-08-31T23:42:36.2610000Z,6a96116c485cab4c953dbcc1,wenyi083126-1.stratalog.logdata.json
DialogueNodeEvent:11:35,dialogue,1,DialogueEvent,Unit 3 Dev,2026-08-31T23:45:49.9160000Z,2026-08-31T23:45:49.9160000Z,6a96122d485cab4c953dbea3,wenyi083126-1.stratalog.logdata.json
DialogueNodeEvent:11:36,dialogue,1,DialogueEvent,Unit 3 Dev,2026-08-31T23:45:51.2000000Z,2026-08-31T23:45:51.2000000Z,6a96122e485cab4c953dbea9,wenyi083126-1.stratalog.logdata.json
DialogueNodeEvent:11:4,dialogue,1,DialogueEvent,Unit 3 Dev,2026-08-31T23:37:01.7470000Z,2026-08-31T23:37:01.7470000Z,6a96101d485cab4c953db903,wenyi083126-1.stratalog.logdata.json
DialogueNodeEvent:11:5,dialogue,1,DialogueEvent,Unit 3 Dev,2026-08-31T23:37:03.2980000Z,2026-08-31T23:37:03.2980000Z,6a96101f485cab4c953db907,wenyi083126-1.stratalog.logdata.json
DialogueNodeEvent:11:7,dialogue,1,DialogueEvent,Unit 3 Dev,2026-08-31T23:37:04.1650000Z,2026-08-31T23:37:04.1650000Z,6a96101f485cab4c953db909,wenyi083126-1.stratalog.logdata.json
DialogueNodeEvent:11:8,dialogue,1,DialogueEvent,Unit 3 Dev,2026-08-31T23:37:05.5990000Z,2026-08-31T23:37:05.5990000Z,6a961021485cab4c953db90b,wenyi083126-1.stratalog.logdata.json
DialogueNodeEvent:13:1,dialogue,1,DialogueEvent,Unit 3 Dev,2026-08-31T23:43:53.5270000Z,2026-08-31T23:43:53.5270000Z,6a9611b9485cab4c953dbdd1,wenyi083126-1.stratalog.logdata.json
DialogueNodeEvent:15:13,dialogue,1,DialogueEvent,Unit 3 Dev,2026-08-31T23:44:31.4450000Z,2026-08-31T23:44:31.4450000Z,6a9611df485cab4c953dbe2b,wenyi083126-1.stratalog.logdata.json
DialogueNodeEvent:15:14,dialogue,1,DialogueEvent,Unit 3 Dev,2026-08-31T23:44:31.8450000Z,2026-08-31T23:44:31.8450000Z,6a9611df485cab4c953dbe2d,wenyi083126-1.stratalog.logdata.json
DialogueNodeEvent:15:15,dialogue,1,DialogueEvent,Unit 3 Dev,2026-08-31T23:44:32.3400000Z,2026-08-31T23:44:32.3400000Z,6a9611e0485cab4c953dbe31,wenyi083126-1.stratalog.logdata.json
DialogueNodeEvent:15:3,dialogue,1,DialogueEvent,Unit 3 Dev,2026-08-31T23:44:26.6450000Z,2026-08-31T23:44:26.6450000Z,6a9611da485cab4c953dbe21,wenyi083126-1.stratalog.logdata.json
DialogueNodeEvent:15:7,dialogue,1,DialogueEvent,Unit 3 Dev,2026-08-31T23:44:30.6780000Z,2026-08-31T23:44:30.6780000Z,6a9611de485cab4c953dbe27,wenyi083126-1.stratalog.logdata.json
DialogueNodeEvent:16:3,dialogue,1,DialogueEvent,Unit 2 Prod (Refactor),2026-08-31T23:06:33.0780000Z,2026-08-31T23:06:33.0780000Z,6a9608f8485cab4c953da5c3,wenyi083126-1.stratalog.logdata.json
DialogueNodeEvent:17:17,dialogue,1,DialogueEvent,Unit 2 Prod (Refactor),2026-08-31T23:07:51.0310000Z,2026-08-31T23:07:51.0310000Z,6a960946485cab4c953da5f7,wenyi083126-1.stratalog.logdata.json
DialogueNodeEvent:17:19,dialogue,1,DialogueEvent,Unit 2 Prod (Refactor),2026-08-31T23:07:53.1990000Z,2026-08-31T23:07:53.1990000Z,6a960949485cab4c953da5ff,wenyi083126-1.stratalog.logdata.json
DialogueNodeEvent:17:20,dialogue,1,DialogueEvent,Unit 2 Prod (Refactor),2026-08-31T23:07:59.7850000Z,2026-08-31T23:07:59.7850000Z,6a96094f485cab4c953da609,wenyi083126-1.stratalog.logdata.json
DialogueNodeEvent:17:22,dialogue,1,DialogueEvent,Unit 2 Prod (Refactor),2026-08-31T23:08:01.0850000Z,2026-08-31T23:08:01.0850000Z,6a960950485cab4c953da60d,wenyi083126-1.stratalog.logdata.json
DialogueNodeEvent:17:26,dialogue,1,DialogueEvent,Unit 2 Prod (Refactor),2026-08-31T23:08:03.7860000Z,2026-08-31T23:08:03.7860000Z,6a960953485cab4c953da611,wenyi083126-1.stratalog.logdata.json
DialogueNodeEvent:18:1,dialogue,1,DialogueEvent,Unit 2 Prod (Refactor),2026-08-31T23:07:25.5530000Z,2026-08-31T23:07:25.5530000Z,6a96092d485cab4c953da5d7,wenyi083126-1.stratalog.logdata.json
DialogueNodeEvent:18:10,dialogue,1,DialogueEvent,Unit 2 Prod (Refactor),2026-08-31T23:07:38.4190000Z,2026-08-31T23:07:38.4190000Z,6a96093a485cab4c953da5e9,wenyi083126-1.stratalog.logdata.json
DialogueNodeEvent:18:102,dialogue,1,DialogueEvent,Unit 2 Prod (Refactor),2026-08-31T23:18:37.7220000Z,2026-08-31T23:18:37.7220000Z,6a960bcd485cab4c953dadc1,wenyi083126-1.stratalog.logdata.json
DialogueNodeEvent:18:103,dialogue,1,DialogueEvent,Unit 2 Prod (Refactor),2026-08-31T23:18:40.2890000Z,2026-08-31T23:18:40.2890000Z,6a960bd0485cab4c953dadd3,wenyi083126-1.stratalog.logdata.json
DialogueNodeEvent:18:105,dialogue,1,DialogueEvent,Unit 2 Prod (Refactor),2026-08-31T23:18:40.9410000Z,2026-08-31T23:18:40.9410000Z,6a960bd0485cab4c953dadd9,wenyi083126-1.stratalog.logdata.json
DialogueNodeEvent:18:109,dialogue,1,DialogueEvent,Unit 2 Prod (Refactor),2026-08-31T23:19:03.3510000Z,2026-08-31T23:19:03.3510000Z,6a960be7485cab4c953dae2b,wenyi083126-1.stratalog.logdata.json
DialogueNodeEvent:18:110,dialogue,1,DialogueEvent,Unit 2 Prod (Refactor),2026-08-31T23:19:06.2690000Z,2026-08-31T23:19:06.2690000Z,6a960bea485cab4c953dae37,wenyi083126-1.stratalog.logdata.json
DialogueNodeEvent:18:112,dialogue,1,DialogueEvent,Unit 2 Prod (Refactor),2026-08-31T23:19:10.1040000Z,2026-08-31T23:19:10.1040000Z,6a960bed485cab4c953dae3f,wenyi083126-1.stratalog.logdata.json
DialogueNodeEvent:18:113,dialogue,1,DialogueEvent,Unit 2 Prod (Refactor),2026-08-31T23:19:25.8950000Z,2026-08-31T23:19:25.8950000Z,6a960bfd485cab4c953dae71,wenyi083126-1.stratalog.logdata.json
DialogueNodeEvent:18:114,dialogue,1,DialogueEvent,Unit 2 Prod (Refactor),2026-08-31T23:19:28.0790000Z,2026-08-31T23:19:28.0790000Z,6a960bff485cab4c953dae87,wenyi083126-1.stratalog.logdata.json
DialogueNodeEvent:18:116,dialogue,1,DialogueEvent,Unit 2 Prod (Refactor),2026-08-31T23:19:35.9740000Z,2026-08-31T23:19:35.9740000Z,6a960c07485cab4c953daec5,wenyi083126-1.stratalog.logdata.json
DialogueNodeEvent:18:117,dialogue,1,DialogueEvent,Unit 2 Prod (Refactor),2026-08-31T23:19:40.5190000Z,2026-08-31T23:19:40.5190000Z,6a960c0c485cab4c953daef5,wenyi083126-1.stratalog.logdata.json
DialogueNodeEvent:18:118,dialogue,1,DialogueEvent,Unit 2 Prod (Refactor),2026-08-31T23:22:08.8550000Z,2026-08-31T23:22:08.8550000Z,6a960ca0485cab4c953db02d,wenyi083126-1.stratalog.logdata.json
DialogueNodeEvent:18:120,dialogue,1,DialogueEvent,Unit 2 Prod (Refactor),2026-08-31T23:28:27.9530000Z,2026-08-31T23:28:27.9530000Z,6a960e1b485cab4c953db573,wenyi083126-1.stratalog.logdata.json
DialogueNodeEvent:18:121,dialogue,1,DialogueEvent,Unit 2 Prod (Refactor),2026-08-31T23:28:30.4040000Z,2026-08-31T23:28:30.4040000Z,6a960e1e485cab4c953db575,wenyi083126-1.stratalog.logdata.json
DialogueNodeEvent:18:122,dialogue,1,DialogueEvent,Unit 2 Prod (Refactor),2026-08-31T23:28:31.8880000Z,2026-08-31T23:28:31.8880000Z,6a960e1f485cab4c953db577,wenyi083126-1.stratalog.logdata.json
DialogueNodeEvent:18:124,dialogue,1,DialogueEvent,Unit 2 Prod (Refactor),2026-08-31T23:28:32.5880000Z,2026-08-31T23:28:32.5880000Z,6a960e20485cab4c953db579,wenyi083126-1.stratalog.logdata.json
DialogueNodeEvent:18:125,dialogue,1,DialogueEvent,Unit 2 Prod (Refactor),2026-08-31T23:28:32.9880000Z,2026-08-31T23:28:32.9880000Z,6a960e20485cab4c953db57b,wenyi083126-1.stratalog.logdata.json
DialogueNodeEvent:18:127,dialogue,1,DialogueEvent,Unit 2 Prod (Refactor),2026-08-31T23:28:33.4250000Z,2026-08-31T23:28:33.4250000Z,6a960e21485cab4c953db583,wenyi083126-1.stratalog.logdata.json
DialogueNodeEvent:18:128,dialogue,1,DialogueEvent,Unit 2 Prod (Refactor),2026-08-31T23:28:34.8910000Z,2026-08-31T23:28:34.8910000Z,6a960e22485cab4c953db58b,wenyi083126-1.stratalog.logdata.json
DialogueNodeEvent:18:130,dialogue,1,DialogueEvent,Unit 2 Prod (Refactor),2026-08-31T23:28:35.7980000Z,2026-08-31T23:28:35.7980000Z,6a960e23485cab4c953db58d,wenyi083126-1.stratalog.logdata.json
DialogueNodeEvent:18:136,dialogue,1,DialogueEvent,Unit 2 Prod (Refactor),2026-08-31T23:29:58.8140000Z,2026-08-31T23:29:58.8140000Z,6a960e76485cab4c953db61f,wenyi083126-1.stratalog.logdata.json
DialogueNodeEvent:18:137,dialogue,1,DialogueEvent,Unit 2 Prod (Refactor),2026-08-31T23:30:02.8980000Z,2026-08-31T23:30:02.8980000Z,6a960e7a485cab4c953db623,wenyi083126-1.stratalog.logdata.json
DialogueNodeEvent:18:139,dialogue,1,DialogueEvent,Unit 2 Prod (Refactor),2026-08-31T23:30:03.7480000Z,2026-08-31T23:30:03.7480000Z,6a960e7b485cab4c953db627,wenyi083126-1.stratalog.logdata.json
DialogueNodeEvent:18:141,dialogue,1,DialogueEvent,Unit 2 Prod (Refactor),2026-08-31T23:30:04.0830000Z,2026-08-31T23:30:04.0830000Z,6a960e7b485cab4c953db629,wenyi083126-1.stratalog.logdata.json
DialogueNodeEvent:18:142,dialogue,1,DialogueEvent,Unit 2 Prod (Refactor),2026-08-31T23:30:11.7690000Z,2026-08-31T23:30:11.7690000Z,6a960e83485cab4c953db643,wenyi083126-1.stratalog.logdata.json
DialogueNodeEvent:18:143,dialogue,1,DialogueEvent,Unit 2 Prod (Refactor),2026-08-31T23:30:14.5200000Z,2026-08-31T23:30:14.5200000Z,6a960e86485cab4c953db649,wenyi083126-1.stratalog.logdata.json
DialogueNodeEvent:18:145,dialogue,1,DialogueEvent,Unit 2 Prod (Refactor),2026-08-31T23:30:15.2370000Z,2026-08-31T23:30:15.2370000Z,6a960e87485cab4c953db64b,wenyi083126-1.stratalog.logdata.json
DialogueNodeEvent:18:146,dialogue,1,DialogueEvent,Unit 2 Prod (Refactor),2026-08-31T23:30:18.5240000Z,2026-08-31T23:30:18.5240000Z,6a960e8a485cab4c953db65b,wenyi083126-1.stratalog.logdata.json
DialogueNodeEvent:18:147,dialogue,1,DialogueEvent,Unit 2 Prod (Refactor),2026-08-31T23:30:20.7070000Z,2026-08-31T23:30:20.7070000Z,6a960e8c485cab4c953db65f,wenyi083126-1.stratalog.logdata.json
DialogueNodeEvent:18:149,dialogue,1,DialogueEvent,Unit 2 Prod (Refactor),2026-08-31T23:30:21.3410000Z,2026-08-31T23:30:21.3410000Z,6a960e8d485cab4c953db661,wenyi083126-1.stratalog.logdata.json
DialogueNodeEvent:18:150,dialogue,1,DialogueEvent,Unit 2 Prod (Refactor),2026-08-31T23:30:29.7110000Z,2026-08-31T23:30:29.7110000Z,6a960e95485cab4c953db669,wenyi083126-1.stratalog.logdata.json
DialogueNodeEvent:18:151,dialogue,1,DialogueEvent,Unit 2 Prod (Refactor),2026-08-31T23:30:32.4950000Z,2026-08-31T23:30:32.4950000Z,6a960e98485cab4c953db66d,wenyi083126-1.stratalog.logdata.json
DialogueNodeEvent:18:153,dialogue,1,DialogueEvent,Unit 2 Prod (Refactor),2026-08-31T23:30:33.3150000Z,2026-08-31T23:30:33.3150000Z,6a960e99485cab4c953db66f,wenyi083126-1.stratalog.logdata.json
DialogueNodeEvent:18:154,dialogue,1,DialogueEvent,Unit 2 Prod (Refactor),2026-08-31T23:30:44.7370000Z,2026-08-31T23:30:44.7370000Z,6a960ea4485cab4c953db697,wenyi083126-1.stratalog.logdata.json
DialogueNodeEvent:18:155,dialogue,1,DialogueEvent,Unit 2 Prod (Refactor),2026-08-31T23:30:46.1020000Z,2026-08-31T23:30:46.1020000Z,6a960ea5485cab4c953db69b,wenyi083126-1.stratalog.logdata.json
DialogueNodeEvent:18:156,dialogue,1,DialogueEvent,Unit 2 Prod (Refactor),2026-08-31T23:30:47.8190000Z,2026-08-31T23:30:47.8190000Z,6a960ea7485cab4c953db69d,wenyi083126-1.stratalog.logdata.json
DialogueNodeEvent:18:158,dialogue,1,DialogueEvent,Unit 2 Prod (Refactor),2026-08-31T23:30:48.4540000Z,2026-08-31T23:30:48.4540000Z,6a960ea8485cab4c953db69f,wenyi083126-1.stratalog.logdata.json
DialogueNodeEvent:18:159,dialogue,1,DialogueEvent,Unit 2 Prod (Refactor),2026-08-31T23:31:22.7700000Z,2026-08-31T23:31:22.7700000Z,6a960eca485cab4c953db6d7,wenyi083126-1.stratalog.logdata.json
DialogueNodeEvent:18:160,dialogue,1,DialogueEvent,Unit 2 Prod (Refactor),2026-08-31T23:31:25.1030000Z,2026-08-31T23:31:25.1030000Z,6a960ecc485cab4c953db6dd,wenyi083126-1.stratalog.logdata.json
DialogueNodeEvent:18:162,dialogue,1,DialogueEvent,Unit 2 Prod (Refactor),2026-08-31T23:31:25.8870000Z,2026-08-31T23:31:25.8870000Z,6a960ecd485cab4c953db6df,wenyi083126-1.stratalog.logdata.json
DialogueNodeEvent:18:163,dialogue,1,DialogueEvent,Unit 2 Prod (Refactor),2026-08-31T23:31:28.0570000Z,2026-08-31T23:31:28.0570000Z,6a960ecf485cab4c953db6ed,wenyi083126-1.stratalog.logdata.json
DialogueNodeEvent:18:164,dialogue,1,DialogueEvent,Unit 2 Prod (Refactor),2026-08-31T23:31:30.3730000Z,2026-08-31T23:31:30.3730000Z,6a960ed2485cab4c953db6f1,wenyi083126-1.stratalog.logdata.json
DialogueNodeEvent:18:166,dialogue,1,DialogueEvent,Unit 2 Prod (Refactor),2026-08-31T23:31:31.3910000Z,2026-08-31T23:31:31.3910000Z,6a960ed3485cab4c953db6f3,wenyi083126-1.stratalog.logdata.json
DialogueNodeEvent:18:167,dialogue,1,DialogueEvent,Unit 2 Prod (Refactor),2026-08-31T23:31:40.7640000Z,2026-08-31T23:31:40.7640000Z,6a960edc485cab4c953db707,wenyi083126-1.stratalog.logdata.json
DialogueNodeEvent:18:169,dialogue,1,DialogueEvent,Unit 2 Prod (Refactor),2026-08-31T23:31:57.1220000Z,2026-08-31T23:31:57.1220000Z,6a960eec485cab4c953db739,wenyi083126-1.stratalog.logdata.json
DialogueNodeEvent:18:170,dialogue,1,DialogueEvent,Unit 2 Prod (Refactor),2026-08-31T23:31:58.4360000Z,2026-08-31T23:31:58.4360000Z,6a960eee485cab4c953db73d,wenyi083126-1.stratalog.logdata.json
DialogueNodeEvent:18:173,dialogue,1,DialogueEvent,Unit 2 Prod (Refactor),2026-08-31T23:31:58.8370000Z,2026-08-31T23:31:58.8370000Z,6a960eee485cab4c953db73f,wenyi083126-1.stratalog.logdata.json
DialogueNodeEvent:18:174,dialogue,1,DialogueEvent,Unit 2 Prod (Refactor),2026-08-31T23:31:59.3200000Z,2026-08-31T23:31:59.3200000Z,6a960eef485cab4c953db741,wenyi083126-1.stratalog.logdata.json
DialogueNodeEvent:18:175,dialogue,1,DialogueEvent,Unit 2 Prod (Refactor),2026-08-31T23:32:00.9710000Z,2026-08-31T23:32:00.9710000Z,6a960ef0485cab4c953db743,wenyi083126-1.stratalog.logdata.json
DialogueNodeEvent:18:176,dialogue,1,DialogueEvent,Unit 2 Prod (Refactor),2026-08-31T23:32:01.7620000Z,2026-08-31T23:32:01.7620000Z,6a960ef1485cab4c953db745,wenyi083126-1.stratalog.logdata.json
DialogueNodeEvent:18:179,dialogue,1,DialogueEvent,Unit 2 Prod (Refactor),2026-08-31T23:09:00.5300000Z,2026-08-31T23:09:00.5300000Z,6a96098c485cab4c953da67d,wenyi083126-1.stratalog.logdata.json
DialogueNodeEvent:18:2,dialogue,1,DialogueEvent,Unit 2 Prod (Refactor),2026-08-31T23:07:31.6370000Z,2026-08-31T23:07:31.6370000Z,6a960933485cab4c953da5db,wenyi083126-1.stratalog.logdata.json
DialogueNodeEvent:18:209,dialogue,1,DialogueEvent,Unit 2 Prod (Refactor),2026-08-31T23:12:04.5170000Z,2026-08-31T23:12:04.5170000Z,6a960a44485cab4c953daa99,wenyi083126-1.stratalog.logdata.json
DialogueNodeEvent:18:21,dialogue,1,DialogueEvent,Unit 2 Prod (Refactor),2026-08-31T23:08:09.5080000Z,2026-08-31T23:08:09.5080000Z,6a960959485cab4c953da627,wenyi083126-1.stratalog.logdata.json
DialogueNodeEvent:18:210,dialogue,1,DialogueEvent,Unit 2 Prod (Refactor),2026-08-31T23:12:06.1680000Z,2026-08-31T23:12:06.1680000Z,6a960a45485cab4c953daa9b,wenyi083126-1.stratalog.logdata.json
DialogueNodeEvent:18:22,dialogue,1,DialogueEvent,Unit 2 Prod (Refactor),2026-08-31T23:08:12.3730000Z,2026-08-31T23:08:12.3730000Z,6a96095c485cab4c953da62d,wenyi083126-1.stratalog.logdata.json
DialogueNodeEvent:18:231,dialogue,1,DialogueEvent,Unit 2 Prod (Refactor),2026-08-31T23:16:55.2060000Z,2026-08-31T23:16:55.2060000Z,6a960b67485cab4c953dacdb,wenyi083126-1.stratalog.logdata.json
DialogueNodeEvent:18:24,dialogue,1,DialogueEvent,Unit 2 Prod (Refactor),2026-08-31T23:08:16.7260000Z,2026-08-31T23:08:16.7260000Z,6a960960485cab4c953da639,wenyi083126-1.stratalog.logdata.json
DialogueNodeEvent:18:243,dialogue,1,DialogueEvent,Unit 2 Prod (Refactor),2026-08-31T23:19:41.5860000Z,2026-08-31T23:19:41.5860000Z,6a960c0d485cab4c953daefb,wenyi083126-1.stratalog.logdata.json
DialogueNodeEvent:18:25,dialogue,1,DialogueEvent,Unit 2 Prod (Refactor),2026-08-31T23:08:19.7270000Z,2026-08-31T23:08:19.7270000Z,6a960963485cab4c953da63d,wenyi083126-1.stratalog.logdata.json
DialogueNodeEvent:18:269,dialogue,1,DialogueEvent,Unit 2 Prod (Refactor),2026-08-31T23:08:52.0090000Z,2026-08-31T23:08:52.0090000Z,6a960983485cab4c953da667,wenyi083126-1.stratalog.logdata.json
DialogueNodeEvent:18:271,dialogue,1,DialogueEvent,Unit 2 Prod (Refactor),2026-08-31T23:08:52.7430000Z,2026-08-31T23:08:52.7430000Z,6a960984485cab4c953da669,wenyi083126-1.stratalog.logdata.json
DialogueNodeEvent:18:273,dialogue,1,DialogueEvent,Unit 2 Prod (Refactor),2026-08-31T23:08:53.2430000Z,2026-08-31T23:08:53.2430000Z,6a960985485cab4c953da66b,wenyi083126-1.stratalog.logdata.json
DialogueNodeEvent:18:274,dialogue,1,DialogueEvent,Unit 2 Prod (Refactor),2026-08-31T23:19:07.0020000Z,2026-08-31T23:19:07.0020000Z,6a960bea485cab4c953dae39,wenyi083126-1.stratalog.logdata.json
DialogueNodeEvent:18:276,dialogue,1,DialogueEvent,Unit 2 Prod (Refactor),2026-08-31T23:19:29.0790000Z,2026-08-31T23:19:29.0790000Z,6a960c00485cab4c953dae89,wenyi083126-1.stratalog.logdata.json
DialogueNodeEvent:18:277,dialogue,1,DialogueEvent,Unit 2 Prod (Refactor),2026-08-31T23:19:30.6800000Z,2026-08-31T23:19:30.6800000Z,6a960c02485cab4c953dae8d,wenyi083126-1.stratalog.logdata.json
DialogueNodeEvent:18:279,dialogue,1,DialogueEvent,Unit 2 Prod (Refactor),2026-08-31T23:19:31.3640000Z,2026-08-31T23:19:31.3640000Z,6a960c03485cab4c953dae8f,wenyi083126-1.stratalog.logdata.json
DialogueNodeEvent:18:280,dialogue,1,DialogueEvent,Unit 2 Prod (Refactor),2026-08-31T23:11:54.1630000Z,2026-08-31T23:11:54.1630000Z,6a960a39485cab4c953daa7d,wenyi083126-1.stratalog.logdata.json
DialogueNodeEvent:18:281,dialogue,1,DialogueEvent,Unit 2 Prod (Refactor),2026-08-31T23:12:01.9000000Z,2026-08-31T23:12:01.9000000Z,6a960a41485cab4c953daa95,wenyi083126-1.stratalog.logdata.json
DialogueNodeEvent:18:282,dialogue,1,DialogueEvent,Unit 2 Prod (Refactor),2026-08-31T23:12:01.4830000Z,2026-08-31T23:12:01.4830000Z,6a960a41485cab4c953daa91,wenyi083126-1.stratalog.logdata.json
DialogueNodeEvent:18:283,dialogue,1,DialogueEvent,Unit 2 Prod (Refactor),2026-08-31T23:12:37.5590000Z,2026-08-31T23:12:37.5590000Z,6a960a65485cab4c953daac5,wenyi083126-1.stratalog.logdata.json
DialogueNodeEvent:18:284,dialogue,1,DialogueEvent,Unit 2 Prod (Refactor),2026-08-31T23:32:02.1230000Z,2026-08-31T23:32:02.1230000Z,6a960ef1485cab4c953db747,wenyi083126-1.stratalog.logdata.json
DialogueNodeEvent:18:287,dialogue,1,DialogueEvent,Unit 2 Prod (Refactor),2026-08-31T23:15:26.0800000Z,2026-08-31T23:15:26.0800000Z,6a960b0d485cab4c953dabff,wenyi083126-1.stratalog.logdata.json
DialogueNodeEvent:18:289,dialogue,1,DialogueEvent,Unit 2 Prod (Refactor),2026-08-31T23:15:28.9150000Z,2026-08-31T23:15:28.9150000Z,6a960b10485cab4c953dac0d,wenyi083126-1.stratalog.logdata.json
DialogueNodeEvent:18:290,dialogue,1,DialogueEvent,Unit 2 Prod (Refactor),2026-08-31T23:28:34.0220000Z,2026-08-31T23:28:34.0220000Z,6a960e21485cab4c953db585,wenyi083126-1.stratalog.logdata.json
DialogueNodeEvent:18:33,dialogue,1,DialogueEvent,Unit 2 Prod (Refactor),2026-08-31T23:08:36.8030000Z,2026-08-31T23:08:36.8030000Z,6a960974485cab4c953da64b,wenyi083126-1.stratalog.logdata.json
DialogueNodeEvent:18:34,dialogue,1,DialogueEvent,Unit 2 Prod (Refactor),2026-08-31T23:08:38.4360000Z,2026-08-31T23:08:38.4360000Z,6a960976485cab4c953da64f,wenyi083126-1.stratalog.logdata.json
DialogueNodeEvent:18:35,dialogue,1,DialogueEvent,Unit 2 Prod (Refactor),2026-08-31T23:08:46.6060000Z,2026-08-31T23:08:46.6060000Z,6a96097e485cab4c953da657,wenyi083126-1.stratalog.logdata.json
DialogueNodeEvent:18:36,dialogue,1,DialogueEvent,Unit 2 Prod (Refactor),2026-08-31T23:08:47.5240000Z,2026-08-31T23:08:47.5240000Z,6a96097f485cab4c953da659,wenyi083126-1.stratalog.logdata.json
DialogueNodeEvent:18:37,dialogue,1,DialogueEvent,Unit 2 Prod (Refactor),2026-08-31T23:08:47.9900000Z,2026-08-31T23:08:47.9900000Z,6a96097f485cab4c953da65b,wenyi083126-1.stratalog.logdata.json
DialogueNodeEvent:18:38,dialogue,1,DialogueEvent,Unit 2 Prod (Refactor),2026-08-31T23:08:48.9410000Z,2026-08-31T23:08:48.9410000Z,6a960980485cab4c953da65d,wenyi083126-1.stratalog.logdata.json
DialogueNodeEvent:18:39,dialogue,1,DialogueEvent,Unit 2 Prod (Refactor),2026-08-31T23:08:48.9430000Z,2026-08-31T23:08:48.9430000Z,6a960980485cab4c953da65f,wenyi083126-1.stratalog.logdata.json
DialogueNodeEvent:18:4,dialogue,1,DialogueEvent,Unit 2 Prod (Refactor),2026-08-31T23:07:32.2880000Z,2026-08-31T23:07:32.2880000Z,6a960934485cab4c953da5df,wenyi083126-1.stratalog.logdata.json
DialogueNodeEvent:18:41,dialogue,1,DialogueEvent,Unit 2 Prod (Refactor),2026-08-31T23:10:20.2530000Z,2026-08-31T23:10:20.2530000Z,6a9609dc485cab4c953daa19,wenyi083126-1.stratalog.logdata.json
DialogueNodeEvent:18:47,dialogue,1,DialogueEvent,Unit 2 Prod (Refactor),2026-08-31T23:10:26.2710000Z,2026-08-31T23:10:26.2710000Z,6a9609e2485cab4c953daa21,wenyi083126-1.stratalog.logdata.json
DialogueNodeEvent:18:56,dialogue,1,DialogueEvent,Unit 2 Prod (Refactor),2026-08-31T23:11:31.1870000Z,2026-08-31T23:11:31.1870000Z,6a960a23485cab4c953daa69,wenyi083126-1.stratalog.logdata.json
DialogueNodeEvent:18:59,dialogue,1,DialogueEvent,Unit 2 Prod (Refactor),2026-08-31T23:11:47.6600000Z,2026-08-31T23:11:47.6600000Z,6a960a33485cab4c953daa73,wenyi083126-1.stratalog.logdata.json
DialogueNodeEvent:18:6,dialogue,1,DialogueEvent,Unit 2 Prod (Refactor),2026-08-31T23:07:34.8390000Z,2026-08-31T23:07:34.8390000Z,6a960936485cab4c953da5e1,wenyi083126-1.stratalog.logdata.json
DialogueNodeEvent:18:61,dialogue,1,DialogueEvent,Unit 2 Prod (Refactor),2026-08-31T23:11:55.2290000Z,2026-08-31T23:11:55.2290000Z,6a960a3b485cab4c953daa81,wenyi083126-1.stratalog.logdata.json
DialogueNodeEvent:18:63,dialogue,1,DialogueEvent,Unit 2 Prod (Refactor),2026-08-31T23:11:56.2630000Z,2026-08-31T23:11:56.2630000Z,6a960a3c485cab4c953daa83,wenyi083126-1.stratalog.logdata.json
DialogueNodeEvent:18:64,dialogue,1,DialogueEvent,Unit 2 Prod (Refactor),2026-08-31T23:11:56.6140000Z,2026-08-31T23:11:56.6140000Z,6a960a3c485cab4c953daa85,wenyi083126-1.stratalog.logdata.json
DialogueNodeEvent:18:65,dialogue,1,DialogueEvent,Unit 2 Prod (Refactor),2026-08-31T23:11:56.9970000Z,2026-08-31T23:11:56.9970000Z,6a960a3c485cab4c953daa87,wenyi083126-1.stratalog.logdata.json
DialogueNodeEvent:18:67,dialogue,1,DialogueEvent,Unit 2 Prod (Refactor),2026-08-31T23:11:58.8810000Z,2026-08-31T23:11:58.8810000Z,6a960a3e485cab4c953daa89,wenyi083126-1.stratalog.logdata.json
DialogueNodeEvent:18:68,dialogue,1,DialogueEvent,Unit 2 Prod (Refactor),2026-08-31T23:11:59.6820000Z,2026-08-31T23:11:59.6820000Z,6a960a3f485cab4c953daa8b,wenyi083126-1.stratalog.logdata.json
DialogueNodeEvent:18:69,dialogue,1,DialogueEvent,Unit 2 Prod (Refactor),2026-08-31T23:12:00.0490000Z,2026-08-31T23:12:00.0490000Z,6a960a3f485cab4c953daa8d,wenyi083126-1.stratalog.logdata.json
DialogueNodeEvent:18:7,dialogue,1,DialogueEvent,Unit 2 Prod (Refactor),2026-08-31T23:07:35.5890000Z,2026-08-31T23:07:35.5890000Z,6a960937485cab4c953da5e3,wenyi083126-1.stratalog.logdata.json
DialogueNodeEvent:18:71,dialogue,1,DialogueEvent,Unit 2 Prod (Refactor),2026-08-31T23:12:00.8160000Z,2026-08-31T23:12:00.8160000Z,6a960a40485cab4c953daa8f,wenyi083126-1.stratalog.logdata.json
DialogueNodeEvent:18:72,dialogue,1,DialogueEvent,Unit 2 Prod (Refactor),2026-08-31T23:12:03.7840000Z,2026-08-31T23:12:03.7840000Z,6a960a43485cab4c953daa97,wenyi083126-1.stratalog.logdata.json
DialogueNodeEvent:18:75,dialogue,1,DialogueEvent,Unit 2 Prod (Refactor),2026-08-31T23:12:07.0350000Z,2026-08-31T23:12:07.0350000Z,6a960a46485cab4c953daa9d,wenyi083126-1.stratalog.logdata.json
DialogueNodeEvent:18:76,dialogue,1,DialogueEvent,Unit 2 Prod (Refactor),2026-08-31T23:12:07.4350000Z,2026-08-31T23:12:07.4350000Z,6a960a47485cab4c953daa9f,wenyi083126-1.stratalog.logdata.json
DialogueNodeEvent:18:77,dialogue,1,DialogueEvent,Unit 2 Prod (Refactor),2026-08-31T23:12:07.9520000Z,2026-08-31T23:12:07.9520000Z,6a960a47485cab4c953daaa1,wenyi083126-1.stratalog.logdata.json
DialogueNodeEvent:18:79,dialogue,1,DialogueEvent,Unit 2 Prod (Refactor),2026-08-31T23:12:08.4690000Z,2026-08-31T23:12:08.4690000Z,6a960a48485cab4c953daaa3,wenyi083126-1.stratalog.logdata.json
DialogueNodeEvent:18:8,dialogue,1,DialogueEvent,Unit 2 Prod (Refactor),2026-08-31T23:07:37.6570000Z,2026-08-31T23:07:37.6570000Z,6a960939485cab4c953da5e5,wenyi083126-1.stratalog.logdata.json
DialogueNodeEvent:18:80,dialogue,1,DialogueEvent,Unit 2 Prod (Refactor),2026-08-31T23:12:10.3530000Z,2026-08-31T23:12:10.3530000Z,6a960a4a485cab4c953daaa5,wenyi083126-1.stratalog.logdata.json
DialogueNodeEvent:18:82,dialogue,1,DialogueEvent,Unit 2 Prod (Refactor),2026-08-31T23:12:10.9700000Z,2026-08-31T23:12:10.9700000Z,6a960a4a485cab4c953daaa7,wenyi083126-1.stratalog.logdata.json
DialogueNodeEvent:18:87,dialogue,1,DialogueEvent,Unit 2 Prod (Refactor),2026-08-31T23:12:12.9380000Z,2026-08-31T23:12:12.9380000Z,6a960a4c485cab4c953daaab,wenyi083126-1.stratalog.logdata.json
DialogueNodeEvent:18:89,dialogue,1,DialogueEvent,Unit 2 Prod (Refactor),2026-08-31T23:12:13.6560000Z,2026-08-31T23:12:13.6560000Z,6a960a4d485cab4c953daaad,wenyi083126-1.stratalog.logdata.json
DialogueNodeEvent:18:91,dialogue,1,DialogueEvent,Unit 2 Prod (Refactor),2026-08-31T23:12:32.7660000Z,2026-08-31T23:12:32.7660000Z,6a960a60485cab4c953daab7,wenyi083126-1.stratalog.logdata.json
DialogueNodeEvent:18:92,dialogue,1,DialogueEvent,Unit 2 Prod (Refactor),2026-08-31T23:12:34.3140000Z,2026-08-31T23:12:34.3140000Z,6a960a62485cab4c953daabb,wenyi083126-1.stratalog.logdata.json
DialogueNodeEvent:18:93,dialogue,1,DialogueEvent,Unit 2 Prod (Refactor),2026-08-31T23:12:35.8990000Z,2026-08-31T23:12:35.8990000Z,6a960a63485cab4c953daabd,wenyi083126-1.stratalog.logdata.json
DialogueNodeEvent:18:95,dialogue,1,DialogueEvent,Unit 2 Prod (Refactor),2026-08-31T23:12:36.6660000Z,2026-08-31T23:12:36.6660000Z,6a960a64485cab4c953daabf,wenyi083126-1.stratalog.logdata.json
DialogueNodeEvent:18:98,dialogue,1,DialogueEvent,Unit 2 Prod (Refactor),2026-08-31T23:12:37.0660000Z,2026-08-31T23:12:37.0660000Z,6a960a64485cab4c953daac1,wenyi083126-1.stratalog.logdata.json
DialogueNodeEvent:19:0,dialogue,2,DialogueEvent,Unit 2 Prod (Refactor),2026-08-31T23:13:19.3210000Z,2026-08-31T23:28:42.6440000Z,6a960a8f485cab4c953daaf5,wenyi083126-1.stratalog.logdata.json
DialogueNodeEvent:19:1,dialogue,1,DialogueEvent,Unit 2 Prod (Refactor),2026-08-31T23:13:19.3240000Z,2026-08-31T23:13:19.3240000Z,6a960a8f485cab4c953daaf9,wenyi083126-1.stratalog.logdata.json
DialogueNodeEvent:19:16,dialogue,1,DialogueEvent,Unit 2 Prod (Refactor),2026-08-31T23:28:42.6470000Z,2026-08-31T23:28:42.6470000Z,6a960e2a485cab4c953db5a1,wenyi083126-1.stratalog.logdata.json
DialogueNodeEvent:19:17,dialogue,1,DialogueEvent,Unit 2 Prod (Refactor),2026-08-31T23:28:44.0770000Z,2026-08-31T23:28:44.0770000Z,6a960e2b485cab4c953db5a5,wenyi083126-1.stratalog.logdata.json
DialogueNodeEvent:19:19,dialogue,1,DialogueEvent,Unit 2 Prod (Refactor),2026-08-31T23:28:45.1440000Z,2026-08-31T23:28:45.1440000Z,6a960e2c485cab4c953db5a7,wenyi083126-1.stratalog.logdata.json
DialogueNodeEvent:19:2,dialogue,1,DialogueEvent,Unit 2 Prod (Refactor),2026-08-31T23:13:21.0540000Z,2026-08-31T23:13:21.0540000Z,6a960a90485cab4c953daafd,wenyi083126-1.stratalog.logdata.json
DialogueNodeEvent:19:20,dialogue,1,DialogueEvent,Unit 2 Prod (Refactor),2026-08-31T23:28:46.2620000Z,2026-08-31T23:28:46.2620000Z,6a960e2e485cab4c953db5a9,wenyi083126-1.stratalog.logdata.json
DialogueNodeEvent:19:21,dialogue,1,DialogueEvent,Unit 2 Prod (Refactor),2026-08-31T23:28:46.7620000Z,2026-08-31T23:28:46.7620000Z,6a960e2e485cab4c953db5ab,wenyi083126-1.stratalog.logdata.json
DialogueNodeEvent:19:26,dialogue,1,DialogueEvent,Unit 2 Prod (Refactor),2026-08-31T23:28:51.6640000Z,2026-08-31T23:28:51.6640000Z,6a960e33485cab4c953db5af,wenyi083126-1.stratalog.logdata.json
DialogueNodeEvent:19:29,dialogue,1,DialogueEvent,Unit 2 Prod (Refactor),2026-08-31T23:28:52.4480000Z,2026-08-31T23:28:52.4480000Z,6a960e34485cab4c953db5b1,wenyi083126-1.stratalog.logdata.json
DialogueNodeEvent:19:30,dialogue,1,DialogueEvent,Unit 2 Prod (Refactor),2026-08-31T23:28:52.7980000Z,2026-08-31T23:28:52.7980000Z,6a960e34485cab4c953db5b3,wenyi083126-1.stratalog.logdata.json
DialogueNodeEvent:19:31,dialogue,1,DialogueEvent,Unit 2 Prod (Refactor),2026-08-31T23:28:55.2490000Z,2026-08-31T23:28:55.2490000Z,6a960e37485cab4c953db5b7,wenyi083126-1.stratalog.logdata.json
DialogueNodeEvent:19:32,dialogue,1,DialogueEvent,Unit 2 Prod (Refactor),2026-08-31T23:28:55.9670000Z,2026-08-31T23:28:55.9670000Z,6a960e37485cab4c953db5b9,wenyi083126-1.stratalog.logdata.json
DialogueNodeEvent:19:4,dialogue,1,DialogueEvent,Unit 2 Prod (Refactor),2026-08-31T23:13:38.4140000Z,2026-08-31T23:13:38.4140000Z,6a960aa2485cab4c953dab3b,wenyi083126-1.stratalog.logdata.json
DialogueNodeEvent:19:46,dialogue,1,DialogueEvent,Unit 2 Prod (Refactor),2026-08-31T23:13:41.5490000Z,2026-08-31T23:13:41.5490000Z,6a960aa5485cab4c953dab47,wenyi083126-1.stratalog.logdata.json
DialogueNodeEvent:19:47,dialogue,1,DialogueEvent,Unit 2 Prod (Refactor),2026-08-31T23:28:47.4620000Z,2026-08-31T23:28:47.4620000Z,6a960e2f485cab4c953db5ad,wenyi083126-1.stratalog.logdata.json
DialogueNodeEvent:19:48,dialogue,1,DialogueEvent,Unit 2 Prod (Refactor),2026-08-31T23:13:41.0800000Z,2026-08-31T23:13:41.0800000Z,6a960aa4485cab4c953dab43,wenyi083126-1.stratalog.logdata.json
DialogueNodeEvent:19:49,dialogue,1,DialogueEvent,Unit 2 Prod (Refactor),2026-08-31T23:13:20.4870000Z,2026-08-31T23:13:20.4870000Z,6a960a90485cab4c953daafb,wenyi083126-1.stratalog.logdata.json
DialogueNodeEvent:19:5,dialogue,1,DialogueEvent,Unit 2 Prod (Refactor),2026-08-31T23:13:40.0130000Z,2026-08-31T23:13:40.0130000Z,6a960aa3485cab4c953dab3d,wenyi083126-1.stratalog.logdata.json
DialogueNodeEvent:19:50,dialogue,1,DialogueEvent,Unit 2 Prod (Refactor),2026-08-31T23:13:21.5100000Z,2026-08-31T23:13:21.5100000Z,6a960a91485cab4c953dab03,wenyi083126-1.stratalog.logdata.json
DialogueNodeEvent:19:51,dialogue,1,DialogueEvent,Unit 2 Prod (Refactor),2026-08-31T23:13:25.3910000Z,2026-08-31T23:13:25.3910000Z,6a960a95485cab4c953dab11,wenyi083126-1.stratalog.logdata.json
DialogueNodeEvent:19:52,dialogue,1,DialogueEvent,Unit 2 Prod (Refactor),2026-08-31T23:13:27.7080000Z,2026-08-31T23:13:27.7080000Z,6a960a97485cab4c953dab17,wenyi083126-1.stratalog.logdata.json
DialogueNodeEvent:19:53,dialogue,1,DialogueEvent,Unit 2 Prod (Refactor),2026-08-31T23:13:34.6280000Z,2026-08-31T23:13:34.6280000Z,6a960a9e485cab4c953dab2f,wenyi083126-1.stratalog.logdata.json
DialogueNodeEvent:19:54,dialogue,1,DialogueEvent,Unit 2 Prod (Refactor),2026-08-31T23:13:37.3280000Z,2026-08-31T23:13:37.3280000Z,6a960aa1485cab4c953dab35,wenyi083126-1.stratalog.logdata.json
DialogueNodeEvent:19:56,dialogue,1,DialogueEvent,Unit 2 Prod (Refactor),2026-08-31T23:13:38.0290000Z,2026-08-31T23:13:38.0290000Z,6a960aa1485cab4c953dab37,wenyi083126-1.stratalog.logdata.json
DialogueNodeEvent:19:58,dialogue,1,DialogueEvent,Unit 2 Prod (Refactor),2026-08-31T23:13:41.5470000Z,2026-08-31T23:13:41.5470000Z,6a960aa5485cab4c953dab45,wenyi083126-1.stratalog.logdata.json
DialogueNodeEvent:19:59,dialogue,1,DialogueEvent,Unit 2 Prod (Refactor),2026-08-31T23:13:21.5050000Z,2026-08-31T23:13:21.5050000Z,6a960a91485cab4c953daaff,wenyi083126-1.stratalog.logdata.json
DialogueNodeEvent:19:60,dialogue,1,DialogueEvent,Unit 2 Prod (Refactor),2026-08-31T23:13:48.1860000Z,2026-08-31T23:13:48.1860000Z,6a960aac485cab4c953dab59,wenyi083126-1.stratalog.logdata.json
DialogueNodeEvent:19:7,dialogue,1,DialogueEvent,Unit 2 Prod (Refactor),2026-08-31T23:13:40.6980000Z,2026-08-31T23:13:40.6980000Z,6a960aa4485cab4c953dab41,wenyi083126-1.stratalog.logdata.json
DialogueNodeEvent:20:0,dialogue,1,DialogueEvent,Unit 2 Prod (Refactor),2026-08-31T23:32:08.3080000Z,2026-08-31T23:32:08.3080000Z,6a960ef8485cab4c953db753,wenyi083126-1.stratalog.logdata.json
DialogueNodeEvent:20:1,dialogue,1,DialogueEvent,Unit 2 Prod (Refactor),2026-08-31T23:14:25.0520000Z,2026-08-31T23:14:25.0520000Z,6a960ad0485cab4c953dab97,wenyi083126-1.stratalog.logdata.json
DialogueNodeEvent:20:10,dialogue,1,DialogueEvent,Unit 2 Prod (Refactor),2026-08-31T23:14:55.4820000Z,2026-08-31T23:14:55.4820000Z,6a960aef485cab4c953dabb7,wenyi083126-1.stratalog.logdata.json
DialogueNodeEvent:20:110,dialogue,1,DialogueEvent,Unit 2 Prod (Refactor),2026-08-31T23:32:13.6770000Z,2026-08-31T23:32:13.6770000Z,6a960efd485cab4c953db767,wenyi083126-1.stratalog.logdata.json
DialogueNodeEvent:20:111,dialogue,1,DialogueEvent,Unit 2 Prod (Refactor),2026-08-31T23:15:07.4580000Z,2026-08-31T23:15:07.4580000Z,6a960afb485cab4c953dabdb,wenyi083126-1.stratalog.logdata.json
DialogueNodeEvent:20:13,dialogue,1,DialogueEvent,Unit 2 Prod (Refactor),2026-08-31T23:14:56.2490000Z,2026-08-31T23:14:56.2490000Z,6a960af0485cab4c953dabb9,wenyi083126-1.stratalog.logdata.json
DialogueNodeEvent:20:15,dialogue,1,DialogueEvent,Unit 2 Prod (Refactor),2026-08-31T23:14:56.6500000Z,2026-08-31T23:14:56.6500000Z,6a960af0485cab4c953dabbb,wenyi083126-1.stratalog.logdata.json
DialogueNodeEvent:20:17,dialogue,1,DialogueEvent,Unit 2 Prod (Refactor),2026-08-31T23:14:57.0830000Z,2026-08-31T23:14:57.0830000Z,6a960af0485cab4c953dabbd,wenyi083126-1.stratalog.logdata.json
DialogueNodeEvent:20:18,dialogue,1,DialogueEvent,Unit 2 Prod (Refactor),2026-08-31T23:15:00.1340000Z,2026-08-31T23:15:00.1340000Z,6a960af3485cab4c953dabbf,wenyi083126-1.stratalog.logdata.json
DialogueNodeEvent:20:20,dialogue,1,DialogueEvent,Unit 2 Prod (Refactor),2026-08-31T23:15:00.7680000Z,2026-08-31T23:15:00.7680000Z,6a960af4485cab4c953dabc1,wenyi083126-1.stratalog.logdata.json
DialogueNodeEvent:20:21,dialogue,1,DialogueEvent,Unit 2 Prod (Refactor),2026-08-31T23:15:01.0850000Z,2026-08-31T23:15:01.0850000Z,6a960af4485cab4c953dabc3,wenyi083126-1.stratalog.logdata.json
DialogueNodeEvent:20:22,dialogue,1,DialogueEvent,Unit 2 Prod (Refactor),2026-08-31T23:15:02.6690000Z,2026-08-31T23:15:02.6690000Z,6a960af6485cab4c953dabc7,wenyi083126-1.stratalog.logdata.json
DialogueNodeEvent:20:24,dialogue,1,DialogueEvent,Unit 2 Prod (Refactor),2026-08-31T23:15:03.4690000Z,2026-08-31T23:15:03.4690000Z,6a960af7485cab4c953dabc9,wenyi083126-1.stratalog.logdata.json
DialogueNodeEvent:20:26,dialogue,1,DialogueEvent,Unit 2 Prod (Refactor),2026-08-31T23:15:03.7870000Z,2026-08-31T23:15:03.7870000Z,6a960af7485cab4c953dabcb,wenyi083126-1.stratalog.logdata.json
DialogueNodeEvent:20:27,dialogue,1,DialogueEvent,Unit 2 Prod (Refactor),2026-08-31T23:15:04.1790000Z,2026-08-31T23:15:04.1790000Z,6a960af8485cab4c953dabcd,wenyi083126-1.stratalog.logdata.json
DialogueNodeEvent:20:28,dialogue,1,DialogueEvent,Unit 2 Prod (Refactor),2026-08-31T23:15:05.9370000Z,2026-08-31T23:15:05.9370000Z,6a960af9485cab4c953dabd1,wenyi083126-1.stratalog.logdata.json
DialogueNodeEvent:20:30,dialogue,1,DialogueEvent,Unit 2 Prod (Refactor),2026-08-31T23:15:06.7040000Z,2026-08-31T23:15:06.7040000Z,6a960afa485cab4c953dabd3,wenyi083126-1.stratalog.logdata.json
DialogueNodeEvent:20:31,dialogue,1,DialogueEvent,Unit 2 Prod (Refactor),2026-08-31T23:15:07.0550000Z,2026-08-31T23:15:07.0550000Z,6a960afa485cab4c953dabd5,wenyi083126-1.stratalog.logdata.json
DialogueNodeEvent:20:33,dialogue,1,DialogueEvent,Unit 2 Prod (Refactor),2026-08-31T23:15:07.4580000Z,2026-08-31T23:15:07.4580000Z,6a960afb485cab4c953dabdd,wenyi083126-1.stratalog.logdata.json
DialogueNodeEvent:20:35,dialogue,1,DialogueEvent,Unit 2 Prod (Refactor),2026-08-31T23:32:08.3110000Z,2026-08-31T23:32:08.3110000Z,6a960ef8485cab4c953db757,wenyi083126-1.stratalog.logdata.json
DialogueNodeEvent:20:36,dialogue,1,DialogueEvent,Unit 2 Prod (Refactor),2026-08-31T23:32:09.1910000Z,2026-08-31T23:32:09.1910000Z,6a960ef8485cab4c953db759,wenyi083126-1.stratalog.logdata.json
DialogueNodeEvent:20:37,dialogue,1,DialogueEvent,Unit 2 Prod (Refactor),2026-08-31T23:32:09.7920000Z,2026-08-31T23:32:09.7920000Z,6a960ef9485cab4c953db75b,wenyi083126-1.stratalog.logdata.json
DialogueNodeEvent:20:4,dialogue,1,DialogueEvent,Unit 2 Prod (Refactor),2026-08-31T23:14:36.5100000Z,2026-08-31T23:14:36.5100000Z,6a960adc485cab4c953daba1,wenyi083126-1.stratalog.logdata.json
DialogueNodeEvent:20:41,dialogue,1,DialogueEvent,Unit 2 Prod (Refactor),2026-08-31T23:32:10.2420000Z,2026-08-31T23:32:10.2420000Z,6a960efa485cab4c953db75d,wenyi083126-1.stratalog.logdata.json
DialogueNodeEvent:20:42,dialogue,1,DialogueEvent,Unit 2 Prod (Refactor),2026-08-31T23:32:10.7090000Z,2026-08-31T23:32:10.7090000Z,6a960efa485cab4c953db75f,wenyi083126-1.stratalog.logdata.json
DialogueNodeEvent:20:43,dialogue,1,DialogueEvent,Unit 2 Prod (Refactor),2026-08-31T23:32:12.6930000Z,2026-08-31T23:32:12.6930000Z,6a960efc485cab4c953db761,wenyi083126-1.stratalog.logdata.json
DialogueNodeEvent:20:46,dialogue,1,DialogueEvent,Unit 2 Prod (Refactor),2026-08-31T23:32:13.4100000Z,2026-08-31T23:32:13.4100000Z,6a960efd485cab4c953db765,wenyi083126-1.stratalog.logdata.json
DialogueNodeEvent:20:5,dialogue,1,DialogueEvent,Unit 2 Prod (Refactor),2026-08-31T23:14:49.8980000Z,2026-08-31T23:14:49.8980000Z,6a960ae9485cab4c953dabab,wenyi083126-1.stratalog.logdata.json
DialogueNodeEvent:20:50,dialogue,1,DialogueEvent,Unit 2 Prod (Refactor),2026-08-31T23:32:15.6780000Z,2026-08-31T23:32:15.6780000Z,6a960eff485cab4c953db769,wenyi083126-1.stratalog.logdata.json
DialogueNodeEvent:20:55,dialogue,1,DialogueEvent,Unit 2 Prod (Refactor),2026-08-31T23:32:16.3620000Z,2026-08-31T23:32:16.3620000Z,6a960f00485cab4c953db76b,wenyi083126-1.stratalog.logdata.json
DialogueNodeEvent:20:57,dialogue,1,DialogueEvent,Unit 2 Prod (Refactor),2026-08-31T23:32:18.1120000Z,2026-08-31T23:32:18.1120000Z,6a960f01485cab4c953db76d,wenyi083126-1.stratalog.logdata.json
DialogueNodeEvent:20:6,dialogue,1,DialogueEvent,Unit 2 Prod (Refactor),2026-08-31T23:14:52.8640000Z,2026-08-31T23:14:52.8640000Z,6a960aec485cab4c953dabb1,wenyi083126-1.stratalog.logdata.json
DialogueNodeEvent:20:62,dialogue,1,DialogueEvent,Unit 2 Prod (Refactor),2026-08-31T23:32:18.8820000Z,2026-08-31T23:32:18.8820000Z,6a960f02485cab4c953db771,wenyi083126-1.stratalog.logdata.json
DialogueNodeEvent:20:63,dialogue,1,DialogueEvent,Unit 2 Prod (Refactor),2026-08-31T23:32:19.2140000Z,2026-08-31T23:32:19.2140000Z,6a960f03485cab4c953db775,wenyi083126-1.stratalog.logdata.json
DialogueNodeEvent:20:64,dialogue,1,DialogueEvent,Unit 2 Prod (Refactor),2026-08-31T23:32:42.1750000Z,2026-08-31T23:32:42.1750000Z,6a960f1a485cab4c953db7d1,wenyi083126-1.stratalog.logdata.json
DialogueNodeEvent:20:65,dialogue,1,DialogueEvent,Unit 2 Prod (Refactor),2026-08-31T23:32:42.6080000Z,2026-08-31T23:32:42.6080000Z,6a960f1a485cab4c953db7d3,wenyi083126-1.stratalog.logdata.json
DialogueNodeEvent:20:66,dialogue,1,DialogueEvent,Unit 2 Prod (Refactor),2026-08-31T23:32:43.0410000Z,2026-08-31T23:32:43.0410000Z,6a960f1a485cab4c953db7d5,wenyi083126-1.stratalog.logdata.json
DialogueNodeEvent:20:67,dialogue,1,DialogueEvent,Unit 2 Prod (Refactor),2026-08-31T23:32:43.4410000Z,2026-08-31T23:32:43.4410000Z,6a960f1b485cab4c953db7d9,wenyi083126-1.stratalog.logdata.json
DialogueNodeEvent:20:68,dialogue,1,DialogueEvent,Unit 2 Prod (Refactor),2026-08-31T23:32:43.8420000Z,2026-08-31T23:32:43.8420000Z,6a960f1b485cab4c953db7db,wenyi083126-1.stratalog.logdata.json
DialogueNodeEvent:20:69,dialogue,1,DialogueEvent,Unit 2 Prod (Refactor),2026-08-31T23:32:44.2920000Z,2026-08-31T23:32:44.2920000Z,6a960f1c485cab4c953db7dd,wenyi083126-1.stratalog.logdata.json
DialogueNodeEvent:20:70,dialogue,1,DialogueEvent,Unit 2 Prod (Refactor),2026-08-31T23:32:44.7250000Z,2026-08-31T23:32:44.7250000Z,6a960f1c485cab4c953db7df,wenyi083126-1.stratalog.logdata.json
DialogueNodeEvent:20:71,dialogue,1,DialogueEvent,Unit 2 Prod (Refactor),2026-08-31T23:32:46.4590000Z,2026-08-31T23:32:46.4590000Z,6a960f1e485cab4c953db7e1,wenyi083126-1.stratalog.logdata.json
DialogueNodeEvent:20:73,dialogue,1,DialogueEvent,Unit 2 Prod (Refactor),2026-08-31T23:32:47.0760000Z,2026-08-31T23:32:47.0760000Z,6a960f1e485cab4c953db7e3,wenyi083126-1.stratalog.logdata.json
DialogueNodeEvent:20:74,dialogue,1,DialogueEvent,Unit 2 Prod (Refactor),2026-08-31T23:32:49.3770000Z,2026-08-31T23:32:49.3770000Z,6a960f21485cab4c953db7e5,wenyi083126-1.stratalog.logdata.json
DialogueNodeEvent:20:76,dialogue,1,DialogueEvent,Unit 2 Prod (Refactor),2026-08-31T23:32:50.0030000Z,2026-08-31T23:32:50.0030000Z,6a960f21485cab4c953db7e9,wenyi083126-1.stratalog.logdata.json
DialogueNodeEvent:20:8,dialogue,1,DialogueEvent,Unit 2 Prod (Refactor),2026-08-31T23:14:53.6310000Z,2026-08-31T23:14:53.6310000Z,6a960aed485cab4c953dabb3,wenyi083126-1.stratalog.logdata.json
DialogueNodeEvent:21:0,dialogue,1,DialogueEvent,Unit 2 Prod (Refactor),2026-08-31T23:28:59.5190000Z,2026-08-31T23:28:59.5190000Z,6a960e3b485cab4c953db5c7,wenyi083126-1.stratalog.logdata.json
DialogueNodeEvent:21:1,dialogue,1,DialogueEvent,Unit 2 Prod (Refactor),2026-08-31T23:15:55.7460000Z,2026-08-31T23:15:55.7460000Z,6a960b2b485cab4c953dac5b,wenyi083126-1.stratalog.logdata.json
DialogueNodeEvent:21:10,dialogue,1,DialogueEvent,Unit 2 Prod (Refactor),2026-08-31T23:16:01.3640000Z,2026-08-31T23:16:01.3640000Z,6a960b31485cab4c953dac75,wenyi083126-1.stratalog.logdata.json
DialogueNodeEvent:21:11,dialogue,1,DialogueEvent,Unit 2 Prod (Refactor),2026-08-31T23:16:01.9150000Z,2026-08-31T23:16:01.9150000Z,6a960b31485cab4c953dac77,wenyi083126-1.stratalog.logdata.json
DialogueNodeEvent:21:12,dialogue,1,DialogueEvent,Unit 2 Prod (Refactor),2026-08-31T23:16:03.8480000Z,2026-08-31T23:16:03.8480000Z,6a960b33485cab4c953dac79,wenyi083126-1.stratalog.logdata.json
DialogueNodeEvent:21:15,dialogue,1,DialogueEvent,Unit 2 Prod (Refactor),2026-08-31T23:16:04.8520000Z,2026-08-31T23:16:04.8520000Z,6a960b34485cab4c953dac83,wenyi083126-1.stratalog.logdata.json
DialogueNodeEvent:21:19,dialogue,1,DialogueEvent,Unit 2 Prod (Refactor),2026-08-31T23:23:29.9300000Z,2026-08-31T23:23:29.9300000Z,6a960cf1485cab4c953db363,wenyi083126-1.stratalog.logdata.json
DialogueNodeEvent:21:2,dialogue,1,DialogueEvent,Unit 2 Prod (Refactor),2026-08-31T23:15:58.6620000Z,2026-08-31T23:15:58.6620000Z,6a960b2e485cab4c953dac5f,wenyi083126-1.stratalog.logdata.json
DialogueNodeEvent:21:20,dialogue,1,DialogueEvent,Unit 2 Prod (Refactor),2026-08-31T23:23:32.2300000Z,2026-08-31T23:23:32.2300000Z,6a960cf4485cab4c953db369,wenyi083126-1.stratalog.logdata.json
DialogueNodeEvent:21:21,dialogue,1,DialogueEvent,Unit 2 Prod (Refactor),2026-08-31T23:23:35.0300000Z,2026-08-31T23:23:35.0300000Z,6a960cf6485cab4c953db371,wenyi083126-1.stratalog.logdata.json
DialogueNodeEvent:21:22,dialogue,1,DialogueEvent,Unit 2 Prod (Refactor),2026-08-31T23:23:53.8070000Z,2026-08-31T23:23:53.8070000Z,6a960d09485cab4c953db391,wenyi083126-1.stratalog.logdata.json
DialogueNodeEvent:21:23,dialogue,1,DialogueEvent,Unit 2 Prod (Refactor),2026-08-31T23:24:05.7460000Z,2026-08-31T23:24:05.7460000Z,6a960d15485cab4c953db3b7,wenyi083126-1.stratalog.logdata.json
DialogueNodeEvent:21:24,dialogue,1,DialogueEvent,Unit 2 Prod (Refactor),2026-08-31T23:24:16.8020000Z,2026-08-31T23:24:16.8020000Z,6a960d20485cab4c953db3d7,wenyi083126-1.stratalog.logdata.json
DialogueNodeEvent:21:25,dialogue,1,DialogueEvent,Unit 2 Prod (Refactor),2026-08-31T23:24:23.0530000Z,2026-08-31T23:24:23.0530000Z,6a960d26485cab4c953db3ed,wenyi083126-1.stratalog.logdata.json
DialogueNodeEvent:21:28,dialogue,1,DialogueEvent,Unit 2 Prod (Refactor),2026-08-31T23:24:35.1100000Z,2026-08-31T23:24:35.1100000Z,6a960d32485cab4c953db3fd,wenyi083126-1.stratalog.logdata.json
DialogueNodeEvent:21:29,dialogue,1,DialogueEvent,Unit 2 Prod (Refactor),2026-08-31T23:24:40.5940000Z,2026-08-31T23:24:40.5940000Z,6a960d38485cab4c953db40d,wenyi083126-1.stratalog.logdata.json
DialogueNodeEvent:21:30,dialogue,1,DialogueEvent,Unit 2 Prod (Refactor),2026-08-31T23:24:56.9040000Z,2026-08-31T23:24:56.9040000Z,6a960d48485cab4c953db42f,wenyi083126-1.stratalog.logdata.json
DialogueNodeEvent:21:31,dialogue,1,DialogueEvent,Unit 2 Prod (Refactor),2026-08-31T23:25:08.1100000Z,2026-08-31T23:25:08.1100000Z,6a960d54485cab4c953db45d,wenyi083126-1.stratalog.logdata.json
DialogueNodeEvent:21:32,dialogue,1,DialogueEvent,Unit 2 Prod (Refactor),2026-08-31T23:25:17.2970000Z,2026-08-31T23:25:17.2970000Z,6a960d5d485cab4c953db479,wenyi083126-1.stratalog.logdata.json
DialogueNodeEvent:21:33,dialogue,1,DialogueEvent,Unit 2 Prod (Refactor),2026-08-31T23:25:28.7010000Z,2026-08-31T23:25:28.7010000Z,6a960d68485cab4c953db48d,wenyi083126-1.stratalog.logdata.json
DialogueNodeEvent:21:34,dialogue,1,DialogueEvent,Unit 2 Prod (Refactor),2026-08-31T23:25:33.2030000Z,2026-08-31T23:25:33.2030000Z,6a960d6d485cab4c953db49f,wenyi083126-1.stratalog.logdata.json
DialogueNodeEvent:21:35,dialogue,1,DialogueEvent,Unit 2 Prod (Refactor),2026-08-31T23:25:38.1050000Z,2026-08-31T23:25:38.1050000Z,6a960d71485cab4c953db4a5,wenyi083126-1.stratalog.logdata.json
DialogueNodeEvent:21:36,dialogue,1,DialogueEvent,Unit 2 Prod (Refactor),2026-08-31T23:25:54.9470000Z,2026-08-31T23:25:54.9470000Z,6a960d82485cab4c953db4c1,wenyi083126-1.stratalog.logdata.json
DialogueNodeEvent:21:37,dialogue,1,DialogueEvent,Unit 2 Prod (Refactor),2026-08-31T23:26:01.7000000Z,2026-08-31T23:26:01.7000000Z,6a960d89485cab4c953db4c3,wenyi083126-1.stratalog.logdata.json
DialogueNodeEvent:21:38,dialogue,1,DialogueEvent,Unit 2 Prod (Refactor),2026-08-31T23:26:10.1040000Z,2026-08-31T23:26:10.1040000Z,6a960d91485cab4c953db4c9,wenyi083126-1.stratalog.logdata.json
DialogueNodeEvent:21:39,dialogue,1,DialogueEvent,Unit 2 Prod (Refactor),2026-08-31T23:26:16.3090000Z,2026-08-31T23:26:16.3090000Z,6a960d98485cab4c953db4e3,wenyi083126-1.stratalog.logdata.json
DialogueNodeEvent:21:4,dialogue,1,DialogueEvent,Unit 2 Prod (Refactor),2026-08-31T23:15:59.7460000Z,2026-08-31T23:15:59.7460000Z,6a960b2f485cab4c953dac67,wenyi083126-1.stratalog.logdata.json
DialogueNodeEvent:21:40,dialogue,1,DialogueEvent,Unit 2 Prod (Refactor),2026-08-31T23:26:19.7250000Z,2026-08-31T23:26:19.7250000Z,6a960d9b485cab4c953db4f1,wenyi083126-1.stratalog.logdata.json
DialogueNodeEvent:21:42,dialogue,1,DialogueEvent,Unit 2 Prod (Refactor),2026-08-31T23:26:21.8430000Z,2026-08-31T23:26:21.8430000Z,6a960d9d485cab4c953db4f9,wenyi083126-1.stratalog.logdata.json
DialogueNodeEvent:21:43,dialogue,1,DialogueEvent,Unit 2 Prod (Refactor),2026-08-31T23:26:23.4100000Z,2026-08-31T23:26:23.4100000Z,6a960d9f485cab4c953db4fd,wenyi083126-1.stratalog.logdata.json
DialogueNodeEvent:21:45,dialogue,1,DialogueEvent,Unit 2 Prod (Refactor),2026-08-31T23:26:24.1450000Z,2026-08-31T23:26:24.1450000Z,6a960d9f485cab4c953db501,wenyi083126-1.stratalog.logdata.json
DialogueNodeEvent:21:46,dialogue,1,DialogueEvent,Unit 2 Prod (Refactor),2026-08-31T23:26:24.4610000Z,2026-08-31T23:26:24.4610000Z,6a960da0485cab4c953db503,wenyi083126-1.stratalog.logdata.json
DialogueNodeEvent:21:47,dialogue,1,DialogueEvent,Unit 2 Prod (Refactor),2026-08-31T23:26:24.9770000Z,2026-08-31T23:26:24.9770000Z,6a960da0485cab4c953db505,wenyi083126-1.stratalog.logdata.json
DialogueNodeEvent:21:48,dialogue,1,DialogueEvent,Unit 2 Prod (Refactor),2026-08-31T23:26:25.3940000Z,2026-08-31T23:26:25.3940000Z,6a960da1485cab4c953db507,wenyi083126-1.stratalog.logdata.json
DialogueNodeEvent:21:5,dialogue,1,DialogueEvent,Unit 2 Prod (Refactor),2026-08-31T23:16:00.0640000Z,2026-08-31T23:16:00.0640000Z,6a960b2f485cab4c953dac6d,wenyi083126-1.stratalog.logdata.json
DialogueNodeEvent:21:50,dialogue,1,DialogueEvent,Unit 2 Prod (Refactor),2026-08-31T23:26:25.8610000Z,2026-08-31T23:26:25.8610000Z,6a960da1485cab4c953db509,wenyi083126-1.stratalog.logdata.json
DialogueNodeEvent:21:51,dialogue,1,DialogueEvent,Unit 2 Prod (Refactor),2026-08-31T23:26:26.3300000Z,2026-08-31T23:26:26.3300000Z,6a960da2485cab4c953db50b,wenyi083126-1.stratalog.logdata.json
DialogueNodeEvent:21:60,dialogue,1,DialogueEvent,Unit 2 Prod (Refactor),2026-08-31T23:28:59.5220000Z,2026-08-31T23:28:59.5220000Z,6a960e3b485cab4c953db5cb,wenyi083126-1.stratalog.logdata.json
DialogueNodeEvent:21:62,dialogue,1,DialogueEvent,Unit 2 Prod (Refactor),2026-08-31T23:29:02.6690000Z,2026-08-31T23:29:02.6690000Z,6a960e3e485cab4c953db5cd,wenyi083126-1.stratalog.logdata.json
DialogueNodeEvent:21:63,dialogue,1,DialogueEvent,Unit 2 Prod (Refactor),2026-08-31T23:29:03.4860000Z,2026-08-31T23:29:03.4860000Z,6a960e3f485cab4c953db5d1,wenyi083126-1.stratalog.logdata.json
DialogueNodeEvent:21:65,dialogue,1,DialogueEvent,Unit 2 Prod (Refactor),2026-08-31T23:29:05.7710000Z,2026-08-31T23:29:05.7710000Z,6a960e41485cab4c953db5d3,wenyi083126-1.stratalog.logdata.json
DialogueNodeEvent:21:68,dialogue,1,DialogueEvent,Unit 2 Prod (Refactor),2026-08-31T23:29:06.5880000Z,2026-08-31T23:29:06.5880000Z,6a960e42485cab4c953db5d5,wenyi083126-1.stratalog.logdata.json
DialogueNodeEvent:21:69,dialogue,1,DialogueEvent,Unit 2 Prod (Refactor),2026-08-31T23:29:06.9220000Z,2026-08-31T23:29:06.9220000Z,6a960e42485cab4c953db5d7,wenyi083126-1.stratalog.logdata.json
DialogueNodeEvent:21:70,dialogue,1,DialogueEvent,Unit 2 Prod (Refactor),2026-08-31T23:29:10.6900000Z,2026-08-31T23:29:10.6900000Z,6a960e46485cab4c953db5d9,wenyi083126-1.stratalog.logdata.json
DialogueNodeEvent:21:72,dialogue,1,DialogueEvent,Unit 2 Prod (Refactor),2026-08-31T23:29:11.3730000Z,2026-08-31T23:29:11.3730000Z,6a960e47485cab4c953db5db,wenyi083126-1.stratalog.logdata.json
DialogueNodeEvent:21:73,dialogue,1,DialogueEvent,Unit 2 Prod (Refactor),2026-08-31T23:29:12.7570000Z,2026-08-31T23:29:12.7570000Z,6a960e48485cab4c953db5dd,wenyi083126-1.stratalog.logdata.json
DialogueNodeEvent:21:75,dialogue,1,DialogueEvent,Unit 2 Prod (Refactor),2026-08-31T23:29:13.5750000Z,2026-08-31T23:29:13.5750000Z,6a960e49485cab4c953db5e1,wenyi083126-1.stratalog.logdata.json
DialogueNodeEvent:21:76,dialogue,1,DialogueEvent,Unit 2 Prod (Refactor),2026-08-31T23:29:13.9920000Z,2026-08-31T23:29:13.9920000Z,6a960e49485cab4c953db5e3,wenyi083126-1.stratalog.logdata.json
DialogueNodeEvent:21:8,dialogue,1,DialogueEvent,Unit 2 Prod (Refactor),2026-08-31T23:16:00.4800000Z,2026-08-31T23:16:00.4800000Z,6a960b30485cab4c953dac6f,wenyi083126-1.stratalog.logdata.json
DialogueNodeEvent:21:9,dialogue,1,DialogueEvent,Unit 2 Prod (Refactor),2026-08-31T23:16:00.9310000Z,2026-08-31T23:16:00.9310000Z,6a960b30485cab4c953dac73,wenyi083126-1.stratalog.logdata.json
DialogueNodeEvent:21:92,dialogue,1,DialogueEvent,Unit 2 Prod (Refactor),2026-08-31T23:16:04.5480000Z,2026-08-31T23:16:04.5480000Z,6a960b34485cab4c953dac7b,wenyi083126-1.stratalog.logdata.json
DialogueNodeEvent:22:1,dialogue,1,DialogueEvent,Unit 2 Prod (Refactor),2026-08-31T23:17:21.5360000Z,2026-08-31T23:17:21.5360000Z,6a960b81485cab4c953dad13,wenyi083126-1.stratalog.logdata.json
DialogueNodeEvent:22:10,dialogue,1,DialogueEvent,Unit 2 Prod (Refactor),2026-08-31T23:17:37.2090000Z,2026-08-31T23:17:37.2090000Z,6a960b91485cab4c953dad51,wenyi083126-1.stratalog.logdata.json
DialogueNodeEvent:22:12,dialogue,1,DialogueEvent,Unit 2 Prod (Refactor),2026-08-31T23:17:37.8920000Z,2026-08-31T23:17:37.8920000Z,6a960b91485cab4c953dad53,wenyi083126-1.stratalog.logdata.json
DialogueNodeEvent:22:13,dialogue,1,DialogueEvent,Unit 2 Prod (Refactor),2026-08-31T23:17:39.2770000Z,2026-08-31T23:17:39.2770000Z,6a960b93485cab4c953dad57,wenyi083126-1.stratalog.logdata.json
DialogueNodeEvent:22:15,dialogue,1,DialogueEvent,Unit 2 Prod (Refactor),2026-08-31T23:17:40.2610000Z,2026-08-31T23:17:40.2610000Z,6a960b94485cab4c953dad59,wenyi083126-1.stratalog.logdata.json
DialogueNodeEvent:22:16,dialogue,1,DialogueEvent,Unit 2 Prod (Refactor),2026-08-31T23:17:40.6440000Z,2026-08-31T23:17:40.6440000Z,6a960b94485cab4c953dad5b,wenyi083126-1.stratalog.logdata.json
DialogueNodeEvent:22:17,dialogue,1,DialogueEvent,Unit 2 Prod (Refactor),2026-08-31T23:17:41.0450000Z,2026-08-31T23:17:41.0450000Z,6a960b94485cab4c953dad5d,wenyi083126-1.stratalog.logdata.json
DialogueNodeEvent:22:18,dialogue,1,DialogueEvent,Unit 2 Prod (Refactor),2026-08-31T23:17:41.5280000Z,2026-08-31T23:17:41.5280000Z,6a960b95485cab4c953dad5f,wenyi083126-1.stratalog.logdata.json
DialogueNodeEvent:22:19,dialogue,1,DialogueEvent,Unit 2 Prod (Refactor),2026-08-31T23:17:41.9950000Z,2026-08-31T23:17:41.9950000Z,6a960b95485cab4c953dad61,wenyi083126-1.stratalog.logdata.json
DialogueNodeEvent:22:2,dialogue,1,DialogueEvent,Unit 2 Prod (Refactor),2026-08-31T23:17:23.6700000Z,2026-08-31T23:17:23.6700000Z,6a960b83485cab4c953dad1f,wenyi083126-1.stratalog.logdata.json
DialogueNodeEvent:22:20,dialogue,1,DialogueEvent,Unit 2 Prod (Refactor),2026-08-31T23:17:46.2130000Z,2026-08-31T23:17:46.2130000Z,6a960b9a485cab4c953dad73,wenyi083126-1.stratalog.logdata.json
DialogueNodeEvent:22:22,dialogue,1,DialogueEvent,Unit 2 Prod (Refactor),2026-08-31T23:17:46.9380000Z,2026-08-31T23:17:46.9380000Z,6a960b9a485cab4c953dad75,wenyi083126-1.stratalog.logdata.json
DialogueNodeEvent:22:27,dialogue,1,DialogueEvent,Unit 2 Prod (Refactor),2026-08-31T23:17:49.4150000Z,2026-08-31T23:17:49.4150000Z,6a960b9d485cab4c953dad7b,wenyi083126-1.stratalog.logdata.json
DialogueNodeEvent:22:3,dialogue,1,DialogueEvent,Unit 2 Prod (Refactor),2026-08-31T23:17:25.7200000Z,2026-08-31T23:17:25.7200000Z,6a960b85485cab4c953dad27,wenyi083126-1.stratalog.logdata.json
DialogueNodeEvent:22:4,dialogue,1,DialogueEvent,Unit 2 Prod (Refactor),2026-08-31T23:17:31.6070000Z,2026-08-31T23:17:31.6070000Z,6a960b8b485cab4c953dad35,wenyi083126-1.stratalog.logdata.json
DialogueNodeEvent:22:46,dialogue,1,DialogueEvent,Unit 2 Prod (Refactor),2026-08-31T23:17:48.3810000Z,2026-08-31T23:17:48.3810000Z,6a960b9c485cab4c953dad77,wenyi083126-1.stratalog.logdata.json
DialogueNodeEvent:22:48,dialogue,1,DialogueEvent,Unit 2 Prod (Refactor),2026-08-31T23:17:49.0310000Z,2026-08-31T23:17:49.0310000Z,6a960b9c485cab4c953dad79,wenyi083126-1.stratalog.logdata.json
DialogueNodeEvent:22:5,dialogue,1,DialogueEvent,Unit 2 Prod (Refactor),2026-08-31T23:17:34.4740000Z,2026-08-31T23:17:34.4740000Z,6a960b8e485cab4c953dad47,wenyi083126-1.stratalog.logdata.json
DialogueNodeEvent:22:50,dialogue,1,DialogueEvent,Unit 2 Prod (Refactor),2026-08-31T23:17:35.3080000Z,2026-08-31T23:17:35.3080000Z,6a960b8f485cab4c953dad4b,wenyi083126-1.stratalog.logdata.json
DialogueNodeEvent:23:0,dialogue,1,DialogueEvent,Unit 2 Prod (Refactor),2026-08-31T23:29:16.5930000Z,2026-08-31T23:29:16.5930000Z,6a960e4c485cab4c953db5ed,wenyi083126-1.stratalog.logdata.json
DialogueNodeEvent:23:1,dialogue,1,DialogueEvent,Unit 2 Prod (Refactor),2026-08-31T23:22:40.9550000Z,2026-08-31T23:22:40.9550000Z,6a960cc0485cab4c953db29b,wenyi083126-1.stratalog.logdata.json
DialogueNodeEvent:23:17,dialogue,1,DialogueEvent,Unit 2 Prod (Refactor),2026-08-31T23:22:50.1420000Z,2026-08-31T23:22:50.1420000Z,6a960cc9485cab4c953db2c5,wenyi083126-1.stratalog.logdata.json
DialogueNodeEvent:23:18,dialogue,1,DialogueEvent,Unit 2 Prod (Refactor),2026-08-31T23:22:52.0090000Z,2026-08-31T23:22:52.0090000Z,6a960ccb485cab4c953db2d1,wenyi083126-1.stratalog.logdata.json
DialogueNodeEvent:23:2,dialogue,1,DialogueEvent,Unit 2 Prod (Refactor),2026-08-31T23:22:42.8540000Z,2026-08-31T23:22:42.8540000Z,6a960cc2485cab4c953db2a3,wenyi083126-1.stratalog.logdata.json
DialogueNodeEvent:23:20,dialogue,1,DialogueEvent,Unit 2 Prod (Refactor),2026-08-31T23:22:52.7100000Z,2026-08-31T23:22:52.7100000Z,6a960ccc485cab4c953db2d5,wenyi083126-1.stratalog.logdata.json
DialogueNodeEvent:23:21,dialogue,1,DialogueEvent,Unit 2 Prod (Refactor),2026-08-31T23:22:53.0270000Z,2026-08-31T23:22:53.0270000Z,6a960ccc485cab4c953db2db,wenyi083126-1.stratalog.logdata.json
DialogueNodeEvent:23:22,dialogue,1,DialogueEvent,Unit 2 Prod (Refactor),2026-08-31T23:22:58.0290000Z,2026-08-31T23:22:58.0290000Z,6a960cd1485cab4c953db2f1,wenyi083126-1.stratalog.logdata.json
DialogueNodeEvent:23:24,dialogue,1,DialogueEvent,Unit 2 Prod (Refactor),2026-08-31T23:22:58.6130000Z,2026-08-31T23:22:58.6130000Z,6a960cd2485cab4c953db2f3,wenyi083126-1.stratalog.logdata.json
DialogueNodeEvent:23:25,dialogue,1,DialogueEvent,Unit 2 Prod (Refactor),2026-08-31T23:23:00.0460000Z,2026-08-31T23:23:00.0460000Z,6a960cd3485cab4c953db2f5,wenyi083126-1.stratalog.logdata.json
DialogueNodeEvent:23:27,dialogue,1,DialogueEvent,Unit 2 Prod (Refactor),2026-08-31T23:23:00.8490000Z,2026-08-31T23:23:00.8490000Z,6a960cd4485cab4c953db2f7,wenyi083126-1.stratalog.logdata.json
DialogueNodeEvent:23:28,dialogue,1,DialogueEvent,Unit 2 Prod (Refactor),2026-08-31T23:29:16.5960000Z,2026-08-31T23:29:16.5960000Z,6a960e4c485cab4c953db5f1,wenyi083126-1.stratalog.logdata.json
DialogueNodeEvent:23:29,dialogue,1,DialogueEvent,Unit 2 Prod (Refactor),2026-08-31T23:29:23.7460000Z,2026-08-31T23:29:23.7460000Z,6a960e53485cab4c953db5f5,wenyi083126-1.stratalog.logdata.json
DialogueNodeEvent:23:3,dialogue,1,DialogueEvent,Unit 2 Prod (Refactor),2026-08-31T23:22:43.5890000Z,2026-08-31T23:22:43.5890000Z,6a960cc3485cab4c953db2ab,wenyi083126-1.stratalog.logdata.json
DialogueNodeEvent:23:31,dialogue,1,DialogueEvent,Unit 2 Prod (Refactor),2026-08-31T23:29:24.8630000Z,2026-08-31T23:29:24.8630000Z,6a960e54485cab4c953db5f7,wenyi083126-1.stratalog.logdata.json
DialogueNodeEvent:23:32,dialogue,1,DialogueEvent,Unit 2 Prod (Refactor),2026-08-31T23:29:26.5640000Z,2026-08-31T23:29:26.5640000Z,6a960e56485cab4c953db5f9,wenyi083126-1.stratalog.logdata.json
DialogueNodeEvent:23:34,dialogue,1,DialogueEvent,Unit 2 Prod (Refactor),2026-08-31T23:29:27.7140000Z,2026-08-31T23:29:27.7140000Z,6a960e57485cab4c953db5fb,wenyi083126-1.stratalog.logdata.json
DialogueNodeEvent:23:35,dialogue,1,DialogueEvent,Unit 2 Prod (Refactor),2026-08-31T23:29:28.1490000Z,2026-08-31T23:29:28.1490000Z,6a960e57485cab4c953db5fd,wenyi083126-1.stratalog.logdata.json
DialogueNodeEvent:23:36,dialogue,1,DialogueEvent,Unit 2 Prod (Refactor),2026-08-31T23:29:30.0490000Z,2026-08-31T23:29:30.0490000Z,6a960e59485cab4c953db5ff,wenyi083126-1.stratalog.logdata.json
DialogueNodeEvent:23:38,dialogue,1,DialogueEvent,Unit 2 Prod (Refactor),2026-08-31T23:29:30.7830000Z,2026-08-31T23:29:30.7830000Z,6a960e5a485cab4c953db601,wenyi083126-1.stratalog.logdata.json
DialogueNodeEvent:23:39,dialogue,1,DialogueEvent,Unit 2 Prod (Refactor),2026-08-31T23:29:33.4170000Z,2026-08-31T23:29:33.4170000Z,6a960e5d485cab4c953db605,wenyi083126-1.stratalog.logdata.json
DialogueNodeEvent:23:4,dialogue,1,DialogueEvent,Unit 2 Prod (Refactor),2026-08-31T23:22:43.9730000Z,2026-08-31T23:22:43.9730000Z,6a960cc3485cab4c953db2b1,wenyi083126-1.stratalog.logdata.json
DialogueNodeEvent:23:41,dialogue,1,DialogueEvent,Unit 2 Prod (Refactor),2026-08-31T23:29:34.0020000Z,2026-08-31T23:29:34.0020000Z,6a960e5d485cab4c953db607,wenyi083126-1.stratalog.logdata.json
DialogueNodeEvent:23:42,dialogue,1,DialogueEvent,Unit 2 Prod (Refactor),2026-08-31T23:29:34.3340000Z,2026-08-31T23:29:34.3340000Z,6a960e5e485cab4c953db609,wenyi083126-1.stratalog.logdata.json
DialogueNodeEvent:23:59,dialogue,1,DialogueEvent,Unit 2 Prod (Refactor),2026-08-31T23:22:45.5890000Z,2026-08-31T23:22:45.5890000Z,6a960cc5485cab4c953db2b7,wenyi083126-1.stratalog.logdata.json
DialogueNodeEvent:23:61,dialogue,1,DialogueEvent,Unit 2 Prod (Refactor),2026-08-31T23:22:46.2900000Z,2026-08-31T23:22:46.2900000Z,6a960cc6485cab4c953db2b9,wenyi083126-1.stratalog.logdata.json
DialogueNodeEvent:23:63,dialogue,1,DialogueEvent,Unit 2 Prod (Refactor),2026-08-31T23:22:46.6240000Z,2026-08-31T23:22:46.6240000Z,6a960cc6485cab4c953db2bb,wenyi083126-1.stratalog.logdata.json
DialogueNodeEvent:23:65,dialogue,1,DialogueEvent,Unit 2 Prod (Refactor),2026-08-31T23:22:48.2740000Z,2026-08-31T23:22:48.2740000Z,6a960cc8485cab4c953db2bd,wenyi083126-1.stratalog.logdata.json
DialogueNodeEvent:23:67,dialogue,1,DialogueEvent,Unit 2 Prod (Refactor),2026-08-31T23:22:48.9410000Z,2026-08-31T23:22:48.9410000Z,6a960cc8485cab4c953db2bf,wenyi083126-1.stratalog.logdata.json
DialogueNodeEvent:23:68,dialogue,1,DialogueEvent,Unit 2 Prod (Refactor),2026-08-31T23:22:49.2580000Z,2026-08-31T23:22:49.2580000Z,6a960cc9485cab4c953db2c1,wenyi083126-1.stratalog.logdata.json
DialogueNodeEvent:23:69,dialogue,1,DialogueEvent,Unit 2 Prod (Refactor),2026-08-31T23:22:49.6920000Z,2026-08-31T23:22:49.6920000Z,6a960cc9485cab4c953db2c3,wenyi083126-1.stratalog.logdata.json
DialogueNodeEvent:23:70,dialogue,1,DialogueEvent,Unit 2 Prod (Refactor),2026-08-31T23:22:53.4600000Z,2026-08-31T23:22:53.4600000Z,6a960ccd485cab4c953db2e1,wenyi083126-1.stratalog.logdata.json
DialogueNodeEvent:23:71,dialogue,1,DialogueEvent,Unit 2 Prod (Refactor),2026-08-31T23:22:55.6110000Z,2026-08-31T23:22:55.6110000Z,6a960ccf485cab4c953db2ed,wenyi083126-1.stratalog.logdata.json
DialogueNodeEvent:23:73,dialogue,1,DialogueEvent,Unit 2 Prod (Refactor),2026-08-31T23:22:56.5450000Z,2026-08-31T23:22:56.5450000Z,6a960cd0485cab4c953db2ef,wenyi083126-1.stratalog.logdata.json
DialogueNodeEvent:26:0,dialogue,6,DialogueEvent,Unit 2 Prod (Refactor),2026-08-31T23:26:38.3690000Z,2026-08-31T23:27:48.6190000Z,6a960dae485cab4c953db521,wenyi083126-1.stratalog.logdata.json
DialogueNodeEvent:26:136,dialogue,1,DialogueEvent,Unit 2 Prod (Refactor),2026-08-31T23:27:50.2200000Z,2026-08-31T23:27:50.2200000Z,6a960df6485cab4c953db569,wenyi083126-1.stratalog.logdata.json
DialogueNodeEvent:26:141,dialogue,6,DialogueEvent,Unit 2 Prod (Refactor),2026-08-31T23:26:39.5850000Z,2026-08-31T23:27:50.2190000Z,6a960daf485cab4c953db527,wenyi083126-1.stratalog.logdata.json
DialogueNodeEvent:26:142,dialogue,1,DialogueEvent,Unit 2 Prod (Refactor),2026-08-31T23:26:38.3840000Z,2026-08-31T23:26:38.3840000Z,6a960dae485cab4c953db525,wenyi083126-1.stratalog.logdata.json
DialogueNodeEvent:26:146,dialogue,1,DialogueEvent,Unit 2 Prod (Refactor),2026-08-31T23:27:48.6330000Z,2026-08-31T23:27:48.6330000Z,6a960df4485cab4c953db565,wenyi083126-1.stratalog.logdata.json
DialogueNodeEvent:26:169,dialogue,1,DialogueEvent,Unit 2 Prod (Refactor),2026-08-31T23:26:59.8440000Z,2026-08-31T23:26:59.8440000Z,6a960dc3485cab4c953db547,wenyi083126-1.stratalog.logdata.json
DialogueNodeEvent:26:178,dialogue,1,DialogueEvent,Unit 2 Prod (Refactor),2026-08-31T23:26:43.5030000Z,2026-08-31T23:26:43.5030000Z,6a960db3485cab4c953db531,wenyi083126-1.stratalog.logdata.json
DialogueNodeEvent:26:180,dialogue,1,DialogueEvent,Unit 2 Prod (Refactor),2026-08-31T23:27:04.8460000Z,2026-08-31T23:27:04.8460000Z,6a960dc8485cab4c953db553,wenyi083126-1.stratalog.logdata.json
DialogueNodeEvent:26:183,dialogue,1,DialogueEvent,Unit 2 Prod (Refactor),2026-08-31T23:26:48.8890000Z,2026-08-31T23:26:48.8890000Z,6a960db8485cab4c953db53b,wenyi083126-1.stratalog.logdata.json
DialogueNodeEvent:27:0,dialogue,1,DialogueEvent,Unit 2 Prod (Refactor),2026-08-31T23:32:40.1940000Z,2026-08-31T23:32:40.1940000Z,6a960f18485cab4c953db7c9,wenyi083126-1.stratalog.logdata.json
DialogueNodeEvent:27:7,dialogue,1,DialogueEvent,Unit 2 Prod (Refactor),2026-08-31T23:32:40.2060000Z,2026-08-31T23:32:40.2060000Z,6a960f18485cab4c953db7cd,wenyi083126-1.stratalog.logdata.json
DialogueNodeEvent:30:1,dialogue,1,DialogueEvent,Unit 1 Dev,2026-08-31T17:29:27.2290000Z,2026-08-31T17:29:27.2290000Z,6a95b9f7485cab4c953d6780,wenyi083126-1.stratalog.logdata.json
DialogueNodeEvent:30:10,dialogue,1,DialogueEvent,Unit 1 Dev,2026-08-31T17:29:46.1660000Z,2026-08-31T17:29:46.1660000Z,6a95ba0a485cab4c953d6796,wenyi083126-1.stratalog.logdata.json
DialogueNodeEvent:30:100,dialogue,1,DialogueEvent,Unit 1 Dev,2026-08-31T17:43:09.5850000Z,2026-08-31T17:43:09.5850000Z,6a95bd2d485cab4c953d6c70,wenyi083126-1.stratalog.logdata.json
DialogueNodeEvent:30:101,dialogue,1,DialogueEvent,Unit 1 Dev,2026-08-31T17:43:12.0690000Z,2026-08-31T17:43:12.0690000Z,6a95bd2f485cab4c953d6c78,wenyi083126-1.stratalog.logdata.json
DialogueNodeEvent:30:102,dialogue,1,DialogueEvent,Unit 1 Dev,2026-08-31T17:43:17.2560000Z,2026-08-31T17:43:17.2560000Z,6a95bd35485cab4c953d6c7c,wenyi083126-1.stratalog.logdata.json
DialogueNodeEvent:30:103,dialogue,1,DialogueEvent,Unit 1 Dev,2026-08-31T17:43:19.7720000Z,2026-08-31T17:43:19.7720000Z,6a95bd37485cab4c953d6c80,wenyi083126-1.stratalog.logdata.json
DialogueNodeEvent:30:104,dialogue,1,DialogueEvent,Unit 1 Dev,2026-08-31T17:43:21.0240000Z,2026-08-31T17:43:21.0240000Z,6a95bd38485cab4c953d6c84,wenyi083126-1.stratalog.logdata.json
DialogueNodeEvent:30:13,dialogue,1,DialogueEvent,Unit 1 Dev,2026-08-31T17:30:12.1620000Z,2026-08-31T17:30:12.1620000Z,6a95ba24485cab4c953d67a2,wenyi083126-1.stratalog.logdata.json
DialogueNodeEvent:30:14,dialogue,1,DialogueEvent,Unit 1 Dev,2026-08-31T17:30:16.1640000Z,2026-08-31T17:30:16.1640000Z,6a95ba28485cab4c953d67a6,wenyi083126-1.stratalog.logdata.json
DialogueNodeEvent:30:16,dialogue,1,DialogueEvent,Unit 1 Dev,2026-08-31T17:30:17.8820000Z,2026-08-31T17:30:17.8820000Z,6a95ba29485cab4c953d67aa,wenyi083126-1.stratalog.logdata.json
DialogueNodeEvent:30:2,dialogue,1,DialogueEvent,Unit 1 Dev,2026-08-31T17:29:39.5480000Z,2026-08-31T17:29:39.5480000Z,6a95ba03485cab4c953d678c,wenyi083126-1.stratalog.logdata.json
DialogueNodeEvent:30:29,dialogue,1,DialogueEvent,Unit 1 Dev,2026-08-31T17:30:27.3700000Z,2026-08-31T17:30:27.3700000Z,6a95ba33485cab4c953d67b6,wenyi083126-1.stratalog.logdata.json
DialogueNodeEvent:30:32,dialogue,1,DialogueEvent,Unit 1 Dev,2026-08-31T17:30:32.9310000Z,2026-08-31T17:30:32.9310000Z,6a95ba38485cab4c953d67ce,wenyi083126-1.stratalog.logdata.json
DialogueNodeEvent:30:33,dialogue,1,DialogueEvent,Unit 1 Dev,2026-08-31T17:30:38.5760000Z,2026-08-31T17:30:38.5760000Z,6a95ba3e485cab4c953d67ea,wenyi083126-1.stratalog.logdata.json
DialogueNodeEvent:30:37,dialogue,1,DialogueEvent,Unit 1 Dev,2026-08-31T17:30:45.7120000Z,2026-08-31T17:30:45.7120000Z,6a95ba45485cab4c953d67fc,wenyi083126-1.stratalog.logdata.json
DialogueNodeEvent:30:38,dialogue,1,DialogueEvent,Unit 1 Dev,2026-08-31T17:30:52.9660000Z,2026-08-31T17:30:52.9660000Z,6a95ba4c485cab4c953d6818,wenyi083126-1.stratalog.logdata.json
DialogueNodeEvent:30:39,dialogue,1,DialogueEvent,Unit 1 Dev,2026-08-31T17:30:59.4850000Z,2026-08-31T17:30:59.4850000Z,6a95ba53485cab4c953d681c,wenyi083126-1.stratalog.logdata.json
DialogueNodeEvent:30:41,dialogue,1,DialogueEvent,Unit 1 Dev,2026-08-31T17:31:00.3360000Z,2026-08-31T17:31:00.3360000Z,6a95ba54485cab4c953d681e,wenyi083126-1.stratalog.logdata.json
DialogueNodeEvent:30:48,dialogue,1,DialogueEvent,Unit 1 Dev,2026-08-31T17:31:01.2370000Z,2026-08-31T17:31:01.2370000Z,6a95ba55485cab4c953d6822,wenyi083126-1.stratalog.logdata.json
DialogueNodeEvent:30:49,dialogue,1,DialogueEvent,Unit 1 Dev,2026-08-31T17:31:13.4590000Z,2026-08-31T17:31:13.4590000Z,6a95ba61485cab4c953d682a,wenyi083126-1.stratalog.logdata.json
DialogueNodeEvent:30:5,dialogue,1,DialogueEvent,Unit 1 Dev,2026-08-31T17:29:42.9650000Z,2026-08-31T17:29:42.9650000Z,6a95ba06485cab4c953d6790,wenyi083126-1.stratalog.logdata.json
DialogueNodeEvent:30:50,dialogue,1,DialogueEvent,Unit 1 Dev,2026-08-31T17:31:15.2420000Z,2026-08-31T17:31:15.2420000Z,6a95ba63485cab4c953d682e,wenyi083126-1.stratalog.logdata.json
DialogueNodeEvent:30:56,dialogue,1,DialogueEvent,Unit 1 Dev,2026-08-31T17:31:20.8310000Z,2026-08-31T17:31:20.8310000Z,6a95ba68485cab4c953d6834,wenyi083126-1.stratalog.logdata.json
DialogueNodeEvent:30:57,dialogue,1,DialogueEvent,Unit 1 Dev,2026-08-31T17:31:22.9630000Z,2026-08-31T17:31:22.9630000Z,6a95ba6a485cab4c953d6838,wenyi083126-1.stratalog.logdata.json
DialogueNodeEvent:30:7,dialogue,1,DialogueEvent,Unit 1 Dev,2026-08-31T17:29:43.6820000Z,2026-08-31T17:29:43.6820000Z,6a95ba07485cab4c953d6792,wenyi083126-1.stratalog.logdata.json
DialogueNodeEvent:30:77,dialogue,1,DialogueEvent,Unit 1 Dev,2026-08-31T17:42:57.5620000Z,2026-08-31T17:42:57.5620000Z,6a95bd21485cab4c953d6c60,wenyi083126-1.stratalog.logdata.json
DialogueNodeEvent:30:8,dialogue,1,DialogueEvent,Unit 1 Dev,2026-08-31T17:29:45.3320000Z,2026-08-31T17:29:45.3320000Z,6a95ba09485cab4c953d6794,wenyi083126-1.stratalog.logdata.json
DialogueNodeEvent:30:86,dialogue,1,DialogueEvent,Unit 1 Dev,2026-08-31T17:43:47.5360000Z,2026-08-31T17:43:47.5360000Z,6a95bd53485cab4c953d6cb0,wenyi083126-1.stratalog.logdata.json
DialogueNodeEvent:30:89,dialogue,1,DialogueEvent,Unit 1 Dev,2026-08-31T17:29:46.7670000Z,2026-08-31T17:29:46.7670000Z,6a95ba0a485cab4c953d6798,wenyi083126-1.stratalog.logdata.json
DialogueNodeEvent:30:90,dialogue,1,DialogueEvent,Unit 1 Dev,2026-08-31T17:30:13.1460000Z,2026-08-31T17:30:13.1460000Z,6a95ba25485cab4c953d67a4,wenyi083126-1.stratalog.logdata.json
DialogueNodeEvent:30:91,dialogue,1,DialogueEvent,Unit 1 Dev,2026-08-31T17:30:16.9310000Z,2026-08-31T17:30:16.9310000Z,6a95ba28485cab4c953d67a8,wenyi083126-1.stratalog.logdata.json
DialogueNodeEvent:30:93,dialogue,1,DialogueEvent,Unit 1 Dev,2026-08-31T17:30:24.1180000Z,2026-08-31T17:30:24.1180000Z,6a95ba2f485cab4c953d67ae,wenyi083126-1.stratalog.logdata.json
DialogueNodeEvent:30:94,dialogue,1,DialogueEvent,Unit 1 Dev,2026-08-31T17:30:24.9180000Z,2026-08-31T17:30:24.9180000Z,6a95ba30485cab4c953d67b0,wenyi083126-1.stratalog.logdata.json
DialogueNodeEvent:30:95,dialogue,1,DialogueEvent,Unit 1 Dev,2026-08-31T17:30:25.4190000Z,2026-08-31T17:30:25.4190000Z,6a95ba31485cab4c953d67b2,wenyi083126-1.stratalog.logdata.json
DialogueNodeEvent:30:96,dialogue,1,DialogueEvent,Unit 1 Dev,2026-08-31T17:30:31.7060000Z,2026-08-31T17:30:31.7060000Z,6a95ba37485cab4c953d67c8,wenyi083126-1.stratalog.logdata.json
DialogueNodeEvent:30:97,dialogue,1,DialogueEvent,Unit 1 Dev,2026-08-31T17:31:00.7860000Z,2026-08-31T17:31:00.7860000Z,6a95ba54485cab4c953d6820,wenyi083126-1.stratalog.logdata.json
DialogueNodeEvent:30:98,dialogue,1,DialogueEvent,Unit 1 Dev,2026-08-31T17:37:14.3370000Z,2026-08-31T17:37:14.3370000Z,6a95bbca485cab4c953d69aa,wenyi083126-1.stratalog.logdata.json
DialogueNodeEvent:30:99,dialogue,1,DialogueEvent,Unit 1 Dev,2026-08-31T17:43:07.7250000Z,2026-08-31T17:43:07.7250000Z,6a95bd2b485cab4c953d6c6c,wenyi083126-1.stratalog.logdata.json
DialogueNodeEvent:31:0,dialogue,2,DialogueEvent,Unit 1 Dev,2026-08-31T17:31:46.3760000Z,2026-08-31T17:37:30.0900000Z,6a95ba82485cab4c953d685e,wenyi083126-1.stratalog.logdata.json
DialogueNodeEvent:31:1,dialogue,1,DialogueEvent,Unit 1 Dev,2026-08-31T17:31:33.1380000Z,2026-08-31T17:31:33.1380000Z,6a95ba75485cab4c953d6850,wenyi083126-1.stratalog.logdata.json
DialogueNodeEvent:31:13,dialogue,1,DialogueEvent,Unit 1 Dev,2026-08-31T17:31:55.0960000Z,2026-08-31T17:31:55.0960000Z,6a95ba8a485cab4c953d6870,wenyi083126-1.stratalog.logdata.json
DialogueNodeEvent:31:2,dialogue,1,DialogueEvent,Unit 1 Dev,2026-08-31T17:31:46.3780000Z,2026-08-31T17:31:46.3780000Z,6a95ba82485cab4c953d6862,wenyi083126-1.stratalog.logdata.json
DialogueNodeEvent:31:21,dialogue,1,DialogueEvent,Unit 1 Dev,2026-08-31T17:31:55.2620000Z,2026-08-31T17:31:55.2620000Z,6a95ba8b485cab4c953d6872,wenyi083126-1.stratalog.logdata.json
DialogueNodeEvent:31:23,dialogue,1,DialogueEvent,Unit 1 Dev,2026-08-31T17:31:55.4460000Z,2026-08-31T17:31:55.4460000Z,6a95ba8b485cab4c953d6874,wenyi083126-1.stratalog.logdata.json
DialogueNodeEvent:31:24,dialogue,1,DialogueEvent,Unit 1 Dev,2026-08-31T17:34:17.2960000Z,2026-08-31T17:34:17.2960000Z,6a95bb19485cab4c953d6892,wenyi083126-1.stratalog.logdata.json
DialogueNodeEvent:31:29,dialogue,1,DialogueEvent,Unit 1 Dev,2026-08-31T17:34:17.7300000Z,2026-08-31T17:34:17.7300000Z,6a95bb19485cab4c953d6894,wenyi083126-1.stratalog.logdata.json
DialogueNodeEvent:31:32,dialogue,1,DialogueEvent,Unit 1 Dev,2026-08-31T17:34:18.2500000Z,2026-08-31T17:34:18.2500000Z,6a95bb1a485cab4c953d689a,wenyi083126-1.stratalog.logdata.json
DialogueNodeEvent:31:35,dialogue,1,DialogueEvent,Unit 1 Dev,2026-08-31T17:37:30.0930000Z,2026-08-31T17:37:30.0930000Z,6a95bbda485cab4c953d69da,wenyi083126-1.stratalog.logdata.json
DialogueNodeEvent:31:38,dialogue,1,DialogueEvent,Unit 1 Dev,2026-08-31T17:37:30.9550000Z,2026-08-31T17:37:30.9550000Z,6a95bbda485cab4c953d69de,wenyi083126-1.stratalog.logdata.json
DialogueNodeEvent:31:39,dialogue,1,DialogueEvent,Unit 1 Dev,2026-08-31T17:37:31.4220000Z,2026-08-31T17:37:31.4220000Z,6a95bbdb485cab4c953d69e2,wenyi083126-1.stratalog.logdata.json
DialogueNodeEvent:31:41,dialogue,1,DialogueEvent,Unit 1 Dev,2026-08-31T17:37:31.9060000Z,2026-08-31T17:37:31.9060000Z,6a95bbdb485cab4c953d69e6,wenyi083126-1.stratalog.logdata.json
DialogueNodeEvent:31:45,dialogue,1,DialogueEvent,Unit 1 Dev,2026-08-31T17:37:31.9250000Z,2026-08-31T17:37:31.9250000Z,6a95bbdb485cab4c953d69e8,wenyi083126-1.stratalog.logdata.json
DialogueNodeEvent:31:48,dialogue,1,DialogueEvent,Unit 1 Dev,2026-08-31T17:37:35.5240000Z,2026-08-31T17:37:35.5240000Z,6a95bbdf485cab4c953d69ee,wenyi083126-1.stratalog.logdata.json
DialogueNodeEvent:31:5,dialogue,1,DialogueEvent,Unit 1 Dev,2026-08-31T17:31:47.6250000Z,2026-08-31T17:31:47.6250000Z,6a95ba83485cab4c953d6864,wenyi083126-1.stratalog.logdata.json
DialogueNodeEvent:31:51,dialogue,1,DialogueEvent,Unit 1 Dev,2026-08-31T17:37:42.9790000Z,2026-08-31T17:37:42.9790000Z,6a95bbe6485cab4c953d69fe,wenyi083126-1.stratalog.logdata.json
DialogueNodeEvent:31:55,dialogue,1,DialogueEvent,Unit 1 Dev,2026-08-31T17:39:11.8870000Z,2026-08-31T17:39:11.8870000Z,6a95bc3f485cab4c953d6ad2,wenyi083126-1.stratalog.logdata.json
DialogueNodeEvent:31:56,dialogue,1,DialogueEvent,Unit 1 Dev,2026-08-31T17:41:23.6690000Z,2026-08-31T17:41:23.6690000Z,6a95bcc3485cab4c953d6bd2,wenyi083126-1.stratalog.logdata.json
DialogueNodeEvent:31:59,dialogue,1,DialogueEvent,Unit 1 Dev,2026-08-31T17:41:26.1690000Z,2026-08-31T17:41:26.1690000Z,6a95bcc6485cab4c953d6bda,wenyi083126-1.stratalog.logdata.json
DialogueNodeEvent:31:6,dialogue,1,DialogueEvent,Unit 1 Dev,2026-08-31T17:31:49.7760000Z,2026-08-31T17:31:49.7760000Z,6a95ba85485cab4c953d6866,wenyi083126-1.stratalog.logdata.json
DialogueNodeEvent:31:60,dialogue,1,DialogueEvent,Unit 1 Dev,2026-08-31T17:41:34.5400000Z,2026-08-31T17:41:34.5400000Z,6a95bcce485cab4c953d6bf4,wenyi083126-1.stratalog.logdata.json
DialogueNodeEvent:31:61,dialogue,1,DialogueEvent,Unit 1 Dev,2026-08-31T17:31:50.4590000Z,2026-08-31T17:31:50.4590000Z,6a95ba86485cab4c953d6868,wenyi083126-1.stratalog.logdata.json
DialogueNodeEvent:31:64,dialogue,1,DialogueEvent,Unit 1 Dev,2026-08-31T17:31:54.1280000Z,2026-08-31T17:31:54.1280000Z,6a95ba8a485cab4c953d686e,wenyi083126-1.stratalog.logdata.json
DialogueNodeEvent:31:65,dialogue,1,DialogueEvent,Unit 1 Dev,2026-08-31T17:41:22.5160000Z,2026-08-31T17:41:22.5160000Z,6a95bcc2485cab4c953d6bd0,wenyi083126-1.stratalog.logdata.json
DialogueNodeEvent:31:67,dialogue,1,DialogueEvent,Unit 1 Dev,2026-08-31T17:37:56.7020000Z,2026-08-31T17:37:56.7020000Z,6a95bbf4485cab4c953d6a0e,wenyi083126-1.stratalog.logdata.json
DialogueNodeEvent:31:68,dialogue,1,DialogueEvent,Unit 1 Dev,2026-08-31T17:37:37.5920000Z,2026-08-31T17:37:37.5920000Z,6a95bbe1485cab4c953d69f2,wenyi083126-1.stratalog.logdata.json
DialogueNodeEvent:31:69,dialogue,1,DialogueEvent,Unit 1 Dev,2026-08-31T17:37:58.5190000Z,2026-08-31T17:37:58.5190000Z,6a95bbf6485cab4c953d6a1a,wenyi083126-1.stratalog.logdata.json
DialogueNodeEvent:31:70,dialogue,1,DialogueEvent,Unit 1 Dev,2026-08-31T17:37:59.8530000Z,2026-08-31T17:37:59.8530000Z,6a95bbf7485cab4c953d6a22,wenyi083126-1.stratalog.logdata.json
DialogueNodeEvent:31:71,dialogue,1,DialogueEvent,Unit 1 Dev,2026-08-31T17:38:02.8050000Z,2026-08-31T17:38:02.8050000Z,6a95bbfa485cab4c953d6a2c,wenyi083126-1.stratalog.logdata.json
DialogueNodeEvent:31:72,dialogue,1,DialogueEvent,Unit 1 Dev,2026-08-31T17:38:05.0710000Z,2026-08-31T17:38:05.0710000Z,6a95bbfc485cab4c953d6a30,wenyi083126-1.stratalog.logdata.json
DialogueNodeEvent:31:73,dialogue,1,DialogueEvent,Unit 1 Dev,2026-08-31T17:38:08.7570000Z,2026-08-31T17:38:08.7570000Z,6a95bc00485cab4c953d6a38,wenyi083126-1.stratalog.logdata.json
DialogueNodeEvent:31:74,dialogue,1,DialogueEvent,Unit 1 Dev,2026-08-31T17:38:09.4400000Z,2026-08-31T17:38:09.4400000Z,6a95bc01485cab4c953d6a3a,wenyi083126-1.stratalog.logdata.json
DialogueNodeEvent:31:78,dialogue,1,DialogueEvent,Unit 1 Dev,2026-08-31T17:38:13.3430000Z,2026-08-31T17:38:13.3430000Z,6a95bc05485cab4c953d6a3e,wenyi083126-1.stratalog.logdata.json
DialogueNodeEvent:31:8,dialogue,1,DialogueEvent,Unit 1 Dev,2026-08-31T17:31:50.8430000Z,2026-08-31T17:31:50.8430000Z,6a95ba86485cab4c953d686a,wenyi083126-1.stratalog.logdata.json
DialogueNodeEvent:31:82,dialogue,1,DialogueEvent,Unit 1 Dev,2026-08-31T17:38:14.5450000Z,2026-08-31T17:38:14.5450000Z,6a95bc06485cab4c953d6a42,wenyi083126-1.stratalog.logdata.json
DialogueNodeEvent:31:83,dialogue,1,DialogueEvent,Unit 1 Dev,2026-08-31T17:37:39.4430000Z,2026-08-31T17:37:39.4430000Z,6a95bbe3485cab4c953d69f4,wenyi083126-1.stratalog.logdata.json
DialogueNodeEvent:31:84,dialogue,1,DialogueEvent,Unit 1 Dev,2026-08-31T17:37:41.8780000Z,2026-08-31T17:37:41.8780000Z,6a95bbe5485cab4c953d69fa,wenyi083126-1.stratalog.logdata.json
DialogueNodeEvent:32:0,dialogue,1,DialogueEvent,Unit 1 Dev,2026-08-31T17:35:09.8400000Z,2026-08-31T17:35:09.8400000Z,6a95bb4d485cab4c953d693a,wenyi083126-1.stratalog.logdata.json
DialogueNodeEvent:32:101,dialogue,1,DialogueEvent,Unit 1 Dev,2026-08-31T17:35:16.3910000Z,2026-08-31T17:35:16.3910000Z,6a95bb54485cab4c953d6948,wenyi083126-1.stratalog.logdata.json
DialogueNodeEvent:32:69,dialogue,1,DialogueEvent,Unit 1 Dev,2026-08-31T17:35:09.8410000Z,2026-08-31T17:35:09.8410000Z,6a95bb4d485cab4c953d693e,wenyi083126-1.stratalog.logdata.json
DialogueNodeEvent:32:74,dialogue,1,DialogueEvent,Unit 1 Dev,2026-08-31T17:35:12.5390000Z,2026-08-31T17:35:12.5390000Z,6a95bb50485cab4c953d6942,wenyi083126-1.stratalog.logdata.json
DialogueNodeEvent:32:76,dialogue,1,DialogueEvent,Unit 1 Dev,2026-08-31T17:35:13.5890000Z,2026-08-31T17:35:13.5890000Z,6a95bb51485cab4c953d6944,wenyi083126-1.stratalog.logdata.json
DialogueNodeEvent:32:77,dialogue,1,DialogueEvent,Unit 1 Dev,2026-08-31T17:35:14.0570000Z,2026-08-31T17:35:14.0570000Z,6a95bb51485cab4c953d6946,wenyi083126-1.stratalog.logdata.json
DialogueNodeEvent:32:87,dialogue,1,DialogueEvent,Unit 1 Dev,2026-08-31T17:35:17.3080000Z,2026-08-31T17:35:17.3080000Z,6a95bb55485cab4c953d694a,wenyi083126-1.stratalog.logdata.json
DialogueNodeEvent:32:88,dialogue,1,DialogueEvent,Unit 1 Dev,2026-08-31T17:35:17.6580000Z,2026-08-31T17:35:17.6580000Z,6a95bb55485cab4c953d694c,wenyi083126-1.stratalog.logdata.json
DialogueNodeEvent:32:91,dialogue,1,DialogueEvent,Unit 1 Dev,2026-08-31T17:35:18.1090000Z,2026-08-31T17:35:18.1090000Z,6a95bb55485cab4c953d694e,wenyi083126-1.stratalog.logdata.json
DialogueNodeEvent:32:95,dialogue,1,DialogueEvent,Unit 1 Dev,2026-08-31T17:35:20.9100000Z,2026-08-31T17:35:20.9100000Z,6a95bb58485cab4c953d6950,wenyi083126-1.stratalog.logdata.json
DialogueNodeEvent:32:96,dialogue,1,DialogueEvent,Unit 1 Dev,2026-08-31T17:35:21.8110000Z,2026-08-31T17:35:21.8110000Z,6a95bb59485cab4c953d6954,wenyi083126-1.stratalog.logdata.json
DialogueNodeEvent:33:1,dialogue,1,DialogueEvent,Unit 1 Dev,2026-08-31T17:43:32.5450000Z,2026-08-31T17:43:32.5450000Z,6a95bd44485cab4c953d6c94,wenyi083126-1.stratalog.logdata.json
DialogueNodeEvent:33:12,dialogue,1,DialogueEvent,Unit 1 Dev,2026-08-31T17:44:06.5790000Z,2026-08-31T17:44:06.5790000Z,6a95bd66485cab4c953d6cdc,wenyi083126-1.stratalog.logdata.json
DialogueNodeEvent:33:15,dialogue,1,DialogueEvent,Unit 1 Dev,2026-08-31T17:44:09.7970000Z,2026-08-31T17:44:09.7970000Z,6a95bd69485cab4c953d6ce2,wenyi083126-1.stratalog.logdata.json
DialogueNodeEvent:33:16,dialogue,1,DialogueEvent,Unit 1 Dev,2026-08-31T17:44:18.7180000Z,2026-08-31T17:44:18.7180000Z,6a95bd72485cab4c953d6cf0,wenyi083126-1.stratalog.logdata.json
DialogueNodeEvent:33:19,dialogue,1,DialogueEvent,Unit 1 Dev,2026-08-31T17:44:25.9880000Z,2026-08-31T17:44:25.9880000Z,6a95bd79485cab4c953d6cfa,wenyi083126-1.stratalog.logdata.json
DialogueNodeEvent:33:3,dialogue,1,DialogueEvent,Unit 1 Dev,2026-08-31T17:43:34.3790000Z,2026-08-31T17:43:34.3790000Z,6a95bd46485cab4c953d6c98,wenyi083126-1.stratalog.logdata.json
DialogueNodeEvent:33:5,dialogue,1,DialogueEvent,Unit 1 Dev,2026-08-31T17:43:37.4980000Z,2026-08-31T17:43:37.4980000Z,6a95bd49485cab4c953d6c9c,wenyi083126-1.stratalog.logdata.json
DialogueNodeEvent:33:8,dialogue,1,DialogueEvent,Unit 1 Dev,2026-08-31T17:43:59.3820000Z,2026-08-31T17:43:59.3820000Z,6a95bd5f485cab4c953d6cca,wenyi083126-1.stratalog.logdata.json
DialogueNodeEvent:33:9,dialogue,1,DialogueEvent,Unit 1 Dev,2026-08-31T17:44:03.2600000Z,2026-08-31T17:44:03.2600000Z,6a95bd63485cab4c953d6cd6,wenyi083126-1.stratalog.logdata.json
DialogueNodeEvent:35:0,dialogue,1,DialogueEvent,Unit 1 Dev,2026-08-31T17:35:27.3480000Z,2026-08-31T17:35:27.3480000Z,6a95bb5f485cab4c953d6970,wenyi083126-1.stratalog.logdata.json
DialogueNodeEvent:35:1,dialogue,1,DialogueEvent,Unit 1 Dev,2026-08-31T17:35:27.3500000Z,2026-08-31T17:35:27.3500000Z,6a95bb5f485cab4c953d6974,wenyi083126-1.stratalog.logdata.json
DialogueNodeEvent:35:20,dialogue,1,DialogueEvent,Unit 1 Dev,2026-08-31T17:37:10.0450000Z,2026-08-31T17:37:10.0450000Z,6a95bbc5485cab4c953d699c,wenyi083126-1.stratalog.logdata.json
DialogueNodeEvent:35:21,dialogue,1,DialogueEvent,Unit 1 Dev,2026-08-31T17:37:10.4450000Z,2026-08-31T17:37:10.4450000Z,6a95bbc6485cab4c953d699e,wenyi083126-1.stratalog.logdata.json
DialogueNodeEvent:35:24,dialogue,1,DialogueEvent,Unit 1 Dev,2026-08-31T17:37:10.9290000Z,2026-08-31T17:37:10.9290000Z,6a95bbc6485cab4c953d69a0,wenyi083126-1.stratalog.logdata.json
DialogueNodeEvent:35:28,dialogue,1,DialogueEvent,Unit 1 Dev,2026-08-31T17:37:13.0960000Z,2026-08-31T17:37:13.0960000Z,6a95bbc8485cab4c953d69a4,wenyi083126-1.stratalog.logdata.json
DialogueNodeEvent:35:29,dialogue,1,DialogueEvent,Unit 1 Dev,2026-08-31T17:37:13.9470000Z,2026-08-31T17:37:13.9470000Z,6a95bbc9485cab4c953d69a8,wenyi083126-1.stratalog.logdata.json
DialogueNodeEvent:35:30,dialogue,1,DialogueEvent,Unit 1 Dev,2026-08-31T17:35:32.0320000Z,2026-08-31T17:35:32.0320000Z,6a95bb63485cab4c953d697a,wenyi083126-1.stratalog.logdata.json
DialogueNodeEvent:35:33,dialogue,1,DialogueEvent,Unit 1 Dev,2026-08-31T17:35:33.8160000Z,2026-08-31T17:35:33.8160000Z,6a95bb65485cab4c953d697c,wenyi083126-1.stratalog.logdata.json
DialogueNodeEvent:35:34,dialogue,1,DialogueEvent,Unit 1 Dev,2026-08-31T17:35:35.0670000Z,2026-08-31T17:35:35.0670000Z,6a95bb66485cab4c953d6980,wenyi083126-1.stratalog.logdata.json
DialogueNodeEvent:35:40,dialogue,1,DialogueEvent,Unit 1 Dev,2026-08-31T17:37:09.1110000Z,2026-08-31T17:37:09.1110000Z,6a95bbc4485cab4c953d699a,wenyi083126-1.stratalog.logdata.json
DialogueNodeEvent:35:5,dialogue,1,DialogueEvent,Unit 1 Dev,2026-08-31T17:35:31.0310000Z,2026-08-31T17:35:31.0310000Z,6a95bb62485cab4c953d6976,wenyi083126-1.stratalog.logdata.json
DialogueNodeEvent:35:7,dialogue,1,DialogueEvent,Unit 1 Dev,2026-08-31T17:35:34.9000000Z,2026-08-31T17:35:34.9000000Z,6a95bb66485cab4c953d697e,wenyi083126-1.stratalog.logdata.json
DialogueNodeEvent:35:8,dialogue,1,DialogueEvent,Unit 1 Dev,2026-08-31T17:35:35.5340000Z,2026-08-31T17:35:35.5340000Z,6a95bb67485cab4c953d6982,wenyi083126-1.stratalog.logdata.json
DialogueNodeEvent:36:0,dialogue,1,DialogueEvent,Unit 1 Dev,2026-08-31T17:34:29.1370000Z,2026-08-31T17:34:29.1370000Z,6a95bb25485cab4c953d68c2,wenyi083126-1.stratalog.logdata.json
DialogueNodeEvent:36:32,dialogue,1,DialogueEvent,Unit 1 Dev,2026-08-31T17:34:29.1380000Z,2026-08-31T17:34:29.1380000Z,6a95bb25485cab4c953d68c6,wenyi083126-1.stratalog.logdata.json
DialogueNodeEvent:36:33,dialogue,1,DialogueEvent,Unit 1 Dev,2026-08-31T17:34:33.7040000Z,2026-08-31T17:34:33.7040000Z,6a95bb29485cab4c953d68ca,wenyi083126-1.stratalog.logdata.json
DialogueNodeEvent:36:35,dialogue,1,DialogueEvent,Unit 1 Dev,2026-08-31T17:34:34.5870000Z,2026-08-31T17:34:34.5870000Z,6a95bb2a485cab4c953d68cc,wenyi083126-1.stratalog.logdata.json
DialogueNodeEvent:36:36,dialogue,1,DialogueEvent,Unit 1 Dev,2026-08-31T17:34:34.9880000Z,2026-08-31T17:34:34.9880000Z,6a95bb2a485cab4c953d68ce,wenyi083126-1.stratalog.logdata.json
DialogueNodeEvent:36:50,dialogue,1,DialogueEvent,Unit 1 Dev,2026-08-31T17:34:39.0400000Z,2026-08-31T17:34:39.0400000Z,6a95bb2e485cab4c953d68d2,wenyi083126-1.stratalog.logdata.json
DialogueNodeEvent:36:52,dialogue,1,DialogueEvent,Unit 1 Dev,2026-08-31T17:34:39.4230000Z,2026-08-31T17:34:39.4230000Z,6a95bb2f485cab4c953d68d4,wenyi083126-1.stratalog.logdata.json
DialogueNodeEvent:36:55,dialogue,1,DialogueEvent,Unit 1 Dev,2026-08-31T17:34:40.0240000Z,2026-08-31T17:34:40.0240000Z,6a95bb2f485cab4c953d68d6,wenyi083126-1.stratalog.logdata.json
DialogueNodeEvent:36:56,dialogue,1,DialogueEvent,Unit 1 Dev,2026-08-31T17:34:43.4420000Z,2026-08-31T17:34:43.4420000Z,6a95bb33485cab4c953d68da,wenyi083126-1.stratalog.logdata.json
DialogueNodeEvent:36:60,dialogue,1,DialogueEvent,Unit 1 Dev,2026-08-31T17:34:45.0600000Z,2026-08-31T17:34:45.0600000Z,6a95bb34485cab4c953d68dc,wenyi083126-1.stratalog.logdata.json
DialogueNodeEvent:36:65,dialogue,1,DialogueEvent,Unit 1 Dev,2026-08-31T17:34:38.3390000Z,2026-08-31T17:34:38.3390000Z,6a95bb2e485cab4c953d68d0,wenyi083126-1.stratalog.logdata.json
DialogueNodeEvent:37:0,dialogue,1,DialogueEvent,Unit 1 Dev,2026-08-31T17:34:54.7820000Z,2026-08-31T17:34:54.7820000Z,6a95bb3e485cab4c953d68fc,wenyi083126-1.stratalog.logdata.json
DialogueNodeEvent:37:64,dialogue,1,DialogueEvent,Unit 1 Dev,2026-08-31T17:34:54.7840000Z,2026-08-31T17:34:54.7840000Z,6a95bb3e485cab4c953d6900,wenyi083126-1.stratalog.logdata.json
DialogueNodeEvent:37:66,dialogue,1,DialogueEvent,Unit 1 Dev,2026-08-31T17:34:58.0980000Z,2026-08-31T17:34:58.0980000Z,6a95bb41485cab4c953d6902,wenyi083126-1.stratalog.logdata.json
DialogueNodeEvent:37:67,dialogue,1,DialogueEvent,Unit 1 Dev,2026-08-31T17:34:58.9990000Z,2026-08-31T17:34:58.9990000Z,6a95bb42485cab4c953d6904,wenyi083126-1.stratalog.logdata.json
DialogueNodeEvent:37:97,dialogue,1,DialogueEvent,Unit 1 Dev,2026-08-31T17:34:59.1670000Z,2026-08-31T17:34:59.1670000Z,6a95bb43485cab4c953d6906,wenyi083126-1.stratalog.logdata.json
DialogueNodeEvent:68:29,dialogue,1,DialogueEvent,Unit 2 Prod (Refactor),2026-08-31T23:09:59.5580000Z,2026-08-31T23:09:59.5580000Z,6a9609c7485cab4c953da9ff,wenyi083126-1.stratalog.logdata.json
DialogueNodeEvent:70:0,dialogue,2,DialogueEvent,Unit 1 Dev,2026-08-31T17:38:44.8760000Z,2026-08-31T17:39:09.4890000Z,6a95bc24485cab4c953d6a8a,wenyi083126-1.stratalog.logdata.json
DialogueNodeEvent:70:25,dialogue,1,DialogueEvent,Unit 1 Dev,2026-08-31T17:38:44.8900000Z,2026-08-31T17:38:44.8900000Z,6a95bc24485cab4c953d6a8e,wenyi083126-1.stratalog.logdata.json
DialogueNodeEvent:70:7,dialogue,1,DialogueEvent,Unit 1 Dev,2026-08-31T17:39:09.5020000Z,2026-08-31T17:39:09.5020000Z,6a95bc3d485cab4c953d6ace,wenyi083126-1.stratalog.logdata.json
DialogueNodeEvent:73:163,dialogue,4,DialogueEvent,Unit 3 Dev,2026-08-31T23:53:15.3810000Z,2026-08-31T23:54:11.9570000Z,6a9613eb485cab4c953dc495,wenyi083126-1.stratalog.logdata.json
DialogueNodeEvent:73:174,dialogue,1,DialogueEvent,Unit 3 Dev,2026-08-31T23:54:12.9720000Z,2026-08-31T23:54:12.9720000Z,6a961424485cab4c953dc51f,wenyi083126-1.stratalog.logdata.json
DialogueNodeEvent:73:175,dialogue,1,DialogueEvent,Unit 3 Dev,2026-08-31T23:54:13.4070000Z,2026-08-31T23:54:13.4070000Z,6a961425485cab4c953dc521,wenyi083126-1.stratalog.logdata.json
DialogueNodeEvent:73:200,dialogue,1,DialogueEvent,Unit 3 Dev,2026-08-31T23:52:45.2640000Z,2026-08-31T23:52:45.2640000Z,6a9613cd485cab4c953dc44d,wenyi083126-1.stratalog.logdata.json
DialogueNodeEvent:73:204,dialogue,1,DialogueEvent,Unit 3 Dev,2026-08-31T23:52:48.0980000Z,2026-08-31T23:52:48.0980000Z,6a9613cf485cab4c953dc453,wenyi083126-1.stratalog.logdata.json
DialogueNodeEvent:73:208,dialogue,1,DialogueEvent,Unit 3 Dev,2026-08-31T23:52:48.8320000Z,2026-08-31T23:52:48.8320000Z,6a9613d0485cab4c953dc455,wenyi083126-1.stratalog.logdata.json
DialogueNodeEvent:73:209,dialogue,1,DialogueEvent,Unit 3 Dev,2026-08-31T23:52:49.1760000Z,2026-08-31T23:52:49.1760000Z,6a9613d1485cab4c953dc459,wenyi083126-1.stratalog.logdata.json
DialogueNodeEvent:73:210,dialogue,1,DialogueEvent,Unit 3 Dev,2026-08-31T23:52:49.5490000Z,2026-08-31T23:52:49.5490000Z,6a9613d1485cab4c953dc45b,wenyi083126-1.stratalog.logdata.json
DialogueNodeEvent:73:211,dialogue,1,DialogueEvent,Unit 3 Dev,2026-08-31T23:52:50.0510000Z,2026-08-31T23:52:50.0510000Z,6a9613d1485cab4c953dc461,wenyi083126-1.stratalog.logdata.json
DialogueNodeEvent:73:212,dialogue,1,DialogueEvent,Unit 3 Dev,2026-08-31T23:52:50.0520000Z,2026-08-31T23:52:50.0520000Z,6a9613d1485cab4c953dc463,wenyi083126-1.stratalog.logdata.json
DialogueNodeEvent:73:213,dialogue,1,DialogueEvent,Unit 3 Dev,2026-08-31T23:54:14.0560000Z,2026-08-31T23:54:14.0560000Z,6a961425485cab4c953dc523,wenyi083126-1.stratalog.logdata.json
DialogueNodeEvent:74:21,dialogue,1,DialogueEvent,Unit 2 Prod (Refactor),2026-08-31T23:22:39.8380000Z,2026-08-31T23:22:39.8380000Z,6a960cbf485cab4c953db28d,wenyi083126-1.stratalog.logdata.json
DialogueNodeEvent:75:1,dialogue,1,DialogueEvent,Unit 3 Dev,2026-08-31T23:43:40.2910000Z,2026-08-31T23:43:40.2910000Z,6a9611ac485cab4c953dbd9b,wenyi083126-1.stratalog.logdata.json
DialogueNodeEvent:75:2,dialogue,1,DialogueEvent,Unit 3 Dev,2026-08-31T23:43:44.2230000Z,2026-08-31T23:43:44.2230000Z,6a9611b0485cab4c953dbda7,wenyi083126-1.stratalog.logdata.json
DialogueNodeEvent:75:3,dialogue,1,DialogueEvent,Unit 3 Dev,2026-08-31T23:43:46.7250000Z,2026-08-31T23:43:46.7250000Z,6a9611b2485cab4c953dbdb1,wenyi083126-1.stratalog.logdata.json
DialogueNodeEvent:75:4,dialogue,1,DialogueEvent,Unit 3 Dev,2026-08-31T23:43:55.5790000Z,2026-08-31T23:43:55.5790000Z,6a9611bb485cab4c953dbdd7,wenyi083126-1.stratalog.logdata.json
DialogueNodeEvent:75:5,dialogue,1,DialogueEvent,Unit 3 Dev,2026-08-31T23:43:57.5470000Z,2026-08-31T23:43:57.5470000Z,6a9611bd485cab4c953dbddd,wenyi083126-1.stratalog.logdata.json
DialogueNodeEvent:75:6,dialogue,1,DialogueEvent,Unit 3 Dev,2026-08-31T23:44:08.8690000Z,2026-08-31T23:44:08.8690000Z,6a9611c8485cab4c953dbe03,wenyi083126-1.stratalog.logdata.json
DialogueNodeEvent:78:24,dialogue,1,DialogueEvent,Unit 3 Dungeon Dev,2026-08-31T23:47:08.7380000Z,2026-08-31T23:47:08.7380000Z,6a96127c485cab4c953dc053,wenyi083126-1.stratalog.logdata.json
DialogueNodeEvent:79:0,dialogue,2,DialogueEvent,Unit 3 Dungeon Dev,2026-08-31T23:51:20.0580000Z,2026-08-31T23:51:20.0610000Z,6a961377485cab4c953dc3a3,wenyi083126-1.stratalog.logdata.json
DialogueNodeEvent:79:101,dialogue,1,DialogueEvent,Unit 3 Dungeon Dev,2026-08-31T23:48:05.9320000Z,2026-08-31T23:48:05.9320000Z,6a9612b5485cab4c953dc137,wenyi083126-1.stratalog.logdata.json
DialogueNodeEvent:79:102,dialogue,1,DialogueEvent,Unit 3 Dungeon Dev,2026-08-31T23:47:15.9740000Z,2026-08-31T23:47:15.9740000Z,6a961283485cab4c953dc0ab,wenyi083126-1.stratalog.logdata.json
DialogueNodeEvent:79:103,dialogue,1,DialogueEvent,Unit 3 Dungeon Dev,2026-08-31T23:47:19.3250000Z,2026-08-31T23:47:19.3250000Z,6a961287485cab4c953dc0c1,wenyi083126-1.stratalog.logdata.json
DialogueNodeEvent:79:104,dialogue,1,DialogueEvent,Unit 3 Dungeon Dev,2026-08-31T23:47:16.8740000Z,2026-08-31T23:47:16.8740000Z,6a961284485cab4c953dc0b1,wenyi083126-1.stratalog.logdata.json
DialogueNodeEvent:79:108,dialogue,1,DialogueEvent,Unit 3 Dungeon Dev,2026-08-31T23:48:51.4710000Z,2026-08-31T23:48:51.4710000Z,6a9612e3485cab4c953dc1b7,wenyi083126-1.stratalog.logdata.json
DialogueNodeEvent:79:109,dialogue,2,DialogueEvent,Unit 3 Dungeon Dev,2026-08-31T23:49:54.0160000Z,2026-08-31T23:49:57.4170000Z,6a961321485cab4c953dc291,wenyi083126-1.stratalog.logdata.json
DialogueNodeEvent:79:110,dialogue,1,DialogueEvent,Unit 3 Dungeon Dev,2026-08-31T23:49:56.3670000Z,2026-08-31T23:49:56.3670000Z,6a961324485cab4c953dc295,wenyi083126-1.stratalog.logdata.json
DialogueNodeEvent:79:111,dialogue,1,DialogueEvent,Unit 3 Dungeon Dev,2026-08-31T23:49:59.7520000Z,2026-08-31T23:49:59.7520000Z,6a961327485cab4c953dc29d,wenyi083126-1.stratalog.logdata.json
DialogueNodeEvent:79:112,dialogue,1,DialogueEvent,Unit 3 Dungeon Dev,2026-08-31T23:49:57.0170000Z,2026-08-31T23:49:57.0170000Z,6a961324485cab4c953dc297,wenyi083126-1.stratalog.logdata.json
DialogueNodeEvent:79:113,dialogue,1,DialogueEvent,Unit 3 Dungeon Dev,2026-08-31T23:50:00.5020000Z,2026-08-31T23:50:00.5020000Z,6a961328485cab4c953dc29f,wenyi083126-1.stratalog.logdata.json
DialogueNodeEvent:79:114,dialogue,1,DialogueEvent,Unit 3 Dungeon Dev,2026-08-31T23:49:25.3360000Z,2026-08-31T23:49:25.3360000Z,6a961305485cab4c953dc245,wenyi083126-1.stratalog.logdata.json
DialogueNodeEvent:79:115,dialogue,1,DialogueEvent,Unit 3 Dungeon Dev,2026-08-31T23:49:09.8280000Z,2026-08-31T23:49:09.8280000Z,6a9612f5485cab4c953dc1f9,wenyi083126-1.stratalog.logdata.json
DialogueNodeEvent:79:116,dialogue,1,DialogueEvent,Unit 3 Dungeon Dev,2026-08-31T23:48:16.2880000Z,2026-08-31T23:48:16.2880000Z,6a9612c0485cab4c953dc147,wenyi083126-1.stratalog.logdata.json
DialogueNodeEvent:79:117,dialogue,1,DialogueEvent,Unit 3 Dungeon Dev,2026-08-31T23:48:17.8870000Z,2026-08-31T23:48:17.8870000Z,6a9612c1485cab4c953dc14b,wenyi083126-1.stratalog.logdata.json
DialogueNodeEvent:79:118,dialogue,1,DialogueEvent,Unit 3 Dungeon Dev,2026-08-31T23:48:18.4370000Z,2026-08-31T23:48:18.4370000Z,6a9612c2485cab4c953dc14d,wenyi083126-1.stratalog.logdata.json
DialogueNodeEvent:79:119,dialogue,1,DialogueEvent,Unit 3 Dungeon Dev,2026-08-31T23:49:47.2300000Z,2026-08-31T23:49:47.2300000Z,6a96131b485cab4c953dc27d,wenyi083126-1.stratalog.logdata.json
DialogueNodeEvent:79:120,dialogue,1,DialogueEvent,Unit 3 Dungeon Dev,2026-08-31T23:49:48.9640000Z,2026-08-31T23:49:48.9640000Z,6a96131c485cab4c953dc281,wenyi083126-1.stratalog.logdata.json
DialogueNodeEvent:79:126,dialogue,1,DialogueEvent,Unit 3 Dungeon Dev,2026-08-31T23:50:50.1270000Z,2026-08-31T23:50:50.1270000Z,6a961359485cab4c953dc371,wenyi083126-1.stratalog.logdata.json
DialogueNodeEvent:79:127,dialogue,1,DialogueEvent,Unit 3 Dungeon Dev,2026-08-31T23:51:11.3700000Z,2026-08-31T23:51:11.3700000Z,6a96136f485cab4c953dc391,wenyi083126-1.stratalog.logdata.json
DialogueNodeEvent:79:128,dialogue,1,DialogueEvent,Unit 3 Dungeon Dev,2026-08-31T23:51:12.8370000Z,2026-08-31T23:51:12.8370000Z,6a961370485cab4c953dc395,wenyi083126-1.stratalog.logdata.json
DialogueNodeEvent:79:134,dialogue,1,DialogueEvent,Unit 3 Dungeon Dev,2026-08-31T23:51:20.0630000Z,2026-08-31T23:51:20.0630000Z,6a961378485cab4c953dc3ad,wenyi083126-1.stratalog.logdata.json
DialogueNodeEvent:79:135,dialogue,1,DialogueEvent,Unit 3 Dungeon Dev,2026-08-31T23:51:20.9240000Z,2026-08-31T23:51:20.9240000Z,6a961378485cab4c953dc3af,wenyi083126-1.stratalog.logdata.json
DialogueNodeEvent:79:136,dialogue,1,DialogueEvent,Unit 3 Dungeon Dev,2026-08-31T23:51:21.3410000Z,2026-08-31T23:51:21.3410000Z,6a961379485cab4c953dc3b3,wenyi083126-1.stratalog.logdata.json
DialogueNodeEvent:79:137,dialogue,1,DialogueEvent,Unit 3 Dungeon Dev,2026-08-31T23:51:21.7740000Z,2026-08-31T23:51:21.7740000Z,6a961379485cab4c953dc3b5,wenyi083126-1.stratalog.logdata.json
DialogueNodeEvent:79:138,dialogue,1,DialogueEvent,Unit 3 Dungeon Dev,2026-08-31T23:51:22.2600000Z,2026-08-31T23:51:22.2600000Z,6a96137a485cab4c953dc3b7,wenyi083126-1.stratalog.logdata.json
DialogueNodeEvent:79:140,dialogue,1,DialogueEvent,Unit 3 Dungeon Dev,2026-08-31T23:51:43.0020000Z,2026-08-31T23:51:43.0020000Z,6a96138e485cab4c953dc3e7,wenyi083126-1.stratalog.logdata.json
DialogueNodeEvent:79:141,dialogue,1,DialogueEvent,Unit 3 Dungeon Dev,2026-08-31T23:47:18.6580000Z,2026-08-31T23:47:18.6580000Z,6a961286485cab4c953dc0bb,wenyi083126-1.stratalog.logdata.json
DialogueNodeEvent:79:143,dialogue,1,DialogueEvent,Unit 3 Dungeon Dev,2026-08-31T23:51:44.1850000Z,2026-08-31T23:51:44.1850000Z,6a96138f485cab4c953dc3eb,wenyi083126-1.stratalog.logdata.json
DialogueNodeEvent:79:144,dialogue,1,DialogueEvent,Unit 3 Dungeon Dev,2026-08-31T23:51:45.8530000Z,2026-08-31T23:51:45.8530000Z,6a961391485cab4c953dc3ed,wenyi083126-1.stratalog.logdata.json
DialogueNodeEvent:79:146,dialogue,1,DialogueEvent,Unit 3 Dungeon Dev,2026-08-31T23:51:46.5360000Z,2026-08-31T23:51:46.5360000Z,6a961392485cab4c953dc3ef,wenyi083126-1.stratalog.logdata.json
DialogueNodeEvent:79:147,dialogue,1,DialogueEvent,Unit 3 Dungeon Dev,2026-08-31T23:51:46.8530000Z,2026-08-31T23:51:46.8530000Z,6a961392485cab4c953dc3f1,wenyi083126-1.stratalog.logdata.json
DialogueNodeEvent:79:148,dialogue,1,DialogueEvent,Unit 3 Dungeon Dev,2026-08-31T23:51:47.2700000Z,2026-08-31T23:51:47.2700000Z,6a961393485cab4c953dc3f3,wenyi083126-1.stratalog.logdata.json
DialogueNodeEvent:79:149,dialogue,1,DialogueEvent,Unit 3 Dungeon Dev,2026-08-31T23:51:47.7210000Z,2026-08-31T23:51:47.7210000Z,6a961393485cab4c953dc3f5,wenyi083126-1.stratalog.logdata.json
DialogueNodeEvent:79:70,dialogue,1,DialogueEvent,Unit 3 Dungeon Dev,2026-08-31T23:48:21.4050000Z,2026-08-31T23:48:21.4050000Z,6a9612c5485cab4c953dc15d,wenyi083126-1.stratalog.logdata.json
DialogueNodeEvent:79:71,dialogue,1,DialogueEvent,Unit 3 Dungeon Dev,2026-08-31T23:48:23.3560000Z,2026-08-31T23:48:23.3560000Z,6a9612c7485cab4c953dc165,wenyi083126-1.stratalog.logdata.json
DialogueNodeEvent:79:74,dialogue,1,DialogueEvent,Unit 3 Dungeon Dev,2026-08-31T23:48:35.7800000Z,2026-08-31T23:48:35.7800000Z,6a9612d3485cab4c953dc193,wenyi083126-1.stratalog.logdata.json
DialogueNodeEvent:79:75,dialogue,1,DialogueEvent,Unit 3 Dungeon Dev,2026-08-31T23:48:37.0290000Z,2026-08-31T23:48:37.0290000Z,6a9612d4485cab4c953dc197,wenyi083126-1.stratalog.logdata.json
DialogueNodeEvent:79:76,dialogue,1,DialogueEvent,Unit 3 Dungeon Dev,2026-08-31T23:48:37.5800000Z,2026-08-31T23:48:37.5800000Z,6a9612d5485cab4c953dc199,wenyi083126-1.stratalog.logdata.json
DialogueNodeEvent:79:79,dialogue,1,DialogueEvent,Unit 3 Dungeon Dev,2026-08-31T23:49:12.2620000Z,2026-08-31T23:49:12.2620000Z,6a9612f8485cab4c953dc203,wenyi083126-1.stratalog.logdata.json
DialogueNodeEvent:79:80,dialogue,1,DialogueEvent,Unit 3 Dungeon Dev,2026-08-31T23:49:13.2130000Z,2026-08-31T23:49:13.2130000Z,6a9612f9485cab4c953dc207,wenyi083126-1.stratalog.logdata.json
DialogueNodeEvent:79:81,dialogue,1,DialogueEvent,Unit 3 Dungeon Dev,2026-08-31T23:49:15.1970000Z,2026-08-31T23:49:15.1970000Z,6a9612fa485cab4c953dc20d,wenyi083126-1.stratalog.logdata.json
DialogueNodeEvent:79:83,dialogue,1,DialogueEvent,Unit 3 Dungeon Dev,2026-08-31T23:49:17.4490000Z,2026-08-31T23:49:17.4490000Z,6a9612fd485cab4c953dc215,wenyi083126-1.stratalog.logdata.json
DialogueNodeEvent:79:86,dialogue,1,DialogueEvent,Unit 3 Dungeon Dev,2026-08-31T23:49:29.8720000Z,2026-08-31T23:49:29.8720000Z,6a961309485cab4c953dc261,wenyi083126-1.stratalog.logdata.json
DialogueNodeEvent:79:87,dialogue,1,DialogueEvent,Unit 3 Dungeon Dev,2026-08-31T23:49:30.9220000Z,2026-08-31T23:49:30.9220000Z,6a96130a485cab4c953dc265,wenyi083126-1.stratalog.logdata.json
DialogueNodeEvent:82:0,dialogue,5,DialogueEvent,Unit 4 Dev;Unit 4 Dev - Anderson Base,2026-09-01T00:09:20.1470000Z,2026-09-01T00:12:00.3980000Z,6a9617af485cab4c953dcfe3,wenyi083126-1.stratalog.logdata.json
DialogueNodeEvent:82:1,dialogue,1,DialogueEvent,Unit 4 Dev,2026-09-01T00:09:25.2480000Z,2026-09-01T00:09:25.2480000Z,6a9617b5485cab4c953dcfe7,wenyi083126-1.stratalog.logdata.json
DialogueNodeEvent:82:10,dialogue,1,DialogueEvent,Unit 4 Dev,2026-09-01T00:09:30.4830000Z,2026-09-01T00:09:30.4830000Z,6a9617ba485cab4c953dd003,wenyi083126-1.stratalog.logdata.json
DialogueNodeEvent:82:100,dialogue,1,DialogueEvent,Unit 4 Dev,2026-09-01T00:13:48.3410000Z,2026-09-01T00:13:48.3410000Z,6a9618bc485cab4c953dd36d,wenyi083126-1.stratalog.logdata.json
DialogueNodeEvent:82:101,dialogue,1,DialogueEvent,Unit 4 Dev,2026-09-01T00:13:48.7570000Z,2026-09-01T00:13:48.7570000Z,6a9618bc485cab4c953dd371,wenyi083126-1.stratalog.logdata.json
DialogueNodeEvent:82:102,dialogue,2,DialogueEvent,Unit 4 Dev,2026-09-01T00:13:49.1910000Z,2026-09-01T00:13:49.6760000Z,6a9618bd485cab4c953dd373,wenyi083126-1.stratalog.logdata.json
DialogueNodeEvent:82:104,dialogue,1,DialogueEvent,Unit 4 Dev,2026-09-01T00:13:49.5920000Z,2026-09-01T00:13:49.5920000Z,6a9618bd485cab4c953dd375,wenyi083126-1.stratalog.logdata.json
DialogueNodeEvent:82:106,dialogue,1,DialogueEvent,Unit 4 Dev - Anderson Base,2026-09-01T00:12:35.8610000Z,2026-09-01T00:12:35.8610000Z,6a961873485cab4c953dd293,wenyi083126-1.stratalog.logdata.json
DialogueNodeEvent:82:12,dialogue,1,DialogueEvent,Unit 4 Dev,2026-09-01T00:09:31.2000000Z,2026-09-01T00:09:31.2000000Z,6a9617bb485cab4c953dd006,wenyi083126-1.stratalog.logdata.json
DialogueNodeEvent:82:14,dialogue,1,DialogueEvent,Unit 4 Dev,2026-09-01T00:09:31.5180000Z,2026-09-01T00:09:31.5180000Z,6a9617bb485cab4c953dd009,wenyi083126-1.stratalog.logdata.json
DialogueNodeEvent:82:15,dialogue,1,DialogueEvent,Unit 4 Dev,2026-09-01T00:08:11.6670000Z,2026-09-01T00:08:11.6670000Z,6a96176b485cab4c953dcf2d,wenyi083126-1.stratalog.logdata.json
DialogueNodeEvent:82:16,dialogue,1,DialogueEvent,Unit 4 Dev,2026-09-01T00:08:11.8340000Z,2026-09-01T00:08:11.8340000Z,6a96176b485cab4c953dcf2f,wenyi083126-1.stratalog.logdata.json
DialogueNodeEvent:82:17,dialogue,1,DialogueEvent,Unit 4 Dev,2026-09-01T00:08:12.0010000Z,2026-09-01T00:08:12.0010000Z,6a96176b485cab4c953dcf31,wenyi083126-1.stratalog.logdata.json
DialogueNodeEvent:82:18,dialogue,1,DialogueEvent,Unit 4 Dev,2026-09-01T00:08:13.3340000Z,2026-09-01T00:08:13.3340000Z,6a96176d485cab4c953dcf33,wenyi083126-1.stratalog.logdata.json
DialogueNodeEvent:82:20,dialogue,1,DialogueEvent,Unit 4 Dev,2026-09-01T00:08:13.9680000Z,2026-09-01T00:08:13.9680000Z,6a96176d485cab4c953dcf35,wenyi083126-1.stratalog.logdata.json
DialogueNodeEvent:82:22,dialogue,1,DialogueEvent,Unit 4 Dev,2026-09-01T00:08:15.1510000Z,2026-09-01T00:08:15.1510000Z,6a96176e485cab4c953dcf37,wenyi083126-1.stratalog.logdata.json
DialogueNodeEvent:82:24,dialogue,1,DialogueEvent,Unit 4 Dev,2026-09-01T00:08:15.8210000Z,2026-09-01T00:08:15.8210000Z,6a96176f485cab4c953dcf3b,wenyi083126-1.stratalog.logdata.json
DialogueNodeEvent:82:26,dialogue,1,DialogueEvent,Unit 4 Dev,2026-09-01T00:09:44.8110000Z,2026-09-01T00:09:44.8110000Z,6a9617c8485cab4c953dd033,wenyi083126-1.stratalog.logdata.json
DialogueNodeEvent:82:27,dialogue,1,DialogueEvent,Unit 4 Dev,2026-09-01T00:09:46.6410000Z,2026-09-01T00:09:46.6410000Z,6a9617ca485cab4c953dd035,wenyi083126-1.stratalog.logdata.json
DialogueNodeEvent:82:28,dialogue,1,DialogueEvent,Unit 4 Dev,2026-09-01T00:09:47.0590000Z,2026-09-01T00:09:47.0590000Z,6a9617ca485cab4c953dd037,wenyi083126-1.stratalog.logdata.json
DialogueNodeEvent:82:29,dialogue,1,DialogueEvent,Unit 4 Dev,2026-09-01T00:10:01.7520000Z,2026-09-01T00:10:01.7520000Z,6a9617d9485cab4c953dd077,wenyi083126-1.stratalog.logdata.json
DialogueNodeEvent:82:3,dialogue,1,DialogueEvent,Unit 4 Dev,2026-09-01T00:09:26.5150000Z,2026-09-01T00:09:26.5150000Z,6a9617b6485cab4c953dcfef,wenyi083126-1.stratalog.logdata.json
DialogueNodeEvent:82:30,dialogue,1,DialogueEvent,Unit 4 Dev,2026-09-01T00:10:03.4160000Z,2026-09-01T00:10:03.4160000Z,6a9617db485cab4c953dd07b,wenyi083126-1.stratalog.logdata.json
DialogueNodeEvent:82:31,dialogue,1,DialogueEvent,Unit 4 Dev,2026-09-01T00:10:03.8160000Z,2026-09-01T00:10:03.8160000Z,6a9617db485cab4c953dd07f,wenyi083126-1.stratalog.logdata.json
DialogueNodeEvent:82:32,dialogue,1,DialogueEvent,Unit 4 Dev,2026-09-01T00:10:04.2500000Z,2026-09-01T00:10:04.2500000Z,6a9617dc485cab4c953dd083,wenyi083126-1.stratalog.logdata.json
DialogueNodeEvent:82:33,dialogue,1,DialogueEvent,Unit 4 Dev,2026-09-01T00:10:04.6830000Z,2026-09-01T00:10:04.6830000Z,6a9617dc485cab4c953dd085,wenyi083126-1.stratalog.logdata.json
DialogueNodeEvent:82:34,dialogue,1,DialogueEvent,Unit 4 Dev,2026-09-01T00:10:05.3170000Z,2026-09-01T00:10:05.3170000Z,6a9617dd485cab4c953dd087,wenyi083126-1.stratalog.logdata.json
DialogueNodeEvent:82:35,dialogue,1,DialogueEvent,Unit 4 Dev,2026-09-01T00:10:06.0510000Z,2026-09-01T00:10:06.0510000Z,6a9617dd485cab4c953dd089,wenyi083126-1.stratalog.logdata.json
DialogueNodeEvent:82:36,dialogue,1,DialogueEvent,Unit 4 Dev,2026-09-01T00:10:06.3840000Z,2026-09-01T00:10:06.3840000Z,6a9617de485cab4c953dd08b,wenyi083126-1.stratalog.logdata.json
DialogueNodeEvent:82:37,dialogue,1,DialogueEvent,Unit 4 Dev,2026-09-01T00:10:08.0970000Z,2026-09-01T00:10:08.0970000Z,6a9617df485cab4c953dd08d,wenyi083126-1.stratalog.logdata.json
DialogueNodeEvent:82:39,dialogue,1,DialogueEvent,Unit 4 Dev,2026-09-01T00:10:08.7640000Z,2026-09-01T00:10:08.7640000Z,6a9617e0485cab4c953dd08f,wenyi083126-1.stratalog.logdata.json
DialogueNodeEvent:82:40,dialogue,1,DialogueEvent,Unit 4 Dev,2026-09-01T00:10:09.0990000Z,2026-09-01T00:10:09.0990000Z,6a9617e0485cab4c953dd091,wenyi083126-1.stratalog.logdata.json
DialogueNodeEvent:82:41,dialogue,1,DialogueEvent,Unit 4 Dev - Anderson Base,2026-09-01T00:10:22.8350000Z,2026-09-01T00:10:22.8350000Z,6a9617ee485cab4c953dd0a7,wenyi083126-1.stratalog.logdata.json
DialogueNodeEvent:82:42,dialogue,1,DialogueEvent,Unit 4 Dev - Anderson Base,2026-09-01T00:10:24.5730000Z,2026-09-01T00:10:24.5730000Z,6a9617f0485cab4c953dd0ad,wenyi083126-1.stratalog.logdata.json
DialogueNodeEvent:82:43,dialogue,1,DialogueEvent,Unit 4 Dev - Anderson Base,2026-09-01T00:11:00.5230000Z,2026-09-01T00:11:00.5230000Z,6a961814485cab4c953dd107,wenyi083126-1.stratalog.logdata.json
DialogueNodeEvent:82:44,dialogue,1,DialogueEvent,Unit 4 Dev - Anderson Base,2026-09-01T00:11:01.8070000Z,2026-09-01T00:11:01.8070000Z,6a961815485cab4c953dd10d,wenyi083126-1.stratalog.logdata.json
DialogueNodeEvent:82:45,dialogue,1,DialogueEvent,Unit 4 Dev - Anderson Base,2026-09-01T00:10:53.8540000Z,2026-09-01T00:10:53.8540000Z,6a96180d485cab4c953dd0f7,wenyi083126-1.stratalog.logdata.json
DialogueNodeEvent:82:46,dialogue,1,DialogueEvent,Unit 4 Dev - Anderson Base,2026-09-01T00:11:33.8520000Z,2026-09-01T00:11:33.8520000Z,6a961835485cab4c953dd183,wenyi083126-1.stratalog.logdata.json
DialogueNodeEvent:82:47,dialogue,1,DialogueEvent,Unit 4 Dev - Anderson Base,2026-09-01T00:11:37.2700000Z,2026-09-01T00:11:37.2700000Z,6a961839485cab4c953dd18b,wenyi083126-1.stratalog.logdata.json
DialogueNodeEvent:82:48,dialogue,1,DialogueEvent,Unit 4 Dev - Anderson Base,2026-09-01T00:11:49.2100000Z,2026-09-01T00:11:49.2100000Z,6a961845485cab4c953dd1c1,wenyi083126-1.stratalog.logdata.json
DialogueNodeEvent:82:49,dialogue,1,DialogueEvent,Unit 4 Dev - Anderson Base,2026-09-01T00:12:00.4010000Z,2026-09-01T00:12:00.4010000Z,6a961850485cab4c953dd1fb,wenyi083126-1.stratalog.logdata.json
DialogueNodeEvent:82:5,dialogue,1,DialogueEvent,Unit 4 Dev,2026-09-01T00:09:27.1650000Z,2026-09-01T00:09:27.1650000Z,6a9617b6485cab4c953dcff1,wenyi083126-1.stratalog.logdata.json
DialogueNodeEvent:82:50,dialogue,1,DialogueEvent,Unit 4 Dev - Anderson Base,2026-09-01T00:11:28.8700000Z,2026-09-01T00:11:28.8700000Z,6a961830485cab4c953dd175,wenyi083126-1.stratalog.logdata.json
DialogueNodeEvent:82:51,dialogue,1,DialogueEvent,Unit 4 Dev - Anderson Base,2026-09-01T00:12:05.3840000Z,2026-09-01T00:12:05.3840000Z,6a961855485cab4c953dd203,wenyi083126-1.stratalog.logdata.json
DialogueNodeEvent:82:52,dialogue,1,DialogueEvent,Unit 4 Dev - Anderson Base,2026-09-01T00:12:20.5540000Z,2026-09-01T00:12:20.5540000Z,6a961864485cab4c953dd24d,wenyi083126-1.stratalog.logdata.json
DialogueNodeEvent:82:53,dialogue,1,DialogueEvent,Unit 4 Dev - Anderson Base,2026-09-01T00:12:21.7540000Z,2026-09-01T00:12:21.7540000Z,6a961865485cab4c953dd253,wenyi083126-1.stratalog.logdata.json
DialogueNodeEvent:82:54,dialogue,1,DialogueEvent,Unit 4 Dev - Anderson Base,2026-09-01T00:12:23.9540000Z,2026-09-01T00:12:23.9540000Z,6a961867485cab4c953dd25f,wenyi083126-1.stratalog.logdata.json
DialogueNodeEvent:82:56,dialogue,1,DialogueEvent,Unit 4 Dev - Anderson Base,2026-09-01T00:12:24.6710000Z,2026-09-01T00:12:24.6710000Z,6a961868485cab4c953dd261,wenyi083126-1.stratalog.logdata.json
DialogueNodeEvent:82:58,dialogue,1,DialogueEvent,Unit 4 Dev - Anderson Base,2026-09-01T00:12:25.0220000Z,2026-09-01T00:12:25.0220000Z,6a961868485cab4c953dd263,wenyi083126-1.stratalog.logdata.json
DialogueNodeEvent:82:59,dialogue,1,DialogueEvent,Unit 4 Dev - Anderson Base,2026-09-01T00:12:25.4380000Z,2026-09-01T00:12:25.4380000Z,6a961869485cab4c953dd265,wenyi083126-1.stratalog.logdata.json
DialogueNodeEvent:82:6,dialogue,1,DialogueEvent,Unit 4 Dev,2026-09-01T00:09:27.7150000Z,2026-09-01T00:09:27.7150000Z,6a9617b7485cab4c953dcff3,wenyi083126-1.stratalog.logdata.json
DialogueNodeEvent:82:60,dialogue,1,DialogueEvent,Unit 4 Dev - Anderson Base,2026-09-01T00:12:25.8550000Z,2026-09-01T00:12:25.8550000Z,6a961869485cab4c953dd267,wenyi083126-1.stratalog.logdata.json
DialogueNodeEvent:82:61,dialogue,1,DialogueEvent,Unit 4 Dev - Anderson Base,2026-09-01T00:12:26.2720000Z,2026-09-01T00:12:26.2720000Z,6a96186a485cab4c953dd269,wenyi083126-1.stratalog.logdata.json
DialogueNodeEvent:82:62,dialogue,1,DialogueEvent,Unit 4 Dev - Anderson Base,2026-09-01T00:12:26.6560000Z,2026-09-01T00:12:26.6560000Z,6a96186a485cab4c953dd26b,wenyi083126-1.stratalog.logdata.json
DialogueNodeEvent:82:63,dialogue,1,DialogueEvent,Unit 4 Dev - Anderson Base,2026-09-01T00:12:27.0730000Z,2026-09-01T00:12:27.0730000Z,6a96186a485cab4c953dd26d,wenyi083126-1.stratalog.logdata.json
DialogueNodeEvent:82:64,dialogue,1,DialogueEvent,Unit 4 Dev - Anderson Base,2026-09-01T00:12:27.4730000Z,2026-09-01T00:12:27.4730000Z,6a96186b485cab4c953dd26f,wenyi083126-1.stratalog.logdata.json
DialogueNodeEvent:82:65,dialogue,1,DialogueEvent,Unit 4 Dev - Anderson Base,2026-09-01T00:12:27.8900000Z,2026-09-01T00:12:27.8900000Z,6a96186b485cab4c953dd271,wenyi083126-1.stratalog.logdata.json
DialogueNodeEvent:82:69,dialogue,1,DialogueEvent,Unit 4 Dev - Anderson Base,2026-09-01T00:12:29.8240000Z,2026-09-01T00:12:29.8240000Z,6a96186d485cab4c953dd277,wenyi083126-1.stratalog.logdata.json
DialogueNodeEvent:82:7,dialogue,1,DialogueEvent,Unit 4 Dev,2026-09-01T00:09:28.1660000Z,2026-09-01T00:09:28.1660000Z,6a9617b7485cab4c953dcff5,wenyi083126-1.stratalog.logdata.json
DialogueNodeEvent:82:73,dialogue,1,DialogueEvent,Unit 4 Dev - Anderson Base,2026-09-01T00:12:30.5070000Z,2026-09-01T00:12:30.5070000Z,6a96186e485cab4c953dd279,wenyi083126-1.stratalog.logdata.json
DialogueNodeEvent:82:77,dialogue,1,DialogueEvent,Unit 4 Dev - Anderson Base,2026-09-01T00:12:32.2250000Z,2026-09-01T00:12:32.2250000Z,6a961870485cab4c953dd283,wenyi083126-1.stratalog.logdata.json
DialogueNodeEvent:82:8,dialogue,1,DialogueEvent,Unit 4 Dev,2026-09-01T00:09:28.5490000Z,2026-09-01T00:09:28.5490000Z,6a9617b8485cab4c953dcff9,wenyi083126-1.stratalog.logdata.json
DialogueNodeEvent:82:80,dialogue,1,DialogueEvent,Unit 4 Dev - Anderson Base,2026-09-01T00:12:33.5760000Z,2026-09-01T00:12:33.5760000Z,6a961871485cab4c953dd287,wenyi083126-1.stratalog.logdata.json
DialogueNodeEvent:82:82,dialogue,1,DialogueEvent,Unit 4 Dev - Anderson Base,2026-09-01T00:12:34.8930000Z,2026-09-01T00:12:34.8930000Z,6a961872485cab4c953dd289,wenyi083126-1.stratalog.logdata.json
DialogueNodeEvent:82:84,dialogue,1,DialogueEvent,Unit 4 Dev - Anderson Base,2026-09-01T00:12:35.5450000Z,2026-09-01T00:12:35.5450000Z,6a961873485cab4c953dd28f,wenyi083126-1.stratalog.logdata.json
DialogueNodeEvent:82:85,dialogue,1,DialogueEvent,Unit 4 Dev - Anderson Base,2026-09-01T00:13:14.0080000Z,2026-09-01T00:13:14.0080000Z,6a961899485cab4c953dd2ea,wenyi083126-1.stratalog.logdata.json
DialogueNodeEvent:82:86,dialogue,1,DialogueEvent,Unit 4 Dev - Anderson Base,2026-09-01T00:13:14.3580000Z,2026-09-01T00:13:14.3580000Z,6a96189a485cab4c953dd2ed,wenyi083126-1.stratalog.logdata.json
DialogueNodeEvent:82:87,dialogue,1,DialogueEvent,Unit 4 Dev - Anderson Base,2026-09-01T00:13:17.5420000Z,2026-09-01T00:13:17.5420000Z,6a96189d485cab4c953dd2ef,wenyi083126-1.stratalog.logdata.json
DialogueNodeEvent:82:9,dialogue,1,DialogueEvent,Unit 4 Dev,2026-09-01T00:09:28.9660000Z,2026-09-01T00:09:28.9660000Z,6a9617b8485cab4c953dcfff,wenyi083126-1.stratalog.logdata.json
DialogueNodeEvent:82:90,dialogue,1,DialogueEvent,Unit 4 Dev - Anderson Base,2026-09-01T00:13:18.7480000Z,2026-09-01T00:13:18.7480000Z,6a96189e485cab4c953dd2f7,wenyi083126-1.stratalog.logdata.json
DialogueNodeEvent:82:91,dialogue,1,DialogueEvent,Unit 4 Dev - Anderson Base,2026-09-01T00:13:27.6150000Z,2026-09-01T00:13:27.6150000Z,6a9618a7485cab4c953dd315,wenyi083126-1.stratalog.logdata.json
DialogueNodeEvent:82:92,dialogue,2,DialogueEvent,Unit 4 Dev - Anderson Base,2026-09-01T00:13:31.6490000Z,2026-09-01T00:13:32.4180000Z,6a9618ab485cab4c953dd325,wenyi083126-1.stratalog.logdata.json
DialogueNodeEvent:82:93,dialogue,3,DialogueEvent,Unit 4 Dev - Anderson Base,2026-09-01T00:13:32.1160000Z,2026-09-01T00:13:33.0860000Z,6a9618ab485cab4c953dd329,wenyi083126-1.stratalog.logdata.json
DialogueNodeEvent:82:94,dialogue,1,DialogueEvent,Unit 4 Dev,2026-09-01T00:13:42.2050000Z,2026-09-01T00:13:42.2050000Z,6a9618b6485cab4c953dd34f,wenyi083126-1.stratalog.logdata.json
DialogueNodeEvent:82:95,dialogue,1,DialogueEvent,Unit 4 Dev,2026-09-01T00:13:46.8400000Z,2026-09-01T00:13:46.8400000Z,6a9618ba485cab4c953dd35d,wenyi083126-1.stratalog.logdata.json
DialogueNodeEvent:82:97,dialogue,1,DialogueEvent,Unit 4 Dev,2026-09-01T00:13:47.5900000Z,2026-09-01T00:13:47.5900000Z,6a9618bb485cab4c953dd363,wenyi083126-1.stratalog.logdata.json
DialogueNodeEvent:82:99,dialogue,1,DialogueEvent,Unit 4 Dev,2026-09-01T00:13:47.9410000Z,2026-09-01T00:13:47.9410000Z,6a9618bb485cab4c953dd36b,wenyi083126-1.stratalog.logdata.json
DialogueNodeEvent:83:10,dialogue,1,DialogueEvent,Unit 3 Dev,2026-08-31T23:52:35.4780000Z,2026-08-31T23:52:35.4780000Z,6a9613c3485cab4c953dc43d,wenyi083126-1.stratalog.logdata.json
DialogueNodeEvent:83:11,dialogue,1,DialogueEvent,Unit 3 Dev,2026-08-31T23:52:36.4790000Z,2026-08-31T23:52:36.4790000Z,6a9613c4485cab4c953dc445,wenyi083126-1.stratalog.logdata.json
DialogueNodeEvent:83:9,dialogue,1,DialogueEvent,Unit 3 Dev,2026-08-31T23:52:31.5590000Z,2026-08-31T23:52:31.5590000Z,6a9613bf485cab4c953dc437,wenyi083126-1.stratalog.logdata.json
DialogueNodeEvent:84:0,dialogue,1,DialogueEvent,Unit 3 Dev,2026-08-31T23:43:31.0380000Z,2026-08-31T23:43:31.0380000Z,6a9611a2485cab4c953dbd83,wenyi083126-1.stratalog.logdata.json
DialogueNodeEvent:84:36,dialogue,1,DialogueEvent,Unit 3 Dev,2026-08-31T23:43:31.0500000Z,2026-08-31T23:43:31.0500000Z,6a9611a3485cab4c953dbd89,wenyi083126-1.stratalog.logdata.json
DialogueNodeEvent:88:0,dialogue,1,DialogueEvent,Unit 4 Dev,2026-08-31T23:56:04.0100000Z,2026-08-31T23:56:04.0100000Z,6a961493485cab4c953dc653,wenyi083126-1.stratalog.logdata.json
DialogueNodeEvent:88:1,dialogue,1,DialogueEvent,Unit 4 Dev,2026-08-31T23:59:31.1910000Z,2026-08-31T23:59:31.1910000Z,6a961562485cab4c953dc74f,wenyi083126-1.stratalog.logdata.json
DialogueNodeEvent:88:11,dialogue,1,DialogueEvent,Unit 4 Dev,2026-09-01T00:01:16.7250000Z,2026-09-01T00:01:16.7250000Z,6a9615cc485cab4c953dc983,wenyi083126-1.stratalog.logdata.json
DialogueNodeEvent:88:12,dialogue,1,DialogueEvent,Unit 4 Dev,2026-09-01T00:01:18.3100000Z,2026-09-01T00:01:18.3100000Z,6a9615ce485cab4c953dc989,wenyi083126-1.stratalog.logdata.json
DialogueNodeEvent:88:19,dialogue,1,DialogueEvent,Unit 4 Dev,2026-08-31T23:56:04.0260000Z,2026-08-31T23:56:04.0260000Z,6a961493485cab4c953dc657,wenyi083126-1.stratalog.logdata.json
DialogueNodeEvent:88:2,dialogue,1,DialogueEvent,Unit 4 Dev,2026-08-31T23:59:31.6520000Z,2026-08-31T23:59:31.6520000Z,6a961563485cab4c953dc753,wenyi083126-1.stratalog.logdata.json
DialogueNodeEvent:88:3,dialogue,1,DialogueEvent,Unit 4 Dev,2026-08-31T23:59:51.1680000Z,2026-08-31T23:59:51.1680000Z,6a961576485cab4c953dc76d,wenyi083126-1.stratalog.logdata.json
DialogueNodeEvent:88:4,dialogue,1,DialogueEvent,Unit 4 Dev,2026-09-01T00:00:03.4410000Z,2026-09-01T00:00:03.4410000Z,6a961583485cab4c953dc787,wenyi083126-1.stratalog.logdata.json
DialogueNodeEvent:88:5,dialogue,1,DialogueEvent,Unit 4 Dev,2026-09-01T00:00:06.7250000Z,2026-09-01T00:00:06.7250000Z,6a961586485cab4c953dc78b,wenyi083126-1.stratalog.logdata.json
DialogueNodeEvent:88:8,dialogue,1,DialogueEvent,Unit 4 Dev,2026-09-01T00:00:09.8260000Z,2026-09-01T00:00:09.8260000Z,6a961589485cab4c953dc78f,wenyi083126-1.stratalog.logdata.json
DialogueNodeEvent:88:9,dialogue,1,DialogueEvent,Unit 4 Dev,2026-09-01T00:00:23.9500000Z,2026-09-01T00:00:23.9500000Z,6a961597485cab4c953dc79d,wenyi083126-1.stratalog.logdata.json
DialogueNodeEvent:8:11,dialogue,1,DialogueEvent,Unit 2 Prod (Refactor),2026-08-31T23:26:29.6300000Z,2026-08-31T23:26:29.6300000Z,6a960da5485cab4c953db515,wenyi083126-1.stratalog.logdata.json
DialogueNodeEvent:8:12,dialogue,1,DialogueEvent,Unit 2 Prod (Refactor),2026-08-31T23:26:31.3810000Z,2026-08-31T23:26:31.3810000Z,6a960da7485cab4c953db51b,wenyi083126-1.stratalog.logdata.json
DialogueNodeEvent:8:2,dialogue,1,DialogueEvent,Unit 2 Prod (Refactor),2026-08-31T23:26:27.6800000Z,2026-08-31T23:26:27.6800000Z,6a960da3485cab4c953db50d,wenyi083126-1.stratalog.logdata.json
DialogueNodeEvent:8:4,dialogue,1,DialogueEvent,Unit 2 Prod (Refactor),2026-08-31T23:26:28.1460000Z,2026-08-31T23:26:28.1460000Z,6a960da3485cab4c953db50f,wenyi083126-1.stratalog.logdata.json
DialogueNodeEvent:8:5,dialogue,1,DialogueEvent,Unit 2 Prod (Refactor),2026-08-31T23:26:28.6630000Z,2026-08-31T23:26:28.6630000Z,6a960da4485cab4c953db511,wenyi083126-1.stratalog.logdata.json
DialogueNodeEvent:8:6,dialogue,1,DialogueEvent,Unit 2 Prod (Refactor),2026-08-31T23:26:29.1460000Z,2026-08-31T23:26:29.1460000Z,6a960da4485cab4c953db513,wenyi083126-1.stratalog.logdata.json
DialogueNodeEvent:8:7,dialogue,1,DialogueEvent,Unit 2 Prod (Refactor),2026-08-31T23:26:30.1130000Z,2026-08-31T23:26:30.1130000Z,6a960da5485cab4c953db517,wenyi083126-1.stratalog.logdata.json
DialogueNodeEvent:8:8,dialogue,1,DialogueEvent,Unit 2 Prod (Refactor),2026-08-31T23:26:30.7970000Z,2026-08-31T23:26:30.7970000Z,6a960da6485cab4c953db519,wenyi083126-1.stratalog.logdata.json
DialogueNodeEvent:90:0,dialogue,1,DialogueEvent,Unit 4 Dev - Anderson Base,2026-09-01T00:13:12.1610000Z,2026-09-01T00:13:12.1610000Z,6a961898485cab4c953dd2df,wenyi083126-1.stratalog.logdata.json
DialogueNodeEvent:90:50,dialogue,1,DialogueEvent,Unit 4 Dev - Anderson Base,2026-09-01T00:13:12.1740000Z,2026-09-01T00:13:12.1740000Z,6a961898485cab4c953dd2e5,wenyi083126-1.stratalog.logdata.json
DialogueNodeEvent:91:0,dialogue,1,DialogueEvent,Unit 4 Dev - Dungeon,2026-09-01T00:01:34.7160000Z,2026-09-01T00:01:34.7160000Z,6a9615de485cab4c953dc9f1,wenyi083126-1.stratalog.logdata.json
DialogueNodeEvent:91:1,dialogue,1,DialogueEvent,Unit 4 Dev - Dungeon,2026-09-01T00:01:52.8260000Z,2026-09-01T00:01:52.8260000Z,6a9615f0485cab4c953dca1b,wenyi083126-1.stratalog.logdata.json
DialogueNodeEvent:91:100,dialogue,1,DialogueEvent,Unit 4 Dev - Dungeon,2026-09-01T00:07:22.6320000Z,2026-09-01T00:07:22.6320000Z,6a96173a485cab4c953dce7f,wenyi083126-1.stratalog.logdata.json
DialogueNodeEvent:91:101,dialogue,1,DialogueEvent,Unit 4 Dev - Dungeon,2026-09-01T00:07:25.2150000Z,2026-09-01T00:07:25.2150000Z,6a96173d485cab4c953dce87,wenyi083126-1.stratalog.logdata.json
DialogueNodeEvent:91:103,dialogue,1,DialogueEvent,Unit 4 Dev - Dungeon,2026-09-01T00:07:25.9670000Z,2026-09-01T00:07:25.9670000Z,6a96173d485cab4c953dce89,wenyi083126-1.stratalog.logdata.json
DialogueNodeEvent:91:105,dialogue,1,DialogueEvent,Unit 4 Dev,2026-09-01T00:07:40.7970000Z,2026-09-01T00:07:40.7970000Z,6a96174c485cab4c953dcea9,wenyi083126-1.stratalog.logdata.json
DialogueNodeEvent:91:106,dialogue,1,DialogueEvent,Unit 4 Dev,2026-09-01T00:08:06.0020000Z,2026-09-01T00:08:06.0020000Z,6a961765485cab4c953dcf1b,wenyi083126-1.stratalog.logdata.json
DialogueNodeEvent:91:107,dialogue,1,DialogueEvent,Unit 4 Dev,2026-09-01T00:08:06.1360000Z,2026-09-01T00:08:06.1360000Z,6a961765485cab4c953dcf1d,wenyi083126-1.stratalog.logdata.json
DialogueNodeEvent:91:108,dialogue,1,DialogueEvent,Unit 4 Dev,2026-09-01T00:08:07.5150000Z,2026-09-01T00:08:07.5150000Z,6a961767485cab4c953dcf1f,wenyi083126-1.stratalog.logdata.json
DialogueNodeEvent:91:11,dialogue,1,DialogueEvent,Unit 4 Dev - Dungeon,2026-09-01T00:01:57.2610000Z,2026-09-01T00:01:57.2610000Z,6a9615f5485cab4c953dca25,wenyi083126-1.stratalog.logdata.json
DialogueNodeEvent:91:110,dialogue,1,DialogueEvent,Unit 4 Dev,2026-09-01T00:08:08.2480000Z,2026-09-01T00:08:08.2480000Z,6a961768485cab4c953dcf21,wenyi083126-1.stratalog.logdata.json
DialogueNodeEvent:91:112,dialogue,1,DialogueEvent,Unit 4 Dev,2026-09-01T00:08:10.4660000Z,2026-09-01T00:08:10.4660000Z,6a96176a485cab4c953dcf25,wenyi083126-1.stratalog.logdata.json
DialogueNodeEvent:91:114,dialogue,1,DialogueEvent,Unit 4 Dev,2026-09-01T00:08:11.3830000Z,2026-09-01T00:08:11.3830000Z,6a96176b485cab4c953dcf27,wenyi083126-1.stratalog.logdata.json
DialogueNodeEvent:91:115,dialogue,1,DialogueEvent,Unit 4 Dev,2026-09-01T00:08:11.5180000Z,2026-09-01T00:08:11.5180000Z,6a96176b485cab4c953dcf2b,wenyi083126-1.stratalog.logdata.json
DialogueNodeEvent:91:116,dialogue,1,DialogueEvent,Unit 4 Dev - Dungeon,2026-09-01T00:02:58.6070000Z,2026-09-01T00:02:58.6070000Z,6a961632485cab4c953dcaf9,wenyi083126-1.stratalog.logdata.json
DialogueNodeEvent:91:117,dialogue,1,DialogueEvent,Unit 4 Dev - Dungeon,2026-09-01T00:04:01.0180000Z,2026-09-01T00:04:01.0180000Z,6a961670485cab4c953dcbc7,wenyi083126-1.stratalog.logdata.json
DialogueNodeEvent:91:118,dialogue,1,DialogueEvent,Unit 4 Dev - Dungeon,2026-09-01T00:05:22.1650000Z,2026-09-01T00:05:22.1650000Z,6a9616c1485cab4c953dccc1,wenyi083126-1.stratalog.logdata.json
DialogueNodeEvent:91:119,dialogue,1,DialogueEvent,Unit 4 Dev,2026-09-01T00:07:58.6660000Z,2026-09-01T00:07:58.6660000Z,6a96175e485cab4c953dcf05,wenyi083126-1.stratalog.logdata.json
DialogueNodeEvent:91:120,dialogue,1,DialogueEvent,Unit 4 Dev - Dungeon,2026-09-01T00:01:36.6340000Z,2026-09-01T00:01:36.6340000Z,6a9615e0485cab4c953dc9ff,wenyi083126-1.stratalog.logdata.json
DialogueNodeEvent:91:122,dialogue,1,DialogueEvent,Unit 4 Dev - Dungeon,2026-09-01T00:01:37.9850000Z,2026-09-01T00:01:37.9850000Z,6a9615e1485cab4c953dca01,wenyi083126-1.stratalog.logdata.json
DialogueNodeEvent:91:125,dialogue,1,DialogueEvent,Unit 4 Dev - Dungeon,2026-09-01T00:01:40.2710000Z,2026-09-01T00:01:40.2710000Z,6a9615e4485cab4c953dca05,wenyi083126-1.stratalog.logdata.json
DialogueNodeEvent:91:13,dialogue,1,DialogueEvent,Unit 4 Dev - Dungeon,2026-09-01T00:01:57.8860000Z,2026-09-01T00:01:57.8860000Z,6a9615f5485cab4c953dca29,wenyi083126-1.stratalog.logdata.json
DialogueNodeEvent:91:19,dialogue,1,DialogueEvent,Unit 4 Dev - Dungeon,2026-09-01T00:02:02.2810000Z,2026-09-01T00:02:02.2810000Z,6a9615fa485cab4c953dca3b,wenyi083126-1.stratalog.logdata.json
DialogueNodeEvent:91:20,dialogue,1,DialogueEvent,Unit 4 Dev - Dungeon,2026-09-01T00:02:03.3310000Z,2026-09-01T00:02:03.3310000Z,6a9615fb485cab4c953dca41,wenyi083126-1.stratalog.logdata.json
DialogueNodeEvent:91:21,dialogue,1,DialogueEvent,Unit 4 Dev - Dungeon,2026-09-01T00:02:13.7050000Z,2026-09-01T00:02:13.7050000Z,6a961605485cab4c953dca63,wenyi083126-1.stratalog.logdata.json
DialogueNodeEvent:91:29,dialogue,1,DialogueEvent,Unit 4 Dev - Dungeon,2026-09-01T00:02:33.6970000Z,2026-09-01T00:02:33.6970000Z,6a961619485cab4c953dcab5,wenyi083126-1.stratalog.logdata.json
DialogueNodeEvent:91:30,dialogue,1,DialogueEvent,Unit 4 Dev - Dungeon,2026-09-01T00:02:47.8020000Z,2026-09-01T00:02:47.8020000Z,6a961627485cab4c953dcad3,wenyi083126-1.stratalog.logdata.json
DialogueNodeEvent:91:31,dialogue,1,DialogueEvent,Unit 4 Dev - Dungeon,2026-09-01T00:02:48.9350000Z,2026-09-01T00:02:48.9350000Z,6a961628485cab4c953dcad7,wenyi083126-1.stratalog.logdata.json
DialogueNodeEvent:91:32,dialogue,1,DialogueEvent,Unit 4 Dev - Dungeon,2026-09-01T00:02:51.9030000Z,2026-09-01T00:02:51.9030000Z,6a96162b485cab4c953dcad9,wenyi083126-1.stratalog.logdata.json
DialogueNodeEvent:91:34,dialogue,1,DialogueEvent,Unit 4 Dev - Dungeon,2026-09-01T00:02:52.5540000Z,2026-09-01T00:02:52.5540000Z,6a96162c485cab4c953dcadb,wenyi083126-1.stratalog.logdata.json
DialogueNodeEvent:91:36,dialogue,1,DialogueEvent,Unit 4 Dev - Dungeon,2026-09-01T00:02:52.9060000Z,2026-09-01T00:02:52.9060000Z,6a96162c485cab4c953dcae1,wenyi083126-1.stratalog.logdata.json
DialogueNodeEvent:91:42,dialogue,1,DialogueEvent,Unit 4 Dev - Dungeon,2026-09-01T00:02:57.6400000Z,2026-09-01T00:02:57.6400000Z,6a961631485cab4c953dcaf3,wenyi083126-1.stratalog.logdata.json
DialogueNodeEvent:91:43,dialogue,1,DialogueEvent,Unit 4 Dev - Dungeon,2026-09-01T00:03:02.6930000Z,2026-09-01T00:03:02.6930000Z,6a961636485cab4c953dcb09,wenyi083126-1.stratalog.logdata.json
DialogueNodeEvent:91:44,dialogue,1,DialogueEvent,Unit 4 Dev - Dungeon,2026-09-01T00:03:16.1300000Z,2026-09-01T00:03:16.1300000Z,6a961643485cab4c953dcb33,wenyi083126-1.stratalog.logdata.json
DialogueNodeEvent:91:45,dialogue,1,DialogueEvent,Unit 4 Dev - Dungeon,2026-09-01T00:03:19.2970000Z,2026-09-01T00:03:19.2970000Z,6a961647485cab4c953dcb39,wenyi083126-1.stratalog.logdata.json
DialogueNodeEvent:91:47,dialogue,1,DialogueEvent,Unit 4 Dev - Dungeon,2026-09-01T00:03:20.2820000Z,2026-09-01T00:03:20.2820000Z,6a961648485cab4c953dcb3b,wenyi083126-1.stratalog.logdata.json
DialogueNodeEvent:91:49,dialogue,1,DialogueEvent,Unit 4 Dev - Dungeon,2026-09-01T00:03:37.2240000Z,2026-09-01T00:03:37.2240000Z,6a961659485cab4c953dcb85,wenyi083126-1.stratalog.logdata.json
DialogueNodeEvent:91:5,dialogue,1,DialogueEvent,Unit 4 Dev - Dungeon,2026-09-01T00:01:54.1920000Z,2026-09-01T00:01:54.1920000Z,6a9615f1485cab4c953dca1f,wenyi083126-1.stratalog.logdata.json
DialogueNodeEvent:91:50,dialogue,1,DialogueEvent,Unit 4 Dev - Dungeon,2026-09-01T00:03:50.6460000Z,2026-09-01T00:03:50.6460000Z,6a961666485cab4c953dcba1,wenyi083126-1.stratalog.logdata.json
DialogueNodeEvent:91:51,dialogue,1,DialogueEvent,Unit 4 Dev - Dungeon,2026-09-01T00:03:53.3300000Z,2026-09-01T00:03:53.3300000Z,6a961669485cab4c953dcba5,wenyi083126-1.stratalog.logdata.json
DialogueNodeEvent:91:53,dialogue,1,DialogueEvent,Unit 4 Dev - Dungeon,2026-09-01T00:03:54.3470000Z,2026-09-01T00:03:54.3470000Z,6a96166a485cab4c953dcba7,wenyi083126-1.stratalog.logdata.json
DialogueNodeEvent:91:55,dialogue,1,DialogueEvent,Unit 4 Dev - Dungeon,2026-09-01T00:03:54.8560000Z,2026-09-01T00:03:54.8560000Z,6a96166a485cab4c953dcbad,wenyi083126-1.stratalog.logdata.json
DialogueNodeEvent:91:61,dialogue,1,DialogueEvent,Unit 4 Dev - Dungeon,2026-09-01T00:03:59.6670000Z,2026-09-01T00:03:59.6670000Z,6a96166f485cab4c953dcbc1,wenyi083126-1.stratalog.logdata.json
DialogueNodeEvent:91:62,dialogue,1,DialogueEvent,Unit 4 Dev - Dungeon,2026-09-01T00:04:38.1320000Z,2026-09-01T00:04:38.1320000Z,6a961695485cab4c953dcc39,wenyi083126-1.stratalog.logdata.json
DialogueNodeEvent:91:63,dialogue,1,DialogueEvent,Unit 4 Dev - Dungeon,2026-09-01T00:04:42.8660000Z,2026-09-01T00:04:42.8660000Z,6a96169a485cab4c953dcc3f,wenyi083126-1.stratalog.logdata.json
DialogueNodeEvent:91:65,dialogue,1,DialogueEvent,Unit 4 Dev - Dungeon,2026-09-01T00:04:43.6010000Z,2026-09-01T00:04:43.6010000Z,6a96169b485cab4c953dcc41,wenyi083126-1.stratalog.logdata.json
DialogueNodeEvent:91:67,dialogue,1,DialogueEvent,Unit 4 Dev - Dungeon,2026-09-01T00:05:00.2100000Z,2026-09-01T00:05:00.2100000Z,6a9616ab485cab4c953dcc81,wenyi083126-1.stratalog.logdata.json
DialogueNodeEvent:91:68,dialogue,1,DialogueEvent,Unit 4 Dev - Dungeon,2026-09-01T00:05:14.1450000Z,2026-09-01T00:05:14.1450000Z,6a9616b9485cab4c953dcc9d,wenyi083126-1.stratalog.logdata.json
DialogueNodeEvent:91:69,dialogue,1,DialogueEvent,Unit 4 Dev - Dungeon,2026-09-01T00:05:15.7780000Z,2026-09-01T00:05:15.7780000Z,6a9616bb485cab4c953dcca3,wenyi083126-1.stratalog.logdata.json
DialogueNodeEvent:91:71,dialogue,1,DialogueEvent,Unit 4 Dev - Dungeon,2026-09-01T00:05:16.6120000Z,2026-09-01T00:05:16.6120000Z,6a9616bc485cab4c953dcca5,wenyi083126-1.stratalog.logdata.json
DialogueNodeEvent:91:73,dialogue,1,DialogueEvent,Unit 4 Dev - Dungeon,2026-09-01T00:05:16.9310000Z,2026-09-01T00:05:16.9310000Z,6a9616bc485cab4c953dccab,wenyi083126-1.stratalog.logdata.json
DialogueNodeEvent:91:79,dialogue,1,DialogueEvent,Unit 4 Dev - Dungeon,2026-09-01T00:05:21.2980000Z,2026-09-01T00:05:21.2980000Z,6a9616c1485cab4c953dccbb,wenyi083126-1.stratalog.logdata.json
DialogueNodeEvent:91:80,dialogue,1,DialogueEvent,Unit 4 Dev - Dungeon,2026-09-01T00:05:58.7500000Z,2026-09-01T00:05:58.7500000Z,6a9616e6485cab4c953dcd51,wenyi083126-1.stratalog.logdata.json
DialogueNodeEvent:91:82,dialogue,1,DialogueEvent,Unit 4 Dev - Dungeon,2026-09-01T00:06:03.0020000Z,2026-09-01T00:06:03.0020000Z,6a9616ea485cab4c953dcd69,wenyi083126-1.stratalog.logdata.json
DialogueNodeEvent:91:83,dialogue,1,DialogueEvent,Unit 4 Dev - Dungeon,2026-09-01T00:06:05.7690000Z,2026-09-01T00:06:05.7690000Z,6a9616ed485cab4c953dcd71,wenyi083126-1.stratalog.logdata.json
DialogueNodeEvent:91:85,dialogue,1,DialogueEvent,Unit 4 Dev - Dungeon,2026-09-01T00:06:07.0540000Z,2026-09-01T00:06:07.0540000Z,6a9616ee485cab4c953dcd73,wenyi083126-1.stratalog.logdata.json
DialogueNodeEvent:91:87,dialogue,1,DialogueEvent,Unit 4 Dev - Dungeon,2026-09-01T00:06:19.2550000Z,2026-09-01T00:06:19.2550000Z,6a9616fb485cab4c953dcd91,wenyi083126-1.stratalog.logdata.json
DialogueNodeEvent:91:88,dialogue,1,DialogueEvent,Unit 4 Dev - Dungeon,2026-09-01T00:06:20.4710000Z,2026-09-01T00:06:20.4710000Z,6a9616fc485cab4c953dcd95,wenyi083126-1.stratalog.logdata.json
DialogueNodeEvent:91:9,dialogue,1,DialogueEvent,Unit 4 Dev - Dungeon,2026-09-01T00:01:56.4600000Z,2026-09-01T00:01:56.4600000Z,6a9615f4485cab4c953dca23,wenyi083126-1.stratalog.logdata.json
DialogueNodeEvent:91:90,dialogue,1,DialogueEvent,Unit 4 Dev - Dungeon,2026-09-01T00:06:21.4390000Z,2026-09-01T00:06:21.4390000Z,6a9616fd485cab4c953dcd97,wenyi083126-1.stratalog.logdata.json
DialogueNodeEvent:91:92,dialogue,1,DialogueEvent,Unit 4 Dev - Dungeon,2026-09-01T00:06:21.8750000Z,2026-09-01T00:06:21.8750000Z,6a9616fd485cab4c953dcd9d,wenyi083126-1.stratalog.logdata.json
DialogueNodeEvent:91:98,dialogue,1,DialogueEvent,Unit 4 Dev - Dungeon,2026-09-01T00:06:27.7430000Z,2026-09-01T00:06:27.7430000Z,6a961703485cab4c953dcdad,wenyi083126-1.stratalog.logdata.json
DialogueNodeEvent:91:99,dialogue,1,DialogueEvent,Unit 4 Dev - Dungeon,2026-09-01T00:06:28.6090000Z,2026-09-01T00:06:28.6090000Z,6a961704485cab4c953dcdb3,wenyi083126-1.stratalog.logdata.json
DialogueNodeEvent:92:0,dialogue,8,DialogueEvent,Unit 4 Dev,2026-09-01T00:14:26.2890000Z,2026-09-01T00:18:54.3020000Z,6a9618e2485cab4c953dd3f3,wenyi083126-1.stratalog.logdata.json
DialogueNodeEvent:92:1,dialogue,1,DialogueEvent,Unit 4 Dev,2026-09-01T00:14:13.1160000Z,2026-09-01T00:14:13.1160000Z,6a9618d4485cab4c953dd3c7,wenyi083126-1.stratalog.logdata.json
DialogueNodeEvent:92:10,dialogue,1,DialogueEvent,Unit 4 Dev,2026-09-01T00:14:18.8840000Z,2026-09-01T00:14:18.8840000Z,6a9618da485cab4c953dd3d7,wenyi083126-1.stratalog.logdata.json
DialogueNodeEvent:92:12,dialogue,1,DialogueEvent,Unit 4 Dev,2026-09-01T00:14:19.3350000Z,2026-09-01T00:14:19.3350000Z,6a9618db485cab4c953dd3d9,wenyi083126-1.stratalog.logdata.json
DialogueNodeEvent:92:13,dialogue,1,DialogueEvent,Unit 4 Dev,2026-09-01T00:14:19.7850000Z,2026-09-01T00:14:19.7850000Z,6a9618db485cab4c953dd3db,wenyi083126-1.stratalog.logdata.json
DialogueNodeEvent:92:14,dialogue,1,DialogueEvent,Unit 4 Dev,2026-09-01T00:14:20.2180000Z,2026-09-01T00:14:20.2180000Z,6a9618dc485cab4c953dd3dd,wenyi083126-1.stratalog.logdata.json
DialogueNodeEvent:92:15,dialogue,1,DialogueEvent,Unit 4 Dev,2026-09-01T00:14:20.6520000Z,2026-09-01T00:14:20.6520000Z,6a9618dc485cab4c953dd3df,wenyi083126-1.stratalog.logdata.json
DialogueNodeEvent:92:16,dialogue,1,DialogueEvent,Unit 4 Dev,2026-09-01T00:14:21.0520000Z,2026-09-01T00:14:21.0520000Z,6a9618dc485cab4c953dd3e1,wenyi083126-1.stratalog.logdata.json
DialogueNodeEvent:92:17,dialogue,1,DialogueEvent,Unit 4 Dev,2026-09-01T00:14:21.5280000Z,2026-09-01T00:14:21.5280000Z,6a9618dd485cab4c953dd3e5,wenyi083126-1.stratalog.logdata.json
DialogueNodeEvent:92:19,dialogue,1,DialogueEvent,Unit 4 Dev,2026-09-01T00:14:26.2920000Z,2026-09-01T00:14:26.2920000Z,6a9618e2485cab4c953dd3f7,wenyi083126-1.stratalog.logdata.json
DialogueNodeEvent:92:2,dialogue,1,DialogueEvent,Unit 4 Dev,2026-09-01T00:14:15.9160000Z,2026-09-01T00:14:15.9160000Z,6a9618d7485cab4c953dd3cb,wenyi083126-1.stratalog.logdata.json
DialogueNodeEvent:92:20,dialogue,1,DialogueEvent,Unit 4 Dev,2026-09-01T00:14:33.3290000Z,2026-09-01T00:14:33.3290000Z,6a9618e9485cab4c953dd40b,wenyi083126-1.stratalog.logdata.json
DialogueNodeEvent:92:21,dialogue,1,DialogueEvent,Unit 4 Dev,2026-09-01T00:14:35.7630000Z,2026-09-01T00:14:35.7630000Z,6a9618eb485cab4c953dd417,wenyi083126-1.stratalog.logdata.json
DialogueNodeEvent:92:22,dialogue,1,DialogueEvent,Unit 4 Dev,2026-09-01T00:14:40.1660000Z,2026-09-01T00:14:40.1660000Z,6a9618f0485cab4c953dd425,wenyi083126-1.stratalog.logdata.json
DialogueNodeEvent:92:23,dialogue,1,DialogueEvent,Unit 4 Dev,2026-09-01T00:14:43.8800000Z,2026-09-01T00:14:43.8800000Z,6a9618f3485cab4c953dd429,wenyi083126-1.stratalog.logdata.json
DialogueNodeEvent:92:25,dialogue,1,DialogueEvent,Unit 4 Dev,2026-09-01T00:14:45.0640000Z,2026-09-01T00:14:45.0640000Z,6a9618f4485cab4c953dd42b,wenyi083126-1.stratalog.logdata.json
DialogueNodeEvent:92:26,dialogue,1,DialogueEvent,Unit 4 Dev,2026-09-01T00:15:01.3070000Z,2026-09-01T00:15:01.3070000Z,6a961905485cab4c953dd437,wenyi083126-1.stratalog.logdata.json
DialogueNodeEvent:92:27,dialogue,1,DialogueEvent,Unit 4 Dev,2026-09-01T00:15:09.7430000Z,2026-09-01T00:15:09.7430000Z,6a96190d485cab4c953dd453,wenyi083126-1.stratalog.logdata.json
DialogueNodeEvent:92:29,dialogue,1,DialogueEvent,Unit 4 Dev,2026-09-01T00:15:24.1150000Z,2026-09-01T00:15:24.1150000Z,6a96191b485cab4c953dd461,wenyi083126-1.stratalog.logdata.json
DialogueNodeEvent:92:30,dialogue,1,DialogueEvent,Unit 4 Dev,2026-09-01T00:15:29.9860000Z,2026-09-01T00:15:29.9860000Z,6a961921485cab4c953dd479,wenyi083126-1.stratalog.logdata.json
DialogueNodeEvent:92:32,dialogue,1,DialogueEvent,Unit 4 Dev,2026-09-01T00:15:46.0560000Z,2026-09-01T00:15:46.0560000Z,6a961931485cab4c953dd48b,wenyi083126-1.stratalog.logdata.json
DialogueNodeEvent:92:33,dialogue,1,DialogueEvent,Unit 4 Dev,2026-09-01T00:15:52.6280000Z,2026-09-01T00:15:52.6280000Z,6a961938485cab4c953dd48d,wenyi083126-1.stratalog.logdata.json
DialogueNodeEvent:92:38,dialogue,1,DialogueEvent,Unit 4 Dev,2026-09-01T00:18:40.6460000Z,2026-09-01T00:18:40.6460000Z,6a9619e0485cab4c953dd4e1,wenyi083126-1.stratalog.logdata.json
DialogueNodeEvent:92:39,dialogue,1,DialogueEvent,Unit 4 Dev,2026-09-01T00:18:47.0960000Z,2026-09-01T00:18:47.0960000Z,6a9619e6485cab4c953dd4e9,wenyi083126-1.stratalog.logdata.json
DialogueNodeEvent:92:4,dialogue,1,DialogueEvent,Unit 4 Dev,2026-09-01T00:14:16.6670000Z,2026-09-01T00:14:16.6670000Z,6a9618d8485cab4c953dd3cd,wenyi083126-1.stratalog.logdata.json
DialogueNodeEvent:92:41,dialogue,1,DialogueEvent,Unit 4 Dev,2026-09-01T00:18:47.8310000Z,2026-09-01T00:18:47.8310000Z,6a9619e7485cab4c953dd4eb,wenyi083126-1.stratalog.logdata.json
DialogueNodeEvent:92:42,dialogue,1,DialogueEvent,Unit 4 Dev,2026-09-01T00:18:54.3040000Z,2026-09-01T00:18:54.3040000Z,6a9619ee485cab4c953dd4ff,wenyi083126-1.stratalog.logdata.json
DialogueNodeEvent:92:44,dialogue,1,DialogueEvent,Unit 4 Dev,2026-09-01T00:18:56.7180000Z,2026-09-01T00:18:56.7180000Z,6a9619f0485cab4c953dd501,wenyi083126-1.stratalog.logdata.json
DialogueNodeEvent:92:46,dialogue,1,DialogueEvent,Unit 4 Dev,2026-09-01T00:18:58.1020000Z,2026-09-01T00:18:58.1020000Z,6a9619f1485cab4c953dd503,wenyi083126-1.stratalog.logdata.json
DialogueNodeEvent:92:47,dialogue,1,DialogueEvent,Unit 4 Dev,2026-09-01T00:18:58.8690000Z,2026-09-01T00:18:58.8690000Z,6a9619f2485cab4c953dd505,wenyi083126-1.stratalog.logdata.json
DialogueNodeEvent:92:48,dialogue,1,DialogueEvent,Unit 4 Dev,2026-09-01T00:18:59.5360000Z,2026-09-01T00:18:59.5360000Z,6a9619f3485cab4c953dd507,wenyi083126-1.stratalog.logdata.json
DialogueNodeEvent:92:49,dialogue,1,DialogueEvent,Unit 4 Dev,2026-09-01T00:19:00.5190000Z,2026-09-01T00:19:00.5190000Z,6a9619f4485cab4c953dd509,wenyi083126-1.stratalog.logdata.json
DialogueNodeEvent:92:50,dialogue,1,DialogueEvent,Unit 4 Dev,2026-09-01T00:19:03.3870000Z,2026-09-01T00:19:03.3870000Z,6a9619f7485cab4c953dd50d,wenyi083126-1.stratalog.logdata.json
DialogueNodeEvent:92:52,dialogue,1,DialogueEvent,Unit 4 Dev,2026-09-01T00:19:04.1380000Z,2026-09-01T00:19:04.1380000Z,6a9619f7485cab4c953dd50f,wenyi083126-1.stratalog.logdata.json
DialogueNodeEvent:92:53,dialogue,1,DialogueEvent,Unit 4 Dev,2026-09-01T00:19:05.0890000Z,2026-09-01T00:19:05.0890000Z,6a9619f8485cab4c953dd511,wenyi083126-1.stratalog.logdata.json
DialogueNodeEvent:92:54,dialogue,1,DialogueEvent,Unit 4 Dev,2026-09-01T00:19:05.8720000Z,2026-09-01T00:19:05.8720000Z,6a9619f9485cab4c953dd513,wenyi083126-1.stratalog.logdata.json
DialogueNodeEvent:92:55,dialogue,1,DialogueEvent,Unit 4 Dev,2026-09-01T00:19:08.1190000Z,2026-09-01T00:19:08.1190000Z,6a9619fb485cab4c953dd515,wenyi083126-1.stratalog.logdata.json
DialogueNodeEvent:92:57,dialogue,1,DialogueEvent,Unit 4 Dev,2026-09-01T00:19:08.9030000Z,2026-09-01T00:19:08.9030000Z,6a9619fc485cab4c953dd517,wenyi083126-1.stratalog.logdata.json
DialogueNodeEvent:92:58,dialogue,1,DialogueEvent,Unit 4 Dev,2026-09-01T00:19:09.6200000Z,2026-09-01T00:19:09.6200000Z,6a9619fd485cab4c953dd519,wenyi083126-1.stratalog.logdata.json
DialogueNodeEvent:92:59,dialogue,1,DialogueEvent,Unit 4 Dev,2026-09-01T00:19:10.3700000Z,2026-09-01T00:19:10.3700000Z,6a9619fe485cab4c953dd51b,wenyi083126-1.stratalog.logdata.json
DialogueNodeEvent:92:6,dialogue,1,DialogueEvent,Unit 4 Dev,2026-09-01T00:14:17.1330000Z,2026-09-01T00:14:17.1330000Z,6a9618d8485cab4c953dd3cf,wenyi083126-1.stratalog.logdata.json
DialogueNodeEvent:92:60,dialogue,1,DialogueEvent,Unit 4 Dev,2026-09-01T00:19:10.9080000Z,2026-09-01T00:19:10.9080000Z,6a9619fe485cab4c953dd521,wenyi083126-1.stratalog.logdata.json
DialogueNodeEvent:92:61,dialogue,3,DialogueEvent,Unit 4 Dev,2026-09-01T00:15:59.4790000Z,2026-09-01T00:18:35.2250000Z,6a96193f485cab4c953dd49f,wenyi083126-1.stratalog.logdata.json
DialogueNodeEvent:92:64,dialogue,1,DialogueEvent,Unit 4 Dev,2026-09-01T00:18:40.6480000Z,2026-09-01T00:18:40.6480000Z,6a9619e0485cab4c953dd4e5,wenyi083126-1.stratalog.logdata.json
DialogueNodeEvent:92:65,dialogue,1,DialogueEvent,Unit 4 Dev,2026-09-01T00:14:45.9650000Z,2026-09-01T00:14:45.9650000Z,6a9618f5485cab4c953dd42d,wenyi083126-1.stratalog.logdata.json
DialogueNodeEvent:92:66,dialogue,1,DialogueEvent,Unit 4 Dev,2026-09-01T00:15:12.8070000Z,2026-09-01T00:15:12.8070000Z,6a961910485cab4c953dd457,wenyi083126-1.stratalog.logdata.json
DialogueNodeEvent:92:67,dialogue,1,DialogueEvent,Unit 4 Dev,2026-09-01T00:15:32.0160000Z,2026-09-01T00:15:32.0160000Z,6a961923485cab4c953dd47b,wenyi083126-1.stratalog.logdata.json
DialogueNodeEvent:92:7,dialogue,1,DialogueEvent,Unit 4 Dev,2026-09-01T00:14:17.5670000Z,2026-09-01T00:14:17.5670000Z,6a9618d9485cab4c953dd3d1,wenyi083126-1.stratalog.logdata.json
DialogueNodeEvent:92:8,dialogue,1,DialogueEvent,Unit 4 Dev,2026-09-01T00:14:18.0170000Z,2026-09-01T00:14:18.0170000Z,6a9618d9485cab4c953dd3d3,wenyi083126-1.stratalog.logdata.json
DialogueNodeEvent:92:9,dialogue,1,DialogueEvent,Unit 4 Dev,2026-09-01T00:14:18.4680000Z,2026-09-01T00:14:18.4680000Z,6a9618da485cab4c953dd3d5,wenyi083126-1.stratalog.logdata.json
DialogueNodeEvent:95:1,dialogue,1,DialogueEvent,Unit 5 Dev - Dungeon,2026-09-01T00:21:31.4000000Z,2026-09-01T00:21:31.4000000Z,6a961a8b485cab4c953dd5bd,wenyi083126-1.stratalog.logdata.json
DialogueNodeEvent:95:10,dialogue,1,DialogueEvent,Unit 5 Dev - Dungeon,2026-09-01T00:25:27.9160000Z,2026-09-01T00:25:27.9160000Z,6a961b77485cab4c953dd663,wenyi083126-1.stratalog.logdata.json
DialogueNodeEvent:95:12,dialogue,1,DialogueEvent,Unit 5 Dev - Dungeon,2026-09-01T00:25:28.5500000Z,2026-09-01T00:25:28.5500000Z,6a961b78485cab4c953dd665,wenyi083126-1.stratalog.logdata.json
DialogueNodeEvent:95:31,dialogue,1,DialogueEvent,Unit 5 Dev - Dungeon,2026-09-01T00:24:41.5150000Z,2026-09-01T00:24:41.5150000Z,6a961b49485cab4c953dd639,wenyi083126-1.stratalog.logdata.json
DialogueNodeEvent:95:32,dialogue,1,DialogueEvent,Unit 5 Dev - Dungeon,2026-09-01T00:25:19.1130000Z,2026-09-01T00:25:19.1130000Z,6a961b6e485cab4c953dd64f,wenyi083126-1.stratalog.logdata.json
DialogueNodeEvent:95:35,dialogue,2,DialogueEvent,Unit 5 Dev - Dungeon,2026-09-01T00:26:13.7860000Z,2026-09-01T00:26:17.7240000Z,6a961ba5485cab4c953dd6b3,wenyi083126-1.stratalog.logdata.json
DialogueNodeEvent:95:4,dialogue,1,DialogueEvent,Unit 5 Dev - Dungeon,2026-09-01T00:21:37.8680000Z,2026-09-01T00:21:37.8680000Z,6a961a91485cab4c953dd5c3,wenyi083126-1.stratalog.logdata.json
DialogueNodeEvent:95:41,dialogue,1,DialogueEvent,Unit 5 Dev - Dungeon,2026-09-01T00:27:29.9700000Z,2026-09-01T00:27:29.9700000Z,6a961bf1485cab4c953dd711,wenyi083126-1.stratalog.logdata.json
DialogueNodeEvent:95:42,dialogue,1,DialogueEvent,Unit 5 Dev - Dungeon,2026-09-01T00:26:56.1570000Z,2026-09-01T00:26:56.1570000Z,6a961bd0485cab4c953dd6e9,wenyi083126-1.stratalog.logdata.json
DialogueNodeEvent:95:5,dialogue,1,DialogueEvent,Unit 5 Dev - Dungeon,2026-09-01T00:21:38.5440000Z,2026-09-01T00:21:38.5440000Z,6a961a92485cab4c953dd5c5,wenyi083126-1.stratalog.logdata.json
DialogueNodeEvent:95:57,dialogue,1,DialogueEvent,Unit 5 Dev - Dungeon,2026-09-01T00:29:27.4220000Z,2026-09-01T00:29:27.4220000Z,6a961c67485cab4c953dd7b9,wenyi083126-1.stratalog.logdata.json
DialogueNodeEvent:95:60,dialogue,3,DialogueEvent,Unit 5 Dev - Dungeon,2026-09-01T00:31:32.3900000Z,2026-09-01T00:31:38.4100000Z,6a961ce4485cab4c953dd883,wenyi083126-1.stratalog.logdata.json
DialogueNodeEvent:95:61,dialogue,1,DialogueEvent,Unit 5 Dev - Dungeon,2026-09-01T00:31:34.7400000Z,2026-09-01T00:31:34.7400000Z,6a961ce6485cab4c953dd887,wenyi083126-1.stratalog.logdata.json
DialogueNodeEvent:95:62,dialogue,1,DialogueEvent,Unit 5 Dev - Dungeon,2026-09-01T00:31:35.3900000Z,2026-09-01T00:31:35.3900000Z,6a961ce7485cab4c953dd889,wenyi083126-1.stratalog.logdata.json
DialogueNodeEvent:95:63,dialogue,2,DialogueEvent,Unit 5 Dev - Dungeon,2026-09-01T00:31:37.3920000Z,2026-09-01T00:31:40.1260000Z,6a961ce9485cab4c953dd88d,wenyi083126-1.stratalog.logdata.json
DialogueNodeEvent:95:64,dialogue,2,DialogueEvent,Unit 5 Dev - Dungeon,2026-09-01T00:31:38.0750000Z,2026-09-01T00:31:40.6760000Z,6a961ce9485cab4c953dd88f,wenyi083126-1.stratalog.logdata.json
DialogueNodeEvent:95:76,dialogue,1,DialogueEvent,Unit 5 Dev - Dungeon,2026-09-01T00:21:41.8370000Z,2026-09-01T00:21:41.8370000Z,6a961a95485cab4c953dd5d1,wenyi083126-1.stratalog.logdata.json
DialogueNodeEvent:95:77,dialogue,1,DialogueEvent,Unit 5 Dev - Dungeon,2026-09-01T00:21:44.1710000Z,2026-09-01T00:21:44.1710000Z,6a961a98485cab4c953dd5d7,wenyi083126-1.stratalog.logdata.json
DialogueNodeEvent:95:78,dialogue,1,DialogueEvent,Unit 5 Dev - Dungeon,2026-09-01T00:23:41.3870000Z,2026-09-01T00:23:41.3870000Z,6a961b0d485cab4c953dd5ef,wenyi083126-1.stratalog.logdata.json
DialogueNodeEvent:95:79,dialogue,1,DialogueEvent,Unit 5 Dev - Dungeon,2026-09-01T00:26:26.2290000Z,2026-09-01T00:26:26.2290000Z,6a961bb2485cab4c953dd6d3,wenyi083126-1.stratalog.logdata.json
DialogueNodeEvent:95:8,dialogue,1,DialogueEvent,Unit 5 Dev - Dungeon,2026-09-01T00:25:24.4320000Z,2026-09-01T00:25:24.4320000Z,6a961b74485cab4c953dd65f,wenyi083126-1.stratalog.logdata.json
DialogueNodeEvent:95:80,dialogue,2,DialogueEvent,Unit 5 Dev - Dungeon,2026-09-01T00:24:11.5000000Z,2026-09-01T00:28:42.4170000Z,6a961b2b485cab4c953dd62b,wenyi083126-1.stratalog.logdata.json
DialogueNodeEvent:95:81,dialogue,1,DialogueEvent,Unit 5 Dev - Dungeon,2026-09-01T00:25:44.6410000Z,2026-09-01T00:25:44.6410000Z,6a961b88485cab4c953dd67d,wenyi083126-1.stratalog.logdata.json
DialogueNodeEvent:95:82,dialogue,1,DialogueEvent,Unit 5 Dev - Dungeon,2026-09-01T00:26:08.0160000Z,2026-09-01T00:26:08.0160000Z,6a961b9f485cab4c953dd693,wenyi083126-1.stratalog.logdata.json
DialogueNodeEvent:95:83,dialogue,1,DialogueEvent,Unit 5 Dev - Dungeon,2026-09-01T00:26:26.2250000Z,2026-09-01T00:26:26.2250000Z,6a961bb2485cab4c953dd6cd,wenyi083126-1.stratalog.logdata.json
DialogueNodeEvent:95:86,dialogue,1,DialogueEvent,Unit 5 Dev - Dungeon,2026-09-01T00:30:45.2040000Z,2026-09-01T00:30:45.2040000Z,6a961cb5485cab4c953dd825,wenyi083126-1.stratalog.logdata.json
DialogueNodeEvent:96:1,dialogue,1,DialogueEvent,Unit 5 Dev,2026-09-01T00:33:39.7620000Z,2026-09-01T00:33:39.7620000Z,6a961d63485cab4c953dd955,wenyi083126-1.stratalog.logdata.json
DialogueNodeEvent:96:10,dialogue,1,DialogueEvent,Unit 5 Dev,2026-09-01T00:33:47.5640000Z,2026-09-01T00:33:47.5640000Z,6a961d6b485cab4c953dd967,wenyi083126-1.stratalog.logdata.json
DialogueNodeEvent:96:12,dialogue,1,DialogueEvent,Unit 5 Dev,2026-09-01T00:33:49.4980000Z,2026-09-01T00:33:49.4980000Z,6a961d6d485cab4c953dd969,wenyi083126-1.stratalog.logdata.json
DialogueNodeEvent:96:13,dialogue,1,DialogueEvent,Unit 5 Dev,2026-09-01T00:33:50.0650000Z,2026-09-01T00:33:50.0650000Z,6a961d6d485cab4c953dd96b,wenyi083126-1.stratalog.logdata.json
DialogueNodeEvent:96:14,dialogue,1,DialogueEvent,Unit 5 Dev,2026-09-01T00:33:50.2320000Z,2026-09-01T00:33:50.2320000Z,6a961d6e485cab4c953dd96d,wenyi083126-1.stratalog.logdata.json
DialogueNodeEvent:96:16,dialogue,1,DialogueEvent,Unit 5 Dev,2026-09-01T00:33:52.2660000Z,2026-09-01T00:33:52.2660000Z,6a961d70485cab4c953dd96f,wenyi083126-1.stratalog.logdata.json
DialogueNodeEvent:96:17,dialogue,1,DialogueEvent,Unit 5 Dev,2026-09-01T00:33:52.8670000Z,2026-09-01T00:33:52.8670000Z,6a961d70485cab4c953dd971,wenyi083126-1.stratalog.logdata.json
DialogueNodeEvent:96:18,dialogue,1,DialogueEvent,Unit 5 Dev,2026-09-01T00:33:53.2330000Z,2026-09-01T00:33:53.2330000Z,6a961d71485cab4c953dd973,wenyi083126-1.stratalog.logdata.json
DialogueNodeEvent:96:19,dialogue,1,DialogueEvent,Unit 5 Dev,2026-09-01T00:33:53.6670000Z,2026-09-01T00:33:53.6670000Z,6a961d71485cab4c953dd975,wenyi083126-1.stratalog.logdata.json
DialogueNodeEvent:96:2,dialogue,1,DialogueEvent,Unit 5 Dev,2026-09-01T00:33:41.2610000Z,2026-09-01T00:33:41.2610000Z,6a961d65485cab4c953dd959,wenyi083126-1.stratalog.logdata.json
DialogueNodeEvent:96:20,dialogue,1,DialogueEvent,Unit 5 Dev,2026-09-01T00:33:54.1170000Z,2026-09-01T00:33:54.1170000Z,6a961d71485cab4c953dd979,wenyi083126-1.stratalog.logdata.json
DialogueNodeEvent:96:22,dialogue,1,DialogueEvent,Unit 5 Dev,2026-09-01T00:33:56.4510000Z,2026-09-01T00:33:56.4510000Z,6a961d74485cab4c953dd97b,wenyi083126-1.stratalog.logdata.json
DialogueNodeEvent:96:23,dialogue,1,DialogueEvent,Unit 5 Dev,2026-09-01T00:33:57.0760000Z,2026-09-01T00:33:57.0760000Z,6a961d74485cab4c953dd97f,wenyi083126-1.stratalog.logdata.json
DialogueNodeEvent:96:3,dialogue,1,DialogueEvent,Unit 5 Dev,2026-09-01T00:33:43.0450000Z,2026-09-01T00:33:43.0450000Z,6a961d66485cab4c953dd95b,wenyi083126-1.stratalog.logdata.json
DialogueNodeEvent:96:5,dialogue,1,DialogueEvent,Unit 5 Dev,2026-09-01T00:33:43.7460000Z,2026-09-01T00:33:43.7460000Z,6a961d67485cab4c953dd95d,wenyi083126-1.stratalog.logdata.json
DialogueNodeEvent:96:6,dialogue,1,DialogueEvent,Unit 5 Dev,2026-09-01T00:33:45.9960000Z,2026-09-01T00:33:45.9960000Z,6a961d69485cab4c953dd961,wenyi083126-1.stratalog.logdata.json
DialogueNodeEvent:96:8,dialogue,1,DialogueEvent,Unit 5 Dev,2026-09-01T00:33:46.6800000Z,2026-09-01T00:33:46.6800000Z,6a961d6a485cab4c953dd963,wenyi083126-1.stratalog.logdata.json
DialogueNodeEvent:96:9,dialogue,1,DialogueEvent,Unit 5 Dev,2026-09-01T00:33:47.0970000Z,2026-09-01T00:33:47.0970000Z,6a961d6a485cab4c953dd965,wenyi083126-1.stratalog.logdata.json
DialogueNodeEvent:98:31,dialogue,1,DialogueEvent,Unit 5 Dev,2026-09-01T00:34:16.2920000Z,2026-09-01T00:34:16.2920000Z,6a961d88485cab4c953dd993,wenyi083126-1.stratalog.logdata.json
DialogueNodeEvent:98:32,dialogue,1,DialogueEvent,Unit 5 Dev,2026-09-01T00:34:19.9120000Z,2026-09-01T00:34:19.9120000Z,6a961d8b485cab4c953dd99b,wenyi083126-1.stratalog.logdata.json
DialogueNodeEvent:98:33,dialogue,1,DialogueEvent,Unit 5 Dev,2026-09-01T00:34:28.1660000Z,2026-09-01T00:34:28.1660000Z,6a961d94485cab4c953dd9b1,wenyi083126-1.stratalog.logdata.json
DialogueNodeEvent:98:34,dialogue,1,DialogueEvent,Unit 5 Dev,2026-09-01T00:34:36.7360000Z,2026-09-01T00:34:36.7360000Z,6a961d9c485cab4c953dd9c7,wenyi083126-1.stratalog.logdata.json
DialogueNodeEvent:98:35,dialogue,1,DialogueEvent,Unit 5 Dev,2026-09-01T00:34:39.8700000Z,2026-09-01T00:34:39.8700000Z,6a961d9f485cab4c953dd9cd,wenyi083126-1.stratalog.logdata.json
DialogueNodeEvent:98:37,dialogue,1,DialogueEvent,Unit 5 Dev,2026-09-01T00:34:45.6730000Z,2026-09-01T00:34:45.6730000Z,6a961da5485cab4c953dd9e3,wenyi083126-1.stratalog.logdata.json
DialogueNodeEvent:98:38,dialogue,1,DialogueEvent,Unit 5 Dev,2026-09-01T00:34:46.8730000Z,2026-09-01T00:34:46.8730000Z,6a961da6485cab4c953dd9e9,wenyi083126-1.stratalog.logdata.json
DialogueNodeEvent:98:39,dialogue,2,DialogueEvent,Unit 5 Dev,2026-09-01T00:34:57.4950000Z,2026-09-01T00:34:57.4990000Z,6a961db1485cab4c953dda03,wenyi083126-1.stratalog.logdata.json
DialogueNodeEvent:98:40,dialogue,1,DialogueEvent,Unit 5 Dev,2026-09-01T00:34:59.4460000Z,2026-09-01T00:34:59.4460000Z,6a961db3485cab4c953dda0d,wenyi083126-1.stratalog.logdata.json
DialogueNodeEvent:98:41,dialogue,1,DialogueEvent,Unit 5 Dev,2026-09-01T00:34:59.8790000Z,2026-09-01T00:34:59.8790000Z,6a961db3485cab4c953dda0f,wenyi083126-1.stratalog.logdata.json
DialogueNodeEvent:98:45,dialogue,1,DialogueEvent,Unit 5 Dev,2026-09-01T00:35:02.8640000Z,2026-09-01T00:35:02.8640000Z,6a961db6485cab4c953dda11,wenyi083126-1.stratalog.logdata.json
DialogueNodeEvent:98:49,dialogue,1,DialogueEvent,Unit 5 Dev,2026-09-01T00:35:03.7310000Z,2026-09-01T00:35:03.7310000Z,6a961db7485cab4c953dda13,wenyi083126-1.stratalog.logdata.json
DialogueNodeEvent:98:55,dialogue,1,DialogueEvent,Unit 5 Dev,2026-09-01T00:35:05.4650000Z,2026-09-01T00:35:05.4650000Z,6a961db9485cab4c953dda17,wenyi083126-1.stratalog.logdata.json
DialogueNodeEvent:98:56,dialogue,1,DialogueEvent,Unit 5 Dev,2026-09-01T00:35:06.2490000Z,2026-09-01T00:35:06.2490000Z,6a961dba485cab4c953dda19,wenyi083126-1.stratalog.logdata.json
DialogueNodeEvent:98:57,dialogue,1,DialogueEvent,Unit 5 Dev,2026-09-01T00:35:07.8310000Z,2026-09-01T00:35:07.8310000Z,6a961dbb485cab4c953dda1b,wenyi083126-1.stratalog.logdata.json
DialogueNodeEvent:98:59,dialogue,1,DialogueEvent,Unit 5 Dev,2026-09-01T00:35:53.7060000Z,2026-09-01T00:35:53.7060000Z,6a961de9485cab4c953dda6d,wenyi083126-1.stratalog.logdata.json
DialogueNodeEvent:98:61,dialogue,1,DialogueEvent,Unit 5 Dev,2026-09-01T00:35:59.5710000Z,2026-09-01T00:35:59.5710000Z,6a961def485cab4c953dda75,wenyi083126-1.stratalog.logdata.json
DialogueNodeEvent:98:62,dialogue,1,DialogueEvent,Unit 5 Dev,2026-09-01T00:36:00.5410000Z,2026-09-01T00:36:00.5410000Z,6a961df0485cab4c953dda79,wenyi083126-1.stratalog.logdata.json
DialogueNodeEvent:98:63,dialogue,1,DialogueEvent,Unit 5 Dev,2026-09-01T00:35:08.5310000Z,2026-09-01T00:35:08.5310000Z,6a961dbc485cab4c953dda1f,wenyi083126-1.stratalog.logdata.json
DialogueNodeEvent:98:64,dialogue,1,DialogueEvent,Unit 5 Dev,2026-09-01T00:36:00.9560000Z,2026-09-01T00:36:00.9560000Z,6a961df0485cab4c953dda7b,wenyi083126-1.stratalog.logdata.json
DialogueNodeEvent:99:1,dialogue,1,DialogueEvent,Unit 5 Dev,2026-09-01T00:36:48.2170000Z,2026-09-01T00:36:48.2170000Z,6a961e20485cab4c953ddacf,wenyi083126-1.stratalog.logdata.json
DialogueNodeEvent:99:13,dialogue,1,DialogueEvent,Unit 5 Dev,2026-09-01T00:36:57.9120000Z,2026-09-01T00:36:57.9120000Z,6a961e29485cab4c953ddaed,wenyi083126-1.stratalog.logdata.json
DialogueNodeEvent:99:17,dialogue,1,DialogueEvent,Unit 5 Dev,2026-09-01T00:36:58.6300000Z,2026-09-01T00:36:58.6300000Z,6a961e2a485cab4c953ddaef,wenyi083126-1.stratalog.logdata.json
DialogueNodeEvent:99:18,dialogue,1,DialogueEvent,Unit 5 Dev,2026-09-01T00:37:01.3650000Z,2026-09-01T00:37:01.3650000Z,6a961e2d485cab4c953ddaf7,wenyi083126-1.stratalog.logdata.json
DialogueNodeEvent:99:19,dialogue,1,DialogueEvent,Unit 5 Dev,2026-09-01T00:37:02.8650000Z,2026-09-01T00:37:02.8650000Z,6a961e2e485cab4c953ddafb,wenyi083126-1.stratalog.logdata.json
DialogueNodeEvent:99:2,dialogue,2,DialogueEvent,Unit 5 Dev,2026-09-01T00:36:51.1940000Z,2026-09-01T00:36:51.1980000Z,6a961e23485cab4c953ddad7,wenyi083126-1.stratalog.logdata.json
DialogueNodeEvent:99:20,dialogue,1,DialogueEvent,Unit 5 Dev,2026-09-01T00:37:03.2320000Z,2026-09-01T00:37:03.2320000Z,6a961e2f485cab4c953ddafd,wenyi083126-1.stratalog.logdata.json
DialogueNodeEvent:99:21,dialogue,1,DialogueEvent,Unit 5 Dev,2026-09-01T00:37:03.6330000Z,2026-09-01T00:37:03.6330000Z,6a961e2f485cab4c953ddaff,wenyi083126-1.stratalog.logdata.json
DialogueNodeEvent:99:22,dialogue,1,DialogueEvent,Unit 5 Dev,2026-09-01T00:37:06.9190000Z,2026-09-01T00:37:06.9190000Z,6a961e32485cab4c953ddb09,wenyi083126-1.stratalog.logdata.json
DialogueNodeEvent:99:23,dialogue,1,DialogueEvent,Unit 5 Dev,2026-09-01T00:37:08.1820000Z,2026-09-01T00:37:08.1820000Z,6a961e34485cab4c953ddb0d,wenyi083126-1.stratalog.logdata.json
DialogueNodeEvent:99:24,dialogue,1,DialogueEvent,Unit 5 Dev,2026-09-01T00:37:08.6320000Z,2026-09-01T00:37:08.6320000Z,6a961e34485cab4c953ddb0f,wenyi083126-1.stratalog.logdata.json
DialogueNodeEvent:99:25,dialogue,1,DialogueEvent,Unit 5 Dev,2026-09-01T00:37:09.0820000Z,2026-09-01T00:37:09.0820000Z,6a961e34485cab4c953ddb11,wenyi083126-1.stratalog.logdata.json
DialogueNodeEvent:99:28,dialogue,1,DialogueEvent,Unit 5 Dev,2026-09-01T00:37:15.8520000Z,2026-09-01T00:37:15.8520000Z,6a961e3b485cab4c953ddb15,wenyi083126-1.stratalog.logdata.json
DialogueNodeEvent:99:3,dialogue,1,DialogueEvent,Unit 5 Dev,2026-09-01T00:36:53.4440000Z,2026-09-01T00:36:53.4440000Z,6a961e25485cab4c953ddae1,wenyi083126-1.stratalog.logdata.json
DialogueNodeEvent:99:33,dialogue,1,DialogueEvent,Unit 5 Dev,2026-09-01T00:37:16.6200000Z,2026-09-01T00:37:16.6200000Z,6a961e3c485cab4c953ddb17,wenyi083126-1.stratalog.logdata.json
DialogueNodeEvent:99:34,dialogue,1,DialogueEvent,Unit 5 Dev,2026-09-01T00:39:37.4320000Z,2026-09-01T00:39:37.4320000Z,6a961ec9485cab4c953ddb39,wenyi083126-1.stratalog.logdata.json
DialogueNodeEvent:99:5,dialogue,1,DialogueEvent,Unit 5 Dev,2026-09-01T00:36:54.1610000Z,2026-09-01T00:36:54.1610000Z,6a961e26485cab4c953ddae5,wenyi083126-1.stratalog.logdata.json
DialogueNodeEvent:99:53,dialogue,1,DialogueEvent,Unit 5 Dev,2026-09-01T00:40:51.6850000Z,2026-09-01T00:40:51.6850000Z,6a961f13485cab4c953ddbbb,wenyi083126-1.stratalog.logdata.json
DialogueNodeEvent:99:55,dialogue,1,DialogueEvent,Unit 5 Dev,2026-09-01T00:40:56.7010000Z,2026-09-01T00:40:56.7010000Z,6a961f18485cab4c953ddbc1,wenyi083126-1.stratalog.logdata.json
DialogueNodeEvent:99:57,dialogue,1,DialogueEvent,Unit 5 Dev,2026-09-01T00:40:57.5850000Z,2026-09-01T00:40:57.5850000Z,6a961f19485cab4c953ddbc3,wenyi083126-1.stratalog.logdata.json
DialogueNodeEvent:99:58,dialogue,1,DialogueEvent,Unit 5 Dev,2026-09-01T00:40:57.9850000Z,2026-09-01T00:40:57.9850000Z,6a961f19485cab4c953ddbc5,wenyi083126-1.stratalog.logdata.json
DialogueNodeEvent:99:61,dialogue,1,DialogueEvent,Unit 5 Dev,2026-09-01T00:41:00.1360000Z,2026-09-01T00:41:00.1360000Z,6a961f1c485cab4c953ddbc7,wenyi083126-1.stratalog.logdata.json
DialogueNodeEvent:99:64,dialogue,1,DialogueEvent,Unit 5 Dev,2026-09-01T00:41:01.0030000Z,2026-09-01T00:41:01.0030000Z,6a961f1c485cab4c953ddbc9,wenyi083126-1.stratalog.logdata.json
DialogueNodeEvent:99:65,dialogue,1,DialogueEvent,Unit 5 Dev,2026-09-01T00:41:01.4200000Z,2026-09-01T00:41:01.4200000Z,6a961f1d485cab4c953ddbcb,wenyi083126-1.stratalog.logdata.json
DialogueNodeEvent:99:66,dialogue,1,DialogueEvent,Unit 5 Dev,2026-09-01T00:41:01.8710000Z,2026-09-01T00:41:01.8710000Z,6a961f1d485cab4c953ddbcd,wenyi083126-1.stratalog.logdata.json
DialogueNodeEvent:99:67,dialogue,1,DialogueEvent,Unit 5 Dev,2026-09-01T00:41:02.3040000Z,2026-09-01T00:41:02.3040000Z,6a961f1e485cab4c953ddbcf,wenyi083126-1.stratalog.logdata.json
DialogueNodeEvent:99:69,dialogue,1,DialogueEvent,Unit 5 Dev,2026-09-01T00:41:02.7200000Z,2026-09-01T00:41:02.7200000Z,6a961f1e485cab4c953ddbd1,wenyi083126-1.stratalog.logdata.json
DialogueNodeEvent:99:7,dialogue,1,DialogueEvent,Unit 5 Dev,2026-09-01T00:36:54.5110000Z,2026-09-01T00:36:54.5110000Z,6a961e26485cab4c953ddae7,wenyi083126-1.stratalog.logdata.json
DialogueNodeEvent:99:72,dialogue,1,DialogueEvent,Unit 5 Dev,2026-09-01T00:41:03.2040000Z,2026-09-01T00:41:03.2040000Z,6a961f1f485cab4c953ddbd3,wenyi083126-1.stratalog.logdata.json
DialogueNodeEvent:99:73,dialogue,1,DialogueEvent,Unit 5 Dev,2026-09-01T00:41:03.6590000Z,2026-09-01T00:41:03.6590000Z,6a961f1f485cab4c953ddbd7,wenyi083126-1.stratalog.logdata.json
DialogueNodeEvent:99:8,dialogue,1,DialogueEvent,Unit 5 Dev,2026-09-01T00:36:54.9450000Z,2026-09-01T00:36:54.9450000Z,6a961e26485cab4c953ddae9,wenyi083126-1.stratalog.logdata.json
DialogueNodeEvent:99:9,dialogue,1,DialogueEvent,Unit 5 Dev,2026-09-01T00:36:55.3780000Z,2026-09-01T00:36:55.3780000Z,6a961e27485cab4c953ddaeb,wenyi083126-1.stratalog.logdata.json
questActiveEvent:16,quest,1,questEvent,Unit 3 Dev,2026-08-31T23:36:36.7860000Z,2026-08-31T23:36:36.7860000Z,6a961004485cab4c953db8c9,wenyi083126-1.stratalog.logdata.json
questActiveEvent:17,quest,1,questEvent,Unit 3 Dev,2026-08-31T23:40:50.0060000Z,2026-08-31T23:40:50.0060000Z,6a961101485cab4c953dbad9,wenyi083126-1.stratalog.logdata.json
questActiveEvent:18,quest,2,questEvent,Unit 3 Dev;Unit 3 Dungeon Dev,2026-08-31T23:44:32.3290000Z,2026-08-31T23:46:48.9270000Z,6a9611e0485cab4c953dbe2f,wenyi083126-1.stratalog.logdata.json
questActiveEvent:19,quest,1,questEvent,Unit 3 Dev,2026-08-31T23:52:49.1660000Z,2026-08-31T23:52:49.1660000Z,6a9613d0485cab4c953dc457,wenyi083126-1.stratalog.logdata.json
questActiveEvent:21,quest,1,questEvent,Unit 2 Prod (Refactor),2026-08-31T23:07:38.4070000Z,2026-08-31T23:07:38.4070000Z,6a96093a485cab4c953da5e7,wenyi083126-1.stratalog.logdata.json
questActiveEvent:22,quest,1,questEvent,Unit 2 Prod (Refactor),2026-08-31T23:13:40.6960000Z,2026-08-31T23:13:40.6960000Z,6a960aa4485cab4c953dab3f,wenyi083126-1.stratalog.logdata.json
questActiveEvent:23,quest,1,questEvent,Unit 2 Prod (Refactor),2026-08-31T23:12:37.5500000Z,2026-08-31T23:12:37.5500000Z,6a960a65485cab4c953daac3,wenyi083126-1.stratalog.logdata.json
questActiveEvent:24,quest,1,questEvent,Unit 2 Prod (Refactor),2026-08-31T23:18:40.9390000Z,2026-08-31T23:18:40.9390000Z,6a960bd0485cab4c953dadd7,wenyi083126-1.stratalog.logdata.json
questActiveEvent:25,quest,1,questEvent,Unit 2 Prod (Refactor),2026-08-31T23:26:24.1440000Z,2026-08-31T23:26:24.1440000Z,6a960d9f485cab4c953db4ff,wenyi083126-1.stratalog.logdata.json
questActiveEvent:28,quest,1,questEvent,Unit 1 Dev,2026-08-31T17:29:27.2250000Z,2026-08-31T17:29:27.2250000Z,6a95b9f7485cab4c953d677e,wenyi083126-1.stratalog.logdata.json
questActiveEvent:29,quest,1,questEvent,Unit 1 Dev,2026-08-31T17:30:32.9220000Z,2026-08-31T17:30:32.9220000Z,6a95ba38485cab4c953d67cc,wenyi083126-1.stratalog.logdata.json
questActiveEvent:31,quest,1,questEvent,Unit 1 Dev,2026-08-31T17:31:20.8300000Z,2026-08-31T17:31:20.8300000Z,6a95ba68485cab4c953d6832,wenyi083126-1.stratalog.logdata.json
questActiveEvent:32,quest,1,questEvent,Unit 1 Dev,2026-08-31T17:34:18.2480000Z,2026-08-31T17:34:18.2480000Z,6a95bb1a485cab4c953d6898,wenyi083126-1.stratalog.logdata.json
questActiveEvent:33,quest,1,questEvent,Unit 1 Dev,2026-08-31T17:37:30.0920000Z,2026-08-31T17:37:30.0920000Z,6a95bbda485cab4c953d69d8,wenyi083126-1.stratalog.logdata.json
questActiveEvent:34,quest,1,questEvent,Unit 1 Dev,2026-08-31T17:41:39.9740000Z,2026-08-31T17:41:39.9740000Z,6a95bcd3485cab4c953d6c00,wenyi083126-1.stratalog.logdata.json
questActiveEvent:36,quest,2,questEvent,Unit 4 Dev;Unit 4 Dev - Anderson Base,2026-09-01T00:08:15.8190000Z,2026-09-01T00:10:22.8210000Z,6a96176f485cab4c953dcf39,wenyi083126-1.stratalog.logdata.json
questActiveEvent:39,quest,1,questEvent,Unit 4 Dev,2026-08-31T23:59:31.6420000Z,2026-08-31T23:59:31.6420000Z,6a961563485cab4c953dc751,wenyi083126-1.stratalog.logdata.json
questActiveEvent:40,quest,1,questEvent,Unit 4 Dev,2026-09-01T00:07:40.7890000Z,2026-09-01T00:07:40.7890000Z,6a96174c485cab4c953dcea7,wenyi083126-1.stratalog.logdata.json
questActiveEvent:41,quest,1,questEvent,Unit 4 Dev,2026-09-01T00:14:21.5200000Z,2026-09-01T00:14:21.5200000Z,6a9618dd485cab4c953dd3e3,wenyi083126-1.stratalog.logdata.json
questActiveEvent:43,quest,1,questEvent,Unit 5 Dev - Dungeon,2026-09-01T00:21:21.5590000Z,2026-09-01T00:21:21.5590000Z,6a961a82485cab4c953dd5b9,wenyi083126-1.stratalog.logdata.json
questActiveEvent:44,quest,1,questEvent,Unit 5 Dev,2026-09-01T00:33:57.0690000Z,2026-09-01T00:33:57.0690000Z,6a961d74485cab4c953dd97d,wenyi083126-1.stratalog.logdata.json
questActiveEvent:45,quest,2,questEvent,Unit 5 Dev,2026-09-01T00:36:48.2100000Z,2026-09-01T00:36:48.2100000Z,6a961e20485cab4c953ddacb,wenyi083126-1.stratalog.logdata.json
questActiveEvent:46,quest,1,questEvent,Unit 4 Dev - Dungeon,2026-09-01T00:01:57.8780000Z,2026-09-01T00:01:57.8780000Z,6a9615f5485cab4c953dca27,wenyi083126-1.stratalog.logdata.json
questActiveEvent:47,quest,1,questEvent,Unit 4 Dev - Dungeon,2026-09-01T00:02:52.9050000Z,2026-09-01T00:02:52.9050000Z,6a96162c485cab4c953dcadf,wenyi083126-1.stratalog.logdata.json
questActiveEvent:48,quest,1,questEvent,Unit 4 Dev - Dungeon,2026-09-01T00:03:54.8490000Z,2026-09-01T00:03:54.8490000Z,6a96166a485cab4c953dcbab,wenyi083126-1.stratalog.logdata.json
questActiveEvent:49,quest,1,questEvent,Unit 4 Dev - Dungeon,2026-09-01T00:05:16.9300000Z,2026-09-01T00:05:16.9300000Z,6a9616bc485cab4c953dcca9,wenyi083126-1.stratalog.logdata.json
questActiveEvent:50,quest,1,questEvent,Unit 4 Dev - Dungeon,2026-09-01T00:06:21.8740000Z,2026-09-01T00:06:21.8740000Z,6a9616fd485cab4c953dcd9b,wenyi083126-1.stratalog.logdata.json
questActiveEvent:51,quest,1,questEvent,Unit 5 Dev - Dungeon,2026-09-01T00:26:19.2570000Z,2026-09-01T00:26:19.2570000Z,6a961bab485cab4c953dd6c5,wenyi083126-1.stratalog.logdata.json
questActiveEvent:52,quest,1,questEvent,Unit 5 Dev - Dungeon,2026-09-01T00:27:58.1010000Z,2026-09-01T00:27:58.1010000Z,6a961c0d485cab4c953dd76d,wenyi083126-1.stratalog.logdata.json
questActiveEvent:53,quest,1,questEvent,Unit 5 Dev - Dungeon,2026-09-01T00:31:10.0320000Z,2026-09-01T00:31:10.0320000Z,6a961ccd485cab4c953dd869,wenyi083126-1.stratalog.logdata.json
questActiveEvent:54,quest,1,questEvent,Unit 2 Prod (Refactor),2026-08-31T23:32:49.9940000Z,2026-08-31T23:32:49.9940000Z,6a960f21485cab4c953db7e7,wenyi083126-1.stratalog.logdata.json
questActiveEvent:55,quest,1,questEvent,Unit 3 Dev,2026-08-31T23:54:30.6650000Z,2026-08-31T23:54:30.6650000Z,6a961436485cab4c953dc553,wenyi083126-1.stratalog.logdata.json
questActiveEvent:56,quest,1,questEvent,Unit 4 Dev,2026-09-01T00:19:10.9060000Z,2026-09-01T00:19:10.9060000Z,6a9619fe485cab4c953dd51f,wenyi083126-1.stratalog.logdata.json
questActiveEvent:57,quest,1,questEvent,Unit 5 Dev,2026-09-01T00:41:03.6550000Z,2026-09-01T00:41:03.6550000Z,6a961f1f485cab4c953ddbd5,wenyi083126-1.stratalog.logdata.json
questFinishEvent:16,quest,1,questEvent,Unit 3 Dev,2026-08-31T23:40:43.5700000Z,2026-08-31T23:40:43.5700000Z,6a9610fb485cab4c953dbac3,wenyi083126-1.stratalog.logdata.json
questFinishEvent:17,quest,1,questEvent,Unit 3 Dev,2026-08-31T23:43:33.4510000Z,2026-08-31T23:43:33.4510000Z,6a9611a5485cab4c953dbd8d,wenyi083126-1.stratalog.logdata.json
questFinishEvent:18,quest,1,questEvent,Unit 3 Dungeon Dev,2026-08-31T23:51:33.8990000Z,2026-08-31T23:51:33.8990000Z,6a961385485cab4c953dc3d3,wenyi083126-1.stratalog.logdata.json
questFinishEvent:19,quest,1,questEvent,Unit 3 Dev,2026-08-31T23:54:18.4280000Z,2026-08-31T23:54:18.4280000Z,6a96142a485cab4c953dc531,wenyi083126-1.stratalog.logdata.json
questFinishEvent:21,quest,1,questEvent,Unit 2 Prod (Refactor),2026-08-31T23:11:31.1850000Z,2026-08-31T23:11:31.1850000Z,6a960a23485cab4c953daa67,wenyi083126-1.stratalog.logdata.json
questFinishEvent:22,quest,1,questEvent,Unit 2 Prod (Refactor),2026-08-31T23:23:29.9280000Z,2026-08-31T23:23:29.9280000Z,6a960cf1485cab4c953db361,wenyi083126-1.stratalog.logdata.json
questFinishEvent:23,quest,1,questEvent,Unit 2 Prod (Refactor),2026-08-31T23:13:38.4120000Z,2026-08-31T23:13:38.4120000Z,6a960aa2485cab4c953dab39,wenyi083126-1.stratalog.logdata.json
questFinishEvent:24,quest,1,questEvent,Unit 2 Prod (Refactor),2026-08-31T23:22:40.9540000Z,2026-08-31T23:22:40.9540000Z,6a960cc0485cab4c953db299,wenyi083126-1.stratalog.logdata.json
questFinishEvent:25,quest,1,questEvent,Unit 2 Prod (Refactor),2026-08-31T23:32:42.1740000Z,2026-08-31T23:32:42.1740000Z,6a960f19485cab4c953db7cf,wenyi083126-1.stratalog.logdata.json
questFinishEvent:28,quest,1,questEvent,Unit 1 Dev,2026-08-31T17:30:31.7050000Z,2026-08-31T17:30:31.7050000Z,6a95ba37485cab4c953d67c6,wenyi083126-1.stratalog.logdata.json
questFinishEvent:29,quest,1,questEvent,Unit 1 Dev,2026-08-31T17:31:20.8280000Z,2026-08-31T17:31:20.8280000Z,6a95ba68485cab4c953d6830,wenyi083126-1.stratalog.logdata.json
questFinishEvent:31,quest,1,questEvent,Unit 1 Dev,2026-08-31T17:34:18.2470000Z,2026-08-31T17:34:18.2470000Z,6a95bb1a485cab4c953d6896,wenyi083126-1.stratalog.logdata.json
questFinishEvent:32,quest,1,questEvent,Unit 1 Dev,2026-08-31T17:37:30.0920000Z,2026-08-31T17:37:30.0920000Z,6a95bbda485cab4c953d69d6,wenyi083126-1.stratalog.logdata.json
questFinishEvent:33,quest,1,questEvent,Unit 1 Dev,2026-08-31T17:41:34.5380000Z,2026-08-31T17:41:34.5380000Z,6a95bcce485cab4c953d6bf2,wenyi083126-1.stratalog.logdata.json
questFinishEvent:34,quest,1,questEvent,Unit 1 Dev,2026-08-31T17:43:59.3740000Z,2026-08-31T17:43:59.3740000Z,6a95bd5f485cab4c953d6cc8,wenyi083126-1.stratalog.logdata.json
questFinishEvent:36,quest,1,questEvent,Unit 4 Dev - Anderson Base,2026-09-01T00:13:18.7430000Z,2026-09-01T00:13:18.7430000Z,6a96189e485cab4c953dd2f5,wenyi083126-1.stratalog.logdata.json
questFinishEvent:40,quest,1,questEvent,Unit 4 Dev,2026-09-01T00:08:11.5170000Z,2026-09-01T00:08:11.5170000Z,6a96176b485cab4c953dcf29,wenyi083126-1.stratalog.logdata.json
questFinishEvent:41,quest,1,questEvent,Unit 4 Dev,2026-09-01T00:19:10.9040000Z,2026-09-01T00:19:10.9040000Z,6a9619fe485cab4c953dd51d,wenyi083126-1.stratalog.logdata.json
questFinishEvent:43,quest,1,questEvent,Unit 5 Dev - Dungeon,2026-09-01T00:26:19.2560000Z,2026-09-01T00:26:19.2560000Z,6a961bab485cab4c953dd6c3,wenyi083126-1.stratalog.logdata.json
questFinishEvent:44,quest,1,questEvent,Unit 5 Dev,2026-09-01T00:36:00.5390000Z,2026-09-01T00:36:00.5390000Z,6a961df0485cab4c953dda77,wenyi083126-1.stratalog.logdata.json
questFinishEvent:45,quest,2,questEvent,Unit 5 Dev,2026-09-01T00:40:51.6820000Z,2026-09-01T00:40:51.6830000Z,6a961f13485cab4c953ddbb5,wenyi083126-1.stratalog.logdata.json
questFinishEvent:46,quest,1,questEvent,Unit 4 Dev - Dungeon,2026-09-01T00:02:52.9040000Z,2026-09-01T00:02:52.9040000Z,6a96162c485cab4c953dcadd,wenyi083126-1.stratalog.logdata.json
questFinishEvent:47,quest,1,questEvent,Unit 4 Dev - Dungeon,2026-09-01T00:03:54.8480000Z,2026-09-01T00:03:54.8480000Z,6a96166a485cab4c953dcba9,wenyi083126-1.stratalog.logdata.json
questFinishEvent:48,quest,1,questEvent,Unit 4 Dev - Dungeon,2026-09-01T00:05:16.9290000Z,2026-09-01T00:05:16.9290000Z,6a9616bc485cab4c953dcca7,wenyi083126-1.stratalog.logdata.json
questFinishEvent:49,quest,1,questEvent,Unit 4 Dev - Dungeon,2026-09-01T00:06:21.8730000Z,2026-09-01T00:06:21.8730000Z,6a9616fd485cab4c953dcd99,wenyi083126-1.stratalog.logdata.json
questFinishEvent:51,quest,1,questEvent,Unit 5 Dev - Dungeon,2026-09-01T00:27:58.1000000Z,2026-09-01T00:27:58.1000000Z,6a961c0d485cab4c953dd76b,wenyi083126-1.stratalog.logdata.json
questFinishEvent:52,quest,1,questEvent,Unit 5 Dev - Dungeon,2026-09-01T00:31:10.0310000Z,2026-09-01T00:31:10.0310000Z,6a961ccd485cab4c953dd867,wenyi083126-1.stratalog.logdata.json
questFinishEvent:54,quest,1,questEvent,Unit 2 Prod (Refactor),2026-08-31T23:33:21.8260000Z,2026-08-31T23:33:21.8260000Z,6a960f41485cab4c953db84b,wenyi083126-1.stratalog.logdata.json
questFinishEvent:55,quest,1,questEvent,Unit 3 Dev,2026-08-31T23:55:34.1450000Z,2026-08-31T23:55:34.1450000Z,6a961475485cab4c953dc61d,wenyi083126-1.stratalog.logdata.json
questFinishEvent:56,quest,1,questEvent,Unit 4 Dev,2026-09-01T00:21:06.8230000Z,2026-09-01T00:21:06.8230000Z,6a961a72485cab4c953dd5a9,wenyi083126-1.stratalog.logdata.json
