event_key,conversation_title,referenced_by,reference_sources,roles,in_xlsx,in_export,text_agrees,observed_count,status,confidence,xlsx_text,export_text,relocation_candidates,note,evidence
DialogueNodeEvent:10:1,U3/Tera,U3P1,docs;grading,U3P1:doc-start-marker,True,True,True,1,EXACT_MATCH,HIGH,"No, this angle's never going to work. You can't even see the lean-to!","No, this angle's never going to work. You can't even see the lean-to!",,ID exists in current dialogue DB and fired in this playthrough,"xlsx[10,1]=""No, this angle's never going to work. You can't even see the"" || export[10,1]=""No, this angle's never going to work. You can't even see the"" || observed x1, e.g. _id=6aaac46f485cab4c95454e1e ts=2026-09-16T16:31:43.4960000Z (wenyi091426-3.stratalog.logdata.json)"
DialogueNodeEvent:10:30,U3/Tera,U3P1,grading,U3P1:Target,True,True,True,0,EXPECTED_DIALOGUE_NOT_OBSERVED,MEDIUM,"Looks like you picked the right river, and where you dropped the crate was upstream of my base! Thanks!","Looks like you picked the right river, and where you dropped the crate was upstream of my base! Thanks!",,ID exists in current dialogue DB but did not fire in this playthrough (may be conditional dialogue),"xlsx[10,30]='Looks like you picked the right river, and where you dropped' || export[10,30]='Looks like you picked the right river, and where you dropped'"
DialogueNodeEvent:10:194,U3/Tera,U3P5,docs;grading,U3P5:Trigger;U3P5:doc-end-marker,True,True,True,1,EXACT_MATCH,HIGH,"Thank you, deputy. Brilliant work today. I knew you were the right choice. The food Tera’s going to supply the base with the help of the super nutrient will be able to keep us fed indefinitely.","Thank you, deputy. Brilliant work today. I knew you were the right choice. The food Tera’s going to supply the base with the help of the super nutrient will be able to keep us fed indefinitely.",,ID exists in current dialogue DB and fired in this playthrough,"xlsx[10,194]='Thank you, deputy. Brilliant work today. I knew you were the' || export[10,194]='Thank you, deputy. Brilliant work today. I knew you were the' || observed x1, e.g. _id=6aaaceee485cab4c95455c96 ts=2026-09-16T17:16:30.4560000Z (wenyi091426-3.stratalog.logdata.json)"
DialogueNodeEvent:11:22,U3/DANI,U3P1,grading,U3P1:Trigger,True,True,True,1,EXACT_MATCH,HIGH,"Hey, TK! Looks like the last crates are back. And, you bought me enough time to get all of our seeds planted! Mind getting back here and helping me get the last of the equipment set up?","Hey, TK! Looks like the last crates are back. And, you bought me enough time to get all of our seeds planted! Mind getting back here and helping me get the last of the equipment set up?",,ID exists in current dialogue DB and fired in this playthrough,"xlsx[11,22]='Hey, TK! Looks like the last crates are back. And, you bough' || export[11,22]='Hey, TK! Looks like the last crates are back. And, you bough' || observed x1, e.g. _id=6aaac6de485cab4c95454f4a ts=2026-09-16T16:42:06.8550000Z (wenyi091426-3.stratalog.logdata.json)"
DialogueNodeEvent:11:27,U3/DANI,U3P2,grading,U3P2:Penalty group 1,True,True,True,5,EXACT_MATCH,HIGH,"Pollution will only flow downstream, so we need to test further upstream.","Pollution will only flow downstream, so we need to test further upstream.",,ID exists in current dialogue DB and fired in this playthrough,"xlsx[11,27]='Pollution will only flow downstream, so we need to test furt' || export[11,27]='Pollution will only flow downstream, so we need to test furt' || observed x5, e.g. _id=6aaac7dd485cab4c9545501a ts=2026-09-16T16:46:22.1730000Z (wenyi091426-3.stratalog.logdata.json)"
DialogueNodeEvent:11:29,U3/DANI,U3P2,grading,U3P2:Penalty group 2,True,True,True,4,EXACT_MATCH,HIGH,Green checkmark means clean. You won't need to check upstream of a clean sensor.,Green checkmark means clean. You won't need to check upstream of a clean sensor.,,ID exists in current dialogue DB and fired in this playthrough,"xlsx[11,29]=""Green checkmark means clean. You won't need to check upstrea"" || export[11,29]=""Green checkmark means clean. You won't need to check upstrea"" || observed x4, e.g. _id=6aaac7ed485cab4c95455048 ts=2026-09-16T16:46:37.9640000Z (wenyi091426-3.stratalog.logdata.json)"
DialogueNodeEvent:11:34,U3/DANI,U3P2;U3P3,docs;grading,U3P2:Trigger;U3P2:doc-end-marker;U3P3:doc-start-marker,True,True,True,1,EXACT_MATCH,HIGH,"I have overlaid the collected sensor data on the map. [em6]By observing the clean versus polluted areas of the river, you have determined the source of the pollution.[/em6] This information should hel","I have overlaid the collected sensor data on the map. [em6]By observing the clean versus polluted areas of the river, you have determined the source of the pollution.[/em6] This information should hel",,ID exists in current dialogue DB and fired in this playthrough,"xlsx[11,34]='I have overlaid the collected sensor data on the map. [em6]B' || export[11,34]='I have overlaid the collected sensor data on the map. [em6]B' || observed x1, e.g. _id=6aaac8dd485cab4c954552b6 ts=2026-09-16T16:50:37.6840000Z (wenyi091426-3.stratalog.logdata.json)"
DialogueNodeEvent:11:230,U3/DANI,U3P2,grading,U3P2:Penalty group 2,True,True,True,4,EXACT_MATCH,HIGH,You are as far upstream as you can go in this branch. Please proceed downstream.,You are as far upstream as you can go in this branch. Please proceed downstream. ,,ID exists in current dialogue DB and fired in this playthrough,"xlsx[11,230]='You are as far upstream as you can go in this branch. Please' || export[11,230]='You are as far upstream as you can go in this branch. Please' || observed x4, e.g. _id=6aaac7f4485cab4c9545505c ts=2026-09-16T16:46:44.7840000Z (wenyi091426-3.stratalog.logdata.json)"
DialogueNodeEvent:18:1,U2/DANI,U2P1,grading,,True,True,True,1,EXACT_MATCH,HIGH,C-c-c-communication sys-systems are re-restoring. I am… active.,C-c-c-communication sys-systems are re-restoring. I am… active.,,ID exists in current dialogue DB and fired in this playthrough,"xlsx[18,1]='C-c-c-communication sys-systems are re-restoring. I am… acti' || export[18,1]='C-c-c-communication sys-systems are re-restoring. I am… acti' || observed x1, e.g. _id=6aa9ed13485cab4c9544f633 ts=2026-09-16T01:12:51.5220000Z (wenyi091426-3.stratalog.logdata.json)"
DialogueNodeEvent:18:99,U2/DANI,U2P2,docs,,True,True,True,0,EXPECTED_DIALOGUE_NOT_OBSERVED,MEDIUM,Anderson said that Toppo’s pod was northwest of our original location. We should look for a location on a hill at an elevation of approximately 90 feet. Remember you can move the waypoint on your map ,Anderson said that Toppo’s pod was northwest of our original location. We should look for a location on a hill at an elevation of approximately 90 feet. Remember you can move the waypoint on your map ,,ID exists in current dialogue DB but did not fire in this playthrough (may be conditional dialogue),"xlsx[18,99]='Anderson said that Toppo’s pod was northwest of our original' || export[18,99]='Anderson said that Toppo’s pod was northwest of our original'"
DialogueNodeEvent:18:223,U2/DANI,U2P2,docs,,True,True,True,0,EXPECTED_DIALOGUE_NOT_OBSERVED,MEDIUM,"Remember to use your map. To open it, [press M/tap the Map button]..","Remember to use your map. To open it, [press M/tap the Map button]..",,ID exists in current dialogue DB but did not fire in this playthrough (may be conditional dialogue),"xlsx[18,223]='Remember to use your map. To open it, [press M/tap the Map b' || export[18,223]='Remember to use your map. To open it, [press M/tap the Map b'"
DialogueNodeEvent:18:224,U2/DANI,U2P2,docs,,True,True,True,0,EXPECTED_DIALOGUE_NOT_OBSERVED,MEDIUM,"We need to find Toppo soon, TK. Use your map to find an area on a hill at an elevation of approximately 90 feet.","We need to find Toppo soon, TK. Use your map to find an area on a hill at an elevation of approximately 90 feet.",,ID exists in current dialogue DB but did not fire in this playthrough (may be conditional dialogue),"xlsx[18,224]='We need to find Toppo soon, TK. Use your map to find an area' || export[18,224]='We need to find Toppo soon, TK. Use your map to find an area'"
DialogueNodeEvent:18:225,U2/DANI,U2P3,docs;grading,U2P3:Target (wrong direction),True,True,True,0,EXPECTED_DIALOGUE_NOT_OBSERVED,MEDIUM,Anderson said that Tera’s pod was beside a nearby river. Let’s look for a river closer to where we started.,Anderson said that Tera’s pod was beside a nearby river. Let’s look for a river closer to where we started.,,ID exists in current dialogue DB but did not fire in this playthrough (may be conditional dialogue),"xlsx[18,225]='Anderson said that Tera’s pod was beside a nearby river. Let' || export[18,225]='Anderson said that Tera’s pod was beside a nearby river. Let'"
DialogueNodeEvent:18:226,U2/DANI,U2P3,docs;grading,U2P3:Target (wrong direction),True,True,True,0,EXPECTED_DIALOGUE_NOT_OBSERVED,MEDIUM,This area has a fairly high elevation. We’re looking for an area with low elevation. Check your map and see if you can find any good candidates on the eastern shore of a river.,This area has a fairly high elevation. We’re looking for an area with low elevation. Check your map and see if you can find any good candidates on the eastern shore of a river.,,ID exists in current dialogue DB but did not fire in this playthrough (may be conditional dialogue),"xlsx[18,226]='This area has a fairly high elevation. We’re looking for an ' || export[18,226]='This area has a fairly high elevation. We’re looking for an '"
DialogueNodeEvent:18:227,U2/DANI,U2P3,docs;grading,U2P3:Target (wrong direction),True,True,True,0,EXPECTED_DIALOGUE_NOT_OBSERVED,MEDIUM,"Tera’s pod crashed on the eastern shore of a river, but we’re on the western shore. We should make our way to the eastern shore of this river.  Check the compass rose on your map to find it.","Tera’s pod crashed on the eastern shore of a river, but we’re on the western shore. We should make our way to the eastern shore of this river.  Check the compass rose on your map to find it.",,ID exists in current dialogue DB but did not fire in this playthrough (may be conditional dialogue),"xlsx[18,227]='Tera’s pod crashed on the eastern shore of a river, but we’r' || export[18,227]='Tera’s pod crashed on the eastern shore of a river, but we’r'"
DialogueNodeEvent:18:228,U2/DANI,U2P3,docs;grading,U2P3:Target (wrong direction),True,True,True,0,EXPECTED_DIALOGUE_NOT_OBSERVED,MEDIUM,"Looks like you found an island, Tera's pod is not on an island. Check your map to see if you can find an area of around 0 feet elevation north of Toppo's location along a river.","Looks like you found an island, Tera's pod is not on an island. Check your map to see if you can find an area of around 0 feet elevation north of Toppo's location along a river.",,ID exists in current dialogue DB but did not fire in this playthrough (may be conditional dialogue),"xlsx[18,228]=""Looks like you found an island, Tera's pod is not on an isla"" || export[18,228]=""Looks like you found an island, Tera's pod is not on an isla"""
DialogueNodeEvent:18:229,U2/DANI,U2P3,docs;grading,U2P3:Target (wrong direction),True,True,True,0,EXPECTED_DIALOGUE_NOT_OBSERVED,MEDIUM,"You found an area of low elevation on this river’s eastern shore, but I don’t see Tera’s pod anywhere. Check your map to see if there’s another area of low elevation along this same shoreline. Maybe T","You found an area of low elevation on this river’s eastern shore, but I don’t see Tera’s pod anywhere. Check your map to see if there’s another area of low elevation along this same shoreline. Maybe T",,ID exists in current dialogue DB but did not fire in this playthrough (may be conditional dialogue),"xlsx[18,229]='You found an area of low elevation on this river’s eastern s' || export[18,229]='You found an area of low elevation on this river’s eastern s'"
DialogueNodeEvent:18:230,U2/DANI,U2P3,docs;grading,U2P3:Target (wrong direction),True,True,True,0,EXPECTED_DIALOGUE_NOT_OBSERVED,MEDIUM,Try to find Tera as soon as you can. Use your map to find a river nearby then look for an area with an elevation of around 0 feet on its eastern shore.,Try to find Tera as soon as you can. Use your map to find a river nearby then look for an area with an elevation of around 0 feet on its eastern shore.,,ID exists in current dialogue DB but did not fire in this playthrough (may be conditional dialogue),"xlsx[18,230]='Try to find Tera as soon as you can. Use your map to find a ' || export[18,230]='Try to find Tera as soon as you can. Use your map to find a '"
DialogueNodeEvent:18:233,U2/DANI,U2P3,grading,U2P3:Target (wrong direction),True,True,True,0,EXPECTED_DIALOGUE_NOT_OBSERVED,MEDIUM,Looks like you found a passage that cuts into a mountain but we’re looking for one that cuts all the way through to the other side. Check your map and see if you can find one.,Looks like you found a passage that cuts into a mountain but we’re looking for one that cuts all the way through to the other side. Check your map and see if you can find one.,,ID exists in current dialogue DB but did not fire in this playthrough (may be conditional dialogue),"xlsx[18,233]='Looks like you found a passage that cuts into a mountain but' || export[18,233]='Looks like you found a passage that cuts into a mountain but'"
DialogueNodeEvent:18:234,U2/DANI,U2P3,grading,U2P3:Target (wrong direction),True,True,True,0,EXPECTED_DIALOGUE_NOT_OBSERVED,MEDIUM,I don’t see a steep mountain range over here anywhere. Open your map and see if you can find an area of even higher elevation that is surrounded by contour lines close together. Then you just need to ,I don’t see a steep mountain range over here anywhere. Open your map and see if you can find an area of even higher elevation that is surrounded by contour lines close together. Then you just need to ,,ID exists in current dialogue DB but did not fire in this playthrough (may be conditional dialogue),"xlsx[18,234]='I don’t see a steep mountain range over here anywhere. Open ' || export[18,234]='I don’t see a steep mountain range over here anywhere. Open '"
DialogueNodeEvent:18:235,U2/DANI,U2P3,grading,U2P3:Target (wrong direction),True,True,True,0,EXPECTED_DIALOGUE_NOT_OBSERVED,MEDIUM,"Looks like you found a small mountain, but Aryn crashed in a passage that runs through a mountain range. Look for a path that passes through several mountains joined together.","Looks like you found a small mountain, but Aryn crashed in a passage that runs through a mountain range. Look for a path that passes through several mountains joined together.",,ID exists in current dialogue DB but did not fire in this playthrough (may be conditional dialogue),"xlsx[18,235]='Looks like you found a small mountain, but Aryn crashed in a' || export[18,235]='Looks like you found a small mountain, but Aryn crashed in a'"
DialogueNodeEvent:18:236,U2/DANI,U2P3,grading,U2P3:Target (wrong direction),True,True,True,0,EXPECTED_DIALOGUE_NOT_OBSERVED,MEDIUM,"Great, a mountain range! Let’s look for a passage like this somewhere on the map that cuts all the way through the mountains.","Great, a mountain range! Let’s look for a passage like this somewhere on the map that cuts all the way through the mountains.",,ID exists in current dialogue DB but did not fire in this playthrough (may be conditional dialogue),"xlsx[18,236]='Great, a mountain range! Let’s look for a passage like this ' || export[18,236]='Great, a mountain range! Let’s look for a passage like this '"
DialogueNodeEvent:18:237,U2/DANI,U2P3,grading,U2P3:Target (wrong direction),True,True,True,0,EXPECTED_DIALOGUE_NOT_OBSERVED,MEDIUM,Aryn might need our help. We should try to find him as soon as possible. Check your map and look for a mountain range with a passage that goes all the way through to the other side.,Aryn might need our help. We should try to find him as soon as possible. Check your map and look for a mountain range with a passage that goes all the way through to the other side.,,ID exists in current dialogue DB but did not fire in this playthrough (may be conditional dialogue),"xlsx[18,237]='Aryn might need our help. We should try to find him as soon ' || export[18,237]='Aryn might need our help. We should try to find him as soon '"
DialogueNodeEvent:18:284,U2/DANI,U2P6;U2P7,docs,U2P6:doc-end-marker;U2P7:doc-start-marker,True,True,,1,EXACT_MATCH,MEDIUM,,,,ID exists in current dialogue DB and fired in this playthrough,"xlsx[18,284]='' || export[18,284]='' || observed x1, e.g. _id=6aaab5a2485cab4c95454b9e ts=2026-09-16T15:28:34.6200000Z (wenyi091426-3.stratalog.logdata.json)"
DialogueNodeEvent:19:46,U2/Anderson,U2P2,docs,,True,True,True,1,EXACT_MATCH,HIGH,You may now place your own waypoints on the map. These may assist you in navigating the world. [Click/Tap] and drag to move a waypoint from the glowing box to the map.Try placing a waypoint where you ,You may now place your own waypoints on the map. These may assist you in navigating the world. [Click/Tap] and drag to move a waypoint from the glowing box to the map.Try placing a waypoint where you ,,ID exists in current dialogue DB and fired in this playthrough,"xlsx[19,46]='You may now place your own waypoints on the map. These may a' || export[19,46]='You may now place your own waypoints on the map. These may a' || observed x1, e.g. _id=6aa9f154485cab4c95450e0d ts=2026-09-16T01:31:00.2530000Z (wenyi091426-3.stratalog.logdata.json)"
DialogueNodeEvent:20:1,U2/Toppo,U2P2,docs,,True,True,True,1,EXACT_MATCH,HIGH,"Everyone MIA, no radio responses… where ARE they?","Everyone MIA, no radio responses… where ARE they?",,ID exists in current dialogue DB and fired in this playthrough,"xlsx[20,1]='Everyone MIA, no radio responses… where ARE they?' || export[20,1]='Everyone MIA, no radio responses… where ARE they?' || observed x1, e.g. _id=6aa9f1f8485cab4c9545108b ts=2026-09-16T01:33:44.8760000Z (wenyi091426-3.stratalog.logdata.json)"
DialogueNodeEvent:20:26,U2/Toppo,U2P2;U2P3,docs;grading,U2P2:Trigger / End;U2P2:doc-end-marker;U2P3:doc-start-marker,True,True,True,1,EXACT_MATCH,HIGH,Getting a call from Anderson. Patching her through.,Getting a call from Anderson. Patching her through.,,ID exists in current dialogue DB and fired in this playthrough,"xlsx[20,26]='Getting a call from Anderson. Patching her through.' || export[20,26]='Getting a call from Anderson. Patching her through.' || observed x1, e.g. _id=6aa9f263485cab4c95451241 ts=2026-09-16T01:35:31.9570000Z (wenyi091426-3.stratalog.logdata.json)"
DialogueNodeEvent:20:33,U2/Toppo,U2P3,docs;grading,U2P3:Start,True,True,True,1,EXACT_MATCH,HIGH,Go ahead and place a waypoint where you believe Tera may be.,Go ahead and place a waypoint where you believe Tera may be.,,ID exists in current dialogue DB and fired in this playthrough,"xlsx[20,33]='Go ahead and place a waypoint where you believe Tera may be.' || export[20,33]='Go ahead and place a waypoint where you believe Tera may be.' || observed x1, e.g. _id=6aa9f281485cab4c95451293 ts=2026-09-16T01:36:02.0580000Z (wenyi091426-3.stratalog.logdata.json)"
DialogueNodeEvent:20:43,U2/Toppo,U2P6,docs;grading,U2P6:Pass (correct choice),True,True,True,0,EXPECTED_DIALOGUE_NOT_OBSERVED,MEDIUM,Flow rate.,Flow rate.,,ID exists in current dialogue DB but did not fire in this playthrough (may be conditional dialogue),"xlsx[20,43]='Flow rate.' || export[20,43]='Flow rate.'"
DialogueNodeEvent:20:44,U2/Toppo,U2P6,docs;grading,U2P6:Yellow (wrong choice),True,True,True,1,EXACT_MATCH,HIGH,Waterfall height.,Waterfall height.,,ID exists in current dialogue DB and fired in this playthrough,"xlsx[20,44]='Waterfall height.' || export[20,44]='Waterfall height.' || observed x1, e.g. _id=6aaab623485cab4c95454bce ts=2026-09-16T15:30:44.0640000Z (wenyi091426-3.stratalog.logdata.json)"
DialogueNodeEvent:20:45,U2/Toppo,U2P6,docs;grading,U2P6:Yellow (wrong choice),True,True,True,0,EXPECTED_DIALOGUE_NOT_OBSERVED,MEDIUM,Salinity.,Salinity.,,ID exists in current dialogue DB but did not fire in this playthrough (may be conditional dialogue),"xlsx[20,45]='Salinity.' || export[20,45]='Salinity.'"
DialogueNodeEvent:20:46,U2/Toppo,U2P6;U2P7,grading,U2P6:Trigger (End),True,True,True,1,EXACT_MATCH,HIGH,"Okay, let’s put your thinking to the test using DANI’s argumentation system. You’ll use the claims and evidence you’ve collected to make an argument.\r\r","Okay, let’s put your thinking to the test using DANI’s argumentation system. You’ll use the claims and evidence you’ve collected to make an argument.\r\r",,ID exists in current dialogue DB and fired in this playthrough,"xlsx[20,46]='Okay, let’s put your thinking to the test using DANI’s argum' || export[20,46]='Okay, let’s put your thinking to the test using DANI’s argum' || observed x1, e.g. _id=6aaab65d485cab4c95454bdc ts=2026-09-16T15:31:41.2260000Z (wenyi091426-3.stratalog.logdata.json)"
DialogueNodeEvent:20:74,U2/Toppo,U2P7,docs,U2P7:doc-end-marker,True,True,True,1,EXACT_MATCH,HIGH,"Thank you, Captain!","Thank you, Captain!",,ID exists in current dialogue DB and fired in this playthrough,"xlsx[20,74]='Thank you, Captain!' || export[20,74]='Thank you, Captain!' || observed x1, e.g. _id=6aaab7fd485cab4c95454d90 ts=2026-09-16T15:38:38.0100000Z (wenyi091426-3.stratalog.logdata.json)"
DialogueNodeEvent:20:75,U2/Toppo,U2P7,docs,U2P7:doc-end-marker,True,True,True,0,EXPECTED_DIALOGUE_NOT_OBSERVED,MEDIUM,I’ll be waiting for the next promotion!,I’ll be waiting for the next promotion!,,ID exists in current dialogue DB but did not fire in this playthrough (may be conditional dialogue),"xlsx[20,75]='I’ll be waiting for the next promotion!' || export[20,75]='I’ll be waiting for the next promotion!'"
DialogueNodeEvent:21:1,U2/Tera,U2P3,docs,,True,True,True,1,EXACT_MATCH,HIGH,"Hey, TK! Thanks for stopping by. What’s up?","Hey, TK! Thanks for stopping by. What’s up?",,ID exists in current dialogue DB and fired in this playthrough,"xlsx[21,1]='Hey, TK! Thanks for stopping by. What’s up?' || export[21,1]='Hey, TK! Thanks for stopping by. What’s up?' || observed x1, e.g. _id=6aa9f397485cab4c95451575 ts=2026-09-16T01:40:40.1800000Z (wenyi091426-3.stratalog.logdata.json)"
DialogueNodeEvent:21:15,U2/Tera,U2P3,docs,,True,True,True,1,EXACT_MATCH,HIGH,"Please open your map, TK.","Please open your map, TK.",,ID exists in current dialogue DB and fired in this playthrough,"xlsx[21,15]='Please open your map, TK.' || export[21,15]='Please open your map, TK.' || observed x1, e.g. _id=6aa9f3ef485cab4c9545167d ts=2026-09-16T01:42:07.2550000Z (wenyi091426-3.stratalog.logdata.json)"
DialogueNodeEvent:22:1,U2/Aryn,U2P3,docs;grading,U2P3:End (analytics),True,True,True,1,EXACT_MATCH,HIGH,"Oh, thank goodness!","Oh, thank goodness!",,ID exists in current dialogue DB and fired in this playthrough,"xlsx[22,1]='Oh, thank goodness!' || export[22,1]='Oh, thank goodness!' || observed x1, e.g. _id=6aa9f4e5485cab4c95451865 ts=2026-09-16T01:46:13.3830000Z (wenyi091426-3.stratalog.logdata.json)"
DialogueNodeEvent:22:18,U2/Aryn,U2P3;U2P4,docs;grading,U2P3:Trigger;U2P3:doc-end-marker;U2P4:doc-start-marker,True,True,True,1,EXACT_MATCH,HIGH,We have located all crewmembers except for Jasper. Calling Anderson and Toppo now.,We have located all crewmembers except for Jasper. Calling Anderson and Toppo now.,,ID exists in current dialogue DB and fired in this playthrough,"xlsx[22,18]='We have located all crewmembers except for Jasper. Calling A' || export[22,18]='We have located all crewmembers except for Jasper. Calling A' || observed x1, e.g. _id=6aa9f53a485cab4c95451941 ts=2026-09-16T01:47:38.9380000Z (wenyi091426-3.stratalog.logdata.json)"
DialogueNodeEvent:23:17,U2/Jasper,U2P4;U2P5,docs;grading,U2P4:Trigger;U2P4:doc-end-marker;U2P5:doc-start-marker,True,True,True,1,EXACT_MATCH,HIGH,"Looks like you found Jasper. Good work, deputy.","Looks like you found Jasper. Good work, deputy. ",,ID exists in current dialogue DB and fired in this playthrough,"xlsx[23,17]='Looks like you found Jasper. Good work, deputy.' || export[23,17]='Looks like you found Jasper. Good work, deputy. ' || observed x1, e.g. _id=6aaaae04485cab4c95454758 ts=2026-09-16T14:56:04.6160000Z (wenyi091426-3.stratalog.logdata.json)"
DialogueNodeEvent:23:42,U2/Jasper,U2P5;U2P6,docs;grading,U2P5:Trigger;U2P5:doc-end-marker;U2P6:Trigger (Start);U2P6:doc-start-marker,True,True,True,1,EXACT_MATCH,HIGH,{{PLACEHOLDER - LAUNCH DRONE}},{{PLACEHOLDER - LAUNCH DRONE}},,ID exists in current dialogue DB and fired in this playthrough,"xlsx[23,42]='{{PLACEHOLDER - LAUNCH DRONE}}' || export[23,42]='{{PLACEHOLDER - LAUNCH DRONE}}' || observed x1, e.g. _id=6aaab401485cab4c95454a52 ts=2026-09-16T15:21:37.8830000Z (wenyi091426-3.stratalog.logdata.json)"
DialogueNodeEvent:26:137,U2/Classifier Feedback,U2P5,docs;grading,,True,True,True,0,EXPECTED_DIALOGUE_NOT_OBSERVED,MEDIUM,Too bad! That was the claim. Stating that the water from the East well is cleaner was the claim because it answers the driving question of which well is cleaner.,Too bad! That was the claim. Stating that the water from the East well is cleaner was the claim because it answers the driving question of which well is cleaner.,,ID exists in current dialogue DB but did not fire in this playthrough (may be conditional dialogue),"xlsx[26,137]='Too bad! That was the claim. Stating that the water from the' || export[26,137]='Too bad! That was the claim. Stating that the water from the'"
DialogueNodeEvent:26:140,U2/Classifier Feedback,U2P5,docs;grading,,True,True,True,0,EXPECTED_DIALOGUE_NOT_OBSERVED,MEDIUM,Nice Job! That was the claim. Stating that the water from the East well is cleaner is the claim because it answers the driving question of which well is cleaner.,Nice Job! That was the claim. Stating that the water from the East well is cleaner is the claim because it answers the driving question of which well is cleaner.,,ID exists in current dialogue DB but did not fire in this playthrough (may be conditional dialogue),"xlsx[26,140]='Nice Job! That was the claim. Stating that the water from th' || export[26,140]='Nice Job! That was the claim. Stating that the water from th'"
DialogueNodeEvent:26:142,U2/Classifier Feedback,U2P5,grading,,True,True,True,0,EXPECTED_DIALOGUE_NOT_OBSERVED,MEDIUM,Great! That was reasoning. Water moving through more soil makes it cleaner is reasoning because it is an accurate statement that explains why the evidence supports the claim.,Great! That was reasoning. Water moving through more soil makes it cleaner is reasoning because it is an accurate statement that explains why the evidence supports the claim.,,ID exists in current dialogue DB but did not fire in this playthrough (may be conditional dialogue),"xlsx[26,142]='Great! That was reasoning. Water moving through more soil ma' || export[26,142]='Great! That was reasoning. Water moving through more soil ma'"
DialogueNodeEvent:26:143,U2/Classifier Feedback,U2P5,grading,,True,True,True,0,EXPECTED_DIALOGUE_NOT_OBSERVED,MEDIUM,Nice Job! That was evidence. The depth of the wells are information that was collected from the environment.,Nice Job! That was evidence. The depth of the wells are information that was collected from the environment.,,ID exists in current dialogue DB but did not fire in this playthrough (may be conditional dialogue),"xlsx[26,143]='Nice Job! That was evidence. The depth of the wells are info' || export[26,143]='Nice Job! That was evidence. The depth of the wells are info'"
DialogueNodeEvent:26:144,U2/Classifier Feedback,U2P5,grading,,True,True,True,1,EXACT_MATCH,HIGH,Oh no! That was reasoning. Water moving through more soil makes it cleaner is reasoning because it is an accurate statement that explains why the evidence supports the claim.,Oh no! That was reasoning. Water moving through more soil makes it cleaner is reasoning because it is an accurate statement that explains why the evidence supports the claim.,,ID exists in current dialogue DB and fired in this playthrough,"xlsx[26,144]='Oh no! That was reasoning. Water moving through more soil ma' || export[26,144]='Oh no! That was reasoning. Water moving through more soil ma' || observed x1, e.g. _id=6aaab073485cab4c95454890 ts=2026-09-16T15:06:27.1870000Z (wenyi091426-3.stratalog.logdata.json)"
DialogueNodeEvent:26:145,U2/Classifier Feedback,U2P5,grading,,True,True,True,1,EXACT_MATCH,HIGH,Oh no! That was evidence. The depth of the wells are information that was collected from the environment.,Oh no! That was evidence. The depth of the wells are information that was collected from the environment.,,ID exists in current dialogue DB and fired in this playthrough,"xlsx[26,145]='Oh no! That was evidence. The depth of the wells are informa' || export[26,145]='Oh no! That was evidence. The depth of the wells are informa' || observed x1, e.g. _id=6aaab0c6485cab4c954548ca ts=2026-09-16T15:07:50.9440000Z (wenyi091426-3.stratalog.logdata.json)"
DialogueNodeEvent:26:146,U2/Classifier Feedback,U2P5,grading,,True,True,True,1,EXACT_MATCH,HIGH,Nice Job! That was the claim. Stating that water will evaporate quicker from oceans is the claim because it answers the driving question about where evaporation occurs faster.,Nice Job! That was the claim. Stating that water will evaporate quicker from oceans is the claim because it answers the driving question about where evaporation occurs faster.,,ID exists in current dialogue DB and fired in this playthrough,"xlsx[26,146]='Nice Job! That was the claim. Stating that water will evapor' || export[26,146]='Nice Job! That was the claim. Stating that water will evapor' || observed x1, e.g. _id=6aaab237485cab4c95454976 ts=2026-09-16T15:13:59.4740000Z (wenyi091426-3.stratalog.logdata.json)"
DialogueNodeEvent:26:147,U2/Classifier Feedback,U2P5,grading,,True,True,True,0,EXPECTED_DIALOGUE_NOT_OBSERVED,MEDIUM,Great! That was reasoning. The statement that more surface area allows for more evaporation is reasoning because it accurately explains why the evidence supports the claim.\r,Great! That was reasoning. The statement that more surface area allows for more evaporation is reasoning because it accurately explains why the evidence supports the claim.\r,,ID exists in current dialogue DB but did not fire in this playthrough (may be conditional dialogue),"xlsx[26,147]='Great! That was reasoning. The statement that more surface a' || export[26,147]='Great! That was reasoning. The statement that more surface a'"
DialogueNodeEvent:26:148,U2/Classifier Feedback,U2P5,grading,,True,True,True,0,EXPECTED_DIALOGUE_NOT_OBSERVED,MEDIUM,Nice Job! That was evidence. The surface area data was collected from the environment.,Nice Job! That was evidence. The surface area data was collected from the environment.,,ID exists in current dialogue DB but did not fire in this playthrough (may be conditional dialogue),"xlsx[26,148]='Nice Job! That was evidence. The surface area data was colle' || export[26,148]='Nice Job! That was evidence. The surface area data was colle'"
DialogueNodeEvent:26:165,U2/Classifier Feedback,U2P5,grading,,True,True,True,1,EXACT_MATCH,HIGH,Nice Job! That was the claim. Stating that the water that fills the pool comes from the air is the claim because it answers the driving question about where the water comes from.,Nice Job! That was the claim. Stating that the water that fills the pool comes from the air is the claim because it answers the driving question about where the water comes from.,,ID exists in current dialogue DB and fired in this playthrough,"xlsx[26,165]='Nice Job! That was the claim. Stating that the water that fi' || export[26,165]='Nice Job! That was the claim. Stating that the water that fi' || observed x1, e.g. _id=6aaab118485cab4c954548ee ts=2026-09-16T15:09:12.4340000Z (wenyi091426-3.stratalog.logdata.json)"
DialogueNodeEvent:26:166,U2/Classifier Feedback,U2P5,grading,,True,True,True,0,EXPECTED_DIALOGUE_NOT_OBSERVED,MEDIUM,Great! That was reasoning. Water transforming from a gas to a liquid when cooled is reasoning because it accurately explains why the evidence supports the claim.,Great! That was reasoning. Water transforming from a gas to a liquid when cooled is reasoning because it accurately explains why the evidence supports the claim.,,ID exists in current dialogue DB but did not fire in this playthrough (may be conditional dialogue),"xlsx[26,166]='Great! That was reasoning. Water transforming from a gas to ' || export[26,166]='Great! That was reasoning. Water transforming from a gas to '"
DialogueNodeEvent:26:167,U2/Classifier Feedback,U2P5,grading,,True,True,True,0,EXPECTED_DIALOGUE_NOT_OBSERVED,MEDIUM,Nice Job! That was evidence. The air getting colder was data from the environment.,Nice Job! That was evidence. The air getting colder was data from the environment.,,ID exists in current dialogue DB but did not fire in this playthrough (may be conditional dialogue),"xlsx[26,167]='Nice Job! That was evidence. The air getting colder was data' || export[26,167]='Nice Job! That was evidence. The air getting colder was data'"
DialogueNodeEvent:26:168,U2/Classifier Feedback,U2P5,grading,,True,True,True,0,EXPECTED_DIALOGUE_NOT_OBSERVED,MEDIUM,Nice Job! That was the claim. Stating that the water is polluted is the claim because it answers the driving question about whether the water is polluted.,Nice Job! That was the claim. Stating that the water is polluted is the claim because it answers the driving question about whether the water is polluted.,,ID exists in current dialogue DB but did not fire in this playthrough (may be conditional dialogue),"xlsx[26,168]='Nice Job! That was the claim. Stating that the water is poll' || export[26,168]='Nice Job! That was the claim. Stating that the water is poll'"
DialogueNodeEvent:26:169,U2/Classifier Feedback,U2P5,grading,,True,True,True,0,EXPECTED_DIALOGUE_NOT_OBSERVED,MEDIUM,Great! That was reasoning. Stating that we cannot see water pollutants because they are dissolved in water is accurate and explains why the evidence supports the claim.,Great! That was reasoning. Stating that we cannot see water pollutants because they are dissolved in water is accurate and explains why the evidence supports the claim.,,ID exists in current dialogue DB but did not fire in this playthrough (may be conditional dialogue),"xlsx[26,169]='Great! That was reasoning. Stating that we cannot see water ' || export[26,169]='Great! That was reasoning. Stating that we cannot see water '"
DialogueNodeEvent:26:170,U2/Classifier Feedback,U2P5,grading,,True,True,True,0,EXPECTED_DIALOGUE_NOT_OBSERVED,MEDIUM,Nice Job! That was evidence. The pollution sensor data was collected from the environment.,Nice Job! That was evidence. The pollution sensor data was collected from the environment.,,ID exists in current dialogue DB but did not fire in this playthrough (may be conditional dialogue),"xlsx[26,170]='Nice Job! That was evidence. The pollution sensor data was c' || export[26,170]='Nice Job! That was evidence. The pollution sensor data was c'"
DialogueNodeEvent:26:172,U2/Classifier Feedback,U2P5,grading,,True,True,True,0,EXPECTED_DIALOGUE_NOT_OBSERVED,MEDIUM,Nice Job! That was the claim. Stating that salt is not destroyed when it is added to a glass of water is the claim because it answers the driving question about whether the salt is destroyed.,Nice Job! That was the claim. Stating that salt is not destroyed when it is added to a glass of water is the claim because it answers the driving question about whether the salt is destroyed. ,,ID exists in current dialogue DB but did not fire in this playthrough (may be conditional dialogue),"xlsx[26,172]='Nice Job! That was the claim. Stating that salt is not destr' || export[26,172]='Nice Job! That was the claim. Stating that salt is not destr'"
DialogueNodeEvent:26:173,U2/Classifier Feedback,U2P5,grading,,True,True,True,0,EXPECTED_DIALOGUE_NOT_OBSERVED,MEDIUM,Great! That was reasoning. The statement that the salt dissolved into the water and the number of molecules did not change since the total mass remained the same is reasoning because it is an accurate,Great! That was reasoning. The statement that the salt dissolved into the water and the number of molecules did not change since the total mass remained the same is reasoning because it is an accurate,,ID exists in current dialogue DB but did not fire in this playthrough (may be conditional dialogue),"xlsx[26,173]='Great! That was reasoning. The statement that the salt disso' || export[26,173]='Great! That was reasoning. The statement that the salt disso'"
DialogueNodeEvent:26:174,U2/Classifier Feedback,U2P5,grading,,True,True,True,0,EXPECTED_DIALOGUE_NOT_OBSERVED,MEDIUM,"Nice Job! That was evidence. The mass of the salt, water, and salt water was information that was collected from the environment.","Nice Job! That was evidence. The mass of the salt, water, and salt water was information that was collected from the environment.",,ID exists in current dialogue DB but did not fire in this playthrough (may be conditional dialogue),"xlsx[26,174]='Nice Job! That was evidence. The mass of the salt, water, an' || export[26,174]='Nice Job! That was evidence. The mass of the salt, water, an'"
DialogueNodeEvent:26:175,U2/Classifier Feedback,U2P5,grading,,True,True,True,0,EXPECTED_DIALOGUE_NOT_OBSERVED,MEDIUM,Nice Job! That was the claim. Stating that ice is frozen water is the claim because it answers the driving question about what ice is.,Nice Job! That was the claim. Stating that ice is frozen water is the claim because it answers the driving question about what ice is.,,ID exists in current dialogue DB but did not fire in this playthrough (may be conditional dialogue),"xlsx[26,175]='Nice Job! That was the claim. Stating that ice is frozen wat' || export[26,175]='Nice Job! That was the claim. Stating that ice is frozen wat'"
DialogueNodeEvent:26:176,U2/Classifier Feedback,U2P5,grading,,True,True,True,0,EXPECTED_DIALOGUE_NOT_OBSERVED,MEDIUM,Great! That was reasoning. The statement that ice forms due to the slowing of molecules when liquid water is cooled is reasoning because it is an accurate statement that explains why the evidence supp,Great! That was reasoning. The statement that ice forms due to the slowing of molecules when liquid water is cooled is reasoning because it is an accurate statement that explains why the evidence supp,,ID exists in current dialogue DB but did not fire in this playthrough (may be conditional dialogue),"xlsx[26,176]='Great! That was reasoning. The statement that ice forms due ' || export[26,176]='Great! That was reasoning. The statement that ice forms due '"
DialogueNodeEvent:26:177,U2/Classifier Feedback,U2P5,grading,,True,True,True,1,EXACT_MATCH,HIGH,Nice Job! That was evidence. The temperature of water and ice was information collected from the environment.,Nice Job! That was evidence. The temperature of water and ice was information collected from the environment.,,ID exists in current dialogue DB and fired in this playthrough,"xlsx[26,177]='Nice Job! That was evidence. The temperature of water and ic' || export[26,177]='Nice Job! That was evidence. The temperature of water and ic' || observed x1, e.g. _id=6aaab0d1485cab4c954548d6 ts=2026-09-16T15:08:01.5330000Z (wenyi091426-3.stratalog.logdata.json)"
DialogueNodeEvent:26:178,U2/Classifier Feedback,U2P5,grading,,True,True,True,0,EXPECTED_DIALOGUE_NOT_OBSERVED,MEDIUM,Nice Job! That was the claim. Stating that steam is gaseous water is the claim because it answers the driving question about what steam is.,Nice Job! That was the claim. Stating that steam is gaseous water is the claim because it answers the driving question about what steam is. ,,ID exists in current dialogue DB but did not fire in this playthrough (may be conditional dialogue),"xlsx[26,178]='Nice Job! That was the claim. Stating that steam is gaseous ' || export[26,178]='Nice Job! That was the claim. Stating that steam is gaseous '"
DialogueNodeEvent:26:179,U2/Classifier Feedback,U2P5,grading,,True,True,True,1,EXACT_MATCH,HIGH,Great! That was reasoning. The statement that steam forms due to the faster movement of molecules when liquid water is heated is reasoning because it is an accurate statement that explains why the evi,Great! That was reasoning. The statement that steam forms due to the faster movement of molecules when liquid water is heated is reasoning because it is an accurate statement that explains why the evi,,ID exists in current dialogue DB and fired in this playthrough,"xlsx[26,179]='Great! That was reasoning. The statement that steam forms du' || export[26,179]='Great! That was reasoning. The statement that steam forms du' || observed x1, e.g. _id=6aaab1b0485cab4c9545493c ts=2026-09-16T15:11:44.1420000Z (wenyi091426-3.stratalog.logdata.json)"
DialogueNodeEvent:26:180,U2/Classifier Feedback,U2P5,grading,,True,True,True,0,EXPECTED_DIALOGUE_NOT_OBSERVED,MEDIUM,Nice Job! That was evidence. The temperature of the steam and the water was information collected from the environment.,Nice Job! That was evidence. The temperature of the steam and the water was information collected from the environment.,,ID exists in current dialogue DB but did not fire in this playthrough (may be conditional dialogue),"xlsx[26,180]='Nice Job! That was evidence. The temperature of the steam an' || export[26,180]='Nice Job! That was evidence. The temperature of the steam an'"
DialogueNodeEvent:26:181,U2/Classifier Feedback,U2P5,grading,,True,True,True,0,EXPECTED_DIALOGUE_NOT_OBSERVED,MEDIUM,Nice Job! That was the claim. Stating that when a match burns the molecules of the match are not destroyed is the claim because it answers the driving question about what happens to the molecules of t,Nice Job! That was the claim. Stating that when a match burns the molecules of the match are not destroyed is the claim because it answers the driving question about what happens to the molecules of t,,ID exists in current dialogue DB but did not fire in this playthrough (may be conditional dialogue),"xlsx[26,181]='Nice Job! That was the claim. Stating that when a match burn' || export[26,181]='Nice Job! That was the claim. Stating that when a match burn'"
DialogueNodeEvent:26:182,U2/Classifier Feedback,U2P5,grading,,True,True,True,1,EXACT_MATCH,HIGH,Great! That was reasoning. The statement that when burning the match the molecules of the match are turned into smoke or gas that can no longer be measured is reasoning because it is an accurate state,Great! That was reasoning. The statement that when burning the match the molecules of the match are turned into smoke or gas that can no longer be measured is reasoning because it is an accurate state,,ID exists in current dialogue DB and fired in this playthrough,"xlsx[26,182]='Great! That was reasoning. The statement that when burning t' || export[26,182]='Great! That was reasoning. The statement that when burning t' || observed x1, e.g. _id=6aaab181485cab4c9545491e ts=2026-09-16T15:10:57.2850000Z (wenyi091426-3.stratalog.logdata.json)"
DialogueNodeEvent:26:183,U2/Classifier Feedback,U2P5,grading,,True,True,True,0,EXPECTED_DIALOGUE_NOT_OBSERVED,MEDIUM,Nice Job! That was evidence. The mass of the burned and unburned match was information collected from the environment.,Nice Job! That was evidence. The mass of the burned and unburned match was information collected from the environment.,,ID exists in current dialogue DB but did not fire in this playthrough (may be conditional dialogue),"xlsx[26,183]='Nice Job! That was evidence. The mass of the burned and unbu' || export[26,183]='Nice Job! That was evidence. The mass of the burned and unbu'"
DialogueNodeEvent:26:184,U2/Classifier Feedback,U2P5,grading,,True,True,True,0,EXPECTED_DIALOGUE_NOT_OBSERVED,MEDIUM,Nice Job! That was the claim. Stating that mass of a ball can determine how fast is travels is the claim because it answers the driving question about what determines how fast a ball can travel.,Nice Job! That was the claim. Stating that mass of a ball can determine how fast is travels is the claim because it answers the driving question about what determines how fast a ball can travel. ,,ID exists in current dialogue DB but did not fire in this playthrough (may be conditional dialogue),"xlsx[26,184]='Nice Job! That was the claim. Stating that mass of a ball ca' || export[26,184]='Nice Job! That was the claim. Stating that mass of a ball ca'"
DialogueNodeEvent:26:185,U2/Classifier Feedback,U2P5,grading,,True,True,True,0,EXPECTED_DIALOGUE_NOT_OBSERVED,MEDIUM,Great! That was reasoning. The statement that the heavier ball requires more force to move because it is made up of more molecules is reasoning because it is an accurate statement that explains why th,Great! That was reasoning. The statement that the heavier ball requires more force to move because it is made up of more molecules is reasoning because it is an accurate statement that explains why th,,ID exists in current dialogue DB but did not fire in this playthrough (may be conditional dialogue),"xlsx[26,185]='Great! That was reasoning. The statement that the heavier ba' || export[26,185]='Great! That was reasoning. The statement that the heavier ba'"
DialogueNodeEvent:26:186,U2/Classifier Feedback,U2P5,grading,,True,True,True,1,EXACT_MATCH,HIGH,Nice Job! That was evidence. The mass of each ball was information collected from the environment.,Nice Job! That was evidence. The mass of each ball was information collected from the environment.,,ID exists in current dialogue DB and fired in this playthrough,"xlsx[26,186]='Nice Job! That was evidence. The mass of each ball was infor' || export[26,186]='Nice Job! That was evidence. The mass of each ball was infor' || observed x1, e.g. _id=6aaab19f485cab4c9545492e ts=2026-09-16T15:11:27.6830000Z (wenyi091426-3.stratalog.logdata.json)"
DialogueNodeEvent:26:187,U2/Classifier Feedback,U2P5,grading,,True,True,True,0,EXPECTED_DIALOGUE_NOT_OBSERVED,MEDIUM,Too bad! That was the claim. Stating that water will evaporate quicker from oceans is the claim because it answers the driving question about where evaporation occurs faster.,Too bad! That was the claim. Stating that water will evaporate quicker from oceans is the claim because it answers the driving question about where evaporation occurs faster.,,ID exists in current dialogue DB but did not fire in this playthrough (may be conditional dialogue),"xlsx[26,187]='Too bad! That was the claim. Stating that water will evapora' || export[26,187]='Too bad! That was the claim. Stating that water will evapora'"
DialogueNodeEvent:26:188,U2/Classifier Feedback,U2P5,grading,,True,True,True,0,EXPECTED_DIALOGUE_NOT_OBSERVED,MEDIUM,Oh no! That was reasoning. The statement that more surface area allows for more evaporation is reasoning because it accurately explains why the evidence supports the claim.,Oh no! That was reasoning. The statement that more surface area allows for more evaporation is reasoning because it accurately explains why the evidence supports the claim.,,ID exists in current dialogue DB but did not fire in this playthrough (may be conditional dialogue),"xlsx[26,188]='Oh no! That was reasoning. The statement that more surface a' || export[26,188]='Oh no! That was reasoning. The statement that more surface a'"
DialogueNodeEvent:26:189,U2/Classifier Feedback,U2P5,grading,,True,True,True,0,EXPECTED_DIALOGUE_NOT_OBSERVED,MEDIUM,Oh no! That was evidence. The surface area data was collected from the environment.,Oh no! That was evidence. The surface area data was collected from the environment.,,ID exists in current dialogue DB but did not fire in this playthrough (may be conditional dialogue),"xlsx[26,189]='Oh no! That was evidence. The surface area data was collecte' || export[26,189]='Oh no! That was evidence. The surface area data was collecte'"
DialogueNodeEvent:26:191,U2/Classifier Feedback,U2P5,grading,,True,True,True,0,EXPECTED_DIALOGUE_NOT_OBSERVED,MEDIUM,Too bad! That was the claim. Stating that the water that fills the pool comes from the air is the claim because it answers the driving question about where the water comes from.,Too bad! That was the claim. Stating that the water that fills the pool comes from the air is the claim because it answers the driving question about where the water comes from.,,ID exists in current dialogue DB but did not fire in this playthrough (may be conditional dialogue),"xlsx[26,191]='Too bad! That was the claim. Stating that the water that fil' || export[26,191]='Too bad! That was the claim. Stating that the water that fil'"
DialogueNodeEvent:26:192,U2/Classifier Feedback,U2P5,grading,,True,True,True,0,EXPECTED_DIALOGUE_NOT_OBSERVED,MEDIUM,Oh no! That was reasoning. Water transforming from a gas to a liquid when cooled is reasoning because it accurately explains why the evidence supports the claim.,Oh no! That was reasoning. Water transforming from a gas to a liquid when cooled is reasoning because it accurately explains why the evidence supports the claim.,,ID exists in current dialogue DB but did not fire in this playthrough (may be conditional dialogue),"xlsx[26,192]='Oh no! That was reasoning. Water transforming from a gas to ' || export[26,192]='Oh no! That was reasoning. Water transforming from a gas to '"
DialogueNodeEvent:26:193,U2/Classifier Feedback,U2P5,grading,,True,True,True,0,EXPECTED_DIALOGUE_NOT_OBSERVED,MEDIUM,Oh no! That was evidence. The air getting colder was data from the environment.,Oh no! That was evidence. The air getting colder was data from the environment.,,ID exists in current dialogue DB but did not fire in this playthrough (may be conditional dialogue),"xlsx[26,193]='Oh no! That was evidence. The air getting colder was data fr' || export[26,193]='Oh no! That was evidence. The air getting colder was data fr'"
DialogueNodeEvent:26:194,U2/Classifier Feedback,U2P5,grading,,True,True,True,0,EXPECTED_DIALOGUE_NOT_OBSERVED,MEDIUM,Too bad! That was the claim. Stating that the water is polluted is the claim because it answers the driving question about whether the water is polluted.,Too bad! That was the claim. Stating that the water is polluted is the claim because it answers the driving question about whether the water is polluted.,,ID exists in current dialogue DB but did not fire in this playthrough (may be conditional dialogue),"xlsx[26,194]='Too bad! That was the claim. Stating that the water is pollu' || export[26,194]='Too bad! That was the claim. Stating that the water is pollu'"
DialogueNodeEvent:26:195,U2/Classifier Feedback,U2P5,grading,,True,True,True,1,EXACT_MATCH,HIGH,Oh no! That was reasoning. Stating that we cannot see water pollutants because they are dissolved in water is accurate and explains why the evidence supports the claim.,Oh no! That was reasoning. Stating that we cannot see water pollutants because they are dissolved in water is accurate and explains why the evidence supports the claim.,,ID exists in current dialogue DB and fired in this playthrough,"xlsx[26,195]='Oh no! That was reasoning. Stating that we cannot see water ' || export[26,195]='Oh no! That was reasoning. Stating that we cannot see water ' || observed x1, e.g. _id=6aaab081485cab4c9545489e ts=2026-09-16T15:06:41.7440000Z (wenyi091426-3.stratalog.logdata.json)"
DialogueNodeEvent:26:196,U2/Classifier Feedback,U2P5,grading,,True,True,True,0,EXPECTED_DIALOGUE_NOT_OBSERVED,MEDIUM,Oh no! That was evidence. The pollution sensor data was collected from the environment.,Oh no! That was evidence. The pollution sensor data was collected from the environment.,,ID exists in current dialogue DB but did not fire in this playthrough (may be conditional dialogue),"xlsx[26,196]='Oh no! That was evidence. The pollution sensor data was coll' || export[26,196]='Oh no! That was evidence. The pollution sensor data was coll'"
DialogueNodeEvent:26:197,U2/Classifier Feedback,U2P5,grading,,True,True,True,1,EXACT_MATCH,HIGH,Too bad! That was the claim. Stating that salt is not destroyed when it is added to a glass of water is the claim because it answers the driving question about whether the salt is destroyed.,Too bad! That was the claim. Stating that salt is not destroyed when it is added to a glass of water is the claim because it answers the driving question about whether the salt is destroyed.,,ID exists in current dialogue DB and fired in this playthrough,"xlsx[26,197]='Too bad! That was the claim. Stating that salt is not destro' || export[26,197]='Too bad! That was the claim. Stating that salt is not destro' || observed x1, e.g. _id=6aaab20d485cab4c95454958 ts=2026-09-16T15:13:17.6040000Z (wenyi091426-3.stratalog.logdata.json)"
DialogueNodeEvent:26:198,U2/Classifier Feedback,U2P5,grading,,True,True,True,1,EXACT_MATCH,HIGH,Oh no! That was reasoning. The statement that the salt dissolved into the water and the number of molecules did not change since the total mass remained the same is reasoning because it is an accurate,Oh no! That was reasoning. The statement that the salt dissolved into the water and the number of molecules did not change since the total mass remained the same is reasoning because it is an accurate,,ID exists in current dialogue DB and fired in this playthrough,"xlsx[26,198]='Oh no! That was reasoning. The statement that the salt disso' || export[26,198]='Oh no! That was reasoning. The statement that the salt disso' || observed x1, e.g. _id=6aaab098485cab4c954548ac ts=2026-09-16T15:07:04.7380000Z (wenyi091426-3.stratalog.logdata.json)"
DialogueNodeEvent:26:199,U2/Classifier Feedback,U2P5,grading,,True,True,True,0,EXPECTED_DIALOGUE_NOT_OBSERVED,MEDIUM,"Oh no! That was evidence. The mass of the salt, water, and salt water was information that was collected from the environment.\r","Oh no! That was evidence. The mass of the salt, water, and salt water was information that was collected from the environment.\r",,ID exists in current dialogue DB but did not fire in this playthrough (may be conditional dialogue),"xlsx[26,199]='Oh no! That was evidence. The mass of the salt, water, and s' || export[26,199]='Oh no! That was evidence. The mass of the salt, water, and s'"
DialogueNodeEvent:26:200,U2/Classifier Feedback,U2P5,grading,,True,True,True,0,EXPECTED_DIALOGUE_NOT_OBSERVED,MEDIUM,Too bad! That was the claim. Stating that ice is frozen water is the claim because it answers the driving question about what ice is.,Too bad! That was the claim. Stating that ice is frozen water is the claim because it answers the driving question about what ice is.,,ID exists in current dialogue DB but did not fire in this playthrough (may be conditional dialogue),"xlsx[26,200]='Too bad! That was the claim. Stating that ice is frozen wate' || export[26,200]='Too bad! That was the claim. Stating that ice is frozen wate'"
DialogueNodeEvent:26:201,U2/Classifier Feedback,U2P5,grading,,True,True,True,1,EXACT_MATCH,HIGH,Oh no! That was reasoning. The statement that ice forms due to the slowing of molecules when liquid water is cooled is reasoning because it is an accurate statement that explains why the evidence supp,Oh no! That was reasoning. The statement that ice forms due to the slowing of molecules when liquid water is cooled is reasoning because it is an accurate statement that explains why the evidence supp,,ID exists in current dialogue DB and fired in this playthrough,"xlsx[26,201]='Oh no! That was reasoning. The statement that ice forms due ' || export[26,201]='Oh no! That was reasoning. The statement that ice forms due ' || observed x1, e.g. _id=6aaab130485cab4c954548fc ts=2026-09-16T15:09:36.2790000Z (wenyi091426-3.stratalog.logdata.json)"
DialogueNodeEvent:26:202,U2/Classifier Feedback,U2P5,grading,,True,True,True,0,EXPECTED_DIALOGUE_NOT_OBSERVED,MEDIUM,Oh no! That was evidence. The temperature of water and ice was information collected from the environment.,Oh no! That was evidence. The temperature of water and ice was information collected from the environment.,,ID exists in current dialogue DB but did not fire in this playthrough (may be conditional dialogue),"xlsx[26,202]='Oh no! That was evidence. The temperature of water and ice w' || export[26,202]='Oh no! That was evidence. The temperature of water and ice w'"
DialogueNodeEvent:26:203,U2/Classifier Feedback,U2P5,grading,,True,True,True,1,EXACT_MATCH,HIGH,Too bad! That was the claim. Stating that steam is gaseous water is the claim because it answers the driving question about what steam is.,Too bad! That was the claim. Stating that steam is gaseous water is the claim because it answers the driving question about what steam is.,,ID exists in current dialogue DB and fired in this playthrough,"xlsx[26,203]='Too bad! That was the claim. Stating that steam is gaseous w' || export[26,203]='Too bad! That was the claim. Stating that steam is gaseous w' || observed x1, e.g. _id=6aaab227485cab4c95454968 ts=2026-09-16T15:13:43.2000000Z (wenyi091426-3.stratalog.logdata.json)"
DialogueNodeEvent:26:204,U2/Classifier Feedback,U2P5,grading,,True,True,True,0,EXPECTED_DIALOGUE_NOT_OBSERVED,MEDIUM,Oh no! That was reasoning. The statement that steam forms due to the faster movement of molecules when liquid water is heated is reasoning because it is an accurate statement that explains why the evi,Oh no! That was reasoning. The statement that steam forms due to the faster movement of molecules when liquid water is heated is reasoning because it is an accurate statement that explains why the evi,,ID exists in current dialogue DB but did not fire in this playthrough (may be conditional dialogue),"xlsx[26,204]='Oh no! That was reasoning. The statement that steam forms du' || export[26,204]='Oh no! That was reasoning. The statement that steam forms du'"
DialogueNodeEvent:26:205,U2/Classifier Feedback,U2P5,grading,,True,True,True,0,EXPECTED_DIALOGUE_NOT_OBSERVED,MEDIUM,Oh no! That was evidence. The temperature of the steam and the water was information collected from the environment.,Oh no! That was evidence. The temperature of the steam and the water was information collected from the environment.,,ID exists in current dialogue DB but did not fire in this playthrough (may be conditional dialogue),"xlsx[26,205]='Oh no! That was evidence. The temperature of the steam and t' || export[26,205]='Oh no! That was evidence. The temperature of the steam and t'"
DialogueNodeEvent:26:206,U2/Classifier Feedback,U2P5,grading,,True,True,True,0,EXPECTED_DIALOGUE_NOT_OBSERVED,MEDIUM,Too bad! That was the claim. Stating that when a match burns the molecules of the match are not destroyed is the claim because it answers the driving question about what happens to the molecules of th,Too bad! That was the claim. Stating that when a match burns the molecules of the match are not destroyed is the claim because it answers the driving question about what happens to the molecules of th,,ID exists in current dialogue DB but did not fire in this playthrough (may be conditional dialogue),"xlsx[26,206]='Too bad! That was the claim. Stating that when a match burns' || export[26,206]='Too bad! That was the claim. Stating that when a match burns'"
DialogueNodeEvent:26:207,U2/Classifier Feedback,U2P5,grading,,True,True,True,0,EXPECTED_DIALOGUE_NOT_OBSERVED,MEDIUM,Oh no! That was reasoning. The statement that when burning the match the molecules of the match are turned into smoke or gas that can no longer be measured is reasoning because it is an accurate state,Oh no! That was reasoning. The statement that when burning the match the molecules of the match are turned into smoke or gas that can no longer be measured is reasoning because it is an accurate state,,ID exists in current dialogue DB but did not fire in this playthrough (may be conditional dialogue),"xlsx[26,207]='Oh no! That was reasoning. The statement that when burning t' || export[26,207]='Oh no! That was reasoning. The statement that when burning t'"
DialogueNodeEvent:26:208,U2/Classifier Feedback,U2P5,grading,,True,True,True,0,EXPECTED_DIALOGUE_NOT_OBSERVED,MEDIUM,Oh no! That was evidence. The mass of the burned and unburned match was information collected from the environment.\r,Oh no! That was evidence. The mass of the burned and unburned match was information collected from the environment.\r,,ID exists in current dialogue DB but did not fire in this playthrough (may be conditional dialogue),"xlsx[26,208]='Oh no! That was evidence. The mass of the burned and unburne' || export[26,208]='Oh no! That was evidence. The mass of the burned and unburne'"
DialogueNodeEvent:26:209,U2/Classifier Feedback,U2P5,grading,,True,True,True,0,EXPECTED_DIALOGUE_NOT_OBSERVED,MEDIUM,Too bad! That was the claim. Stating that mass of a ball can determine how fast is travels is the claim because it answers the driving question about what determines how fast a ball can travel.,Too bad! That was the claim. Stating that mass of a ball can determine how fast is travels is the claim because it answers the driving question about what determines how fast a ball can travel. ,,ID exists in current dialogue DB but did not fire in this playthrough (may be conditional dialogue),"xlsx[26,209]='Too bad! That was the claim. Stating that mass of a ball can' || export[26,209]='Too bad! That was the claim. Stating that mass of a ball can'"
DialogueNodeEvent:26:210,U2/Classifier Feedback,U2P5,grading,,True,True,True,1,EXACT_MATCH,HIGH,Oh no! That was reasoning. The statement that the heavier ball requires more force to move because it is made up of more molecules is reasoning because it is an accurate statement that explains why th,Oh no! That was reasoning. The statement that the heavier ball requires more force to move because it is made up of more molecules is reasoning because it is an accurate statement that explains why th,,ID exists in current dialogue DB and fired in this playthrough,"xlsx[26,210]='Oh no! That was reasoning. The statement that the heavier ba' || export[26,210]='Oh no! That was reasoning. The statement that the heavier ba' || observed x1, e.g. _id=6aaab0b1485cab4c954548bc ts=2026-09-16T15:07:29.5510000Z (wenyi091426-3.stratalog.logdata.json)"
DialogueNodeEvent:26:211,U2/Classifier Feedback,U2P5,grading,,True,True,True,0,EXPECTED_DIALOGUE_NOT_OBSERVED,MEDIUM,Oh no! That was evidence. The mass of each ball was information collected from the environment.,Oh no! That was evidence. The mass of each ball was information collected from the environment.,,ID exists in current dialogue DB but did not fire in this playthrough (may be conditional dialogue),"xlsx[26,211]='Oh no! That was evidence. The mass of each ball was informat' || export[26,211]='Oh no! That was evidence. The mass of each ball was informat'"
DialogueNodeEvent:27:7,U2/Argumentation Feedback,U2P7,docs;grading,U2P7:Success,True,True,True,1,EXACT_MATCH,HIGH,"Well done! You have made the best argument possible. Good Job, cadet!","Well done! You have made the best argument possible. Good Job, cadet!",,ID exists in current dialogue DB and fired in this playthrough,"xlsx[27,7]='Well done! You have made the best argument possible. Good Jo' || export[27,7]='Well done! You have made the best argument possible. Good Jo' || observed x1, e.g. _id=6aaab761485cab4c95454d58 ts=2026-09-16T15:36:00.9850000Z (wenyi091426-3.stratalog.logdata.json)"
DialogueNodeEvent:27:11,U2/Argumentation Feedback,U2P7,grading,,True,True,True,0,EXPECTED_DIALOGUE_NOT_OBSERVED,MEDIUM,Your evidence does not fit with your claim. Read the backing information to understand the connection between water flow and size of watershed.,Your evidence does not fit with your claim. Read the backing information to understand the connection between water flow and size of watershed.,,ID exists in current dialogue DB but did not fire in this playthrough (may be conditional dialogue),"xlsx[27,11]='Your evidence does not fit with your claim. Read the backing' || export[27,11]='Your evidence does not fit with your claim. Read the backing'"
DialogueNodeEvent:27:12,U2/Argumentation Feedback,U2P7,grading,,True,True,True,1,EXACT_MATCH,HIGH,Your evidence does not fit with your claim. Try using a more appropriate claim.,Your evidence does not fit with your claim. Try using a more appropriate claim.,,ID exists in current dialogue DB and fired in this playthrough,"xlsx[27,12]='Your evidence does not fit with your claim. Try using a more' || export[27,12]='Your evidence does not fit with your claim. Try using a more' || observed x1, e.g. _id=6aaab6f7485cab4c95454cb4 ts=2026-09-16T15:34:15.9670000Z (wenyi091426-3.stratalog.logdata.json)"
DialogueNodeEvent:27:13,U2/Argumentation Feedback,U2P7,grading,,True,True,True,0,EXPECTED_DIALOGUE_NOT_OBSERVED,MEDIUM,"While the waterfall may be the taller of the two, how does that help predict the size of the watershed?","While the waterfall may be the taller of the two, how does that help predict the size of the watershed?",,ID exists in current dialogue DB but did not fire in this playthrough (may be conditional dialogue),"xlsx[27,13]='While the waterfall may be the taller of the two, how does t' || export[27,13]='While the waterfall may be the taller of the two, how does t'"
DialogueNodeEvent:27:14,U2/Argumentation Feedback,U2P7,grading,,True,True,True,1,EXACT_MATCH,HIGH,Both your claim and evidence does not link to your reasoning. Try using another piece of evidence and a different claim.,Both your claim and evidence does not link to your reasoning. Try using another piece of evidence and a different claim.,,ID exists in current dialogue DB and fired in this playthrough,"xlsx[27,14]='Both your claim and evidence does not link to your reasoning' || export[27,14]='Both your claim and evidence does not link to your reasoning' || observed x1, e.g. _id=6aaab6e8485cab4c95454c88 ts=2026-09-16T15:34:00.6590000Z (wenyi091426-3.stratalog.logdata.json)"
DialogueNodeEvent:27:15,U2/Argumentation Feedback,U2P7,grading,,True,True,True,1,EXACT_MATCH,HIGH,"Not quite, while salinity may be an important factor, it does not help predict the size of watershed. What factor helps predict the size of a watershed?","Not quite, while salinity may be an important factor, it does not help predict the size of watershed. What factor helps predict the size of a watershed?",,ID exists in current dialogue DB and fired in this playthrough,"xlsx[27,15]='Not quite, while salinity may be an important factor, it doe' || export[27,15]='Not quite, while salinity may be an important factor, it doe' || observed x1, e.g. _id=6aaab6be485cab4c95454c4e ts=2026-09-16T15:33:18.1550000Z (wenyi091426-3.stratalog.logdata.json)"
DialogueNodeEvent:27:16,U2/Argumentation Feedback,U2P7,grading,,True,True,True,0,EXPECTED_DIALOGUE_NOT_OBSERVED,MEDIUM,"Both your claim and evidence does not link to your reasoning, try using another piece of evidence and a different claim.","Both your claim and evidence does not link to your reasoning, try using another piece of evidence and a different claim.",,ID exists in current dialogue DB but did not fire in this playthrough (may be conditional dialogue),"xlsx[27,16]='Both your claim and evidence does not link to your reasoning' || export[27,16]='Both your claim and evidence does not link to your reasoning'"
DialogueNodeEvent:27:17,U2/Argumentation Feedback,U2P7,grading,,True,True,True,1,EXACT_MATCH,HIGH,You have noticed that there is a longer river downstream of the waterfall. We are interested in the area upstream. What factor helps predict the size of the watershed?,You have noticed that there is a longer river downstream of the waterfall. We are interested in the area upstream. What factor helps predict the size of the watershed?,,ID exists in current dialogue DB and fired in this playthrough,"xlsx[27,17]='You have noticed that there is a longer river downstream of ' || export[27,17]='You have noticed that there is a longer river downstream of ' || observed x1, e.g. _id=6aaab6d6485cab4c95454c6a ts=2026-09-16T15:33:42.6000000Z (wenyi091426-3.stratalog.logdata.json)"
DialogueNodeEvent:27:18,U2/Argumentation Feedback,U2P7,grading,,True,True,True,0,EXPECTED_DIALOGUE_NOT_OBSERVED,MEDIUM,"Both your claim and evidence does not link to your reasoning, try using another piece of evidence and a different claim.","Both your claim and evidence does not link to your reasoning, try using another piece of evidence and a different claim.",,ID exists in current dialogue DB but did not fire in this playthrough (may be conditional dialogue),"xlsx[27,18]='Both your claim and evidence does not link to your reasoning' || export[27,18]='Both your claim and evidence does not link to your reasoning'"
DialogueNodeEvent:27:20,U2/Argumentation Feedback,U2P7,grading,,True,True,True,1,EXACT_MATCH,HIGH,You have used multiple pieces of evidences in your argument. While this is a good idea it is not needed to make this argument. Try picking one evidence and one claim and think about what predicts the ,You have used multiple pieces of evidences in your argument. While this is a good idea it is not needed to make this argument. Try picking one evidence and one claim and think about what predicts the ,,ID exists in current dialogue DB and fired in this playthrough,"xlsx[27,20]='You have used multiple pieces of evidences in your argument.' || export[27,20]='You have used multiple pieces of evidences in your argument.' || observed x1, e.g. _id=6aaab6a8485cab4c95454c32 ts=2026-09-16T15:32:56.1110000Z (wenyi091426-3.stratalog.logdata.json)"
DialogueNodeEvent:27:25,U2/Argumentation Feedback,U2P7,grading,,True,True,True,0,EXPECTED_DIALOGUE_NOT_OBSERVED,MEDIUM,"While the waterfall may be the taller of the two, how does that help predict the size of the watershed?","While the waterfall may be the taller of the two, how does that help predict the size of the watershed?",,ID exists in current dialogue DB but did not fire in this playthrough (may be conditional dialogue),"xlsx[27,25]='While the waterfall may be the taller of the two, how does t' || export[27,25]='While the waterfall may be the taller of the two, how does t'"
DialogueNodeEvent:27:26,U2/Argumentation Feedback,U2P7,grading,,True,True,True,1,EXACT_MATCH,HIGH,Your claim makes sense however the waterfall height might not be the best piece of evidence. Why don’t try using a piece of evidence that is more appropriate.,Your claim makes sense however the waterfall height might not be the best piece of evidence. Why don’t try using a piece of evidence that is more appropriate.,,ID exists in current dialogue DB and fired in this playthrough,"xlsx[27,26]='Your claim makes sense however the waterfall height might no' || export[27,26]='Your claim makes sense however the waterfall height might no' || observed x1, e.g. _id=6aaab743485cab4c95454d36 ts=2026-09-16T15:35:31.0030000Z (wenyi091426-3.stratalog.logdata.json)"
DialogueNodeEvent:27:27,U2/Argumentation Feedback,U2P7,grading,,True,True,True,0,EXPECTED_DIALOGUE_NOT_OBSERVED,MEDIUM,"Not quite, while salinity may be an important factor, it does not help predict the size of watershed. What factor helps predict the size of a watershed?","Not quite, while salinity may be an important factor, it does not help predict the size of watershed. What factor helps predict the size of a watershed?",,ID exists in current dialogue DB but did not fire in this playthrough (may be conditional dialogue),"xlsx[27,27]='Not quite, while salinity may be an important factor, it doe' || export[27,27]='Not quite, while salinity may be an important factor, it doe'"
DialogueNodeEvent:27:28,U2/Argumentation Feedback,U2P7,grading,,True,True,True,1,EXACT_MATCH,HIGH,"Not quite, while salinity may be an important factor, it does not help predict the size of watershed. Try selecting a different piece of evidence.","Not quite, while salinity may be an important factor, it does not help predict the size of watershed. Try selecting a different piece of evidence.",,ID exists in current dialogue DB and fired in this playthrough,"xlsx[27,28]='Not quite, while salinity may be an important factor, it doe' || export[27,28]='Not quite, while salinity may be an important factor, it doe' || observed x1, e.g. _id=6aaab72d485cab4c95454d14 ts=2026-09-16T15:35:09.3760000Z (wenyi091426-3.stratalog.logdata.json)"
DialogueNodeEvent:27:29,U2/Argumentation Feedback,U2P7,grading,,True,True,True,0,EXPECTED_DIALOGUE_NOT_OBSERVED,MEDIUM,You have noticed that there is a longer river downstream of the waterfall. We are interested in the area upstream. What factor helps predict the size of the watershed?,You have noticed that there is a longer river downstream of the waterfall. We are interested in the area upstream. What factor helps predict the size of the watershed?,,ID exists in current dialogue DB but did not fire in this playthrough (may be conditional dialogue),"xlsx[27,29]='You have noticed that there is a longer river downstream of ' || export[27,29]='You have noticed that there is a longer river downstream of '"
DialogueNodeEvent:27:30,U2/Argumentation Feedback,U2P7,grading,,True,True,True,1,EXACT_MATCH,HIGH,You have noticed that there is a longer river downstream of the waterfall. We are interested in the area upstream. Try selecting a different piece of evidence.,You have noticed that there is a longer river downstream of the waterfall. We are interested in the area upstream. Try selecting a different piece of evidence.,,ID exists in current dialogue DB and fired in this playthrough,"xlsx[27,30]='You have noticed that there is a longer river downstream of ' || export[27,30]='You have noticed that there is a longer river downstream of ' || observed x1, e.g. _id=6aaab707485cab4c95454cde ts=2026-09-16T15:34:31.9410000Z (wenyi091426-3.stratalog.logdata.json)"
DialogueNodeEvent:28:179,U2/DANI/BandFeedback,U2P2,docs;grading,U2P2:Target (wrong direction),True,True,True,4,EXACT_MATCH,HIGH,Anderson said that Toppo’s pod was near our original location. We should look for two rock formations with contour lines close together nearer to where we started. Remember you can move the waypoint o,Anderson said that Toppo’s pod was near our original location. We should look for two rock formations with contour lines close together nearer to where we started. Remember you can move the waypoint o,,ID exists in current dialogue DB and fired in this playthrough,"xlsx[28,179]='Anderson said that Toppo’s pod was near our original locatio' || export[28,179]='Anderson said that Toppo’s pod was near our original locatio' || observed x4, e.g. _id=6aa9f192485cab4c95450ed5 ts=2026-09-16T01:32:02.6300000Z (wenyi091426-3.stratalog.logdata.json)"
DialogueNodeEvent:28:180,U2/DANI/BandFeedback,U2P3,docs;grading,U2P3:Target (wrong direction),True,True,True,0,EXPECTED_DIALOGUE_NOT_OBSERVED,MEDIUM,Try to find Tera as soon as you can. Use your map to find a river nearby then look for an area with an elevation of around 0 feet on its eastern shore.,Try to find Tera as soon as you can. Use your map to find a river nearby then look for an area with an elevation of around 0 feet on its eastern shore.,,ID exists in current dialogue DB but did not fire in this playthrough (may be conditional dialogue),"xlsx[28,180]='Try to find Tera as soon as you can. Use your map to find a ' || export[28,180]='Try to find Tera as soon as you can. Use your map to find a '"
DialogueNodeEvent:28:182,U2/DANI/BandFeedback,U2P2,docs;grading,U2P2:Target (wrong direction),True,True,True,0,EXPECTED_DIALOGUE_NOT_OBSERVED,MEDIUM,Remember to use your map. To open it press the “M” key.,Remember to use your map. To open it press the “M” key.,,ID exists in current dialogue DB but did not fire in this playthrough (may be conditional dialogue),"xlsx[28,182]='Remember to use your map. To open it press the “M” key.' || export[28,182]='Remember to use your map. To open it press the “M” key.'"
DialogueNodeEvent:28:183,U2/DANI/BandFeedback,U2P2,docs;grading,U2P2:Target (wrong direction),True,True,True,0,EXPECTED_DIALOGUE_NOT_OBSERVED,MEDIUM,"We need to find Toppo soon, TK. Use your map to find an area on a hill at an elevation of approximately 90 feet.","We need to find Toppo soon, TK. Use your map to find an area on a hill at an elevation of approximately 90 feet.",,ID exists in current dialogue DB but did not fire in this playthrough (may be conditional dialogue),"xlsx[28,183]='We need to find Toppo soon, TK. Use your map to find an area' || export[28,183]='We need to find Toppo soon, TK. Use your map to find an area'"
DialogueNodeEvent:28:184,U2/DANI/BandFeedback,U2P3,docs;grading,U2P3:Target (wrong direction),True,True,True,0,EXPECTED_DIALOGUE_NOT_OBSERVED,MEDIUM,Anderson said that Tera’s pod was beside a nearby river. Let’s look for a river closer to where we started. \n,Anderson said that Tera’s pod was beside a nearby river. Let’s look for a river closer to where we started. \n,,ID exists in current dialogue DB but did not fire in this playthrough (may be conditional dialogue),"xlsx[28,184]='Anderson said that Tera’s pod was beside a nearby river. Let' || export[28,184]='Anderson said that Tera’s pod was beside a nearby river. Let'"
DialogueNodeEvent:28:185,U2/DANI/BandFeedback,U2P3,docs;grading,U2P3:Target (wrong direction),True,True,True,0,EXPECTED_DIALOGUE_NOT_OBSERVED,MEDIUM,This area has a fairly high elevation. We’re looking for an area with low elevation. Check your map and see if you can find any good candidates on the eastern shore of a river.,This area has a fairly high elevation. We’re looking for an area with low elevation. Check your map and see if you can find any good candidates on the eastern shore of a river.,,ID exists in current dialogue DB but did not fire in this playthrough (may be conditional dialogue),"xlsx[28,185]='This area has a fairly high elevation. We’re looking for an ' || export[28,185]='This area has a fairly high elevation. We’re looking for an '"
DialogueNodeEvent:28:186,U2/DANI/BandFeedback,U2P3,docs;grading,U2P3:Target (wrong direction),True,True,True,0,EXPECTED_DIALOGUE_NOT_OBSERVED,MEDIUM,"Tera’s pod crashed on the eastern shore of a river, but we’re on the western shore. We should make our way to the eastern shore of this river.  Check the compass rose on your map to find it.","Tera’s pod crashed on the eastern shore of a river, but we’re on the western shore. We should make our way to the eastern shore of this river.  Check the compass rose on your map to find it.",,ID exists in current dialogue DB but did not fire in this playthrough (may be conditional dialogue),"xlsx[28,186]='Tera’s pod crashed on the eastern shore of a river, but we’r' || export[28,186]='Tera’s pod crashed on the eastern shore of a river, but we’r'"
DialogueNodeEvent:28:187,U2/DANI/BandFeedback,U2P3,docs;grading,U2P3:Target (wrong direction),True,True,True,4,EXACT_MATCH,HIGH,"Looks like you found an island, Tera's pod is not on an island. Check your map to see if you can find an area of around 0 feet elevation north of Toppo's location along a river.","Looks like you found an island, Tera's pod is not on an island. Check your map to see if you can find an area of around 0 feet elevation north of Toppo's location along a river.",,ID exists in current dialogue DB and fired in this playthrough,"xlsx[28,187]=""Looks like you found an island, Tera's pod is not on an isla"" || export[28,187]=""Looks like you found an island, Tera's pod is not on an isla"" || observed x4, e.g. _id=6aa9f2d6485cab4c954513ad ts=2026-09-16T01:37:27.0920000Z (wenyi091426-3.stratalog.logdata.json)"
DialogueNodeEvent:28:188,U2/DANI/BandFeedback,U2P3,docs;grading,U2P3:Target (wrong direction),True,True,True,5,EXACT_MATCH,HIGH,"You found an area of low elevation on this river’s eastern shore, but I don’t see Tera’s pod anywhere. Check your map to see if there’s another area of low elevation along this same shoreline. Maybe T","You found an area of low elevation on this river’s eastern shore, but I don’t see Tera’s pod anywhere. Check your map to see if there’s another area of low elevation along this same shoreline. Maybe T",,ID exists in current dialogue DB and fired in this playthrough,"xlsx[28,188]='You found an area of low elevation on this river’s eastern s' || export[28,188]='You found an area of low elevation on this river’s eastern s' || observed x5, e.g. _id=6aa9f2a6485cab4c954512e5 ts=2026-09-16T01:36:38.2540000Z (wenyi091426-3.stratalog.logdata.json)"
DialogueNodeEvent:28:190,U2/DANI/BandFeedback,U2P3,grading,U2P3:Target (wrong direction),True,True,True,0,EXPECTED_DIALOGUE_NOT_OBSERVED,MEDIUM,Aryn might need our help. We should try to find him as soon as possible. Check your map and look for a mountain range with a passage that goes all the way through to the other side.,Aryn might need our help. We should try to find him as soon as possible. Check your map and look for a mountain range with a passage that goes all the way through to the other side.,,ID exists in current dialogue DB but did not fire in this playthrough (may be conditional dialogue),"xlsx[28,190]='Aryn might need our help. We should try to find him as soon ' || export[28,190]='Aryn might need our help. We should try to find him as soon '"
DialogueNodeEvent:28:191,U2/DANI/BandFeedback,U2P3,docs;grading,U2P3:Target (wrong direction),True,True,True,0,EXPECTED_DIALOGUE_NOT_OBSERVED,MEDIUM,Anderson said that Tera’s pod was beside a nearby river. Let’s look for a river closer to where we started.,Anderson said that Tera’s pod was beside a nearby river. Let’s look for a river closer to where we started. ,,ID exists in current dialogue DB but did not fire in this playthrough (may be conditional dialogue),"xlsx[28,191]='Anderson said that Tera’s pod was beside a nearby river. Let' || export[28,191]='Anderson said that Tera’s pod was beside a nearby river. Let'"
DialogueNodeEvent:28:192,U2/DANI/BandFeedback,U2P3,grading,U2P3:Target (wrong direction),True,True,True,0,EXPECTED_DIALOGUE_NOT_OBSERVED,MEDIUM,Looks like you found a passage that cuts into a mountain but we’re looking for one that cuts all the way through to the other side. Check your map and see if you can find one.,Looks like you found a passage that cuts into a mountain but we’re looking for one that cuts all the way through to the other side. Check your map and see if you can find one.,,ID exists in current dialogue DB but did not fire in this playthrough (may be conditional dialogue),"xlsx[28,192]='Looks like you found a passage that cuts into a mountain but' || export[28,192]='Looks like you found a passage that cuts into a mountain but'"
DialogueNodeEvent:28:193,U2/DANI/BandFeedback,U2P3,grading,U2P3:Target (wrong direction),True,True,True,0,EXPECTED_DIALOGUE_NOT_OBSERVED,MEDIUM,I don’t see a steep mountain range over here anywhere. Open your map and see if you can find an area of even higher elevation that is surrounded by contour lines close together. Then you just need to ,I don’t see a steep mountain range over here anywhere. Open your map and see if you can find an area of even higher elevation that is surrounded by contour lines close together. Then you just need to ,,ID exists in current dialogue DB but did not fire in this playthrough (may be conditional dialogue),"xlsx[28,193]='I don’t see a steep mountain range over here anywhere. Open ' || export[28,193]='I don’t see a steep mountain range over here anywhere. Open '"
DialogueNodeEvent:28:194,U2/DANI/BandFeedback,U2P3,grading,U2P3:Target (wrong direction),True,True,True,5,EXACT_MATCH,HIGH,"Looks like you found a small mountain, but Aryn crashed in a passage that runs through a mountain range. Look for an path that passes through several mountains joined together.     \r","Looks like you found a small mountain, but Aryn crashed in a passage that runs through a mountain range. Look for an path that passes through several mountains joined together.     \r",,ID exists in current dialogue DB and fired in this playthrough,"xlsx[28,194]='Looks like you found a small mountain, but Aryn crashed in a' || export[28,194]='Looks like you found a small mountain, but Aryn crashed in a' || observed x5, e.g. _id=6aa9f42f485cab4c954516ff ts=2026-09-16T01:43:11.8330000Z (wenyi091426-3.stratalog.logdata.json)"
DialogueNodeEvent:30:98,U1/DANI,U1P2;U1P3,docs;grading,U1P2:Trigger;U1P2:doc-end-marker;U1P3:doc-start-marker,True,True,True,1,EXACT_MATCH,HIGH,"Now that you have collected the necessary argumentation components, Captain Toppo wishes to see you to complete the argument.","Now that you have collected the necessary argumentation components, Captain Toppo wishes to see you to complete the argument.",,ID exists in current dialogue DB and fired in this playthrough,"xlsx[30,98]='Now that you have collected the necessary argumentation comp' || export[30,98]='Now that you have collected the necessary argumentation comp' || observed x1, e.g. _id=6aa9eada485cab4c9544ef4f ts=2026-09-16T01:03:23.1990000Z (wenyi091426-3.stratalog.logdata.json)"
DialogueNodeEvent:31:29,U1/Toppo,U1P1;U1P2,docs;grading,U1P1:Trigger;U1P1:doc-end-marker;U1P2:doc-start-marker,True,True,True,1,EXACT_MATCH,HIGH,"That’s a good point. Cadet TK, go speak with the other cadets and collect the three pieces we need for our argument: a claim, reasoning, and evidence. When you’re back, we’ll put them together and see","That’s a good point. Cadet TK, go speak with the other cadets and collect the three pieces we need for our argument: a claim, reasoning, and evidence. When you’re back, we’ll put them together and see",,ID exists in current dialogue DB and fired in this playthrough,"xlsx[31,29]='That’s a good point. Cadet TK, go speak with the other cadet' || export[31,29]='That’s a good point. Cadet TK, go speak with the other cadet' || observed x1, e.g. _id=6aa9e90e485cab4c9544eb1b ts=2026-09-16T00:55:42.4860000Z (wenyi091426-3.stratalog.logdata.json)"
DialogueNodeEvent:33:19,U1/Automated System,U1P4,grading,U1P4:Trigger,True,True,True,1,EXACT_MATCH,HIGH,"The fire is beginning to shut down my language centers–we will not be able to speak again until you reach the surface of WAT247 and reactivate me. I… hope I will see you planetside, TK.","The fire is beginning to shut down my language centers–we will not be able to speak again until you reach the surface of WAT247 and reactivate me. I… hope I will see you planetside, TK. ",,ID exists in current dialogue DB and fired in this playthrough,"xlsx[33,19]='The fire is beginning to shut down my language centers–we wi' || export[33,19]='The fire is beginning to shut down my language centers–we wi' || observed x1, e.g. _id=6aa9ec6f485cab4c9544f55d ts=2026-09-16T01:10:08.0190000Z (wenyi091426-3.stratalog.logdata.json)"
DialogueNodeEvent:59:179,U2/DANI/BandFeedback Copy,U2P2,docs;grading,U2P2:Target (wrong direction),True,True,True,0,EXPECTED_DIALOGUE_NOT_OBSERVED,MEDIUM,Anderson said that Toppo’s pod was near our original location. We should look for two rock formations with contour lines close together nearer to where we started. Remember you can move the waypoint o,Anderson said that Toppo’s pod was near our original location. We should look for two rock formations with contour lines close together nearer to where we started. Remember you can move the waypoint o,,ID exists in current dialogue DB but did not fire in this playthrough (may be conditional dialogue),"xlsx[59,179]='Anderson said that Toppo’s pod was near our original locatio' || export[59,179]='Anderson said that Toppo’s pod was near our original locatio'"
DialogueNodeEvent:59:180,U2/DANI/BandFeedback Copy,U2P3,docs;grading,U2P3:Target (wrong direction),True,True,True,0,EXPECTED_DIALOGUE_NOT_OBSERVED,MEDIUM,Try to find Tera as soon as you can. Use your map to find a river nearby then look for an area with an elevation of around 0 feet on its eastern shore.,Try to find Tera as soon as you can. Use your map to find a river nearby then look for an area with an elevation of around 0 feet on its eastern shore.,,ID exists in current dialogue DB but did not fire in this playthrough (may be conditional dialogue),"xlsx[59,180]='Try to find Tera as soon as you can. Use your map to find a ' || export[59,180]='Try to find Tera as soon as you can. Use your map to find a '"
DialogueNodeEvent:59:182,U2/DANI/BandFeedback Copy,U2P2,docs;grading,U2P2:Target (wrong direction),True,True,True,0,EXPECTED_DIALOGUE_NOT_OBSERVED,MEDIUM,Remember to use your map. To open it press the “M” key.,Remember to use your map. To open it press the “M” key.,,ID exists in current dialogue DB but did not fire in this playthrough (may be conditional dialogue),"xlsx[59,182]='Remember to use your map. To open it press the “M” key.' || export[59,182]='Remember to use your map. To open it press the “M” key.'"
DialogueNodeEvent:59:183,U2/DANI/BandFeedback Copy,U2P2,docs;grading,U2P2:Target (wrong direction),True,True,True,0,EXPECTED_DIALOGUE_NOT_OBSERVED,MEDIUM,"We need to find Toppo soon, TK. Use your map to find an area on a hill at an elevation of approximately 90 feet.","We need to find Toppo soon, TK. Use your map to find an area on a hill at an elevation of approximately 90 feet.",,ID exists in current dialogue DB but did not fire in this playthrough (may be conditional dialogue),"xlsx[59,183]='We need to find Toppo soon, TK. Use your map to find an area' || export[59,183]='We need to find Toppo soon, TK. Use your map to find an area'"
DialogueNodeEvent:59:184,U2/DANI/BandFeedback Copy,U2P3,docs;grading,U2P3:Target (wrong direction),True,True,True,0,EXPECTED_DIALOGUE_NOT_OBSERVED,MEDIUM,Anderson said that Tera’s pod was beside a nearby river. Let’s look for a river closer to where we started. \n,Anderson said that Tera’s pod was beside a nearby river. Let’s look for a river closer to where we started. \n,,ID exists in current dialogue DB but did not fire in this playthrough (may be conditional dialogue),"xlsx[59,184]='Anderson said that Tera’s pod was beside a nearby river. Let' || export[59,184]='Anderson said that Tera’s pod was beside a nearby river. Let'"
DialogueNodeEvent:59:185,U2/DANI/BandFeedback Copy,U2P3,docs;grading,U2P3:Target (wrong direction),True,True,True,0,EXPECTED_DIALOGUE_NOT_OBSERVED,MEDIUM,This area has a fairly high elevation. We’re looking for an area with low elevation. Check your map and see if you can find any good candidates on the eastern shore of a river.,This area has a fairly high elevation. We’re looking for an area with low elevation. Check your map and see if you can find any good candidates on the eastern shore of a river.,,ID exists in current dialogue DB but did not fire in this playthrough (may be conditional dialogue),"xlsx[59,185]='This area has a fairly high elevation. We’re looking for an ' || export[59,185]='This area has a fairly high elevation. We’re looking for an '"
DialogueNodeEvent:59:186,U2/DANI/BandFeedback Copy,U2P3,docs;grading,U2P3:Target (wrong direction),True,True,True,0,EXPECTED_DIALOGUE_NOT_OBSERVED,MEDIUM,"Tera’s pod crashed on the eastern shore of a river, but we’re on the western shore. We should make our way to the eastern shore of this river.  Check the compass rose on your map to find it.","Tera’s pod crashed on the eastern shore of a river, but we’re on the western shore. We should make our way to the eastern shore of this river.  Check the compass rose on your map to find it.",,ID exists in current dialogue DB but did not fire in this playthrough (may be conditional dialogue),"xlsx[59,186]='Tera’s pod crashed on the eastern shore of a river, but we’r' || export[59,186]='Tera’s pod crashed on the eastern shore of a river, but we’r'"
DialogueNodeEvent:59:187,U2/DANI/BandFeedback Copy,U2P3,docs;grading,U2P3:Target (wrong direction),True,True,True,0,EXPECTED_DIALOGUE_NOT_OBSERVED,MEDIUM,"Looks like you found an island, Tera's pod is not on an island. Check your map to see if you can find an area of around 0 feet elevation north of Toppo's location along a river.","Looks like you found an island, Tera's pod is not on an island. Check your map to see if you can find an area of around 0 feet elevation north of Toppo's location along a river.",,ID exists in current dialogue DB but did not fire in this playthrough (may be conditional dialogue),"xlsx[59,187]=""Looks like you found an island, Tera's pod is not on an isla"" || export[59,187]=""Looks like you found an island, Tera's pod is not on an isla"""
DialogueNodeEvent:59:188,U2/DANI/BandFeedback Copy,U2P3,docs;grading,U2P3:Target (wrong direction),True,True,True,0,EXPECTED_DIALOGUE_NOT_OBSERVED,MEDIUM,"You found an area of low elevation on this river’s eastern shore, but I don’t see Tera’s pod anywhere. Check your map to see if there’s another area of low elevation along this same shoreline. Maybe T","You found an area of low elevation on this river’s eastern shore, but I don’t see Tera’s pod anywhere. Check your map to see if there’s another area of low elevation along this same shoreline. Maybe T",,ID exists in current dialogue DB but did not fire in this playthrough (may be conditional dialogue),"xlsx[59,188]='You found an area of low elevation on this river’s eastern s' || export[59,188]='You found an area of low elevation on this river’s eastern s'"
DialogueNodeEvent:59:190,U2/DANI/BandFeedback Copy,U2P3,grading,U2P3:Target (wrong direction),True,True,True,0,EXPECTED_DIALOGUE_NOT_OBSERVED,MEDIUM,Aryn might need our help. We should try to find him as soon as possible. Check your map and look for a mountain range with a passage that goes all the way through to the other side.,Aryn might need our help. We should try to find him as soon as possible. Check your map and look for a mountain range with a passage that goes all the way through to the other side.,,ID exists in current dialogue DB but did not fire in this playthrough (may be conditional dialogue),"xlsx[59,190]='Aryn might need our help. We should try to find him as soon ' || export[59,190]='Aryn might need our help. We should try to find him as soon '"
DialogueNodeEvent:59:191,U2/DANI/BandFeedback Copy,U2P3,docs;grading,U2P3:Target (wrong direction),True,True,True,0,EXPECTED_DIALOGUE_NOT_OBSERVED,MEDIUM,Anderson said that Tera’s pod was beside a nearby river. Let’s look for a river closer to where we started.,Anderson said that Tera’s pod was beside a nearby river. Let’s look for a river closer to where we started. ,,ID exists in current dialogue DB but did not fire in this playthrough (may be conditional dialogue),"xlsx[59,191]='Anderson said that Tera’s pod was beside a nearby river. Let' || export[59,191]='Anderson said that Tera’s pod was beside a nearby river. Let'"
DialogueNodeEvent:59:192,U2/DANI/BandFeedback Copy,U2P3,grading,U2P3:Target (wrong direction),True,True,True,0,EXPECTED_DIALOGUE_NOT_OBSERVED,MEDIUM,Looks like you found a passage that cuts into a mountain but we’re looking for one that cuts all the way through to the other side. Check your map and see if you can find one.,Looks like you found a passage that cuts into a mountain but we’re looking for one that cuts all the way through to the other side. Check your map and see if you can find one.,,ID exists in current dialogue DB but did not fire in this playthrough (may be conditional dialogue),"xlsx[59,192]='Looks like you found a passage that cuts into a mountain but' || export[59,192]='Looks like you found a passage that cuts into a mountain but'"
DialogueNodeEvent:59:193,U2/DANI/BandFeedback Copy,U2P3,grading,U2P3:Target (wrong direction),True,True,True,0,EXPECTED_DIALOGUE_NOT_OBSERVED,MEDIUM,I don’t see a steep mountain range over here anywhere. Open your map and see if you can find an area of even higher elevation that is surrounded by contour lines close together. Then you just need to ,I don’t see a steep mountain range over here anywhere. Open your map and see if you can find an area of even higher elevation that is surrounded by contour lines close together. Then you just need to ,,ID exists in current dialogue DB but did not fire in this playthrough (may be conditional dialogue),"xlsx[59,193]='I don’t see a steep mountain range over here anywhere. Open ' || export[59,193]='I don’t see a steep mountain range over here anywhere. Open '"
DialogueNodeEvent:59:194,U2/DANI/BandFeedback Copy,U2P3,grading,U2P3:Target (wrong direction),True,True,True,0,EXPECTED_DIALOGUE_NOT_OBSERVED,MEDIUM,"Looks like you found a small mountain, but Aryn crashed in a passage that runs through a mountain range. Look for an path that passes through several mountains joined together.     \r","Looks like you found a small mountain, but Aryn crashed in a passage that runs through a mountain range. Look for an path that passes through several mountains joined together.     \r",,ID exists in current dialogue DB but did not fire in this playthrough (may be conditional dialogue),"xlsx[59,194]='Looks like you found a small mountain, but Aryn crashed in a' || export[59,194]='Looks like you found a small mountain, but Aryn crashed in a'"
DialogueNodeEvent:68:4,U2/TopographicGlyphGame,U2P1,docs,,True,True,True,0,EXPECTED_DIALOGUE_NOT_OBSERVED,MEDIUM,"It appears that some pieces are in the correct location, but several still need to be rearranged. TK, I recommend continuing to work out the correct pattern.","It appears that some pieces are in the correct location, but several still need to be rearranged. TK, I recommend continuing to work out the correct pattern.",,ID exists in current dialogue DB but did not fire in this playthrough (may be conditional dialogue),"xlsx[68,4]='It appears that some pieces are in the correct location, but' || export[68,4]='It appears that some pieces are in the correct location, but'"
DialogueNodeEvent:68:5,U2/TopographicGlyphGame,U2P1,docs,,True,True,True,1,EXACT_MATCH,HIGH,"I believe we may need to reevaluate our approach. My optical sensors detect patterns on these pieces that resemble topographic maps. TK, what do you think?","I believe we may need to reevaluate our approach. My optical sensors detect patterns on these pieces that resemble topographic maps. TK, what do you think?",,ID exists in current dialogue DB and fired in this playthrough,"xlsx[68,5]='I believe we may need to reevaluate our approach. My optical' || export[68,5]='I believe we may need to reevaluate our approach. My optical' || observed x1, e.g. _id=6aa9ee02485cab4c9544fbff ts=2026-09-16T01:16:50.4100000Z (wenyi091426-3.stratalog.logdata.json)"
DialogueNodeEvent:68:6,U2/TopographicGlyphGame,U2P1,docs,,True,True,True,0,EXPECTED_DIALOGUE_NOT_OBSERVED,MEDIUM,"Several pieces are still not in the correct location. TK, have you tried matching the topographic map image to the corresponding landscape shape?\n","Several pieces are still not in the correct location. TK, have you tried matching the topographic map image to the corresponding landscape shape?\n",,ID exists in current dialogue DB but did not fire in this playthrough (may be conditional dialogue),"xlsx[68,6]='Several pieces are still not in the correct location. TK, ha' || export[68,6]='Several pieces are still not in the correct location. TK, ha'"
DialogueNodeEvent:68:7,U2/TopographicGlyphGame,U2P1,docs,,True,True,True,1,EXACT_MATCH,HIGH,I believe the aliens may have been attempting to demonstrate the connection between landscape features and topographic maps with this room. Try matching the topographic map image to the corresponding ,I believe the aliens may have been attempting to demonstrate the connection between landscape features and topographic maps with this room. Try matching the topographic map image to the corresponding ,,ID exists in current dialogue DB and fired in this playthrough,"xlsx[68,7]='I believe the aliens may have been attempting to demonstrate' || export[68,7]='I believe the aliens may have been attempting to demonstrate' || observed x1, e.g. _id=6aa9ee36485cab4c9544ff9b ts=2026-09-16T01:17:43.1650000Z (wenyi091426-3.stratalog.logdata.json)"
DialogueNodeEvent:68:17,U2/TopographicGlyphGame,U2P1,docs,,True,True,True,0,EXPECTED_DIALOGUE_NOT_OBSERVED,MEDIUM,"Your logic is working. I believe you are getting closer to the solution, TK. Keep trying.","Your logic is working. I believe you are getting closer to the solution, TK. Keep trying.",,ID exists in current dialogue DB but did not fire in this playthrough (may be conditional dialogue),"xlsx[68,17]='Your logic is working. I believe you are getting closer to t' || export[68,17]='Your logic is working. I believe you are getting closer to t'"
DialogueNodeEvent:68:18,U2/TopographicGlyphGame,U2P1,docs,,True,True,True,1,EXACT_MATCH,HIGH,"Several pieces appear to be in the incorrect location. TK, may we watch Toppo’s lesson again?","Several pieces appear to be in the incorrect location. TK, may we watch Toppo’s lesson again?",,ID exists in current dialogue DB and fired in this playthrough,"xlsx[68,18]='Several pieces appear to be in the incorrect location. TK, m' || export[68,18]='Several pieces appear to be in the incorrect location. TK, m' || observed x1, e.g. _id=6aa9ee73485cab4c95450347 ts=2026-09-16T01:18:44.0750000Z (wenyi091426-3.stratalog.logdata.json)"
DialogueNodeEvent:68:22,U2/TopographicGlyphGame,U2P1,grading,U2P1:Yellow,True,True,True,0,EXPECTED_DIALOGUE_NOT_OBSERVED,MEDIUM,"That is very close, TK. I believe you can solve it.","That is very close, TK. I believe you can solve it.",,ID exists in current dialogue DB but did not fire in this playthrough (may be conditional dialogue),"xlsx[68,22]='That is very close, TK. I believe you can solve it.' || export[68,22]='That is very close, TK. I believe you can solve it.'"
DialogueNodeEvent:68:23,U2/TopographicGlyphGame,U2P1,docs;grading,U2P1:Yellow,True,True,True,1,EXACT_MATCH,HIGH,"Would you like me to assist, TK?","Would you like me to assist, TK?",,ID exists in current dialogue DB and fired in this playthrough,"xlsx[68,23]='Would you like me to assist, TK?' || export[68,23]='Would you like me to assist, TK?' || observed x1, e.g. _id=6aa9ef09485cab4c954506ab ts=2026-09-16T01:21:13.8420000Z (wenyi091426-3.stratalog.logdata.json)"
DialogueNodeEvent:68:27,U2/TopographicGlyphGame,U2P1,docs;grading,U2P1:Yellow,True,True,True,0,EXPECTED_DIALOGUE_NOT_OBSERVED,MEDIUM,"Would you like me to assist, TK?","Would you like me to assist, TK?",,ID exists in current dialogue DB but did not fire in this playthrough (may be conditional dialogue),"xlsx[68,27]='Would you like me to assist, TK?' || export[68,27]='Would you like me to assist, TK?'"
DialogueNodeEvent:68:28,U2/TopographicGlyphGame,U2P1,docs;grading,U2P1:Yellow,True,True,True,0,EXPECTED_DIALOGUE_NOT_OBSERVED,MEDIUM,"I believe I have ascertained the key to this puzzle. Allow me to assist, TK… there. Whoever designed this ensured the contour lines on each map piece matched the corresponding terrain. Where contour l","I believe I have ascertained the key to this puzzle. Allow me to assist, TK… there. Whoever designed this ensured the contour lines on each map piece matched the corresponding terrain. Where contour l",,ID exists in current dialogue DB but did not fire in this playthrough (may be conditional dialogue),"xlsx[68,28]='I believe I have ascertained the key to this puzzle. Allow m' || export[68,28]='I believe I have ascertained the key to this puzzle. Allow m'"
DialogueNodeEvent:68:29,U2/TopographicGlyphGame,U2P1,docs;grading,U2P1:Success,True,True,True,0,EXPECTED_DIALOGUE_NOT_OBSERVED,MEDIUM,"Well done, TK. Not everyone is capable of solving a puzzle left by an ancient alien civilization. It appears the designers have rewarded you for your efforts.","Well done, TK. Not everyone is capable of solving a puzzle left by an ancient alien civilization. It appears the designers have rewarded you for your efforts.",,ID exists in current dialogue DB but did not fire in this playthrough (may be conditional dialogue),"xlsx[68,29]='Well done, TK. Not everyone is capable of solving a puzzle l' || export[68,29]='Well done, TK. Not everyone is capable of solving a puzzle l'"
DialogueNodeEvent:68:31,U2/TopographicGlyphGame,U2P1,docs;grading,U2P1:Yellow,True,True,True,0,EXPECTED_DIALOGUE_NOT_OBSERVED,MEDIUM,"I believe I have ascertained the key to this puzzle. Allow me to assist, TK… there. Whoever designed this ensured the contour lines on each map piece matched the corresponding terrain. Where contour l","I believe I have ascertained the key to this puzzle. Allow me to assist, TK… there. Whoever designed this ensured the contour lines on each map piece matched the corresponding terrain. Where contour l",,ID exists in current dialogue DB but did not fire in this playthrough (may be conditional dialogue),"xlsx[68,31]='I believe I have ascertained the key to this puzzle. Allow m' || export[68,31]='I believe I have ascertained the key to this puzzle. Allow m'"
DialogueNodeEvent:70:7,U1/Argumentation Feedback ,U1P3,docs,,True,True,True,1,EXACT_MATCH,HIGH,"Great!  You chose the main idea that Toppo is trying to support, also known as the claim. Good Job Cadet!","Great!  You chose the main idea that Toppo is trying to support, also known as the claim. Good Job Cadet! ",,ID exists in current dialogue DB and fired in this playthrough,"xlsx[70,7]='Great!  You chose the main idea that Toppo is trying to supp' || export[70,7]='Great!  You chose the main idea that Toppo is trying to supp' || observed x1, e.g. _id=6aa9ebe6485cab4c9544f2f3 ts=2026-09-16T01:07:50.9570000Z (wenyi091426-3.stratalog.logdata.json)"
DialogueNodeEvent:70:25,U1/Argumentation Feedback ,U1P3,docs;grading,U1P3:Yellow,True,True,True,1,EXACT_MATCH,HIGH,You have chosen the claim that Europa Corp made. Toppo is trying to make a different point so she will need a different claim.,You have chosen the claim that Europa Corp made. Toppo is trying to make a different point so she will need a different claim. ,,ID exists in current dialogue DB and fired in this playthrough,"xlsx[70,25]='You have chosen the claim that Europa Corp made. Toppo is tr' || export[70,25]='You have chosen the claim that Europa Corp made. Toppo is tr' || observed x1, e.g. _id=6aa9ebce485cab4c9544f273 ts=2026-09-16T01:07:27.0790000Z (wenyi091426-3.stratalog.logdata.json)"
DialogueNodeEvent:70:33,U1/Argumentation Feedback ,U1P3,docs,,False,False,,0,DIALOGUE_REMOVED_OR_CHANGED,MEDIUM,,,,dead reference: not present in the historical xlsx NOR the 2026-06-10 export — key cannot fire unless the live DB differs from both sources,
DialogueNodeEvent:73:163,U3/SuperfruitGardens,U3P5,grading,U3P5:Positive,True,True,True,0,EXPECTED_DIALOGUE_NOT_OBSERVED,MEDIUM,"Got a report from DANI, one of your seeds is growing like crazy. You must have picked a spot downstream from the supernutrient source. Great job.","Got a report from DANI, one of your seeds is growing like crazy. You must have picked a spot downstream from the supernutrient source. Great job.",,ID exists in current dialogue DB but did not fire in this playthrough (may be conditional dialogue),"xlsx[73,163]='Got a report from DANI, one of your seeds is growing like cr' || export[73,163]='Got a report from DANI, one of your seeds is growing like cr'"
DialogueNodeEvent:73:164,U3/SuperfruitGardens,U3P5,docs;grading,U3P5:Negative,True,True,True,1,EXACT_MATCH,HIGH,DANI is telling me that you picked the wrong spot. Is the water flowing downstream from the temple to here?,DANI is telling me that you picked the wrong spot. Is the water flowing downstream from the temple to here?,,ID exists in current dialogue DB and fired in this playthrough,"xlsx[73,164]='DANI is telling me that you picked the wrong spot. Is the wa' || export[73,164]='DANI is telling me that you picked the wrong spot. Is the wa' || observed x1, e.g. _id=6aaacdd1485cab4c95455bb4 ts=2026-09-16T17:11:45.2850000Z (wenyi091426-3.stratalog.logdata.json)"
DialogueNodeEvent:73:168,U3/SuperfruitGardens,U3P5,docs;grading,U3P5:Negative,True,True,True,2,EXACT_MATCH,HIGH,DANI says you picked another wrong spot. You need to find a planting spot that is downstream from the temple.,DANI says you picked another wrong spot. You need to find a planting spot that is downstream from the temple.,,ID exists in current dialogue DB and fired in this playthrough,"xlsx[73,168]='DANI says you picked another wrong spot. You need to find a ' || export[73,168]='DANI says you picked another wrong spot. You need to find a ' || observed x2, e.g. _id=6aaacdf9485cab4c95455bde ts=2026-09-16T17:12:25.5550000Z (wenyi091426-3.stratalog.logdata.json)"
DialogueNodeEvent:73:171,U3/SuperfruitGardens,U3P5,docs;grading,U3P5:Negative,True,True,True,1,EXACT_MATCH,HIGH,DANI says you picked another wrong spot. We’re losing daylight here so you better head back to the base camp.,DANI says you picked another wrong spot. We’re losing daylight here so you better head back to the base camp.,,ID exists in current dialogue DB and fired in this playthrough,"xlsx[73,171]='DANI says you picked another wrong spot. We’re losing daylig' || export[73,171]='DANI says you picked another wrong spot. We’re losing daylig' || observed x1, e.g. _id=6aaace6d485cab4c95455c44 ts=2026-09-16T17:14:21.2110000Z (wenyi091426-3.stratalog.logdata.json)"
DialogueNodeEvent:73:200,U3/SuperfruitGardens,U3P4;U3P5,docs;grading,U3P4:Trigger;U3P4:doc-end-marker;U3P5:doc-start-marker,True,True,True,1,EXACT_MATCH,HIGH,"TK, I know it’s been a long day, but I still need to film a finale for this stream. While I’m handling that, can you plant those four superfruit seeds? If we get them in the right garden plots, we cou","TK, I know it’s been a long day, but I still need to film a finale for this stream. While I’m handling that, can you plant those four superfruit seeds? If we get them in the right garden plots, we cou",,ID exists in current dialogue DB and fired in this playthrough,"xlsx[73,200]='TK, I know it’s been a long day, but I still need to film a ' || export[73,200]='TK, I know it’s been a long day, but I still need to film a ' || observed x1, e.g. _id=6aaacd85485cab4c95455b7a ts=2026-09-16T17:10:29.5290000Z (wenyi091426-3.stratalog.logdata.json)"
DialogueNodeEvent:74:4,U2/WatershedGlyph,U2P4,docs,,True,True,True,1,EXACT_MATCH,HIGH,"Based on my analysis, these terrain pieces must likely be arranged in the slots in a specific order. I recommend continuing until you find the correct pattern.\r","Based on my analysis, these terrain pieces must likely be arranged in the slots in a specific order. I recommend continuing until you find the correct pattern.\r",,ID exists in current dialogue DB and fired in this playthrough,"xlsx[74,4]='Based on my analysis, these terrain pieces must likely be ar' || export[74,4]='Based on my analysis, these terrain pieces must likely be ar' || observed x1, e.g. _id=6aaaacd7485cab4c95453cc2 ts=2026-09-16T14:51:03.0190000Z (wenyi091426-3.stratalog.logdata.json)"
DialogueNodeEvent:74:5,U2/WatershedGlyph,U2P4,docs,,True,True,True,0,EXPECTED_DIALOGUE_NOT_OBSERVED,MEDIUM,"I believe you are close to discovering the correct pattern, TK.","I believe you are close to discovering the correct pattern, TK.",,ID exists in current dialogue DB but did not fire in this playthrough (may be conditional dialogue),"xlsx[74,5]='I believe you are close to discovering the correct pattern, ' || export[74,5]='I believe you are close to discovering the correct pattern, '"
DialogueNodeEvent:74:6,U2/WatershedGlyph,U2P4,docs,,True,True,True,1,EXACT_MATCH,HIGH,These pieces resemble watersheds of varying size. Perhaps that is a clue to the correct order.\r,These pieces resemble watersheds of varying size. Perhaps that is a clue to the correct order.\r,,ID exists in current dialogue DB and fired in this playthrough,"xlsx[74,6]='These pieces resemble watersheds of varying size. Perhaps th' || export[74,6]='These pieces resemble watersheds of varying size. Perhaps th' || observed x1, e.g. _id=6aaaad04485cab4c95453f34 ts=2026-09-16T14:51:48.1580000Z (wenyi091426-3.stratalog.logdata.json)"
DialogueNodeEvent:74:9,U2/WatershedGlyph,U2P4,docs,,True,True,True,0,EXPECTED_DIALOGUE_NOT_OBSERVED,MEDIUM,"I believe you are close to the solution. Keep trying, TK.\r","I believe you are close to the solution. Keep trying, TK.\r",,ID exists in current dialogue DB but did not fire in this playthrough (may be conditional dialogue),"xlsx[74,9]='I believe you are close to the solution. Keep trying, TK.\\r' || export[74,9]='I believe you are close to the solution. Keep trying, TK.\\r'"
DialogueNodeEvent:74:10,U2/WatershedGlyph,U2P4,docs,,True,True,True,1,EXACT_MATCH,HIGH,"Several pieces appear to be in the incorrect location. TK, may we watch Toppo’s lesson on watersheds again?\r","Several pieces appear to be in the incorrect location. TK, may we watch Toppo’s lesson on watersheds again?\r",,ID exists in current dialogue DB and fired in this playthrough,"xlsx[74,10]='Several pieces appear to be in the incorrect location. TK, m' || export[74,10]='Several pieces appear to be in the incorrect location. TK, m' || observed x1, e.g. _id=6aaaad36485cab4c954541ba ts=2026-09-16T14:52:38.1650000Z (wenyi091426-3.stratalog.logdata.json)"
DialogueNodeEvent:74:15,U2/WatershedGlyph,U2P4,docs,,True,True,True,1,EXACT_MATCH,HIGH,You should try ordering the watershed pieces by size.\r,You should try ordering the watershed pieces by size.\r,,ID exists in current dialogue DB and fired in this playthrough,"xlsx[74,15]='You should try ordering the watershed pieces by size.\\r' || export[74,15]='You should try ordering the watershed pieces by size.\\r' || observed x1, e.g. _id=6aaaad9d485cab4c954544d8 ts=2026-09-16T14:54:21.0990000Z (wenyi091426-3.stratalog.logdata.json)"
DialogueNodeEvent:74:16,U2/WatershedGlyph,U2P4,docs;grading,,True,True,True,0,EXPECTED_DIALOGUE_NOT_OBSERVED,MEDIUM,"That is very close, TK. I believe you can solve it. \r","That is very close, TK. I believe you can solve it. \r",,ID exists in current dialogue DB but did not fire in this playthrough (may be conditional dialogue),"xlsx[74,16]='That is very close, TK. I believe you can solve it. \\r' || export[74,16]='That is very close, TK. I believe you can solve it. \\r'"
DialogueNodeEvent:74:17,U2/WatershedGlyph,U2P4,docs;grading,,True,True,True,1,EXACT_MATCH,HIGH,"Would you like me to assist, TK?\r","Would you like me to assist, TK?\r",,ID exists in current dialogue DB and fired in this playthrough,"xlsx[74,17]='Would you like me to assist, TK?\\r' || export[74,17]='Would you like me to assist, TK?\\r' || observed x1, e.g. _id=6aaaadbf485cab4c95454726 ts=2026-09-16T14:54:55.8490000Z (wenyi091426-3.stratalog.logdata.json)"
DialogueNodeEvent:74:20,U2/WatershedGlyph,U2P4,docs;grading,,True,True,True,0,EXPECTED_DIALOGUE_NOT_OBSERVED,MEDIUM,I believe I have ascertained the key to this puzzle. Activating holid projector. I have ordered the watershed pieces from biggest to smallest size.,I believe I have ascertained the key to this puzzle. Activating holid projector. I have ordered the watershed pieces from biggest to smallest size. ,,ID exists in current dialogue DB but did not fire in this playthrough (may be conditional dialogue),"xlsx[74,20]='I believe I have ascertained the key to this puzzle. Activat' || export[74,20]='I believe I have ascertained the key to this puzzle. Activat'"
DialogueNodeEvent:74:21,U2/WatershedGlyph,U2P4,docs;grading,U2P4:Success,True,True,True,0,EXPECTED_DIALOGUE_NOT_OBSERVED,MEDIUM,"Excellent solution, TK. It appears this graph demonstrates the relationship between watershed size and water flow. The larger a watershed, the more water that flows through it. Be certain to collect g","Excellent solution, TK. It appears this graph demonstrates the relationship between watershed size and water flow. The larger a watershed, the more water that flows through it. Be certain to collect g",,ID exists in current dialogue DB but did not fire in this playthrough (may be conditional dialogue),"xlsx[74,21]='Excellent solution, TK. It appears this graph demonstrates t' || export[74,21]='Excellent solution, TK. It appears this graph demonstrates t'"
DialogueNodeEvent:74:22,U2/WatershedGlyph,U2P4,docs;grading,,True,True,True,1,EXACT_MATCH,HIGH,"We have solved the puzzle. It appears this graph demonstrates the relationship between watershed size and water flow. The larger a watershed, the more water that flows through it. Be certain to collec","We have solved the puzzle. It appears this graph demonstrates the relationship between watershed size and water flow. The larger a watershed, the more water that flows through it. Be certain to collec",,ID exists in current dialogue DB and fired in this playthrough,"xlsx[74,22]='We have solved the puzzle. It appears this graph demonstrate' || export[74,22]='We have solved the puzzle. It appears this graph demonstrate' || observed x1, e.g. _id=6aaaadc6485cab4c95454732 ts=2026-09-16T14:55:02.7690000Z (wenyi091426-3.stratalog.logdata.json)"
DialogueNodeEvent:78:3,U3/Glyph Games/Dissolving Particles,U3P4,docs;grading,U3P4:Target,True,True,True,1,EXACT_MATCH,HIGH,I believe the pieces are intended to be ordered in a specific way. Keep trying.,I believe the pieces are intended to be ordered in a specific way. Keep trying.,,ID exists in current dialogue DB and fired in this playthrough,"xlsx[78,3]='I believe the pieces are intended to be ordered in a specifi' || export[78,3]='I believe the pieces are intended to be ordered in a specifi' || observed x1, e.g. _id=6aaacae8485cab4c95455616 ts=2026-09-16T16:59:20.1710000Z (wenyi091426-3.stratalog.logdata.json)"
DialogueNodeEvent:78:4,U3/Glyph Games/Dissolving Particles,U3P4,grading,U3P4:Target,True,True,True,0,EXPECTED_DIALOGUE_NOT_OBSERVED,MEDIUM,"This appears to be close to the solution, TK. Please continue trying.","This appears to be close to the solution, TK. Please continue trying.",,ID exists in current dialogue DB but did not fire in this playthrough (may be conditional dialogue),"xlsx[78,4]='This appears to be close to the solution, TK. Please continu' || export[78,4]='This appears to be close to the solution, TK. Please continu'"
DialogueNodeEvent:78:7,U3/Glyph Games/Dissolving Particles,U3P4,grading,U3P4:Target,True,True,True,1,EXACT_MATCH,HIGH,The circular images appear to represent a closer view of the water and particles in it. I believe this is how the water might appear under a microscope.,The circular images appear to represent a closer view of the water and particles in it. I believe this is how the water might appear under a microscope.,,ID exists in current dialogue DB and fired in this playthrough,"xlsx[78,7]='The circular images appear to represent a closer view of the' || export[78,7]='The circular images appear to represent a closer view of the' || observed x1, e.g. _id=6aaacaff485cab4c954556b6 ts=2026-09-16T16:59:43.8470000Z (wenyi091426-3.stratalog.logdata.json)"
DialogueNodeEvent:78:9,U3/Glyph Games/Dissolving Particles,U3P4,grading,U3P4:Target,True,True,True,1,EXACT_MATCH,HIGH,"I believe that was close to the correct order, TK. Keep trying.","I believe that was close to the correct order, TK. Keep trying. ",,ID exists in current dialogue DB and fired in this playthrough,"xlsx[78,9]='I believe that was close to the correct order, TK. Keep tryi' || export[78,9]='I believe that was close to the correct order, TK. Keep tryi' || observed x1, e.g. _id=6aaacb0f485cab4c95455722 ts=2026-09-16T16:59:59.9880000Z (wenyi091426-3.stratalog.logdata.json)"
DialogueNodeEvent:78:10,U3/Glyph Games/Dissolving Particles,U3P4,grading,U3P4:Target,True,True,True,0,EXPECTED_DIALOGUE_NOT_OBSERVED,MEDIUM,"The images on the right appear to depict particles being added to something, perhaps water.","The images on the right appear to depict particles being added to something, perhaps water.",,ID exists in current dialogue DB but did not fire in this playthrough (may be conditional dialogue),"xlsx[78,10]='The images on the right appear to depict particles being add' || export[78,10]='The images on the right appear to depict particles being add'"
DialogueNodeEvent:78:12,U3/Glyph Games/Dissolving Particles,U3P4,grading,U3P4:Target,True,True,True,1,EXACT_MATCH,HIGH,"That is very close, TK. I believe you can solve it.","That is very close, TK. I believe you can solve it. ",,ID exists in current dialogue DB and fired in this playthrough,"xlsx[78,12]='That is very close, TK. I believe you can solve it.' || export[78,12]='That is very close, TK. I believe you can solve it. ' || observed x1, e.g. _id=6aaacb1d485cab4c95455792 ts=2026-09-16T17:00:13.5950000Z (wenyi091426-3.stratalog.logdata.json)"
DialogueNodeEvent:78:18,U3/Glyph Games/Dissolving Particles,U3P4,grading,U3P4:Target,True,True,True,0,EXPECTED_DIALOGUE_NOT_OBSERVED,MEDIUM,"Would you like me to assist, TK?","Would you like me to assist, TK?",,ID exists in current dialogue DB but did not fire in this playthrough (may be conditional dialogue),"xlsx[78,18]='Would you like me to assist, TK?' || export[78,18]='Would you like me to assist, TK?'"
DialogueNodeEvent:78:23,U3/Glyph Games/Dissolving Particles,U3P4,grading,U3P4:Target,True,True,True,1,EXACT_MATCH,HIGH,"I believe I have calculated the correct order for the puzzle. Allow me to assist, TK. Activating holid projector.","I believe I have calculated the correct order for the puzzle. Allow me to assist, TK. Activating holid projector.",,ID exists in current dialogue DB and fired in this playthrough,"xlsx[78,23]='I believe I have calculated the correct order for the puzzle' || export[78,23]='I believe I have calculated the correct order for the puzzle' || observed x1, e.g. _id=6aaacb2d485cab4c954557f0 ts=2026-09-16T17:00:29.5030000Z (wenyi091426-3.stratalog.logdata.json)"
DialogueNodeEvent:78:24,U3/Glyph Games/Dissolving Particles,U3P4,grading,U3P4:Gate (required),True,True,,1,EXACT_MATCH,MEDIUM,,It appears the glyph you just solved represents what happens to particles when they dissolve in water. Notice that immediately after the particles are added to the water they are still visible. Soon a,,ID exists in current dialogue DB and fired in this playthrough,"xlsx[78,24]='' || export[78,24]='It appears the glyph you just solved represents what happens' || observed x1, e.g. _id=6aaacb3e485cab4c95455854 ts=2026-09-16T17:00:47.0620000Z (wenyi091426-3.stratalog.logdata.json)"
DialogueNodeEvent:84:20,U3/Argumentation Feedback 1,U3P3,docs;grading,,True,True,True,0,EXPECTED_DIALOGUE_NOT_OBSERVED,MEDIUM,You have used multiple pieces of evidences in your argument. While this is a good idea it is not needed to make this argument. Try picking one evidence and one claim and think about what predicts the ,You have used multiple pieces of evidences in your argument. While this is a good idea it is not needed to make this argument. Try picking one evidence and one claim and think about what predicts the ,,ID exists in current dialogue DB but did not fire in this playthrough (may be conditional dialogue),"xlsx[84,20]='You have used multiple pieces of evidences in your argument.' || export[84,20]='You have used multiple pieces of evidences in your argument.'"
DialogueNodeEvent:84:25,U3/Argumentation Feedback 1,U3P3,grading,,True,True,True,1,EXACT_MATCH,HIGH,Your argument does not make sense. Your <color=#35F>claim</color> does not take into consideration that water can carry pollution.\n,Your argument does not make sense. Your <color=#35F>claim</color> does not take into consideration that water can carry pollution.\n,,ID exists in current dialogue DB and fired in this playthrough,"xlsx[84,25]='Your argument does not make sense. Your <color=#35F>claim</c' || export[84,25]='Your argument does not make sense. Your <color=#35F>claim</c' || observed x1, e.g. _id=6aaac994485cab4c95455332 ts=2026-09-16T16:53:40.4870000Z (wenyi091426-3.stratalog.logdata.json)"
DialogueNodeEvent:84:32,U3/Argumentation Feedback 1,U3P3,grading,,True,True,True,0,EXPECTED_DIALOGUE_NOT_OBSERVED,MEDIUM,Your argument does not make sense. Your <color=#F53>reasoning</color> explains how water behaves. But does not explain the location of the pollution.,Your argument does not make sense. Your <color=#F53>reasoning</color> explains how water behaves. But does not explain the location of the pollution.,,ID exists in current dialogue DB but did not fire in this playthrough (may be conditional dialogue),"xlsx[84,32]='Your argument does not make sense. Your <color=#F53>reasonin' || export[84,32]='Your argument does not make sense. Your <color=#F53>reasonin'"
DialogueNodeEvent:84:33,U3/Argumentation Feedback 1,U3P3,grading,,True,True,True,1,EXACT_MATCH,HIGH,Your argument does not make sense. Your <color=#F53>reasoning</color> does not explain how water behaves. Pollutants travel downstream with water flow.,Your argument does not make sense. Your <color=#F53>reasoning</color> does not explain how water behaves. Pollutants travel downstream with water flow.,,ID exists in current dialogue DB and fired in this playthrough,"xlsx[84,33]='Your argument does not make sense. Your <color=#F53>reasonin' || export[84,33]='Your argument does not make sense. Your <color=#F53>reasonin' || observed x1, e.g. _id=6aaac9d5485cab4c954553e8 ts=2026-09-16T16:54:45.2850000Z (wenyi091426-3.stratalog.logdata.json)"
DialogueNodeEvent:84:34,U3/Argumentation Feedback 1,U3P3,grading,,True,True,True,1,EXACT_MATCH,HIGH,Your argument does not make sense. You <color=#F53>reasoned</color> that water must flow from north to south. This is not always true in nature.,Your argument does not make sense. You <color=#F53>reasoned</color> that water must flow from north to south. This is not always true in nature.,,ID exists in current dialogue DB and fired in this playthrough,"xlsx[84,34]='Your argument does not make sense. You <color=#F53>reasoned<' || export[84,34]='Your argument does not make sense. You <color=#F53>reasoned<' || observed x1, e.g. _id=6aaac9f8485cab4c9545542c ts=2026-09-16T16:55:21.0690000Z (wenyi091426-3.stratalog.logdata.json)"
DialogueNodeEvent:84:35,U3/Argumentation Feedback 1,U3P3,grading,,True,True,True,0,EXPECTED_DIALOGUE_NOT_OBSERVED,MEDIUM,Your argument does not make sense. Your <color=#F53>reasoning</color> does not match your<color=#3F5>evidence</color>.,Your argument does not make sense. Your <color=#F53>reasoning</color> does not match your<color=#3F5>evidence</color>.,,ID exists in current dialogue DB but did not fire in this playthrough (may be conditional dialogue),"xlsx[84,35]='Your argument does not make sense. Your <color=#F53>reasonin' || export[84,35]='Your argument does not make sense. Your <color=#F53>reasonin'"
DialogueNodeEvent:84:36,U3/Argumentation Feedback 1,U3P3,grading,,True,True,True,1,EXACT_MATCH,HIGH,Great Job! You made the best argument possible. Way to go Cadet!,Great Job! You made the best argument possible. Way to go Cadet!,,ID exists in current dialogue DB and fired in this playthrough,"xlsx[84,36]='Great Job! You made the best argument possible. Way to go Ca' || export[84,36]='Great Job! You made the best argument possible. Way to go Ca' || observed x1, e.g. _id=6aaaca1a485cab4c95455478 ts=2026-09-16T16:55:54.5860000Z (wenyi091426-3.stratalog.logdata.json)"
DialogueNodeEvent:84:37,U3/Argumentation Feedback 1,U3P3,grading,,True,True,True,0,EXPECTED_DIALOGUE_NOT_OBSERVED,MEDIUM,Your argument does not make sense. Your <color=#3F5>evidence</color> does not match up with the rest of your argument.,Your argument does not make sense. Your <color=#3F5>evidence</color> does not match up with the rest of your argument.,,ID exists in current dialogue DB but did not fire in this playthrough (may be conditional dialogue),"xlsx[84,37]='Your argument does not make sense. Your <color=#3F5>evidence' || export[84,37]='Your argument does not make sense. Your <color=#3F5>evidence'"
DialogueNodeEvent:84:38,U3/Argumentation Feedback 1,U3P3,grading,,True,True,,0,EXPECTED_DIALOGUE_NOT_OBSERVED,MEDIUM,,,,ID exists in current dialogue DB but did not fire in this playthrough (may be conditional dialogue),"xlsx[84,38]='' || export[84,38]=''"
DialogueNodeEvent:84:39,U3/Argumentation Feedback 1,U3P3,grading,,True,True,True,1,EXACT_MATCH,HIGH,Your argument does not make sense. Your <color=#35F>claim</color> does not take into consideration that water can carry pollution.,Your argument does not make sense. Your <color=#35F>claim</color> does not take into consideration that water can carry pollution.,,ID exists in current dialogue DB and fired in this playthrough,"xlsx[84,39]='Your argument does not make sense. Your <color=#35F>claim</c' || export[84,39]='Your argument does not make sense. Your <color=#35F>claim</c' || observed x1, e.g. _id=6aaac9ca485cab4c954553c0 ts=2026-09-16T16:54:34.7130000Z (wenyi091426-3.stratalog.logdata.json)"
DialogueNodeEvent:84:40,U3/Argumentation Feedback 1,U3P3,grading,,True,True,True,1,EXACT_MATCH,HIGH,Your argument is logical. But it does not accurately describe how water moves.,Your argument is logical. But it does not accurately describe how water moves.,,ID exists in current dialogue DB and fired in this playthrough,"xlsx[84,40]='Your argument is logical. But it does not accurately describ' || export[84,40]='Your argument is logical. But it does not accurately describ' || observed x1, e.g. _id=6aaac9a9485cab4c95455368 ts=2026-09-16T16:54:01.1130000Z (wenyi091426-3.stratalog.logdata.json)"
DialogueNodeEvent:84:41,U3/Argumentation Feedback 1,U3P3,grading,,True,True,True,0,EXPECTED_DIALOGUE_NOT_OBSERVED,MEDIUM,Your <color=#35F>claim</color> and <color=#3F5>evidence</color> makes sense and your <color=#F53>reasoning</color> explains how water behaves. But does not explain the location of the pollution. Try a,Your <color=#35F>claim</color> and <color=#3F5>evidence</color> makes sense and your <color=#F53>reasoning</color> explains how water behaves. But does not explain the location of the pollution. Try a,,ID exists in current dialogue DB but did not fire in this playthrough (may be conditional dialogue),"xlsx[84,41]='Your <color=#35F>claim</color> and <color=#3F5>evidence</col' || export[84,41]='Your <color=#35F>claim</color> and <color=#3F5>evidence</col'"
DialogueNodeEvent:84:42,U3/Argumentation Feedback 1,U3P3,grading,,True,True,True,1,EXACT_MATCH,HIGH,"Your <color=#35F>claim</color> and <color=#3F5>evidence</color> makes sense. But, your reasoning does not explain how water behaves. Pollutants travel downstream with water flow. Try selecting another","Your <color=#35F>claim</color> and <color=#3F5>evidence</color> makes sense. But, your reasoning does not explain how water behaves. Pollutants travel downstream with water flow. Try selecting another",,ID exists in current dialogue DB and fired in this playthrough,"xlsx[84,42]='Your <color=#35F>claim</color> and <color=#3F5>evidence</col' || export[84,42]='Your <color=#35F>claim</color> and <color=#3F5>evidence</col' || observed x1, e.g. _id=6aaaca06485cab4c9545544e ts=2026-09-16T16:55:34.7590000Z (wenyi091426-3.stratalog.logdata.json)"
DialogueNodeEvent:84:43,U3/Argumentation Feedback 1,U3P3,grading,,True,True,True,0,EXPECTED_DIALOGUE_NOT_OBSERVED,MEDIUM,"Your <color=#35F>claim</color> and <color=#3F5>evidence</color> makes sense. But, you reasoned that water must flow from north to south. This is not always true in nature. Try another <color=#F53>reas","Your <color=#35F>claim</color> and <color=#3F5>evidence</color> makes sense. But, you reasoned that water must flow from north to south. This is not always true in nature. Try another <color=#F53>reas",,ID exists in current dialogue DB but did not fire in this playthrough (may be conditional dialogue),"xlsx[84,43]='Your <color=#35F>claim</color> and <color=#3F5>evidence</col' || export[84,43]='Your <color=#35F>claim</color> and <color=#3F5>evidence</col'"
DialogueNodeEvent:84:44,U3/Argumentation Feedback 1,U3P3,grading,,True,True,True,0,EXPECTED_DIALOGUE_NOT_OBSERVED,MEDIUM,Your reasoning does not match your <color=#3F5>evidence</color>. Try another <color=#F53>reasoning</color>.,Your reasoning does not match your <color=#3F5>evidence</color>. Try another <color=#F53>reasoning</color>.,,ID exists in current dialogue DB but did not fire in this playthrough (may be conditional dialogue),"xlsx[84,44]='Your reasoning does not match your <color=#3F5>evidence</col' || export[84,44]='Your reasoning does not match your <color=#3F5>evidence</col'"
DialogueNodeEvent:84:45,U3/Argumentation Feedback 1,U3P3,grading,,True,True,True,0,EXPECTED_DIALOGUE_NOT_OBSERVED,MEDIUM,Your claim does not take into consideration that water can carry pollution. Try using a different <color=#35F>claim</color>.,Your claim does not take into consideration that water can carry pollution. Try using a different <color=#35F>claim</color>.,,ID exists in current dialogue DB but did not fire in this playthrough (may be conditional dialogue),"xlsx[84,45]='Your claim does not take into consideration that water can c' || export[84,45]='Your claim does not take into consideration that water can c'"
DialogueNodeEvent:84:46,U3/Argumentation Feedback 1,U3P3,grading,,True,True,True,0,EXPECTED_DIALOGUE_NOT_OBSERVED,MEDIUM,Your <color=#35F>claim</color> does not take into consideration that water can carry pollution. Try using a different <color=#35F>claim</color>.,Your <color=#35F>claim</color> does not take into consideration that water can carry pollution. Try using a different <color=#35F>claim</color>.,,ID exists in current dialogue DB but did not fire in this playthrough (may be conditional dialogue),"xlsx[84,46]='Your <color=#35F>claim</color> does not take into considerat' || export[84,46]='Your <color=#35F>claim</color> does not take into considerat'"
DialogueNodeEvent:84:47,U3/Argumentation Feedback 1,U3P3,grading,,True,True,True,0,EXPECTED_DIALOGUE_NOT_OBSERVED,MEDIUM,Your argument is incomplete. Make sure you have included all three parts of an argument in your submission.,Your argument is incomplete. Make sure you have included all three parts of an argument in your submission.,,ID exists in current dialogue DB but did not fire in this playthrough (may be conditional dialogue),"xlsx[84,47]='Your argument is incomplete. Make sure you have included all' || export[84,47]='Your argument is incomplete. Make sure you have included all'"
DialogueNodeEvent:88:0,U4/WellWhatHaveWeHere,U4P1,grading,,True,True,,1,EXACT_MATCH,MEDIUM,,,,ID exists in current dialogue DB and fired in this playthrough,"xlsx[88,0]='' || export[88,0]='' || observed x1, e.g. _id=6aaad038485cab4c95455d2e ts=2026-09-16T17:22:00.6170000Z (wenyi091426-3.stratalog.logdata.json)"
DialogueNodeEvent:88:5,U4/WellWhatHaveWeHere,U4P1,grading,U4P1:Target,True,True,True,0,EXPECTED_DIALOGUE_NOT_OBSERVED,MEDIUM,It’s the boundary between saturated and unsaturated soil layers,It’s the boundary between saturated and unsaturated soil layers ,,ID exists in current dialogue DB but did not fire in this playthrough (may be conditional dialogue),"xlsx[88,5]='It’s the boundary between saturated and unsaturated soil lay' || export[88,5]='It’s the boundary between saturated and unsaturated soil lay'"
DialogueNodeEvent:88:11,U4/WellWhatHaveWeHere,U4P2,grading,U4P2:Target,True,True,True,1,EXACT_MATCH,HIGH,It appears the glyph you just solved represents the interaction between water and soil particles of various sizes.,It appears the glyph you just solved represents the interaction between water and soil particles of various sizes.,,ID exists in current dialogue DB and fired in this playthrough,"xlsx[88,11]='It appears the glyph you just solved represents the interact' || export[88,11]='It appears the glyph you just solved represents the interact' || observed x1, e.g. _id=6aaad29d485cab4c9545652c ts=2026-09-16T17:32:13.4980000Z (wenyi091426-3.stratalog.logdata.json)"
DialogueNodeEvent:90:25,U4/Argumentation Feedback,U4P5,docs;grading,U4P5:Target,True,True,True,0,EXPECTED_DIALOGUE_NOT_OBSERVED,MEDIUM,Your argument doesn’t make sense. Your reasoning does not connect your claim to evidence in a way that is scientifically accurate.\n,Your argument doesn’t make sense. Your reasoning does not connect your claim to evidence in a way that is scientifically accurate.\n,,ID exists in current dialogue DB but did not fire in this playthrough (may be conditional dialogue),"xlsx[90,25]='Your argument doesn’t make sense. Your reasoning does not co' || export[90,25]='Your argument doesn’t make sense. Your reasoning does not co'"
DialogueNodeEvent:90:37,U4/Argumentation Feedback,U4P5,grading,U4P5:Target,True,True,True,5,EXACT_MATCH,HIGH,Are you sure the flooding will resolve by turning off the fountain? Is there a better way to explain how water got into the warehouse?,Are you sure the flooding will resolve by turning off the fountain? Is there a better way to explain how water got into the warehouse?,,ID exists in current dialogue DB and fired in this playthrough,"xlsx[90,37]='Are you sure the flooding will resolve by turning off the fo' || export[90,37]='Are you sure the flooding will resolve by turning off the fo' || observed x5, e.g. _id=6aaadacb485cab4c95456ef0 ts=2026-09-16T18:07:07.9530000Z (wenyi091426-3.stratalog.logdata.json)"
DialogueNodeEvent:90:39,U4/Argumentation Feedback,U4P5,grading,U4P5:Target,True,True,True,0,EXPECTED_DIALOGUE_NOT_OBSERVED,MEDIUM,Looks like your argument may be missing important evidence.,Looks like your argument may be missing important evidence. ,,ID exists in current dialogue DB but did not fire in this playthrough (may be conditional dialogue),"xlsx[90,39]='Looks like your argument may be missing important evidence.' || export[90,39]='Looks like your argument may be missing important evidence.\xa0'"
DialogueNodeEvent:90:45,U4/Argumentation Feedback,U4P5,grading,U4P5:Target,True,True,True,0,EXPECTED_DIALOGUE_NOT_OBSERVED,MEDIUM,Your argument contains evidence that does not support your claim.,Your argument contains evidence that does not support your claim.,,ID exists in current dialogue DB but did not fire in this playthrough (may be conditional dialogue),"xlsx[90,45]='Your argument contains evidence that does not support your c' || export[90,45]='Your argument contains evidence that does not support your c'"
DialogueNodeEvent:90:47,U4/Argumentation Feedback,U4P5,grading,U4P5:Target,True,True,True,1,EXACT_MATCH,HIGH,Your argument is incomplete. Make sure you have included all three parts of an argument in your submission.,Your argument is incomplete. Make sure you have included all three parts of an argument in your submission.,,ID exists in current dialogue DB and fired in this playthrough,"xlsx[90,47]='Your argument is incomplete. Make sure you have included all' || export[90,47]='Your argument is incomplete. Make sure you have included all' || observed x1, e.g. _id=6aaadb03485cab4c95456f74 ts=2026-09-16T18:08:03.3300000Z (wenyi091426-3.stratalog.logdata.json)"
DialogueNodeEvent:90:50,U4/Argumentation Feedback,U4P5,grading,U4P5:Target,True,True,True,0,EXPECTED_DIALOGUE_NOT_OBSERVED,MEDIUM,Great job! You have made the best argument possible.,Great job! You have made the best argument possible.,,ID exists in current dialogue DB but did not fire in this playthrough (may be conditional dialogue),"xlsx[90,50]='Great job! You have made the best argument possible.' || export[90,50]='Great job! You have made the best argument possible.'"
DialogueNodeEvent:90:52,U4/Argumentation Feedback,U4P5,grading,U4P5:Target,True,True,True,0,EXPECTED_DIALOGUE_NOT_OBSERVED,MEDIUM,Your reasoning statement is not scientifically accurate. Water does not flow easily through bedrock.\n,Your reasoning statement is not scientifically accurate. Water does not flow easily through bedrock.\n,,ID exists in current dialogue DB but did not fire in this playthrough (may be conditional dialogue),"xlsx[90,52]='Your reasoning statement is not scientifically accurate. Wat' || export[90,52]='Your reasoning statement is not scientifically accurate. Wat'"
DialogueNodeEvent:90:54,U4/Argumentation Feedback,U4P5,grading,U4P5:Target,True,True,True,0,EXPECTED_DIALOGUE_NOT_OBSERVED,MEDIUM,Your reasoning statement is not scientifically accurate. Water does not infiltrate upward.,Your reasoning statement is not scientifically accurate. Water does not infiltrate upward.,,ID exists in current dialogue DB but did not fire in this playthrough (may be conditional dialogue),"xlsx[90,54]='Your reasoning statement is not scientifically accurate. Wat' || export[90,54]='Your reasoning statement is not scientifically accurate. Wat'"
DialogueNodeEvent:90:55,U4/Argumentation Feedback,U4P5,grading,U4P5:Target,True,True,True,1,EXACT_MATCH,HIGH,Are you sure the flooding will resolve by turning off the fountain? Is there a better way to explain how water got into the warehouse? You should consider changing your claim.,Are you sure the flooding will resolve by turning off the fountain? Is there a better way to explain how water got into the warehouse? You should consider changing your claim. ,,ID exists in current dialogue DB and fired in this playthrough,"xlsx[90,55]='Are you sure the flooding will resolve by turning off the fo' || export[90,55]='Are you sure the flooding will resolve by turning off the fo' || observed x1, e.g. _id=6aaadb1b485cab4c95456fb4 ts=2026-09-16T18:08:27.5090000Z (wenyi091426-3.stratalog.logdata.json)"
DialogueNodeEvent:90:56,U4/Argumentation Feedback,U4P5,grading,U4P5:Target,True,True,True,0,EXPECTED_DIALOGUE_NOT_OBSERVED,MEDIUM,Your argument doesn’t make sense. Your reasoning does not connect your claim to evidence in a way that is scientifically accurate. You should rethink your reasoning.,Your argument doesn’t make sense. Your reasoning does not connect your claim to evidence in a way that is scientifically accurate. You should rethink your reasoning.,,ID exists in current dialogue DB but did not fire in this playthrough (may be conditional dialogue),"xlsx[90,56]='Your argument doesn’t make sense. Your reasoning does not co' || export[90,56]='Your argument doesn’t make sense. Your reasoning does not co'"
DialogueNodeEvent:90:57,U4/Argumentation Feedback,U4P5,grading,U4P5:Target,True,True,True,1,EXACT_MATCH,HIGH,"Great job! You have made an argument that strongly  combines claims, reasoning and evidence.","Great job! You have made an argument that strongly  combines claims, reasoning and evidence.",,ID exists in current dialogue DB and fired in this playthrough,"xlsx[90,57]='Great job! You have made an argument that strongly\xa0 combines' || export[90,57]='Great job! You have made an argument that strongly\xa0 combines' || observed x1, e.g. _id=6aaadb82485cab4c95457040 ts=2026-09-16T18:10:10.6420000Z (wenyi091426-3.stratalog.logdata.json)"
DialogueNodeEvent:90:58,U4/Argumentation Feedback,U4P5,grading,U4P5:Target,True,True,True,2,EXACT_MATCH,HIGH,Looks like your argument may be missing important evidence. Try adding additional evidence to your argument.,Looks like your argument may be missing important evidence. Try adding additional evidence to your argument.,,ID exists in current dialogue DB and fired in this playthrough,"xlsx[90,58]='Looks like your argument may be missing important evidence. ' || export[90,58]='Looks like your argument may be missing important evidence. ' || observed x2, e.g. _id=6aaadb44485cab4c95457004 ts=2026-09-16T18:09:09.1620000Z (wenyi091426-3.stratalog.logdata.json)"
DialogueNodeEvent:90:59,U4/Argumentation Feedback,U4P5,grading,U4P5:Target,True,True,True,0,EXPECTED_DIALOGUE_NOT_OBSERVED,MEDIUM,"Your claim and reasoning are correct, but your argument contains evidence that does not support your claim. Reassess which evidence best supports your claim.","Your claim and reasoning are correct, but your argument contains evidence that does not support your claim. Reassess which evidence best supports your claim.",,ID exists in current dialogue DB but did not fire in this playthrough (may be conditional dialogue),"xlsx[90,59]='Your claim and reasoning are correct, but your argument cont' || export[90,59]='Your claim and reasoning are correct, but your argument cont'"
DialogueNodeEvent:90:60,U4/Argumentation Feedback,U4P5,grading,U4P5:Target,True,True,True,0,EXPECTED_DIALOGUE_NOT_OBSERVED,MEDIUM,Your reasoning statement is not scientifically accurate. Water does not flow easily through bedrock. You should review the reasoning statements and select one that accurately describes the way water m,Your reasoning statement is not scientifically accurate. Water does not flow easily through bedrock. You should review the reasoning statements and select one that accurately describes the way water m,,ID exists in current dialogue DB but did not fire in this playthrough (may be conditional dialogue),"xlsx[90,60]='Your reasoning statement is not scientifically accurate. Wat' || export[90,60]='Your reasoning statement is not scientifically accurate. Wat'"
DialogueNodeEvent:90:61,U4/Argumentation Feedback,U4P5,grading,U4P5:Target,True,True,True,1,EXACT_MATCH,HIGH,Your reasoning statement is not scientifically accurate. Water does not infiltrate upward. You should review the reasoning statements and select one that accurately describes the way water moves throu,Your reasoning statement is not scientifically accurate. Water does not infiltrate upward. You should review the reasoning statements and select one that accurately describes the way water moves throu,,ID exists in current dialogue DB and fired in this playthrough,"xlsx[90,61]='Your reasoning statement is not scientifically accurate. Wat' || export[90,61]='Your reasoning statement is not scientifically accurate. Wat' || observed x1, e.g. _id=6aaadb30485cab4c95456fde ts=2026-09-16T18:08:49.1860000Z (wenyi091426-3.stratalog.logdata.json)"
DialogueNodeEvent:92:33,U4/DesertDelicacies,U4P6,grading,U4P6:Target,True,True,True,1,EXACT_MATCH,HIGH,I’m all set. Let’s see the results.,I’m all set. Let’s see the results.,,ID exists in current dialogue DB and fired in this playthrough,"xlsx[92,33]='I’m all set. Let’s see the results.' || export[92,33]='I’m all set. Let’s see the results.' || observed x1, e.g. _id=6aaadd1f485cab4c954571ae ts=2026-09-16T18:17:04.0290000Z (wenyi091426-3.stratalog.logdata.json)"
DialogueNodeEvent:92:61,U4/DesertDelicacies,U4P6,grading,U4P6:Target,True,True,True,0,EXPECTED_DIALOGUE_NOT_OBSERVED,MEDIUM,You chose the best soil for this plant. It received the ideal amount of water.,You chose the best soil for this plant. It received the ideal amount of water.,,ID exists in current dialogue DB but did not fire in this playthrough (may be conditional dialogue),"xlsx[92,61]='You chose the best soil for this plant. It received the idea' || export[92,61]='You chose the best soil for this plant. It received the idea'"
DialogueNodeEvent:92:62,U4/DesertDelicacies,U4P6,grading,U4P6:Target,True,True,True,2,EXACT_MATCH,HIGH,This plant did not get enough water. The water is expected to pass through the soil particles too easily and not pool around it’s roots.,This plant did not get enough water. The water is expected to pass through the soil particles too easily and not pool around it’s roots.,,ID exists in current dialogue DB and fired in this playthrough,"xlsx[92,62]='This plant did not get enough water. The water is expected t' || export[92,62]='This plant did not get enough water. The water is expected t' || observed x2, e.g. _id=6aaadd31485cab4c954571ca ts=2026-09-16T18:17:21.7360000Z (wenyi091426-3.stratalog.logdata.json)"
DialogueNodeEvent:92:63,U4/DesertDelicacies,U4P6,grading,U4P6:Target,True,True,True,1,EXACT_MATCH,HIGH,This plant got more water than it required. The small soil particles will trap water and hold too much of it near its roots.,This plant got more water than it required. The small soil particles will trap water and hold too much of it near its roots.,,ID exists in current dialogue DB and fired in this playthrough,"xlsx[92,63]='This plant got more water than it required. The small soil p' || export[92,63]='This plant got more water than it required. The small soil p' || observed x1, e.g. _id=6aaadd27485cab4c954571be ts=2026-09-16T18:17:11.5480000Z (wenyi091426-3.stratalog.logdata.json)"
DialogueNodeEvent:95:1,U5/Dungeon,U5P1,docs,U5P1:doc-start-marker,True,True,True,1,EXACT_MATCH,HIGH,"This is the location where Aryn went missing. My sensors are not picking up his signal, which means he has already left this facility. We should find a way out of this facility and locate him as Toppo","This is the location where Aryn went missing. My sensors are not picking up his signal, which means he has already left this facility. We should find a way out of this facility and locate him as Toppo",,ID exists in current dialogue DB and fired in this playthrough,"xlsx[95,1]='This is the location where Aryn went missing. My sensors are' || export[95,1]='This is the location where Aryn went missing. My sensors are' || observed x1, e.g. _id=6aaae009485cab4c95457336 ts=2026-09-16T18:29:30.1760000Z (wenyi091426-3.stratalog.logdata.json)"
DialogueNodeEvent:96:1,U5/PostDungeon,U5P2;U5P3,docs;grading,U5P2:Trigger;U5P2:doc-end-marker;U5P3:doc-start-marker,True,True,True,1,EXACT_MATCH,HIGH,"What a week. Stuck on this island without a teleporter, and we’re too far away from homebase to make radio contact.","What a week. Stuck on this island without a teleporter, and we’re too far away from homebase to make radio contact.",,ID exists in current dialogue DB and fired in this playthrough,"xlsx[96,1]='What a week. Stuck on this island without a teleporter, and ' || export[96,1]='What a week. Stuck on this island without a teleporter, and ' || observed x1, e.g. _id=6aaae3ef485cab4c95457cec ts=2026-09-16T18:46:07.7960000Z (wenyi091426-3.stratalog.logdata.json)"
DialogueNodeEvent:100:38,U5/DungeonGlyphPuzzle,U5P1,docs;grading,U5P1:Target,True,True,True,0,EXPECTED_DIALOGUE_NOT_OBSERVED,MEDIUM,"That is very close, TK. I believe you can solve it.","That is very close, TK. I believe you can solve it. ",,ID exists in current dialogue DB but did not fire in this playthrough (may be conditional dialogue),"xlsx[100,38]='That is very close, TK. I believe you can solve it.' || export[100,38]='That is very close, TK. I believe you can solve it. '"
DialogueNodeEvent:100:39,U5/DungeonGlyphPuzzle,U5P1,grading,U5P1:Target,True,True,True,1,EXACT_MATCH,HIGH,"Would you like me to assist, TK?","Would you like me to assist, TK?",,ID exists in current dialogue DB and fired in this playthrough,"xlsx[100,39]='Would you like me to assist, TK?' || export[100,39]='Would you like me to assist, TK?' || observed x1, e.g. _id=6aaae11e485cab4c95457744 ts=2026-09-16T18:34:06.9770000Z (wenyi091426-3.stratalog.logdata.json)"
DialogueNodeEvent:100:43,U5/DungeonGlyphPuzzle,U5P1,grading,U5P1:Target,True,True,True,0,EXPECTED_DIALOGUE_NOT_OBSERVED,MEDIUM,"I believe I have calculated the correct order for the puzzle. Allow me to assist, TK. Activating holid projector.","I believe I have calculated the correct order for the puzzle. Allow me to assist, TK. Activating holid projector.",,ID exists in current dialogue DB but did not fire in this playthrough (may be conditional dialogue),"xlsx[100,43]='I believe I have calculated the correct order for the puzzle' || export[100,43]='I believe I have calculated the correct order for the puzzle'"
DialogueNodeEvent:100:44,U5/DungeonGlyphPuzzle,U5P1,grading,U5P1:Target,True,True,True,1,EXACT_MATCH,HIGH,"Well done, TK. Don’t forget to pick up the tile before we move on.","Well done, TK. Don’t forget to pick up the tile before we move on.",,ID exists in current dialogue DB and fired in this playthrough,"xlsx[100,44]='Well done, TK. Don’t forget to pick up the tile before we mo' || export[100,44]='Well done, TK. Don’t forget to pick up the tile before we mo' || observed x1, e.g. _id=6aaae13a485cab4c95457810 ts=2026-09-16T18:34:34.6420000Z (wenyi091426-3.stratalog.logdata.json)"
DialogueNodeEvent:102:3,U4/GlyphPuzzle,U4P2,docs,,True,True,True,1,EXACT_MATCH,HIGH,I believe the pieces are intended to be ordered in a specific way. Keep trying.,I believe the pieces are intended to be ordered in a specific way. Keep trying.,,ID exists in current dialogue DB and fired in this playthrough,"xlsx[102,3]='I believe the pieces are intended to be ordered in a specifi' || export[102,3]='I believe the pieces are intended to be ordered in a specifi' || observed x1, e.g. _id=6aaad222485cab4c9545603e ts=2026-09-16T17:30:10.7880000Z (wenyi091426-3.stratalog.logdata.json)"
DialogueNodeEvent:102:9,U4/GlyphPuzzle,U4P2,grading,U4P2:Target,True,True,True,0,EXPECTED_DIALOGUE_NOT_OBSERVED,MEDIUM,"I believe that was close to the correct order, TK. Keep trying.","I believe that was close to the correct order, TK. Keep trying. ",,ID exists in current dialogue DB but did not fire in this playthrough (may be conditional dialogue),"xlsx[102,9]='I believe that was close to the correct order, TK. Keep tryi' || export[102,9]='I believe that was close to the correct order, TK. Keep tryi'"
DialogueNodeEvent:102:10,U4/GlyphPuzzle,U4P2,grading,U4P2:Target,True,True,True,1,EXACT_MATCH,HIGH,This appears to be a graph that shows the rate at which water passes through soils of different types.,This appears to be a graph that shows the rate at which water passes through soils of different types.,,ID exists in current dialogue DB and fired in this playthrough,"xlsx[102,10]='This appears to be a graph that shows the rate at which wate' || export[102,10]='This appears to be a graph that shows the rate at which wate' || observed x1, e.g. _id=6aaad277485cab4c95456370 ts=2026-09-16T17:31:35.8130000Z (wenyi091426-3.stratalog.logdata.json)"
DialogueNodeEvent:102:12,U4/GlyphPuzzle,U4P2,grading,U4P2:Target,True,True,True,0,EXPECTED_DIALOGUE_NOT_OBSERVED,MEDIUM,"That is very close, TK. I believe you can solve it.","That is very close, TK. I believe you can solve it. ",,ID exists in current dialogue DB but did not fire in this playthrough (may be conditional dialogue),"xlsx[102,12]='That is very close, TK. I believe you can solve it.' || export[102,12]='That is very close, TK. I believe you can solve it. '"
DialogueNodeEvent:102:18,U4/GlyphPuzzle,U4P2,grading,U4P2:Target,True,True,True,1,EXACT_MATCH,HIGH,"Would you like me to assist, TK?","Would you like me to assist, TK?",,ID exists in current dialogue DB and fired in this playthrough,"xlsx[102,18]='Would you like me to assist, TK?' || export[102,18]='Would you like me to assist, TK?' || observed x1, e.g. _id=6aaad293485cab4c954564dc ts=2026-09-16T17:32:03.3270000Z (wenyi091426-3.stratalog.logdata.json)"
DialogueNodeEvent:102:23,U4/GlyphPuzzle,U4P2,grading,U4P2:Target,True,True,True,0,EXPECTED_DIALOGUE_NOT_OBSERVED,MEDIUM,"I believe I have calculated the correct order for the puzzle. Allow me to assist, TK. Activating holid projector.","I believe I have calculated the correct order for the puzzle. Allow me to assist, TK. Activating holid projector.",,ID exists in current dialogue DB but did not fire in this playthrough (may be conditional dialogue),"xlsx[102,23]='I believe I have calculated the correct order for the puzzle' || export[102,23]='I believe I have calculated the correct order for the puzzle'"
DialogueNodeEvent:106:4,U5/Solar Still,U5P4,docs;grading,U5P4:Target,True,True,True,0,EXPECTED_DIALOGUE_NOT_OBSERVED,MEDIUM,"Looks like we didn't collect any water. Unfortunately, your settings did not allow for sunlight to enter the solar desalinator. Without sunlight, the salt water can't get enough hout to evaporate. It ","Looks like we didn't collect any water. Unfortunately, your settings did not allow for sunlight to enter the solar desalinator. Without sunlight, the salt water can't get enough hout to evaporate. It ",,ID exists in current dialogue DB but did not fire in this playthrough (may be conditional dialogue),"xlsx[106,4]=""Looks like we didn't collect any water. Unfortunately, your "" || export[106,4]=""Looks like we didn't collect any water. Unfortunately, your """
DialogueNodeEvent:106:25,U5/Solar Still,U5P4,grading,U5P4:Target,True,True,True,1,EXACT_MATCH,HIGH,"Looks like we didn't collect any water. Unfortunately, your settings did not allow for sunlight to enter the solar desalinator. Without sunlight, the salt water can't get enough hout to evaporate. It ","Looks like we didn't collect any water. Unfortunately, your settings did not allow for sunlight to enter the solar desalinator. Without sunlight, the salt water can't get enough hout to evaporate. It ",,ID exists in current dialogue DB and fired in this playthrough,"xlsx[106,25]=""Looks like we didn't collect any water. Unfortunately, your "" || export[106,25]=""Looks like we didn't collect any water. Unfortunately, your "" || observed x1, e.g. _id=6aaae6ca485cab4c95458042 ts=2026-09-16T18:58:18.6510000Z (wenyi091426-3.stratalog.logdata.json)"
DialogueNodeEvent:106:26,U5/Solar Still,U5P4,grading,U5P4:Target,True,True,True,0,EXPECTED_DIALOGUE_NOT_OBSERVED,MEDIUM,"Looks like we didn't collect any water. Unfortunately, your settings did not allow for sunlight to enter the solar desalinator. Without sunlight, the salt water can't get enough hout to evaporate. It ","Looks like we didn't collect any water. Unfortunately, your settings did not allow for sunlight to enter the solar desalinator. Without sunlight, the salt water can't get enough hout to evaporate. It ",,ID exists in current dialogue DB but did not fire in this playthrough (may be conditional dialogue),"xlsx[106,26]=""Looks like we didn't collect any water. Unfortunately, your "" || export[106,26]=""Looks like we didn't collect any water. Unfortunately, your """
DialogueNodeEvent:106:27,U5/Solar Still,U5P4,grading,U5P4:Target,True,True,True,0,EXPECTED_DIALOGUE_NOT_OBSERVED,MEDIUM,"Looks like we didn't collect any water. Unfortunately, your settings did not allow for sunlight to enter the solar desalinator. Without sunlight, the salt water can't get enough hout to evaporate. It ","Looks like we didn't collect any water. Unfortunately, your settings did not allow for sunlight to enter the solar desalinator. Without sunlight, the salt water can't get enough hout to evaporate. It ",,ID exists in current dialogue DB but did not fire in this playthrough (may be conditional dialogue),"xlsx[106,27]=""Looks like we didn't collect any water. Unfortunately, your "" || export[106,27]=""Looks like we didn't collect any water. Unfortunately, your """
DialogueNodeEvent:106:28,U5/Solar Still,U5P4,grading,U5P4:Target,True,True,True,0,EXPECTED_DIALOGUE_NOT_OBSERVED,MEDIUM,"Looks like we didn't collect any water. Unfortunately, your settings did not allow for sunlight to enter the solar desalinator. Without sunlight, the salt water can't get enough hout to evaporate. It ","Looks like we didn't collect any water. Unfortunately, your settings did not allow for sunlight to enter the solar desalinator. Without sunlight, the salt water can't get enough hout to evaporate. It ",,ID exists in current dialogue DB but did not fire in this playthrough (may be conditional dialogue),"xlsx[106,28]=""Looks like we didn't collect any water. Unfortunately, your "" || export[106,28]=""Looks like we didn't collect any water. Unfortunately, your """
DialogueNodeEvent:106:29,U5/Solar Still,U5P4,grading,U5P4:Target,True,True,True,0,EXPECTED_DIALOGUE_NOT_OBSERVED,MEDIUM,"Looks like we didn't collect any water. Unfortunately, your settings did not allow for sunlight to enter the solar desalinator. Without sunlight, the salt water can't get enough hout to evaporate. It ","Looks like we didn't collect any water. Unfortunately, your settings did not allow for sunlight to enter the solar desalinator. Without sunlight, the salt water can't get enough hout to evaporate. It ",,ID exists in current dialogue DB but did not fire in this playthrough (may be conditional dialogue),"xlsx[106,29]=""Looks like we didn't collect any water. Unfortunately, your "" || export[106,29]=""Looks like we didn't collect any water. Unfortunately, your """
DialogueNodeEvent:106:30,U5/Solar Still,U5P4,grading,U5P4:Target,True,True,True,0,EXPECTED_DIALOGUE_NOT_OBSERVED,MEDIUM,"Looks like we didn't collect any water. The glass surface of the solar desalinator was too hot, so it did not allow much condenstation to form.","Looks like we didn't collect any water. The glass surface of the solar desalinator was too hot, so it did not allow much condenstation to form.",,ID exists in current dialogue DB but did not fire in this playthrough (may be conditional dialogue),"xlsx[106,30]=""Looks like we didn't collect any water. The glass surface of"" || export[106,30]=""Looks like we didn't collect any water. The glass surface of"""
DialogueNodeEvent:106:31,U5/Solar Still,U5P4,grading,U5P4:Target,True,True,True,0,EXPECTED_DIALOGUE_NOT_OBSERVED,MEDIUM,"Looks like we didn't collect any water. The glass surface of the solar desalinator was too hot, so it did not allow much condenstation to form.","Looks like we didn't collect any water. The glass surface of the solar desalinator was too hot, so it did not allow much condenstation to form.",,ID exists in current dialogue DB but did not fire in this playthrough (may be conditional dialogue),"xlsx[106,31]=""Looks like we didn't collect any water. The glass surface of"" || export[106,31]=""Looks like we didn't collect any water. The glass surface of"""
DialogueNodeEvent:106:32,U5/Solar Still,U5P4,grading,U5P4:Target,True,True,True,0,EXPECTED_DIALOGUE_NOT_OBSERVED,MEDIUM,"Looks like we didn't collect any water. The glass surface of the solar desalinator was too hot, so it did not allow much condenstation to form.","Looks like we didn't collect any water. The glass surface of the solar desalinator was too hot, so it did not allow much condenstation to form.",,ID exists in current dialogue DB but did not fire in this playthrough (may be conditional dialogue),"xlsx[106,32]=""Looks like we didn't collect any water. The glass surface of"" || export[106,32]=""Looks like we didn't collect any water. The glass surface of"""
DialogueNodeEvent:106:33,U5/Solar Still,U5P4,grading,U5P4:Target,True,True,True,0,EXPECTED_DIALOGUE_NOT_OBSERVED,MEDIUM,Looks like we only collected a small amount of water. The saltwater and glass temperatures you chose helped evaporation and condensation happen. But the roof's angle didn't let much water collect in t,Looks like we only collected a small amount of water. The saltwater and glass temperatures you chose helped evaporation and condensation happen. But the roof's angle didn't let much water collect in t,,ID exists in current dialogue DB but did not fire in this playthrough (may be conditional dialogue),"xlsx[106,33]='Looks like we only collected a small amount of water. The sa' || export[106,33]='Looks like we only collected a small amount of water. The sa'"
DialogueNodeEvent:106:34,U5/Solar Still,U5P4,grading,U5P4:Target,True,True,True,0,EXPECTED_DIALOGUE_NOT_OBSERVED,MEDIUM,Looks like we only collected a small amount of water. The saltwater and glass temperatures you chose helped evaporation and condensation happen. But the roof's angle didn't let much water collect in t,Looks like we only collected a small amount of water. The saltwater and glass temperatures you chose helped evaporation and condensation happen. But the roof's angle didn't let much water collect in t,,ID exists in current dialogue DB but did not fire in this playthrough (may be conditional dialogue),"xlsx[106,34]='Looks like we only collected a small amount of water. The sa' || export[106,34]='Looks like we only collected a small amount of water. The sa'"
DialogueNodeEvent:106:35,U5/Solar Still,U5P4,grading,U5P4:Target,True,True,True,0,EXPECTED_DIALOGUE_NOT_OBSERVED,MEDIUM,"Great Job! You set the solar desalinator to its best settings. As a result, you gathered the maximum amount of water.","Great Job! You set the solar desalinator to its best settings. As a result, you gathered the maximum amount of water.",,ID exists in current dialogue DB but did not fire in this playthrough (may be conditional dialogue),"xlsx[106,35]='Great Job! You set the solar desalinator to its best setting' || export[106,35]='Great Job! You set the solar desalinator to its best setting'"
DialogueNodeEvent:107:2,U4/DrillFlorrSelector,U4P4,grading,U4P4:Target,True,True,True,1,EXACT_MATCH,HIGH,Let's play it safe and hit the first floor.,Let's play it safe and hit the first floor.,,ID exists in current dialogue DB and fired in this playthrough,"xlsx[107,2]=""Let's play it safe and hit the first floor."" || export[107,2]=""Let's play it safe and hit the first floor."" || observed x1, e.g. _id=6aaad6df485cab4c95456c2c ts=2026-09-16T17:50:23.3290000Z (wenyi091426-3.stratalog.logdata.json)"
DialogueNodeEvent:107:3,U4/DrillFlorrSelector,U4P4,grading,U4P4:Target,True,True,True,1,EXACT_MATCH,HIGH,"The second floor looks like a good spot, maybe?","The second floor looks like a good spot, maybe?",,ID exists in current dialogue DB and fired in this playthrough,"xlsx[107,3]='The second floor looks like a good spot, maybe?' || export[107,3]='The second floor looks like a good spot, maybe?' || observed x1, e.g. _id=6aaad6f5485cab4c95456c3a ts=2026-09-16T17:50:45.6900000Z (wenyi091426-3.stratalog.logdata.json)"
DialogueNodeEvent:107:4,U4/DrillFlorrSelector,U4P4,grading,U4P4:Target,True,True,True,0,EXPECTED_DIALOGUE_NOT_OBSERVED,MEDIUM,Middle? Middle.,Middle? Middle.,,ID exists in current dialogue DB but did not fire in this playthrough (may be conditional dialogue),"xlsx[107,4]='Middle? Middle.' || export[107,4]='Middle? Middle.'"
DialogueNodeEvent:107:5,U4/DrillFlorrSelector,U4P4,grading,U4P4:Target,True,True,True,1,EXACT_MATCH,HIGH,How about the fourth floor?,How about the fourth floor?,,ID exists in current dialogue DB and fired in this playthrough,"xlsx[107,5]='How about the fourth floor?' || export[107,5]='How about the fourth floor?' || observed x1, e.g. _id=6aaad70a485cab4c95456c46 ts=2026-09-16T17:51:06.5840000Z (wenyi091426-3.stratalog.logdata.json)"
DialogueNodeEvent:107:6,U4/DrillFlorrSelector,U4P4,grading,U4P4:Target,True,True,True,1,EXACT_MATCH,HIGH,"Drill ALLLL the way down, BABY! YAHAHAHA!","Drill ALLLL the way down, BABY! YAHAHAHA!",,ID exists in current dialogue DB and fired in this playthrough,"xlsx[107,6]='Drill ALLLL the way down, BABY! YAHAHAHA!' || export[107,6]='Drill ALLLL the way down, BABY! YAHAHAHA!' || observed x1, e.g. _id=6aaad6c3485cab4c95456c22 ts=2026-09-16T17:49:56.1500000Z (wenyi091426-3.stratalog.logdata.json)"
DialogueNodeEvent:108:25,U5/Argumentation Feedback,U5P3,docs;grading,U5P3:Target,True,True,True,0,EXPECTED_DIALOGUE_NOT_OBSERVED,MEDIUM,Logically your evidence does not support your claim. The amount of salt in the collector does not explain what happens to the water.\n,Logically your evidence does not support your claim. The amount of salt in the collector does not explain what happens to the water.\n,,ID exists in current dialogue DB but did not fire in this playthrough (may be conditional dialogue),"xlsx[108,25]='Logically your evidence does not support your claim. The amo' || export[108,25]='Logically your evidence does not support your claim. The amo'"
DialogueNodeEvent:108:32,U5/Argumentation Feedback,U5P3,grading,U5P3:Target,True,True,True,0,EXPECTED_DIALOGUE_NOT_OBSERVED,MEDIUM,"Your claim and evidence are aligned with your reasoning statement. However, you are restating Aryn’s claim. We are pretty sure this is incorrect. Try building an argument that doesn't align with what ","Your claim and evidence are aligned with your reasoning statement. However, you are restating Aryn’s claim. We are pretty sure this is incorrect. Try building an argument that doesn't align with what ",,ID exists in current dialogue DB but did not fire in this playthrough (may be conditional dialogue),"xlsx[108,32]='Your claim and evidence are aligned with your reasoning stat' || export[108,32]='Your claim and evidence are aligned with your reasoning stat'"
DialogueNodeEvent:108:33,U5/Argumentation Feedback,U5P3,grading,U5P3:Target,True,True,True,0,EXPECTED_DIALOGUE_NOT_OBSERVED,MEDIUM,Your claim and evidence are not aligned with your reasoning. You are restating Aryn’s claim. We are pretty sure this is incorrect. Try building an argument that doesn't align with what Aryn says.,Your claim and evidence are not aligned with your reasoning. You are restating Aryn’s claim. We are pretty sure this is incorrect. Try building an argument that doesn't align with what Aryn says.,,ID exists in current dialogue DB but did not fire in this playthrough (may be conditional dialogue),"xlsx[108,33]='Your claim and evidence are not aligned with your reasoning.' || export[108,33]='Your claim and evidence are not aligned with your reasoning.'"
DialogueNodeEvent:108:37,U5/Argumentation Feedback,U5P3,grading,U5P3:Target,True,True,True,4,EXACT_MATCH,HIGH,"You are restating Aryn’s claim. Since we collected evidence that water disappeared for natural reasons, try building an argument that doesn't align with what Aryn says.","You are restating Aryn’s claim. Since we collected evidence that water disappeared for natural reasons, try building an argument that doesn't align with what Aryn says.",,ID exists in current dialogue DB and fired in this playthrough,"xlsx[108,37]='You are restating Aryn’s claim. Since we collected evidence ' || export[108,37]='You are restating Aryn’s claim. Since we collected evidence ' || observed x4, e.g. _id=6aaae52c485cab4c95457e12 ts=2026-09-16T18:51:24.8820000Z (wenyi091426-3.stratalog.logdata.json)"
DialogueNodeEvent:108:39,U5/Argumentation Feedback,U5P3,grading,U5P3:Target,True,True,True,0,EXPECTED_DIALOGUE_NOT_OBSERVED,MEDIUM,Your argument contains too many reasoning statements. Make sure your reasoning explains why your evidence supports your claim.,Your argument contains too many reasoning statements. Make sure your reasoning explains why your evidence supports your claim.,,ID exists in current dialogue DB but did not fire in this playthrough (may be conditional dialogue),"xlsx[108,39]='Your argument contains too many reasoning statements. Make s' || export[108,39]='Your argument contains too many reasoning statements. Make s'"
DialogueNodeEvent:108:41,U5/Argumentation Feedback,U5P3,grading,U5P3:Target,True,True,True,0,EXPECTED_DIALOGUE_NOT_OBSERVED,MEDIUM,"Your claim and evidence are aligned with your reasoning statement. However, you are restating Aryn’s claim. We are pretty sure this is incorrect. Try using another claim.\n","Your claim and evidence are aligned with your reasoning statement. However, you are restating Aryn’s claim. We are pretty sure this is incorrect. Try using another claim.\n",,ID exists in current dialogue DB but did not fire in this playthrough (may be conditional dialogue),"xlsx[108,41]='Your claim and evidence are aligned with your reasoning stat' || export[108,41]='Your claim and evidence are aligned with your reasoning stat'"
DialogueNodeEvent:108:47,U5/Argumentation Feedback,U5P3,grading,U5P3:Target,True,True,True,0,EXPECTED_DIALOGUE_NOT_OBSERVED,MEDIUM,Your argument is incomplete. Make sure you have included all three parts of an argument in your submission.,Your argument is incomplete. Make sure you have included all three parts of an argument in your submission.,,ID exists in current dialogue DB but did not fire in this playthrough (may be conditional dialogue),"xlsx[108,47]='Your argument is incomplete. Make sure you have included all' || export[108,47]='Your argument is incomplete. Make sure you have included all'"
DialogueNodeEvent:108:53,U5/Argumentation Feedback,U5P3,grading,U5P3:Target,True,True,True,0,EXPECTED_DIALOGUE_NOT_OBSERVED,MEDIUM,Your argument contains too many reasoning statements. Select one reasoning statement that explains why your evidence supports your claim.,Your argument contains too many reasoning statements. Select one reasoning statement that explains why your evidence supports your claim.,,ID exists in current dialogue DB but did not fire in this playthrough (may be conditional dialogue),"xlsx[108,53]='Your argument contains too many reasoning statements. Select' || export[108,53]='Your argument contains too many reasoning statements. Select'"
DialogueNodeEvent:108:54,U5/Argumentation Feedback,U5P3,grading,U5P3:Target,True,True,True,0,EXPECTED_DIALOGUE_NOT_OBSERVED,MEDIUM,Your reasoning statements are redundant. Make sure your reasoning explains why your evidence supports your claim.,Your reasoning statements are redundant. Make sure your reasoning explains why your evidence supports your claim.,,ID exists in current dialogue DB but did not fire in this playthrough (may be conditional dialogue),"xlsx[108,54]='Your reasoning statements are redundant. Make sure your reas' || export[108,54]='Your reasoning statements are redundant. Make sure your reas'"
DialogueNodeEvent:108:55,U5/Argumentation Feedback,U5P3,grading,U5P3:Target,True,True,True,0,EXPECTED_DIALOGUE_NOT_OBSERVED,MEDIUM,Your reasoning statements are redundant. Select one reasoning statement that best explains why your evidence supports your claim.\n,Your reasoning statements are redundant. Select one reasoning statement that best explains why your evidence supports your claim.\n,,ID exists in current dialogue DB but did not fire in this playthrough (may be conditional dialogue),"xlsx[108,55]='Your reasoning statements are redundant. Select one reasonin' || export[108,55]='Your reasoning statements are redundant. Select one reasonin'"
DialogueNodeEvent:108:59,U5/Argumentation Feedback,U5P3,grading,U5P3:Target,True,True,True,0,EXPECTED_DIALOGUE_NOT_OBSERVED,MEDIUM,Your reasoning does not describe how water behaves in nature. Are you sure the water is being filtered?,Your reasoning does not describe how water behaves in nature. Are you sure the water is being filtered?,,ID exists in current dialogue DB but did not fire in this playthrough (may be conditional dialogue),"xlsx[108,59]='Your reasoning does not describe how water behaves in nature' || export[108,59]='Your reasoning does not describe how water behaves in nature'"
DialogueNodeEvent:108:60,U5/Argumentation Feedback,U5P3,grading,U5P3:Target,True,True,True,0,EXPECTED_DIALOGUE_NOT_OBSERVED,MEDIUM,"Your claim and evidence makes sense, but your reasoning does not match the rest of your argument. Try using a different reasoning.","Your claim and evidence makes sense, but your reasoning does not match the rest of your argument. Try using a different reasoning.",,ID exists in current dialogue DB but did not fire in this playthrough (may be conditional dialogue),"xlsx[108,60]='Your claim and evidence makes sense, but your reasoning does' || export[108,60]='Your claim and evidence makes sense, but your reasoning does'"
DialogueNodeEvent:108:61,U5/Argumentation Feedback,U5P3,grading,U5P3:Target,True,True,True,0,EXPECTED_DIALOGUE_NOT_OBSERVED,MEDIUM,Your reasoning does not describe how water behaves in nature. Are you sure the water is being transformed into salt? \n,Your reasoning does not describe how water behaves in nature. Are you sure the water is being transformed into salt? \n,,ID exists in current dialogue DB but did not fire in this playthrough (may be conditional dialogue),"xlsx[108,61]='Your reasoning does not describe how water behaves in nature' || export[108,61]='Your reasoning does not describe how water behaves in nature'"
DialogueNodeEvent:108:62,U5/Argumentation Feedback,U5P3,grading,U5P3:Target,True,True,True,0,EXPECTED_DIALOGUE_NOT_OBSERVED,MEDIUM,"Your claim and evidence makes sense, but your reasoning does not match the rest of your argument. Try using a different reasoning. \n","Your claim and evidence makes sense, but your reasoning does not match the rest of your argument. Try using a different reasoning. \n",,ID exists in current dialogue DB but did not fire in this playthrough (may be conditional dialogue),"xlsx[108,62]='Your claim and evidence makes sense, but your reasoning does' || export[108,62]='Your claim and evidence makes sense, but your reasoning does'"
DialogueNodeEvent:108:63,U5/Argumentation Feedback,U5P3,grading,U5P3:Target,True,True,True,0,EXPECTED_DIALOGUE_NOT_OBSERVED,MEDIUM,Your reasoning and claim make sense. But your argument could use another piece of evidence.,Your reasoning and claim make sense. But your argument could use another piece of evidence. ,,ID exists in current dialogue DB but did not fire in this playthrough (may be conditional dialogue),"xlsx[108,63]='Your reasoning and claim make sense. But your argument could' || export[108,63]='Your reasoning and claim make sense. But your argument could'"
DialogueNodeEvent:108:64,U5/Argumentation Feedback,U5P3,grading,U5P3:Target,True,True,True,1,EXACT_MATCH,HIGH,Your reasoning and claim make sense. But your argument could use another piece of evidence. Add one more piece to make your argument stronger.,Your reasoning and claim make sense. But your argument could use another piece of evidence. Add one more piece to make your argument stronger. ,,ID exists in current dialogue DB and fired in this playthrough,"xlsx[108,64]='Your reasoning and claim make sense. But your argument could' || export[108,64]='Your reasoning and claim make sense. But your argument could' || observed x1, e.g. _id=6aaae58b485cab4c95457f2c ts=2026-09-16T18:52:59.4950000Z (wenyi091426-3.stratalog.logdata.json)"
DialogueNodeEvent:108:65,U5/Argumentation Feedback,U5P3,grading,U5P3:Target,True,True,True,1,EXACT_MATCH,HIGH,"Your argument is very close to ideal, but your reasoning should connect all of your pieces of evidence with your claim.","Your argument is very close to ideal, but your reasoning should connect all of your pieces of evidence with your claim. ",,ID exists in current dialogue DB and fired in this playthrough,"xlsx[108,65]='Your argument is very close to ideal, but your reasoning sho' || export[108,65]='Your argument is very close to ideal, but your reasoning sho' || observed x1, e.g. _id=6aaae580485cab4c95457f0c ts=2026-09-16T18:52:48.8400000Z (wenyi091426-3.stratalog.logdata.json)"
DialogueNodeEvent:108:66,U5/Argumentation Feedback,U5P3,grading,U5P3:Target,True,True,True,0,EXPECTED_DIALOGUE_NOT_OBSERVED,MEDIUM,Your reasoning should connect all of your pieces of evidence with your claim.  Try using a different reasoning that connects all of your evidence to your claim.,Your reasoning should connect all of your pieces of evidence with your claim.  Try using a different reasoning that connects all of your evidence to your claim.,,ID exists in current dialogue DB but did not fire in this playthrough (may be conditional dialogue),"xlsx[108,66]='Your reasoning should connect all of your pieces of evidence' || export[108,66]='Your reasoning should connect all of your pieces of evidence'"
DialogueNodeEvent:108:68,U5/Argumentation Feedback,U5P3,grading,U5P3:Target,True,True,True,0,EXPECTED_DIALOGUE_NOT_OBSERVED,MEDIUM,Your argument contains evidence that does not support your claim. Select the evidence that supports your claim.,Your argument contains evidence that does not support your claim. Select the evidence that supports your claim.,,ID exists in current dialogue DB but did not fire in this playthrough (may be conditional dialogue),"xlsx[108,68]='Your argument contains evidence that does not support your c' || export[108,68]='Your argument contains evidence that does not support your c'"
DialogueNodeEvent:108:69,U5/Argumentation Feedback,U5P3,grading,U5P3:Target,True,True,True,0,EXPECTED_DIALOGUE_NOT_OBSERVED,MEDIUM,Your argument contains evidence that does not support your claim. Select one piece of the evidence that best supports your claim.,Your argument contains evidence that does not support your claim. Select one piece of the evidence that best supports your claim.,,ID exists in current dialogue DB but did not fire in this playthrough (may be conditional dialogue),"xlsx[108,69]='Your argument contains evidence that does not support your c' || export[108,69]='Your argument contains evidence that does not support your c'"
DialogueNodeEvent:108:70,U5/Argumentation Feedback,U5P3,grading,U5P3:Target,True,True,True,0,EXPECTED_DIALOGUE_NOT_OBSERVED,MEDIUM,You are restating Aryn’s claim. We are pretty sure this is incorrect. Try using another claim.,You are restating Aryn’s claim. We are pretty sure this is incorrect. Try using another claim.,,ID exists in current dialogue DB but did not fire in this playthrough (may be conditional dialogue),"xlsx[108,70]='You are restating Aryn’s claim. We are pretty sure this is i' || export[108,70]='You are restating Aryn’s claim. We are pretty sure this is i'"
DialogueNodeEvent:108:72,U5/Argumentation Feedback,U5P3,grading,U5P3:Target,True,True,True,0,EXPECTED_DIALOGUE_NOT_OBSERVED,MEDIUM,"You are restating Aryn’s claim. Since we collected evidence that water disappeared for natural reasons, try building an argument that doesn't align with what Aryn says.","You are restating Aryn’s claim. Since we collected evidence that water disappeared for natural reasons, try building an argument that doesn't align with what Aryn says.",,ID exists in current dialogue DB but did not fire in this playthrough (may be conditional dialogue),"xlsx[108,72]='You are restating Aryn’s claim. Since we collected evidence ' || export[108,72]='You are restating Aryn’s claim. Since we collected evidence '"
DialogueNodeEvent:108:73,U5/Argumentation Feedback,U5P3,grading,U5P3:Target,True,True,True,0,EXPECTED_DIALOGUE_NOT_OBSERVED,MEDIUM,You are restating Aryn’s claim. We are pretty sure this is incorrect. Try using another claim.,You are restating Aryn’s claim. We are pretty sure this is incorrect. Try using another claim.,,ID exists in current dialogue DB but did not fire in this playthrough (may be conditional dialogue),"xlsx[108,73]='You are restating Aryn’s claim. We are pretty sure this is i' || export[108,73]='You are restating Aryn’s claim. We are pretty sure this is i'"
DialogueNodeEvent:108:74,U5/Argumentation Feedback,U5P3,grading,U5P3:Target,True,True,True,0,EXPECTED_DIALOGUE_NOT_OBSERVED,MEDIUM,"You are restating Aryn’s claim. Since we collected evidence that water disappeared for natural reasons, try building an argument that doesn't align with what Aryn says.","You are restating Aryn’s claim. Since we collected evidence that water disappeared for natural reasons, try building an argument that doesn't align with what Aryn says.",,ID exists in current dialogue DB but did not fire in this playthrough (may be conditional dialogue),"xlsx[108,74]='You are restating Aryn’s claim. Since we collected evidence ' || export[108,74]='You are restating Aryn’s claim. Since we collected evidence '"
DialogueNodeEvent:108:75,U5/Argumentation Feedback,U5P3,grading,U5P3:Target,True,True,True,0,EXPECTED_DIALOGUE_NOT_OBSERVED,MEDIUM,You are restating Aryn’s claim. We are pretty sure this is incorrect. Try using another claim.,You are restating Aryn’s claim. We are pretty sure this is incorrect. Try using another claim.,,ID exists in current dialogue DB but did not fire in this playthrough (may be conditional dialogue),"xlsx[108,75]='You are restating Aryn’s claim. We are pretty sure this is i' || export[108,75]='You are restating Aryn’s claim. We are pretty sure this is i'"
DialogueNodeEvent:108:76,U5/Argumentation Feedback,U5P3,grading,U5P3:Target,True,True,True,0,EXPECTED_DIALOGUE_NOT_OBSERVED,MEDIUM,Your claim and evidence are not aligned with your reasoning. You are restating Aryn’s claim. We are pretty sure this is incorrect. Try using another claim.,Your claim and evidence are not aligned with your reasoning. You are restating Aryn’s claim. We are pretty sure this is incorrect. Try using another claim.,,ID exists in current dialogue DB but did not fire in this playthrough (may be conditional dialogue),"xlsx[108,76]='Your claim and evidence are not aligned with your reasoning.' || export[108,76]='Your claim and evidence are not aligned with your reasoning.'"
DialogueNodeEvent:108:78,U5/Argumentation Feedback,U5P3,grading,U5P3:Target,True,True,True,0,EXPECTED_DIALOGUE_NOT_OBSERVED,MEDIUM,Your claim and evidence are not aligned. You are restating Aryn’s claim. We are pretty sure this is incorrect. Try building an argument that doesn't align with what Aryn says.,Your claim and evidence are not aligned. You are restating Aryn’s claim. We are pretty sure this is incorrect. Try building an argument that doesn't align with what Aryn says.,,ID exists in current dialogue DB but did not fire in this playthrough (may be conditional dialogue),"xlsx[108,78]='Your claim and evidence are not aligned. You are restating A' || export[108,78]='Your claim and evidence are not aligned. You are restating A'"
DialogueNodeEvent:108:79,U5/Argumentation Feedback,U5P3,grading,U5P3:Target,True,True,True,0,EXPECTED_DIALOGUE_NOT_OBSERVED,MEDIUM,Your claim and evidence are not aligned. You are restating Aryn’s claim. We are pretty sure this is incorrect. Try using another claim.,Your claim and evidence are not aligned. You are restating Aryn’s claim. We are pretty sure this is incorrect. Try using another claim.,,ID exists in current dialogue DB but did not fire in this playthrough (may be conditional dialogue),"xlsx[108,79]='Your claim and evidence are not aligned. You are restating A' || export[108,79]='Your claim and evidence are not aligned. You are restating A'"
DialogueNodeEvent:108:80,U5/Argumentation Feedback,U5P3,grading,U5P3:Target,True,True,True,0,EXPECTED_DIALOGUE_NOT_OBSERVED,MEDIUM,Logically your evidence does not support your claim. The amount of salt in the collector does not explain what happens to the water.\n,Logically your evidence does not support your claim. The amount of salt in the collector does not explain what happens to the water.\n,,ID exists in current dialogue DB but did not fire in this playthrough (may be conditional dialogue),"xlsx[108,80]='Logically your evidence does not support your claim. The amo' || export[108,80]='Logically your evidence does not support your claim. The amo'"
DialogueNodeEvent:108:82,U5/Argumentation Feedback,U5P3,grading,U5P3:Target,True,True,True,0,EXPECTED_DIALOGUE_NOT_OBSERVED,MEDIUM,Scientifically your evidence does not support your claim.,Scientifically your evidence does not support your claim.,,ID exists in current dialogue DB but did not fire in this playthrough (may be conditional dialogue),"xlsx[108,82]='Scientifically your evidence does not support your claim.' || export[108,82]='Scientifically your evidence does not support your claim.'"
DialogueNodeEvent:108:83,U5/Argumentation Feedback,U5P3,grading,U5P3:Target,True,True,True,0,EXPECTED_DIALOGUE_NOT_OBSERVED,MEDIUM,Your claim sounds good. Try using a different piece of evidence.,Your claim sounds good. Try using a different piece of evidence.,,ID exists in current dialogue DB but did not fire in this playthrough (may be conditional dialogue),"xlsx[108,83]='Your claim sounds good. Try using a different piece of evide' || export[108,83]='Your claim sounds good. Try using a different piece of evide'"
DialogueNodeEvent:108:84,U5/Argumentation Feedback,U5P3,grading,U5P3:Target,True,True,True,0,EXPECTED_DIALOGUE_NOT_OBSERVED,MEDIUM,Your reasoning does not describe how water behaves in nature. Are you sure the water is being filtered?,Your reasoning does not describe how water behaves in nature. Are you sure the water is being filtered?,,ID exists in current dialogue DB but did not fire in this playthrough (may be conditional dialogue),"xlsx[108,84]='Your reasoning does not describe how water behaves in nature' || export[108,84]='Your reasoning does not describe how water behaves in nature'"
DialogueNodeEvent:108:85,U5/Argumentation Feedback,U5P3,grading,U5P3:Target,True,True,True,0,EXPECTED_DIALOGUE_NOT_OBSERVED,MEDIUM,Your reasoning does not describe how water behaves in nature. Are you sure the water is being filtered?,Your reasoning does not describe how water behaves in nature. Are you sure the water is being filtered?,,ID exists in current dialogue DB but did not fire in this playthrough (may be conditional dialogue),"xlsx[108,85]='Your reasoning does not describe how water behaves in nature' || export[108,85]='Your reasoning does not describe how water behaves in nature'"
DialogueNodeEvent:108:86,U5/Argumentation Feedback,U5P3,grading,U5P3:Target,True,True,True,0,EXPECTED_DIALOGUE_NOT_OBSERVED,MEDIUM,Your reasoning does not describe how water behaves in nature. Are you sure the water is being transformed into salt?,Your reasoning does not describe how water behaves in nature. Are you sure the water is being transformed into salt? ,,ID exists in current dialogue DB but did not fire in this playthrough (may be conditional dialogue),"xlsx[108,86]='Your reasoning does not describe how water behaves in nature' || export[108,86]='Your reasoning does not describe how water behaves in nature'"
DialogueNodeEvent:108:87,U5/Argumentation Feedback,U5P3,grading,U5P3:Target,True,True,True,0,EXPECTED_DIALOGUE_NOT_OBSERVED,MEDIUM,"Your claim and evidence makes sense, but your reasoning does not match the rest of your argument. Try using a different reasoning.","Your claim and evidence makes sense, but your reasoning does not match the rest of your argument. Try using a different reasoning. ",,ID exists in current dialogue DB but did not fire in this playthrough (may be conditional dialogue),"xlsx[108,87]='Your claim and evidence makes sense, but your reasoning does' || export[108,87]='Your claim and evidence makes sense, but your reasoning does'"
DialogueNodeEvent:108:88,U5/Argumentation Feedback,U5P3,grading,U5P3:Target,True,True,True,0,EXPECTED_DIALOGUE_NOT_OBSERVED,MEDIUM,"Your argument is very close to ideal, but your reasoning should connect all of your pieces of evidence with your claim.","Your argument is very close to ideal, but your reasoning should connect all of your pieces of evidence with your claim. ",,ID exists in current dialogue DB but did not fire in this playthrough (may be conditional dialogue),"xlsx[108,88]='Your argument is very close to ideal, but your reasoning sho' || export[108,88]='Your argument is very close to ideal, but your reasoning sho'"
DialogueNodeEvent:108:89,U5/Argumentation Feedback,U5P3,grading,U5P3:Target,True,True,True,0,EXPECTED_DIALOGUE_NOT_OBSERVED,MEDIUM,Your reasoning should connect all of your pieces of evidence with your claim.  Try using a different reasoning that connects all of your evidence to your claim.,Your reasoning should connect all of your pieces of evidence with your claim.  Try using a different reasoning that connects all of your evidence to your claim.,,ID exists in current dialogue DB but did not fire in this playthrough (may be conditional dialogue),"xlsx[108,89]='Your reasoning should connect all of your pieces of evidence' || export[108,89]='Your reasoning should connect all of your pieces of evidence'"
DialogueNodeEvent:108:90,U5/Argumentation Feedback,U5P3,grading,U5P3:Target,True,True,True,0,EXPECTED_DIALOGUE_NOT_OBSERVED,MEDIUM,Your argument contains too many reasoning statements. Make sure your reasoning explains why your evidence supports your claim.,Your argument contains too many reasoning statements. Make sure your reasoning explains why your evidence supports your claim.,,ID exists in current dialogue DB but did not fire in this playthrough (may be conditional dialogue),"xlsx[108,90]='Your argument contains too many reasoning statements. Make s' || export[108,90]='Your argument contains too many reasoning statements. Make s'"
DialogueNodeEvent:108:91,U5/Argumentation Feedback,U5P3,grading,U5P3:Target,True,True,True,0,EXPECTED_DIALOGUE_NOT_OBSERVED,MEDIUM,Your argument contains too many reasoning statements. Select one reasoning statement that explains why your evidence supports your claim.,Your argument contains too many reasoning statements. Select one reasoning statement that explains why your evidence supports your claim.,,ID exists in current dialogue DB but did not fire in this playthrough (may be conditional dialogue),"xlsx[108,91]='Your argument contains too many reasoning statements. Select' || export[108,91]='Your argument contains too many reasoning statements. Select'"
