eventKey,kind,count,eventTypes,scenes,first_ts,last_ts,example_id,example_src
DialogueNodeEvent:100:0,dialogue,4,DialogueEvent,Unit 5 Dev - Dungeon,2026-09-16T18:32:23.8440000Z,2026-09-16T18:34:06.9610000Z,6aaae0b7485cab4c954574f2,wenyi091426-3.stratalog.logdata.json
DialogueNodeEvent:100:34,dialogue,1,DialogueEvent,Unit 5 Dev - Dungeon,2026-09-16T18:32:23.8590000Z,2026-09-16T18:32:23.8590000Z,6aaae0b7485cab4c954574f6,wenyi091426-3.stratalog.logdata.json
DialogueNodeEvent:100:35,dialogue,1,DialogueEvent,Unit 5 Dev - Dungeon,2026-09-16T18:32:44.9700000Z,2026-09-16T18:32:44.9700000Z,6aaae0cc485cab4c954575c8,wenyi091426-3.stratalog.logdata.json
DialogueNodeEvent:100:37,dialogue,1,DialogueEvent,Unit 5 Dev - Dungeon,2026-09-16T18:33:31.1260000Z,2026-09-16T18:33:31.1260000Z,6aaae0fa485cab4c954576ae,wenyi091426-3.stratalog.logdata.json
DialogueNodeEvent:100:39,dialogue,1,DialogueEvent,Unit 5 Dev - Dungeon,2026-09-16T18:34:06.9770000Z,2026-09-16T18:34:06.9770000Z,6aaae11e485cab4c95457744,wenyi091426-3.stratalog.logdata.json
DialogueNodeEvent:100:40,dialogue,1,DialogueEvent,Unit 5 Dev - Dungeon,2026-09-16T18:34:13.0290000Z,2026-09-16T18:34:13.0290000Z,6aaae124485cab4c9545774c,wenyi091426-3.stratalog.logdata.json
DialogueNodeEvent:100:41,dialogue,1,DialogueEvent,Unit 5 Dev - Dungeon,2026-09-16T18:34:14.9300000Z,2026-09-16T18:34:14.9300000Z,6aaae126485cab4c9545774e,wenyi091426-3.stratalog.logdata.json
DialogueNodeEvent:100:44,dialogue,1,DialogueEvent,Unit 5 Dev - Dungeon,2026-09-16T18:34:34.6420000Z,2026-09-16T18:34:34.6420000Z,6aaae13a485cab4c95457810,wenyi091426-3.stratalog.logdata.json
DialogueNodeEvent:100:46,dialogue,1,DialogueEvent,Unit 5 Dev - Dungeon,2026-09-16T18:34:20.4840000Z,2026-09-16T18:34:20.4840000Z,6aaae12c485cab4c95457750,wenyi091426-3.stratalog.logdata.json
DialogueNodeEvent:101:0,dialogue,1,DialogueEvent,Unit 2 Prod (Refactor),2026-09-16T15:32:52.7930000Z,2026-09-16T15:32:52.7930000Z,6aaab6a4485cab4c95454c22,wenyi091426-3.stratalog.logdata.json
DialogueNodeEvent:101:1,dialogue,1,DialogueEvent,Unit 2 Prod (Refactor),2026-09-16T15:32:52.8090000Z,2026-09-16T15:32:52.8090000Z,6aaab6a4485cab4c95454c26,wenyi091426-3.stratalog.logdata.json
DialogueNodeEvent:102:0,dialogue,4,DialogueEvent,Unit 4 Dev,2026-09-16T17:30:10.7730000Z,2026-09-16T17:32:03.3110000Z,6aaad222485cab4c9545603a,wenyi091426-3.stratalog.logdata.json
DialogueNodeEvent:102:10,dialogue,1,DialogueEvent,Unit 4 Dev,2026-09-16T17:31:35.8130000Z,2026-09-16T17:31:35.8130000Z,6aaad277485cab4c95456370,wenyi091426-3.stratalog.logdata.json
DialogueNodeEvent:102:14,dialogue,1,DialogueEvent,Unit 4 Dev,2026-09-16T17:30:08.1240000Z,2026-09-16T17:30:08.1240000Z,6aaad220485cab4c95456026,wenyi091426-3.stratalog.logdata.json
DialogueNodeEvent:102:15,dialogue,1,DialogueEvent,Unit 4 Dev,2026-09-16T17:30:38.1190000Z,2026-09-16T17:30:38.1190000Z,6aaad23d485cab4c954560e2,wenyi091426-3.stratalog.logdata.json
DialogueNodeEvent:102:16,dialogue,1,DialogueEvent,Unit 4 Dev,2026-09-16T17:30:08.1200000Z,2026-09-16T17:30:08.1200000Z,6aaad21f485cab4c95456020,wenyi091426-3.stratalog.logdata.json
DialogueNodeEvent:102:18,dialogue,1,DialogueEvent,Unit 4 Dev,2026-09-16T17:32:03.3270000Z,2026-09-16T17:32:03.3270000Z,6aaad293485cab4c954564dc,wenyi091426-3.stratalog.logdata.json
DialogueNodeEvent:102:20,dialogue,1,DialogueEvent,Unit 4 Dev,2026-09-16T17:32:08.4620000Z,2026-09-16T17:32:08.4620000Z,6aaad298485cab4c954564ec,wenyi091426-3.stratalog.logdata.json
DialogueNodeEvent:102:21,dialogue,1,DialogueEvent,Unit 4 Dev,2026-09-16T17:32:09.4960000Z,2026-09-16T17:32:09.4960000Z,6aaad299485cab4c954564ee,wenyi091426-3.stratalog.logdata.json
DialogueNodeEvent:102:3,dialogue,1,DialogueEvent,Unit 4 Dev,2026-09-16T17:30:10.7880000Z,2026-09-16T17:30:10.7880000Z,6aaad222485cab4c9545603e,wenyi091426-3.stratalog.logdata.json
DialogueNodeEvent:102:7,dialogue,1,DialogueEvent,Unit 4 Dev,2026-09-16T17:30:52.0590000Z,2026-09-16T17:30:52.0590000Z,6aaad24b485cab4c954561c4,wenyi091426-3.stratalog.logdata.json
DialogueNodeEvent:103:0,dialogue,4,DialogueEvent,Unit 2 Prod (Refactor),2026-09-16T15:38:43.9480000Z,2026-09-16T15:40:37.7030000Z,6aaab803485cab4c95454d9c,wenyi091426-3.stratalog.logdata.json
DialogueNodeEvent:103:1,dialogue,1,DialogueEvent,Unit 2 Prod (Refactor),2026-09-16T15:38:43.9510000Z,2026-09-16T15:38:43.9510000Z,6aaab803485cab4c95454da0,wenyi091426-3.stratalog.logdata.json
DialogueNodeEvent:103:12,dialogue,1,DialogueEvent,Unit 2 Prod (Refactor),2026-09-16T15:39:49.7950000Z,2026-09-16T15:39:49.7950000Z,6aaab845485cab4c95454dc6,wenyi091426-3.stratalog.logdata.json
DialogueNodeEvent:103:15,dialogue,1,DialogueEvent,Unit 2 Prod (Refactor),2026-09-16T15:39:54.1310000Z,2026-09-16T15:39:54.1310000Z,6aaab84a485cab4c95454dc8,wenyi091426-3.stratalog.logdata.json
DialogueNodeEvent:103:16,dialogue,1,DialogueEvent,Unit 2 Prod (Refactor),2026-09-16T15:39:58.0340000Z,2026-09-16T15:39:58.0340000Z,6aaab84d485cab4c95454dca,wenyi091426-3.stratalog.logdata.json
DialogueNodeEvent:103:17,dialogue,1,DialogueEvent,Unit 2 Prod (Refactor),2026-09-16T15:40:10.0250000Z,2026-09-16T15:40:10.0250000Z,6aaab85a485cab4c95454ddc,wenyi091426-3.stratalog.logdata.json
DialogueNodeEvent:103:19,dialogue,1,DialogueEvent,Unit 2 Prod (Refactor),2026-09-16T15:40:18.9600000Z,2026-09-16T15:40:18.9600000Z,6aaab862485cab4c95454de0,wenyi091426-3.stratalog.logdata.json
DialogueNodeEvent:103:2,dialogue,1,DialogueEvent,Unit 2 Prod (Refactor),2026-09-16T15:38:59.6050000Z,2026-09-16T15:38:59.6050000Z,6aaab813485cab4c95454da6,wenyi091426-3.stratalog.logdata.json
DialogueNodeEvent:103:22,dialogue,1,DialogueEvent,Unit 2 Prod (Refactor),2026-09-16T15:40:21.9440000Z,2026-09-16T15:40:21.9440000Z,6aaab865485cab4c95454de2,wenyi091426-3.stratalog.logdata.json
DialogueNodeEvent:103:24,dialogue,1,DialogueEvent,Unit 2 Prod (Refactor),2026-09-16T15:40:26.4980000Z,2026-09-16T15:40:26.4980000Z,6aaab86a485cab4c95454de4,wenyi091426-3.stratalog.logdata.json
DialogueNodeEvent:103:25,dialogue,1,DialogueEvent,Unit 2 Prod (Refactor),2026-09-16T15:40:37.7060000Z,2026-09-16T15:40:37.7060000Z,6aaab875485cab4c95454df0,wenyi091426-3.stratalog.logdata.json
DialogueNodeEvent:103:26,dialogue,1,DialogueEvent,Unit 2 Prod (Refactor),2026-09-16T15:40:43.4050000Z,2026-09-16T15:40:43.4050000Z,6aaab87b485cab4c95454df4,wenyi091426-3.stratalog.logdata.json
DialogueNodeEvent:103:27,dialogue,1,DialogueEvent,Unit 2 Prod (Refactor),2026-09-16T15:40:50.5420000Z,2026-09-16T15:40:50.5420000Z,6aaab882485cab4c95454df8,wenyi091426-3.stratalog.logdata.json
DialogueNodeEvent:103:28,dialogue,1,DialogueEvent,Unit 2 Prod (Refactor),2026-09-16T15:40:55.0880000Z,2026-09-16T15:40:55.0880000Z,6aaab887485cab4c95454dfc,wenyi091426-3.stratalog.logdata.json
DialogueNodeEvent:103:31,dialogue,1,DialogueEvent,Unit 2 Prod (Refactor),2026-09-16T15:41:02.0000000Z,2026-09-16T15:41:02.0000000Z,6aaab88d485cab4c95454e04,wenyi091426-3.stratalog.logdata.json
DialogueNodeEvent:103:32,dialogue,1,DialogueEvent,Unit 2 Prod (Refactor),2026-09-16T15:40:57.8790000Z,2026-09-16T15:40:57.8790000Z,6aaab889485cab4c95454dfe,wenyi091426-3.stratalog.logdata.json
DialogueNodeEvent:103:4,dialogue,1,DialogueEvent,Unit 2 Prod (Refactor),2026-09-16T15:39:02.1730000Z,2026-09-16T15:39:02.1730000Z,6aaab816485cab4c95454da8,wenyi091426-3.stratalog.logdata.json
DialogueNodeEvent:103:6,dialogue,1,DialogueEvent,Unit 2 Prod (Refactor),2026-09-16T15:39:10.4260000Z,2026-09-16T15:39:10.4260000Z,6aaab81e485cab4c95454dac,wenyi091426-3.stratalog.logdata.json
DialogueNodeEvent:103:7,dialogue,1,DialogueEvent,Unit 2 Prod (Refactor),2026-09-16T15:39:13.0620000Z,2026-09-16T15:39:13.0620000Z,6aaab820485cab4c95454dae,wenyi091426-3.stratalog.logdata.json
DialogueNodeEvent:103:8,dialogue,1,DialogueEvent,Unit 2 Prod (Refactor),2026-09-16T15:39:32.8910000Z,2026-09-16T15:39:32.8910000Z,6aaab834485cab4c95454dbe,wenyi091426-3.stratalog.logdata.json
DialogueNodeEvent:103:9,dialogue,1,DialogueEvent,Unit 2 Prod (Refactor),2026-09-16T15:39:43.2440000Z,2026-09-16T15:39:43.2440000Z,6aaab83f485cab4c95454dc2,wenyi091426-3.stratalog.logdata.json
DialogueNodeEvent:104:1,dialogue,1,DialogueEvent,Unit 3 Dev,2026-09-16T17:16:51.8500000Z,2026-09-16T17:16:51.8500000Z,6aaacf03485cab4c95455ca2,wenyi091426-3.stratalog.logdata.json
DialogueNodeEvent:104:10,dialogue,1,DialogueEvent,Unit 3 Dev,2026-09-16T17:17:55.5130000Z,2026-09-16T17:17:55.5130000Z,6aaacf43485cab4c95455cbe,wenyi091426-3.stratalog.logdata.json
DialogueNodeEvent:104:12,dialogue,1,DialogueEvent,Unit 3 Dev,2026-09-16T17:18:05.5180000Z,2026-09-16T17:18:05.5180000Z,6aaacf4d485cab4c95455cc2,wenyi091426-3.stratalog.logdata.json
DialogueNodeEvent:104:13,dialogue,1,DialogueEvent,Unit 3 Dev,2026-09-16T17:18:12.1550000Z,2026-09-16T17:18:12.1550000Z,6aaacf53485cab4c95455cd6,wenyi091426-3.stratalog.logdata.json
DialogueNodeEvent:104:14,dialogue,1,DialogueEvent,Unit 3 Dev,2026-09-16T17:18:26.1110000Z,2026-09-16T17:18:26.1110000Z,6aaacf61485cab4c95455cdc,wenyi091426-3.stratalog.logdata.json
DialogueNodeEvent:104:15,dialogue,1,DialogueEvent,Unit 3 Dev,2026-09-16T17:19:41.9310000Z,2026-09-16T17:19:41.9310000Z,6aaacfad485cab4c95455cee,wenyi091426-3.stratalog.logdata.json
DialogueNodeEvent:104:17,dialogue,1,DialogueEvent,Unit 3 Dev,2026-09-16T17:19:44.5830000Z,2026-09-16T17:19:44.5830000Z,6aaacfb0485cab4c95455cf0,wenyi091426-3.stratalog.logdata.json
DialogueNodeEvent:104:18,dialogue,1,DialogueEvent,Unit 3 Dev,2026-09-16T17:20:08.3110000Z,2026-09-16T17:20:08.3110000Z,6aaacfc8485cab4c95455cf8,wenyi091426-3.stratalog.logdata.json
DialogueNodeEvent:104:2,dialogue,1,DialogueEvent,Unit 3 Dev,2026-09-16T17:17:06.6220000Z,2026-09-16T17:17:06.6220000Z,6aaacf12485cab4c95455ca8,wenyi091426-3.stratalog.logdata.json
DialogueNodeEvent:104:20,dialogue,1,DialogueEvent,Unit 3 Dev,2026-09-16T17:20:13.4300000Z,2026-09-16T17:20:13.4300000Z,6aaacfcd485cab4c95455cfa,wenyi091426-3.stratalog.logdata.json
DialogueNodeEvent:104:22,dialogue,1,DialogueEvent,Unit 3 Dev,2026-09-16T17:20:24.7540000Z,2026-09-16T17:20:24.7540000Z,6aaacfd8485cab4c95455cfe,wenyi091426-3.stratalog.logdata.json
DialogueNodeEvent:104:23,dialogue,1,DialogueEvent,Unit 3 Dev,2026-09-16T17:20:36.0420000Z,2026-09-16T17:20:36.0420000Z,6aaacfe3485cab4c95455d08,wenyi091426-3.stratalog.logdata.json
DialogueNodeEvent:104:25,dialogue,1,DialogueEvent,Unit 3 Dev,2026-09-16T17:20:57.6600000Z,2026-09-16T17:20:57.6600000Z,6aaacff9485cab4c95455d16,wenyi091426-3.stratalog.logdata.json
DialogueNodeEvent:104:26,dialogue,1,DialogueEvent,Unit 3 Dev,2026-09-16T17:20:59.8030000Z,2026-09-16T17:20:59.8030000Z,6aaacffb485cab4c95455d18,wenyi091426-3.stratalog.logdata.json
DialogueNodeEvent:104:27,dialogue,1,DialogueEvent,Unit 3 Dev,2026-09-16T17:21:06.7750000Z,2026-09-16T17:21:06.7750000Z,6aaad002485cab4c95455d1c,wenyi091426-3.stratalog.logdata.json
DialogueNodeEvent:104:4,dialogue,1,DialogueEvent,Unit 3 Dev,2026-09-16T17:17:13.7760000Z,2026-09-16T17:17:13.7760000Z,6aaacf19485cab4c95455cac,wenyi091426-3.stratalog.logdata.json
DialogueNodeEvent:104:5,dialogue,1,DialogueEvent,Unit 3 Dev,2026-09-16T17:17:21.6300000Z,2026-09-16T17:17:21.6300000Z,6aaacf21485cab4c95455cb0,wenyi091426-3.stratalog.logdata.json
DialogueNodeEvent:104:6,dialogue,1,DialogueEvent,Unit 3 Dev,2026-09-16T17:17:27.3990000Z,2026-09-16T17:17:27.3990000Z,6aaacf27485cab4c95455cb4,wenyi091426-3.stratalog.logdata.json
DialogueNodeEvent:104:7,dialogue,1,DialogueEvent,Unit 3 Dev,2026-09-16T17:17:36.5200000Z,2026-09-16T17:17:36.5200000Z,6aaacf30485cab4c95455cb6,wenyi091426-3.stratalog.logdata.json
DialogueNodeEvent:104:8,dialogue,1,DialogueEvent,Unit 3 Dev,2026-09-16T17:17:50.8440000Z,2026-09-16T17:17:50.8440000Z,6aaacf3e485cab4c95455cbc,wenyi091426-3.stratalog.logdata.json
DialogueNodeEvent:105:1,dialogue,1,DialogueEvent,Unit 4 Dev,2026-09-16T18:19:40.2550000Z,2026-09-16T18:19:40.2550000Z,6aaaddbb485cab4c95457234,wenyi091426-3.stratalog.logdata.json
DialogueNodeEvent:105:10,dialogue,1,DialogueEvent,Unit 4 Dev,2026-09-16T18:21:01.0100000Z,2026-09-16T18:21:01.0100000Z,6aaade0c485cab4c9545725c,wenyi091426-3.stratalog.logdata.json
DialogueNodeEvent:105:12,dialogue,1,DialogueEvent,Unit 4 Dev,2026-09-16T18:21:11.7810000Z,2026-09-16T18:21:11.7810000Z,6aaade17485cab4c95457260,wenyi091426-3.stratalog.logdata.json
DialogueNodeEvent:105:14,dialogue,1,DialogueEvent,Unit 4 Dev,2026-09-16T18:21:23.0040000Z,2026-09-16T18:21:23.0040000Z,6aaade22485cab4c95457264,wenyi091426-3.stratalog.logdata.json
DialogueNodeEvent:105:15,dialogue,1,DialogueEvent,Unit 4 Dev,2026-09-16T18:22:28.8700000Z,2026-09-16T18:22:28.8700000Z,6aaade64485cab4c95457296,wenyi091426-3.stratalog.logdata.json
DialogueNodeEvent:105:16,dialogue,1,DialogueEvent,Unit 4 Dev,2026-09-16T18:23:02.2850000Z,2026-09-16T18:23:02.2850000Z,6aaade85485cab4c954572a0,wenyi091426-3.stratalog.logdata.json
DialogueNodeEvent:105:17,dialogue,1,DialogueEvent,Unit 4 Dev,2026-09-16T18:23:07.0880000Z,2026-09-16T18:23:07.0880000Z,6aaade8a485cab4c954572a2,wenyi091426-3.stratalog.logdata.json
DialogueNodeEvent:105:19,dialogue,1,DialogueEvent,Unit 4 Dev,2026-09-16T18:23:09.3890000Z,2026-09-16T18:23:09.3890000Z,6aaade8d485cab4c954572a6,wenyi091426-3.stratalog.logdata.json
DialogueNodeEvent:105:2,dialogue,1,DialogueEvent,Unit 4 Dev,2026-09-16T18:19:51.2420000Z,2026-09-16T18:19:51.2420000Z,6aaaddc6485cab4c9545723e,wenyi091426-3.stratalog.logdata.json
DialogueNodeEvent:105:20,dialogue,1,DialogueEvent,Unit 4 Dev,2026-09-16T18:24:28.1270000Z,2026-09-16T18:24:28.1270000Z,6aaadedb485cab4c954572ba,wenyi091426-3.stratalog.logdata.json
DialogueNodeEvent:105:22,dialogue,1,DialogueEvent,Unit 4 Dev,2026-09-16T18:24:32.7630000Z,2026-09-16T18:24:32.7630000Z,6aaadee0485cab4c954572be,wenyi091426-3.stratalog.logdata.json
DialogueNodeEvent:105:23,dialogue,1,DialogueEvent,Unit 4 Dev,2026-09-16T18:24:43.3680000Z,2026-09-16T18:24:43.3680000Z,6aaadeeb485cab4c954572c2,wenyi091426-3.stratalog.logdata.json
DialogueNodeEvent:105:26,dialogue,1,DialogueEvent,Unit 4 Dev,2026-09-16T18:24:53.7400000Z,2026-09-16T18:24:53.7400000Z,6aaadef5485cab4c954572c6,wenyi091426-3.stratalog.logdata.json
DialogueNodeEvent:105:27,dialogue,1,DialogueEvent,Unit 4 Dev,2026-09-16T18:21:30.0080000Z,2026-09-16T18:21:30.0080000Z,6aaade29485cab4c95457272,wenyi091426-3.stratalog.logdata.json
DialogueNodeEvent:105:28,dialogue,1,DialogueEvent,Unit 4 Dev,2026-09-16T18:21:43.9640000Z,2026-09-16T18:21:43.9640000Z,6aaade37485cab4c95457278,wenyi091426-3.stratalog.logdata.json
DialogueNodeEvent:105:29,dialogue,1,DialogueEvent,Unit 4 Dev,2026-09-16T18:21:48.2660000Z,2026-09-16T18:21:48.2660000Z,6aaade3b485cab4c9545727c,wenyi091426-3.stratalog.logdata.json
DialogueNodeEvent:105:31,dialogue,1,DialogueEvent,Unit 4 Dev,2026-09-16T18:21:50.6670000Z,2026-09-16T18:21:50.6670000Z,6aaade3e485cab4c9545727e,wenyi091426-3.stratalog.logdata.json
DialogueNodeEvent:105:34,dialogue,1,DialogueEvent,Unit 4 Dev,2026-09-16T18:22:12.9110000Z,2026-09-16T18:22:12.9110000Z,6aaade54485cab4c95457284,wenyi091426-3.stratalog.logdata.json
DialogueNodeEvent:105:37,dialogue,1,DialogueEvent,Unit 4 Dev,2026-09-16T18:22:16.6130000Z,2026-09-16T18:22:16.6130000Z,6aaade58485cab4c95457286,wenyi091426-3.stratalog.logdata.json
DialogueNodeEvent:105:38,dialogue,1,DialogueEvent,Unit 4 Dev,2026-09-16T18:22:17.4800000Z,2026-09-16T18:22:17.4800000Z,6aaade59485cab4c95457288,wenyi091426-3.stratalog.logdata.json
DialogueNodeEvent:105:39,dialogue,2,DialogueEvent,Unit 4 Dev,2026-09-16T18:25:32.7100000Z,2026-09-16T18:25:32.7140000Z,6aaadf1c485cab4c954572dc,wenyi091426-3.stratalog.logdata.json
DialogueNodeEvent:105:4,dialogue,1,DialogueEvent,Unit 4 Dev,2026-09-16T18:19:53.4100000Z,2026-09-16T18:19:53.4100000Z,6aaaddc9485cab4c95457240,wenyi091426-3.stratalog.logdata.json
DialogueNodeEvent:105:42,dialogue,1,DialogueEvent,Unit 4 Dev,2026-09-16T18:25:56.3780000Z,2026-09-16T18:25:56.3780000Z,6aaadf34485cab4c954572ee,wenyi091426-3.stratalog.logdata.json
DialogueNodeEvent:105:43,dialogue,1,DialogueEvent,Unit 4 Dev,2026-09-16T18:26:03.5400000Z,2026-09-16T18:26:03.5400000Z,6aaadf3b485cab4c954572f6,wenyi091426-3.stratalog.logdata.json
DialogueNodeEvent:105:44,dialogue,1,DialogueEvent,Unit 4 Dev,2026-09-16T18:26:08.9950000Z,2026-09-16T18:26:08.9950000Z,6aaadf40485cab4c954572fc,wenyi091426-3.stratalog.logdata.json
DialogueNodeEvent:105:5,dialogue,1,DialogueEvent,Unit 4 Dev,2026-09-16T18:20:11.1520000Z,2026-09-16T18:20:11.1520000Z,6aaaddda485cab4c95457246,wenyi091426-3.stratalog.logdata.json
DialogueNodeEvent:105:6,dialogue,1,DialogueEvent,Unit 4 Dev,2026-09-16T18:20:22.4080000Z,2026-09-16T18:20:22.4080000Z,6aaadde6485cab4c9545724a,wenyi091426-3.stratalog.logdata.json
DialogueNodeEvent:105:7,dialogue,1,DialogueEvent,Unit 4 Dev,2026-09-16T18:20:34.6130000Z,2026-09-16T18:20:34.6130000Z,6aaaddf2485cab4c95457252,wenyi091426-3.stratalog.logdata.json
DialogueNodeEvent:105:8,dialogue,1,DialogueEvent,Unit 4 Dev,2026-09-16T18:20:54.6560000Z,2026-09-16T18:20:54.6560000Z,6aaade06485cab4c95457258,wenyi091426-3.stratalog.logdata.json
DialogueNodeEvent:106:0,dialogue,1,DialogueEvent,Unit 5 Dev,2026-09-16T18:58:18.6360000Z,2026-09-16T18:58:18.6360000Z,6aaae6ca485cab4c9545803c,wenyi091426-3.stratalog.logdata.json
DialogueNodeEvent:106:25,dialogue,1,DialogueEvent,Unit 5 Dev,2026-09-16T18:58:18.6510000Z,2026-09-16T18:58:18.6510000Z,6aaae6ca485cab4c95458042,wenyi091426-3.stratalog.logdata.json
DialogueNodeEvent:106:37,dialogue,1,DialogueEvent,Unit 5 Dev,2026-09-16T18:58:32.7740000Z,2026-09-16T18:58:32.7740000Z,6aaae6d8485cab4c9545804a,wenyi091426-3.stratalog.logdata.json
DialogueNodeEvent:107:0,dialogue,1,DialogueEvent,Unit 4 Dev,2026-09-16T17:48:26.1750000Z,2026-09-16T17:48:26.1750000Z,6aaad669485cab4c95456c0a,wenyi091426-3.stratalog.logdata.json
DialogueNodeEvent:107:1,dialogue,4,DialogueEvent,Unit 4 Dev,2026-09-16T17:48:26.1780000Z,2026-09-16T17:50:55.5620000Z,6aaad669485cab4c95456c0e,wenyi091426-3.stratalog.logdata.json
DialogueNodeEvent:107:10,dialogue,1,DialogueEvent,Unit 4 Dev,2026-09-16T17:49:59.9020000Z,2026-09-16T17:49:59.9020000Z,6aaad6c7485cab4c95456c24,wenyi091426-3.stratalog.logdata.json
DialogueNodeEvent:107:2,dialogue,1,DialogueEvent,Unit 4 Dev,2026-09-16T17:50:23.3290000Z,2026-09-16T17:50:23.3290000Z,6aaad6df485cab4c95456c2c,wenyi091426-3.stratalog.logdata.json
DialogueNodeEvent:107:3,dialogue,1,DialogueEvent,Unit 4 Dev,2026-09-16T17:50:45.6900000Z,2026-09-16T17:50:45.6900000Z,6aaad6f5485cab4c95456c3a,wenyi091426-3.stratalog.logdata.json
DialogueNodeEvent:107:5,dialogue,1,DialogueEvent,Unit 4 Dev,2026-09-16T17:51:06.5840000Z,2026-09-16T17:51:06.5840000Z,6aaad70a485cab4c95456c46,wenyi091426-3.stratalog.logdata.json
DialogueNodeEvent:107:6,dialogue,1,DialogueEvent,Unit 4 Dev,2026-09-16T17:49:56.1500000Z,2026-09-16T17:49:56.1500000Z,6aaad6c3485cab4c95456c22,wenyi091426-3.stratalog.logdata.json
DialogueNodeEvent:107:7,dialogue,2,DialogueEvent,Unit 4 Dev,2026-09-16T17:50:27.2150000Z,2026-09-16T17:50:49.3590000Z,6aaad6e2485cab4c95456c30,wenyi091426-3.stratalog.logdata.json
DialogueNodeEvent:107:9,dialogue,1,DialogueEvent,Unit 4 Dev,2026-09-16T17:51:09.1350000Z,2026-09-16T17:51:09.1350000Z,6aaad70c485cab4c95456c48,wenyi091426-3.stratalog.logdata.json
DialogueNodeEvent:108:0,dialogue,6,DialogueEvent,Unit 5 Dev,2026-09-16T18:51:24.8680000Z,2026-09-16T18:52:59.4810000Z,6aaae52c485cab4c95457e0e,wenyi091426-3.stratalog.logdata.json
DialogueNodeEvent:108:37,dialogue,4,DialogueEvent,Unit 5 Dev,2026-09-16T18:51:24.8820000Z,2026-09-16T18:52:14.3730000Z,6aaae52c485cab4c95457e12,wenyi091426-3.stratalog.logdata.json
DialogueNodeEvent:108:64,dialogue,1,DialogueEvent,Unit 5 Dev,2026-09-16T18:52:59.4950000Z,2026-09-16T18:52:59.4950000Z,6aaae58b485cab4c95457f2c,wenyi091426-3.stratalog.logdata.json
DialogueNodeEvent:108:65,dialogue,1,DialogueEvent,Unit 5 Dev,2026-09-16T18:52:48.8400000Z,2026-09-16T18:52:48.8400000Z,6aaae580485cab4c95457f0c,wenyi091426-3.stratalog.logdata.json
DialogueNodeEvent:109:1,dialogue,1,DialogueEvent,Unit 5 Dev,2026-09-16T19:03:12.2620000Z,2026-09-16T19:03:12.2620000Z,6aaae7ef485cab4c95458126,wenyi091426-3.stratalog.logdata.json
DialogueNodeEvent:109:11,dialogue,1,DialogueEvent,Unit 5 Dev,2026-09-16T19:04:18.1930000Z,2026-09-16T19:04:18.1930000Z,6aaae831485cab4c95458146,wenyi091426-3.stratalog.logdata.json
DialogueNodeEvent:109:13,dialogue,1,DialogueEvent,Unit 5 Dev,2026-09-16T19:04:24.6790000Z,2026-09-16T19:04:24.6790000Z,6aaae838485cab4c95458148,wenyi091426-3.stratalog.logdata.json
DialogueNodeEvent:109:14,dialogue,1,DialogueEvent,Unit 5 Dev,2026-09-16T19:04:32.5840000Z,2026-09-16T19:04:32.5840000Z,6aaae840485cab4c9545814c,wenyi091426-3.stratalog.logdata.json
DialogueNodeEvent:109:15,dialogue,1,DialogueEvent,Unit 5 Dev,2026-09-16T19:02:31.1580000Z,2026-09-16T19:02:31.1580000Z,6aaae7c6485cab4c95458108,wenyi091426-3.stratalog.logdata.json
DialogueNodeEvent:109:16,dialogue,1,DialogueEvent,Unit 5 Dev,2026-09-16T19:02:37.4940000Z,2026-09-16T19:02:37.4940000Z,6aaae7cd485cab4c9545810c,wenyi091426-3.stratalog.logdata.json
DialogueNodeEvent:109:17,dialogue,1,DialogueEvent,Unit 5 Dev,2026-09-16T19:02:40.0120000Z,2026-09-16T19:02:40.0120000Z,6aaae7cf485cab4c95458110,wenyi091426-3.stratalog.logdata.json
DialogueNodeEvent:109:18,dialogue,1,DialogueEvent,Unit 5 Dev,2026-09-16T19:02:54.0020000Z,2026-09-16T19:02:54.0020000Z,6aaae7dd485cab4c95458114,wenyi091426-3.stratalog.logdata.json
DialogueNodeEvent:109:19,dialogue,1,DialogueEvent,Unit 5 Dev,2026-09-16T19:02:55.3190000Z,2026-09-16T19:02:55.3190000Z,6aaae7de485cab4c95458116,wenyi091426-3.stratalog.logdata.json
DialogueNodeEvent:109:2,dialogue,1,DialogueEvent,Unit 5 Dev,2026-09-16T19:03:16.7630000Z,2026-09-16T19:03:16.7630000Z,6aaae7f4485cab4c9545812a,wenyi091426-3.stratalog.logdata.json
DialogueNodeEvent:109:20,dialogue,1,DialogueEvent,Unit 5 Dev,2026-09-16T19:02:59.4710000Z,2026-09-16T19:02:59.4710000Z,6aaae7e3485cab4c9545811a,wenyi091426-3.stratalog.logdata.json
DialogueNodeEvent:109:21,dialogue,1,DialogueEvent,Unit 5 Dev,2026-09-16T19:03:07.7590000Z,2026-09-16T19:03:07.7590000Z,6aaae7eb485cab4c9545811c,wenyi091426-3.stratalog.logdata.json
DialogueNodeEvent:109:23,dialogue,1,DialogueEvent,Unit 5 Dev,2026-09-16T19:00:41.1880000Z,2026-09-16T19:00:41.1880000Z,6aaae758485cab4c954580d0,wenyi091426-3.stratalog.logdata.json
DialogueNodeEvent:109:24,dialogue,1,DialogueEvent,Unit 5 Dev,2026-09-16T19:00:46.1890000Z,2026-09-16T19:00:46.1890000Z,6aaae75d485cab4c954580d4,wenyi091426-3.stratalog.logdata.json
DialogueNodeEvent:109:25,dialogue,1,DialogueEvent,Unit 5 Dev,2026-09-16T19:00:53.7430000Z,2026-09-16T19:00:53.7430000Z,6aaae765485cab4c954580d8,wenyi091426-3.stratalog.logdata.json
DialogueNodeEvent:109:26,dialogue,1,DialogueEvent,Unit 5 Dev,2026-09-16T19:00:58.1120000Z,2026-09-16T19:00:58.1120000Z,6aaae769485cab4c954580dc,wenyi091426-3.stratalog.logdata.json
DialogueNodeEvent:109:27,dialogue,1,DialogueEvent,Unit 5 Dev,2026-09-16T19:01:05.5660000Z,2026-09-16T19:01:05.5660000Z,6aaae771485cab4c954580de,wenyi091426-3.stratalog.logdata.json
DialogueNodeEvent:109:28,dialogue,1,DialogueEvent,Unit 5 Dev,2026-09-16T19:01:14.2700000Z,2026-09-16T19:01:14.2700000Z,6aaae779485cab4c954580e2,wenyi091426-3.stratalog.logdata.json
DialogueNodeEvent:109:29,dialogue,1,DialogueEvent,Unit 5 Dev,2026-09-16T19:01:34.9630000Z,2026-09-16T19:01:34.9630000Z,6aaae78e485cab4c954580e8,wenyi091426-3.stratalog.logdata.json
DialogueNodeEvent:109:30,dialogue,1,DialogueEvent,Unit 5 Dev,2026-09-16T19:01:56.8070000Z,2026-09-16T19:01:56.8070000Z,6aaae7a4485cab4c954580ee,wenyi091426-3.stratalog.logdata.json
DialogueNodeEvent:109:31,dialogue,1,DialogueEvent,Unit 5 Dev,2026-09-16T19:02:00.5920000Z,2026-09-16T19:02:00.5920000Z,6aaae7a8485cab4c954580f2,wenyi091426-3.stratalog.logdata.json
DialogueNodeEvent:109:32,dialogue,1,DialogueEvent,Unit 5 Dev,2026-09-16T19:02:12.0150000Z,2026-09-16T19:02:12.0150000Z,6aaae7b3485cab4c954580f6,wenyi091426-3.stratalog.logdata.json
DialogueNodeEvent:109:33,dialogue,1,DialogueEvent,Unit 5 Dev,2026-09-16T19:02:14.6830000Z,2026-09-16T19:02:14.6830000Z,6aaae7b6485cab4c954580f8,wenyi091426-3.stratalog.logdata.json
DialogueNodeEvent:109:34,dialogue,1,DialogueEvent,Unit 5 Dev,2026-09-16T19:02:21.6520000Z,2026-09-16T19:02:21.6520000Z,6aaae7bd485cab4c954580fc,wenyi091426-3.stratalog.logdata.json
DialogueNodeEvent:109:36,dialogue,1,DialogueEvent,Unit 5 Dev,2026-09-16T19:02:24.1210000Z,2026-09-16T19:02:24.1210000Z,6aaae7bf485cab4c954580fe,wenyi091426-3.stratalog.logdata.json
DialogueNodeEvent:109:38,dialogue,1,DialogueEvent,Unit 5 Dev,2026-09-16T19:04:39.4540000Z,2026-09-16T19:04:39.4540000Z,6aaae847485cab4c95458150,wenyi091426-3.stratalog.logdata.json
DialogueNodeEvent:109:4,dialogue,1,DialogueEvent,Unit 5 Dev,2026-09-16T19:03:30.6530000Z,2026-09-16T19:03:30.6530000Z,6aaae802485cab4c95458130,wenyi091426-3.stratalog.logdata.json
DialogueNodeEvent:109:5,dialogue,1,DialogueEvent,Unit 5 Dev,2026-09-16T19:03:33.0870000Z,2026-09-16T19:03:33.0870000Z,6aaae804485cab4c95458132,wenyi091426-3.stratalog.logdata.json
DialogueNodeEvent:109:6,dialogue,1,DialogueEvent,Unit 5 Dev,2026-09-16T19:03:45.4440000Z,2026-09-16T19:03:45.4440000Z,6aaae811485cab4c95458136,wenyi091426-3.stratalog.logdata.json
DialogueNodeEvent:109:7,dialogue,1,DialogueEvent,Unit 5 Dev,2026-09-16T19:03:48.0450000Z,2026-09-16T19:03:48.0450000Z,6aaae813485cab4c9545813a,wenyi091426-3.stratalog.logdata.json
DialogueNodeEvent:109:8,dialogue,1,DialogueEvent,Unit 5 Dev,2026-09-16T19:03:55.9650000Z,2026-09-16T19:03:55.9650000Z,6aaae81b485cab4c9545813c,wenyi091426-3.stratalog.logdata.json
DialogueNodeEvent:109:9,dialogue,1,DialogueEvent,Unit 5 Dev,2026-09-16T19:04:11.6900000Z,2026-09-16T19:04:11.6900000Z,6aaae82b485cab4c95458142,wenyi091426-3.stratalog.logdata.json
DialogueNodeEvent:10:0,dialogue,2,DialogueEvent,Unit 3 Dev,2026-09-16T16:42:50.5710000Z,2026-09-16T17:14:47.8390000Z,6aaac70a485cab4c95454f60,wenyi091426-3.stratalog.logdata.json
DialogueNodeEvent:10:1,dialogue,1,DialogueEvent,Unit 3 Dev,2026-09-16T16:31:43.4960000Z,2026-09-16T16:31:43.4960000Z,6aaac46f485cab4c95454e1e,wenyi091426-3.stratalog.logdata.json
DialogueNodeEvent:10:101,dialogue,1,DialogueEvent,Unit 3 Dev,2026-09-16T16:53:12.4900000Z,2026-09-16T16:53:12.4900000Z,6aaac978485cab4c954552fe,wenyi091426-3.stratalog.logdata.json
DialogueNodeEvent:10:102,dialogue,1,DialogueEvent,Unit 3 Dev,2026-09-16T16:53:14.0750000Z,2026-09-16T16:53:14.0750000Z,6aaac979485cab4c95455302,wenyi091426-3.stratalog.logdata.json
DialogueNodeEvent:10:103,dialogue,1,DialogueEvent,Unit 3 Dev,2026-09-16T16:55:59.5900000Z,2026-09-16T16:55:59.5900000Z,6aaaca1f485cab4c9545547c,wenyi091426-3.stratalog.logdata.json
DialogueNodeEvent:10:114,dialogue,1,DialogueEvent,Unit 3 Dev,2026-09-16T16:57:55.8620000Z,2026-09-16T16:57:55.8620000Z,6aaaca93485cab4c954554e2,wenyi091426-3.stratalog.logdata.json
DialogueNodeEvent:10:115,dialogue,1,DialogueEvent,Unit 3 Dev,2026-09-16T16:57:56.3460000Z,2026-09-16T16:57:56.3460000Z,6aaaca94485cab4c954554e8,wenyi091426-3.stratalog.logdata.json
DialogueNodeEvent:10:116,dialogue,1,DialogueEvent,Unit 3 Dev,2026-09-16T16:58:31.1630000Z,2026-09-16T16:58:31.1630000Z,6aaacab6485cab4c95455532,wenyi091426-3.stratalog.logdata.json
DialogueNodeEvent:10:118,dialogue,1,DialogueEvent,Unit 3 Dev,2026-09-16T16:58:43.5530000Z,2026-09-16T16:58:43.5530000Z,6aaacac3485cab4c9545553e,wenyi091426-3.stratalog.logdata.json
DialogueNodeEvent:10:122,dialogue,1,DialogueEvent,Unit 3 Dungeon Dev,2026-09-16T17:02:01.6980000Z,2026-09-16T17:02:01.6980000Z,6aaacb89485cab4c954558c2,wenyi091426-3.stratalog.logdata.json
DialogueNodeEvent:10:123,dialogue,1,DialogueEvent,Unit 3 Dungeon Dev,2026-09-16T17:02:09.7030000Z,2026-09-16T17:02:09.7030000Z,6aaacb91485cab4c954558ca,wenyi091426-3.stratalog.logdata.json
DialogueNodeEvent:10:124,dialogue,1,DialogueEvent,Unit 3 Dungeon Dev,2026-09-16T17:02:12.3540000Z,2026-09-16T17:02:12.3540000Z,6aaacb94485cab4c954558d2,wenyi091426-3.stratalog.logdata.json
DialogueNodeEvent:10:125,dialogue,1,DialogueEvent,Unit 3 Dungeon Dev,2026-09-16T17:02:13.5550000Z,2026-09-16T17:02:13.5550000Z,6aaacb95485cab4c954558d8,wenyi091426-3.stratalog.logdata.json
DialogueNodeEvent:10:126,dialogue,1,DialogueEvent,Unit 3 Dungeon Dev,2026-09-16T17:02:18.4390000Z,2026-09-16T17:02:18.4390000Z,6aaacb9a485cab4c954558de,wenyi091426-3.stratalog.logdata.json
DialogueNodeEvent:10:13,dialogue,1,DialogueEvent,Unit 3 Dev,2026-09-16T16:35:31.2050000Z,2026-09-16T16:35:31.2050000Z,6aaac553485cab4c95454e6e,wenyi091426-3.stratalog.logdata.json
DialogueNodeEvent:10:15,dialogue,1,DialogueEvent,Unit 3 Dev,2026-09-16T16:35:35.3570000Z,2026-09-16T16:35:35.3570000Z,6aaac557485cab4c95454e70,wenyi091426-3.stratalog.logdata.json
DialogueNodeEvent:10:154,dialogue,1,DialogueEvent,Unit 3 Dungeon Dev,2026-09-16T17:08:45.7620000Z,2026-09-16T17:08:45.7620000Z,6aaacd1d485cab4c95455b08,wenyi091426-3.stratalog.logdata.json
DialogueNodeEvent:10:155,dialogue,1,DialogueEvent,Unit 3 Dungeon Dev,2026-09-16T17:08:46.9140000Z,2026-09-16T17:08:46.9140000Z,6aaacd1e485cab4c95455b0e,wenyi091426-3.stratalog.logdata.json
DialogueNodeEvent:10:156,dialogue,1,DialogueEvent,Unit 3 Dungeon Dev,2026-09-16T17:08:52.2670000Z,2026-09-16T17:08:52.2670000Z,6aaacd24485cab4c95455b18,wenyi091426-3.stratalog.logdata.json
DialogueNodeEvent:10:157,dialogue,1,DialogueEvent,Unit 3 Dev,2026-09-16T17:09:51.1840000Z,2026-09-16T17:09:51.1840000Z,6aaacd5e485cab4c95455b44,wenyi091426-3.stratalog.logdata.json
DialogueNodeEvent:10:158,dialogue,1,DialogueEvent,Unit 3 Dev,2026-09-16T17:09:54.8470000Z,2026-09-16T17:09:54.8470000Z,6aaacd62485cab4c95455b4a,wenyi091426-3.stratalog.logdata.json
DialogueNodeEvent:10:159,dialogue,1,DialogueEvent,Unit 3 Dev,2026-09-16T17:09:56.9480000Z,2026-09-16T17:09:56.9480000Z,6aaacd64485cab4c95455b50,wenyi091426-3.stratalog.logdata.json
DialogueNodeEvent:10:16,dialogue,1,DialogueEvent,Unit 3 Dev,2026-09-16T16:35:45.2050000Z,2026-09-16T16:35:45.2050000Z,6aaac561485cab4c95454e76,wenyi091426-3.stratalog.logdata.json
DialogueNodeEvent:10:160,dialogue,1,DialogueEvent,Unit 3 Dev,2026-09-16T17:10:05.2850000Z,2026-09-16T17:10:05.2850000Z,6aaacd6d485cab4c95455b58,wenyi091426-3.stratalog.logdata.json
DialogueNodeEvent:10:162,dialogue,1,DialogueEvent,Unit 3 Dev,2026-09-16T17:10:10.4210000Z,2026-09-16T17:10:10.4210000Z,6aaacd72485cab4c95455b5e,wenyi091426-3.stratalog.logdata.json
DialogueNodeEvent:10:176,dialogue,1,DialogueEvent,Unit 3 Dev,2026-09-16T17:14:47.8420000Z,2026-09-16T17:14:47.8420000Z,6aaace87485cab4c95455c62,wenyi091426-3.stratalog.logdata.json
DialogueNodeEvent:10:177,dialogue,1,DialogueEvent,Unit 3 Dev,2026-09-16T17:15:00.9110000Z,2026-09-16T17:15:00.9110000Z,6aaace94485cab4c95455c66,wenyi091426-3.stratalog.logdata.json
DialogueNodeEvent:10:178,dialogue,1,DialogueEvent,Unit 3 Dev,2026-09-16T17:15:12.7500000Z,2026-09-16T17:15:12.7500000Z,6aaacea0485cab4c95455c6e,wenyi091426-3.stratalog.logdata.json
DialogueNodeEvent:10:179,dialogue,1,DialogueEvent,Unit 3 Dev,2026-09-16T17:15:19.3200000Z,2026-09-16T17:15:19.3200000Z,6aaacea7485cab4c95455c72,wenyi091426-3.stratalog.logdata.json
DialogueNodeEvent:10:181,dialogue,1,DialogueEvent,Unit 3 Dev,2026-09-16T17:15:22.2380000Z,2026-09-16T17:15:22.2380000Z,6aaaceaa485cab4c95455c74,wenyi091426-3.stratalog.logdata.json
DialogueNodeEvent:10:182,dialogue,1,DialogueEvent,Unit 3 Dev,2026-09-16T17:15:31.3590000Z,2026-09-16T17:15:31.3590000Z,6aaaceb3485cab4c95455c78,wenyi091426-3.stratalog.logdata.json
DialogueNodeEvent:10:183,dialogue,1,DialogueEvent,Unit 3 Dev,2026-09-16T17:15:39.9800000Z,2026-09-16T17:15:39.9800000Z,6aaacebb485cab4c95455c7c,wenyi091426-3.stratalog.logdata.json
DialogueNodeEvent:10:184,dialogue,1,DialogueEvent,Unit 3 Dev,2026-09-16T17:15:56.6880000Z,2026-09-16T17:15:56.6880000Z,6aaacecc485cab4c95455c80,wenyi091426-3.stratalog.logdata.json
DialogueNodeEvent:10:187,dialogue,1,DialogueEvent,Unit 3 Dev,2026-09-16T17:16:02.2740000Z,2026-09-16T17:16:02.2740000Z,6aaaced2485cab4c95455c84,wenyi091426-3.stratalog.logdata.json
DialogueNodeEvent:10:188,dialogue,1,DialogueEvent,Unit 3 Dev,2026-09-16T17:16:16.2640000Z,2026-09-16T17:16:16.2640000Z,6aaacee0485cab4c95455c88,wenyi091426-3.stratalog.logdata.json
DialogueNodeEvent:10:190,dialogue,1,DialogueEvent,Unit 3 Dev,2026-09-16T17:16:18.1990000Z,2026-09-16T17:16:18.1990000Z,6aaacee1485cab4c95455c8c,wenyi091426-3.stratalog.logdata.json
DialogueNodeEvent:10:191,dialogue,1,DialogueEvent,Unit 3 Dev,2026-09-16T17:16:22.9670000Z,2026-09-16T17:16:22.9670000Z,6aaacee6485cab4c95455c8e,wenyi091426-3.stratalog.logdata.json
DialogueNodeEvent:10:193,dialogue,1,DialogueEvent,Unit 3 Dev,2026-09-16T17:16:24.5690000Z,2026-09-16T17:16:24.5690000Z,6aaacee8485cab4c95455c90,wenyi091426-3.stratalog.logdata.json
DialogueNodeEvent:10:194,dialogue,1,DialogueEvent,Unit 3 Dev,2026-09-16T17:16:30.4560000Z,2026-09-16T17:16:30.4560000Z,6aaaceee485cab4c95455c96,wenyi091426-3.stratalog.logdata.json
DialogueNodeEvent:10:195,dialogue,1,DialogueEvent,Unit 3 Dev,2026-09-16T16:41:41.7930000Z,2026-09-16T16:41:41.7930000Z,6aaac6c5485cab4c95454f38,wenyi091426-3.stratalog.logdata.json
DialogueNodeEvent:10:196,dialogue,1,DialogueEvent,Unit 3 Dev,2026-09-16T16:53:16.0930000Z,2026-09-16T16:53:16.0930000Z,6aaac97b485cab4c95455306,wenyi091426-3.stratalog.logdata.json
DialogueNodeEvent:10:199,dialogue,1,DialogueEvent,Unit 3 Dev,2026-09-16T16:42:50.5740000Z,2026-09-16T16:42:50.5740000Z,6aaac70a485cab4c95454f64,wenyi091426-3.stratalog.logdata.json
DialogueNodeEvent:10:2,dialogue,1,DialogueEvent,Unit 3 Dev,2026-09-16T16:31:46.9980000Z,2026-09-16T16:31:46.9980000Z,6aaac472485cab4c95454e28,wenyi091426-3.stratalog.logdata.json
DialogueNodeEvent:10:200,dialogue,1,DialogueEvent,Unit 3 Dev,2026-09-16T16:43:18.3000000Z,2026-09-16T16:43:18.3000000Z,6aaac726485cab4c95454f6c,wenyi091426-3.stratalog.logdata.json
DialogueNodeEvent:10:202,dialogue,1,DialogueEvent,Unit 3 Dev,2026-09-16T16:43:22.0680000Z,2026-09-16T16:43:22.0680000Z,6aaac729485cab4c95454f6e,wenyi091426-3.stratalog.logdata.json
DialogueNodeEvent:10:204,dialogue,1,DialogueEvent,Unit 3 Dev,2026-09-16T16:43:30.7080000Z,2026-09-16T16:43:30.7080000Z,6aaac732485cab4c95454f74,wenyi091426-3.stratalog.logdata.json
DialogueNodeEvent:10:205,dialogue,1,DialogueEvent,Unit 3 Dev,2026-09-16T16:36:06.6410000Z,2026-09-16T16:36:06.6410000Z,6aaac576485cab4c95454e88,wenyi091426-3.stratalog.logdata.json
DialogueNodeEvent:10:211,dialogue,1,DialogueEvent,Unit 3 Dev,2026-09-16T16:43:51.2490000Z,2026-09-16T16:43:51.2490000Z,6aaac747485cab4c95454f7e,wenyi091426-3.stratalog.logdata.json
DialogueNodeEvent:10:217,dialogue,1,DialogueEvent,Unit 3 Dev,2026-09-16T16:43:56.0850000Z,2026-09-16T16:43:56.0850000Z,6aaac74b485cab4c95454f82,wenyi091426-3.stratalog.logdata.json
DialogueNodeEvent:10:218,dialogue,1,DialogueEvent,Unit 3 Dev,2026-09-16T16:44:12.1930000Z,2026-09-16T16:44:12.1930000Z,6aaac75c485cab4c95454f86,wenyi091426-3.stratalog.logdata.json
DialogueNodeEvent:10:224,dialogue,1,DialogueEvent,Unit 3 Dev,2026-09-16T16:31:50.1500000Z,2026-09-16T16:31:50.1500000Z,6aaac476485cab4c95454e32,wenyi091426-3.stratalog.logdata.json
DialogueNodeEvent:10:3,dialogue,1,DialogueEvent,Unit 3 Dev,2026-09-16T16:35:10.0120000Z,2026-09-16T16:35:10.0120000Z,6aaac53d485cab4c95454e62,wenyi091426-3.stratalog.logdata.json
DialogueNodeEvent:10:31,dialogue,2,DialogueEvent,Unit 3 Dev,2026-09-16T16:38:02.0130000Z,2026-09-16T16:39:07.2950000Z,6aaac5e9485cab4c95454ed8,wenyi091426-3.stratalog.logdata.json
DialogueNodeEvent:10:32,dialogue,1,DialogueEvent,Unit 3 Dev,2026-09-16T16:40:08.3910000Z,2026-09-16T16:40:08.3910000Z,6aaac668485cab4c95454f20,wenyi091426-3.stratalog.logdata.json
DialogueNodeEvent:10:33,dialogue,1,DialogueEvent,Unit 3 Dev,2026-09-16T16:40:21.7300000Z,2026-09-16T16:40:21.7300000Z,6aaac675485cab4c95454f26,wenyi091426-3.stratalog.logdata.json
DialogueNodeEvent:10:38,dialogue,1,DialogueEvent,Unit 3 Dev,2026-09-16T16:43:38.1760000Z,2026-09-16T16:43:38.1760000Z,6aaac73a485cab4c95454f78,wenyi091426-3.stratalog.logdata.json
DialogueNodeEvent:10:39,dialogue,1,DialogueEvent,Unit 3 Dev,2026-09-16T16:43:40.2270000Z,2026-09-16T16:43:40.2270000Z,6aaac73c485cab4c95454f7a,wenyi091426-3.stratalog.logdata.json
DialogueNodeEvent:10:4,dialogue,1,DialogueEvent,Unit 3 Dev,2026-09-16T16:35:16.0810000Z,2026-09-16T16:35:16.0810000Z,6aaac543485cab4c95454e66,wenyi091426-3.stratalog.logdata.json
DialogueNodeEvent:10:6,dialogue,1,DialogueEvent,Unit 3 Dev,2026-09-16T16:35:18.9330000Z,2026-09-16T16:35:18.9330000Z,6aaac546485cab4c95454e68,wenyi091426-3.stratalog.logdata.json
DialogueNodeEvent:10:64,dialogue,1,DialogueEvent,Unit 3 Dev,2026-09-16T16:50:53.7890000Z,2026-09-16T16:50:53.7890000Z,6aaac8ed485cab4c954552be,wenyi091426-3.stratalog.logdata.json
DialogueNodeEvent:10:65,dialogue,1,DialogueEvent,Unit 3 Dev,2026-09-16T16:50:58.0900000Z,2026-09-16T16:50:58.0900000Z,6aaac8f1485cab4c954552c0,wenyi091426-3.stratalog.logdata.json
DialogueNodeEvent:10:67,dialogue,1,DialogueEvent,Unit 3 Dev,2026-09-16T16:51:00.6590000Z,2026-09-16T16:51:00.6590000Z,6aaac8f4485cab4c954552c2,wenyi091426-3.stratalog.logdata.json
DialogueNodeEvent:10:68,dialogue,1,DialogueEvent,Unit 3 Dev,2026-09-16T16:51:07.8120000Z,2026-09-16T16:51:07.8120000Z,6aaac8fb485cab4c954552c6,wenyi091426-3.stratalog.logdata.json
DialogueNodeEvent:10:7,dialogue,1,DialogueEvent,Unit 3 Dev,2026-09-16T16:35:23.5680000Z,2026-09-16T16:35:23.5680000Z,6aaac54b485cab4c95454e6a,wenyi091426-3.stratalog.logdata.json
DialogueNodeEvent:10:70,dialogue,1,DialogueEvent,Unit 3 Dev,2026-09-16T16:51:10.9140000Z,2026-09-16T16:51:10.9140000Z,6aaac8fe485cab4c954552c8,wenyi091426-3.stratalog.logdata.json
DialogueNodeEvent:10:74,dialogue,1,DialogueEvent,Unit 3 Dev,2026-09-16T16:51:15.2660000Z,2026-09-16T16:51:15.2660000Z,6aaac903485cab4c954552cc,wenyi091426-3.stratalog.logdata.json
DialogueNodeEvent:10:75,dialogue,1,DialogueEvent,Unit 3 Dev,2026-09-16T16:51:36.1590000Z,2026-09-16T16:51:36.1590000Z,6aaac917485cab4c954552d2,wenyi091426-3.stratalog.logdata.json
DialogueNodeEvent:10:76,dialogue,1,DialogueEvent,Unit 3 Dev,2026-09-16T16:51:54.1510000Z,2026-09-16T16:51:54.1510000Z,6aaac929485cab4c954552d8,wenyi091426-3.stratalog.logdata.json
DialogueNodeEvent:10:77,dialogue,1,DialogueEvent,Unit 3 Dev,2026-09-16T16:52:04.8900000Z,2026-09-16T16:52:04.8900000Z,6aaac934485cab4c954552dc,wenyi091426-3.stratalog.logdata.json
DialogueNodeEvent:10:79,dialogue,1,DialogueEvent,Unit 3 Dev,2026-09-16T16:52:08.9250000Z,2026-09-16T16:52:08.9250000Z,6aaac938485cab4c954552de,wenyi091426-3.stratalog.logdata.json
DialogueNodeEvent:10:80,dialogue,1,DialogueEvent,Unit 3 Dev,2026-09-16T16:52:12.6940000Z,2026-09-16T16:52:12.6940000Z,6aaac93c485cab4c954552e0,wenyi091426-3.stratalog.logdata.json
DialogueNodeEvent:10:81,dialogue,1,DialogueEvent,Unit 3 Dev,2026-09-16T16:52:18.0800000Z,2026-09-16T16:52:18.0800000Z,6aaac941485cab4c954552e4,wenyi091426-3.stratalog.logdata.json
DialogueNodeEvent:10:82,dialogue,1,DialogueEvent,Unit 3 Dev,2026-09-16T16:52:42.4750000Z,2026-09-16T16:52:42.4750000Z,6aaac95a485cab4c954552ea,wenyi091426-3.stratalog.logdata.json
DialogueNodeEvent:10:83,dialogue,1,DialogueEvent,Unit 3 Dev,2026-09-16T16:52:48.1940000Z,2026-09-16T16:52:48.1940000Z,6aaac960485cab4c954552ee,wenyi091426-3.stratalog.logdata.json
DialogueNodeEvent:10:90,dialogue,1,DialogueEvent,Unit 3 Dev,2026-09-16T16:52:52.8470000Z,2026-09-16T16:52:52.8470000Z,6aaac964485cab4c954552f0,wenyi091426-3.stratalog.logdata.json
DialogueNodeEvent:10:91,dialogue,1,DialogueEvent,Unit 3 Dev,2026-09-16T16:52:55.1140000Z,2026-09-16T16:52:55.1140000Z,6aaac966485cab4c954552f4,wenyi091426-3.stratalog.logdata.json
DialogueNodeEvent:10:94,dialogue,1,DialogueEvent,Unit 3 Dev,2026-09-16T16:52:58.8330000Z,2026-09-16T16:52:58.8330000Z,6aaac96a485cab4c954552f6,wenyi091426-3.stratalog.logdata.json
DialogueNodeEvent:10:98,dialogue,1,DialogueEvent,Unit 3 Dev,2026-09-16T16:53:02.9350000Z,2026-09-16T16:53:02.9350000Z,6aaac96e485cab4c954552f8,wenyi091426-3.stratalog.logdata.json
DialogueNodeEvent:10:99,dialogue,1,DialogueEvent,Unit 3 Dev,2026-09-16T16:53:06.4530000Z,2026-09-16T16:53:06.4530000Z,6aaac972485cab4c954552fc,wenyi091426-3.stratalog.logdata.json
DialogueNodeEvent:111:1,dialogue,1,DialogueEvent,Unit 4 Dev - Dungeon,2026-09-16T17:33:17.5150000Z,2026-09-16T17:33:17.5150000Z,6aaad2dd485cab4c954565b2,wenyi091426-3.stratalog.logdata.json
DialogueNodeEvent:114:1,dialogue,1,DialogueEvent,Unit 4 Dev,2026-09-16T18:12:13.4080000Z,2026-09-16T18:12:13.4080000Z,6aaadbfd485cab4c9545709e,wenyi091426-3.stratalog.logdata.json
DialogueNodeEvent:114:2,dialogue,1,DialogueEvent,Unit 4 Dev,2026-09-16T18:12:17.8550000Z,2026-09-16T18:12:17.8550000Z,6aaadc01485cab4c954570a4,wenyi091426-3.stratalog.logdata.json
DialogueNodeEvent:114:3,dialogue,1,DialogueEvent,Unit 4 Dev,2026-09-16T18:12:19.7230000Z,2026-09-16T18:12:19.7230000Z,6aaadc03485cab4c954570ac,wenyi091426-3.stratalog.logdata.json
DialogueNodeEvent:114:4,dialogue,1,DialogueEvent,Unit 4 Dev,2026-09-16T18:12:20.9400000Z,2026-09-16T18:12:20.9400000Z,6aaadc04485cab4c954570b2,wenyi091426-3.stratalog.logdata.json
DialogueNodeEvent:116:1,dialogue,1,DialogueEvent,Unit 5 Dev - Dungeon,2026-09-16T18:45:25.1080000Z,2026-09-16T18:45:25.1080000Z,6aaae3c4485cab4c95457cc6,wenyi091426-3.stratalog.logdata.json
DialogueNodeEvent:116:2,dialogue,1,DialogueEvent,Unit 5 Dev - Dungeon,2026-09-16T18:45:26.8760000Z,2026-09-16T18:45:26.8760000Z,6aaae3c6485cab4c95457ccc,wenyi091426-3.stratalog.logdata.json
DialogueNodeEvent:116:3,dialogue,1,DialogueEvent,Unit 5 Dev - Dungeon,2026-09-16T18:45:28.8430000Z,2026-09-16T18:45:28.8430000Z,6aaae3c8485cab4c95457cd2,wenyi091426-3.stratalog.logdata.json
DialogueNodeEvent:116:4,dialogue,1,DialogueEvent,Unit 5 Dev - Dungeon,2026-09-16T18:45:30.4440000Z,2026-09-16T18:45:30.4440000Z,6aaae3ca485cab4c95457cd8,wenyi091426-3.stratalog.logdata.json
DialogueNodeEvent:117:1,dialogue,1,DialogueEvent,Unit 5 Dev,2026-09-16T18:53:41.4830000Z,2026-09-16T18:53:41.4830000Z,6aaae5b5485cab4c95457f58,wenyi091426-3.stratalog.logdata.json
DialogueNodeEvent:117:10,dialogue,1,DialogueEvent,Unit 5 Dev,2026-09-16T18:53:48.2540000Z,2026-09-16T18:53:48.2540000Z,6aaae5bb485cab4c95457f60,wenyi091426-3.stratalog.logdata.json
DialogueNodeEvent:117:11,dialogue,1,DialogueEvent,Unit 5 Dev,2026-09-16T18:53:52.5390000Z,2026-09-16T18:53:52.5390000Z,6aaae5c0485cab4c95457f68,wenyi091426-3.stratalog.logdata.json
DialogueNodeEvent:117:2,dialogue,1,DialogueEvent,Unit 5 Dev,2026-09-16T18:53:54.6400000Z,2026-09-16T18:53:54.6400000Z,6aaae5c2485cab4c95457f6e,wenyi091426-3.stratalog.logdata.json
DialogueNodeEvent:117:3,dialogue,1,DialogueEvent,Unit 5 Dev,2026-09-16T18:54:00.0100000Z,2026-09-16T18:54:00.0100000Z,6aaae5c7485cab4c95457f74,wenyi091426-3.stratalog.logdata.json
DialogueNodeEvent:117:5,dialogue,1,DialogueEvent,Unit 5 Dev,2026-09-16T18:54:04.6120000Z,2026-09-16T18:54:04.6120000Z,6aaae5cc485cab4c95457f82,wenyi091426-3.stratalog.logdata.json
DialogueNodeEvent:117:6,dialogue,1,DialogueEvent,Unit 5 Dev,2026-09-16T18:54:06.5960000Z,2026-09-16T18:54:06.5960000Z,6aaae5ce485cab4c95457f88,wenyi091426-3.stratalog.logdata.json
DialogueNodeEvent:117:7,dialogue,2,DialogueEvent,Unit 5 Dev,2026-09-16T18:54:01.9940000Z,2026-09-16T18:54:09.4140000Z,6aaae5c9485cab4c95457f7a,wenyi091426-3.stratalog.logdata.json
DialogueNodeEvent:117:8,dialogue,1,DialogueEvent,Unit 5 Dev,2026-09-16T18:54:12.9150000Z,2026-09-16T18:54:12.9150000Z,6aaae5d4485cab4c95457f96,wenyi091426-3.stratalog.logdata.json
DialogueNodeEvent:117:9,dialogue,1,DialogueEvent,Unit 5 Dev,2026-09-16T18:54:15.7000000Z,2026-09-16T18:54:15.7000000Z,6aaae5d7485cab4c95457f9c,wenyi091426-3.stratalog.logdata.json
DialogueNodeEvent:118:1,dialogue,1,DialogueEvent,Unit 5 Dev,2026-09-16T18:58:41.8290000Z,2026-09-16T18:58:41.8290000Z,6aaae6e1485cab4c95458058,wenyi091426-3.stratalog.logdata.json
DialogueNodeEvent:118:10,dialogue,1,DialogueEvent,Unit 5 Dev,2026-09-16T18:59:15.1130000Z,2026-09-16T18:59:15.1130000Z,6aaae702485cab4c95458094,wenyi091426-3.stratalog.logdata.json
DialogueNodeEvent:118:2,dialogue,1,DialogueEvent,Unit 5 Dev,2026-09-16T18:58:47.9500000Z,2026-09-16T18:58:47.9500000Z,6aaae6e7485cab4c95458060,wenyi091426-3.stratalog.logdata.json
DialogueNodeEvent:118:3,dialogue,1,DialogueEvent,Unit 5 Dev,2026-09-16T18:58:54.5700000Z,2026-09-16T18:58:54.5700000Z,6aaae6ee485cab4c95458066,wenyi091426-3.stratalog.logdata.json
DialogueNodeEvent:118:4,dialogue,1,DialogueEvent,Unit 5 Dev,2026-09-16T18:58:55.9370000Z,2026-09-16T18:58:55.9370000Z,6aaae6ef485cab4c9545806c,wenyi091426-3.stratalog.logdata.json
DialogueNodeEvent:118:5,dialogue,1,DialogueEvent,Unit 5 Dev,2026-09-16T18:58:58.2880000Z,2026-09-16T18:58:58.2880000Z,6aaae6f1485cab4c95458074,wenyi091426-3.stratalog.logdata.json
DialogueNodeEvent:118:6,dialogue,1,DialogueEvent,Unit 5 Dev,2026-09-16T18:59:00.6730000Z,2026-09-16T18:59:00.6730000Z,6aaae6f4485cab4c9545807a,wenyi091426-3.stratalog.logdata.json
DialogueNodeEvent:118:7,dialogue,1,DialogueEvent,Unit 5 Dev,2026-09-16T18:59:04.4080000Z,2026-09-16T18:59:04.4080000Z,6aaae6f8485cab4c95458080,wenyi091426-3.stratalog.logdata.json
DialogueNodeEvent:118:8,dialogue,1,DialogueEvent,Unit 5 Dev,2026-09-16T18:59:07.4600000Z,2026-09-16T18:59:07.4600000Z,6aaae6fb485cab4c95458086,wenyi091426-3.stratalog.logdata.json
DialogueNodeEvent:118:9,dialogue,1,DialogueEvent,Unit 5 Dev,2026-09-16T18:59:14.3300000Z,2026-09-16T18:59:14.3300000Z,6aaae701485cab4c9545808e,wenyi091426-3.stratalog.logdata.json
DialogueNodeEvent:11:0,dialogue,1,DialogueEvent,Unit 3 Dev,2026-09-16T16:36:22.7820000Z,2026-09-16T16:36:22.7820000Z,6aaac586485cab4c95454e94,wenyi091426-3.stratalog.logdata.json
DialogueNodeEvent:11:1,dialogue,1,DialogueEvent,Unit 3 Dev,2026-09-16T16:36:22.7970000Z,2026-09-16T16:36:22.7970000Z,6aaac586485cab4c95454e98,wenyi091426-3.stratalog.logdata.json
DialogueNodeEvent:11:10,dialogue,1,DialogueEvent,Unit 3 Dev,2026-09-16T16:37:02.6490000Z,2026-09-16T16:37:02.6490000Z,6aaac5ae485cab4c95454eac,wenyi091426-3.stratalog.logdata.json
DialogueNodeEvent:11:11,dialogue,1,DialogueEvent,Unit 3 Dev,2026-09-16T16:37:10.3220000Z,2026-09-16T16:37:10.3220000Z,6aaac5b6485cab4c95454eb2,wenyi091426-3.stratalog.logdata.json
DialogueNodeEvent:11:12,dialogue,1,DialogueEvent,Unit 3 Dev,2026-09-16T16:41:42.3530000Z,2026-09-16T16:41:42.3530000Z,6aaac6c6485cab4c95454f3a,wenyi091426-3.stratalog.logdata.json
DialogueNodeEvent:11:13,dialogue,1,DialogueEvent,Unit 3 Dev,2026-09-16T16:41:45.5880000Z,2026-09-16T16:41:45.5880000Z,6aaac6c9485cab4c95454f3e,wenyi091426-3.stratalog.logdata.json
DialogueNodeEvent:11:14,dialogue,1,DialogueEvent,Unit 3 Dev,2026-09-16T16:41:48.8560000Z,2026-09-16T16:41:48.8560000Z,6aaac6cc485cab4c95454f40,wenyi091426-3.stratalog.logdata.json
DialogueNodeEvent:11:15,dialogue,1,DialogueEvent,Unit 3 Dev,2026-09-16T16:42:00.7780000Z,2026-09-16T16:42:00.7780000Z,6aaac6d8485cab4c95454f44,wenyi091426-3.stratalog.logdata.json
DialogueNodeEvent:11:2,dialogue,1,DialogueEvent,Unit 3 Dev,2026-09-16T16:36:29.3000000Z,2026-09-16T16:36:29.3000000Z,6aaac58d485cab4c95454e9c,wenyi091426-3.stratalog.logdata.json
DialogueNodeEvent:11:21,dialogue,1,DialogueEvent,Unit 3 Dev,2026-09-16T16:42:02.9290000Z,2026-09-16T16:42:02.9290000Z,6aaac6da485cab4c95454f46,wenyi091426-3.stratalog.logdata.json
DialogueNodeEvent:11:22,dialogue,1,DialogueEvent,Unit 3 Dev,2026-09-16T16:42:06.8550000Z,2026-09-16T16:42:06.8550000Z,6aaac6de485cab4c95454f4a,wenyi091426-3.stratalog.logdata.json
DialogueNodeEvent:11:224,dialogue,1,DialogueEvent,Unit 3 Dev,2026-09-16T16:44:16.5120000Z,2026-09-16T16:44:16.5120000Z,6aaac760485cab4c95454f8a,wenyi091426-3.stratalog.logdata.json
DialogueNodeEvent:11:226,dialogue,1,DialogueEvent,Unit 3 Dev,2026-09-16T16:44:30.8220000Z,2026-09-16T16:44:30.8220000Z,6aaac76e485cab4c95454f90,wenyi091426-3.stratalog.logdata.json
DialogueNodeEvent:11:227,dialogue,1,DialogueEvent,Unit 3 Dev,2026-09-16T16:58:09.3510000Z,2026-09-16T16:58:09.3510000Z,6aaacaa1485cab4c954554fe,wenyi091426-3.stratalog.logdata.json
DialogueNodeEvent:11:228,dialogue,1,DialogueEvent,Unit 3 Dev,2026-09-16T16:58:10.2860000Z,2026-09-16T16:58:10.2860000Z,6aaacaa2485cab4c95455502,wenyi091426-3.stratalog.logdata.json
DialogueNodeEvent:11:229,dialogue,1,DialogueEvent,Unit 3 Dev,2026-09-16T16:58:10.7680000Z,2026-09-16T16:58:10.7680000Z,6aaacaa2485cab4c95455504,wenyi091426-3.stratalog.logdata.json
DialogueNodeEvent:11:23,dialogue,1,DialogueEvent,Unit 3 Dev,2026-09-16T16:44:43.0930000Z,2026-09-16T16:44:43.0930000Z,6aaac77a485cab4c95454fb6,wenyi091426-3.stratalog.logdata.json
DialogueNodeEvent:11:230,dialogue,4,DialogueEvent,Unit 3 Dev,2026-09-16T16:46:44.7840000Z,2026-09-16T16:49:56.5780000Z,6aaac7f4485cab4c9545505c,wenyi091426-3.stratalog.logdata.json
DialogueNodeEvent:11:24,dialogue,1,DialogueEvent,Unit 3 Dev,2026-09-16T16:45:57.1800000Z,2026-09-16T16:45:57.1800000Z,6aaac7c5485cab4c95455000,wenyi091426-3.stratalog.logdata.json
DialogueNodeEvent:11:25,dialogue,15,DialogueEvent,Unit 3 Dev,2026-09-16T16:46:15.9870000Z,2026-09-16T16:50:10.7350000Z,6aaac7d7485cab4c9545500e,wenyi091426-3.stratalog.logdata.json
DialogueNodeEvent:11:26,dialogue,7,DialogueEvent,Unit 3 Dev,2026-09-16T16:46:29.2930000Z,2026-09-16T16:49:53.1590000Z,6aaac7e5485cab4c9545502a,wenyi091426-3.stratalog.logdata.json
DialogueNodeEvent:11:27,dialogue,5,DialogueEvent,Unit 3 Dev,2026-09-16T16:46:22.1730000Z,2026-09-16T16:49:30.6310000Z,6aaac7dd485cab4c9545501a,wenyi091426-3.stratalog.logdata.json
DialogueNodeEvent:11:29,dialogue,4,DialogueEvent,Unit 3 Dev,2026-09-16T16:46:37.9640000Z,2026-09-16T16:49:01.0670000Z,6aaac7ed485cab4c95455048,wenyi091426-3.stratalog.logdata.json
DialogueNodeEvent:11:34,dialogue,1,DialogueEvent,Unit 3 Dev,2026-09-16T16:50:37.6840000Z,2026-09-16T16:50:37.6840000Z,6aaac8dd485cab4c954552b6,wenyi091426-3.stratalog.logdata.json
DialogueNodeEvent:11:35,dialogue,1,DialogueEvent,Unit 3 Dev,2026-09-16T16:58:04.7830000Z,2026-09-16T16:58:04.7830000Z,6aaaca9c485cab4c954554f4,wenyi091426-3.stratalog.logdata.json
DialogueNodeEvent:11:36,dialogue,1,DialogueEvent,Unit 3 Dev,2026-09-16T16:58:06.7000000Z,2026-09-16T16:58:06.7000000Z,6aaaca9e485cab4c954554f8,wenyi091426-3.stratalog.logdata.json
DialogueNodeEvent:11:4,dialogue,1,DialogueEvent,Unit 3 Dev,2026-09-16T16:36:32.4520000Z,2026-09-16T16:36:32.4520000Z,6aaac590485cab4c95454e9e,wenyi091426-3.stratalog.logdata.json
DialogueNodeEvent:11:5,dialogue,1,DialogueEvent,Unit 3 Dev,2026-09-16T16:36:44.8910000Z,2026-09-16T16:36:44.8910000Z,6aaac59c485cab4c95454ea2,wenyi091426-3.stratalog.logdata.json
DialogueNodeEvent:11:7,dialogue,1,DialogueEvent,Unit 3 Dev,2026-09-16T16:36:47.3590000Z,2026-09-16T16:36:47.3590000Z,6aaac59f485cab4c95454ea6,wenyi091426-3.stratalog.logdata.json
DialogueNodeEvent:11:8,dialogue,1,DialogueEvent,Unit 3 Dev,2026-09-16T16:37:00.6650000Z,2026-09-16T16:37:00.6650000Z,6aaac5ac485cab4c95454eaa,wenyi091426-3.stratalog.logdata.json
DialogueNodeEvent:12:11,dialogue,1,DialogueEvent,Unit 3 Dev,2026-09-16T16:56:38.7770000Z,2026-09-16T16:56:38.7770000Z,6aaaca46485cab4c954554b2,wenyi091426-3.stratalog.logdata.json
DialogueNodeEvent:13:1,dialogue,1,DialogueEvent,Unit 3 Dev,2026-09-16T16:56:19.6650000Z,2026-09-16T16:56:19.6650000Z,6aaaca33485cab4c95455496,wenyi091426-3.stratalog.logdata.json
DialogueNodeEvent:15:13,dialogue,1,DialogueEvent,Unit 3 Dev,2026-09-16T16:56:55.1650000Z,2026-09-16T16:56:55.1650000Z,6aaaca56485cab4c954554c4,wenyi091426-3.stratalog.logdata.json
DialogueNodeEvent:15:14,dialogue,1,DialogueEvent,Unit 3 Dev,2026-09-16T16:56:55.6980000Z,2026-09-16T16:56:55.6980000Z,6aaaca57485cab4c954554c6,wenyi091426-3.stratalog.logdata.json
DialogueNodeEvent:15:15,dialogue,1,DialogueEvent,Unit 3 Dev,2026-09-16T16:56:56.1740000Z,2026-09-16T16:56:56.1740000Z,6aaaca58485cab4c954554ca,wenyi091426-3.stratalog.logdata.json
DialogueNodeEvent:15:3,dialogue,2,DialogueEvent,Unit 3 Dev,2026-09-16T16:56:48.7780000Z,2026-09-16T16:56:52.7810000Z,6aaaca50485cab4c954554b8,wenyi091426-3.stratalog.logdata.json
DialogueNodeEvent:15:7,dialogue,1,DialogueEvent,Unit 3 Dev,2026-09-16T16:56:54.0800000Z,2026-09-16T16:56:54.0800000Z,6aaaca55485cab4c954554c2,wenyi091426-3.stratalog.logdata.json
DialogueNodeEvent:16:3,dialogue,1,DialogueEvent,Unit 2 Prod (Refactor),2026-09-16T01:12:16.3260000Z,2026-09-16T01:12:16.3260000Z,6aa9ecf0485cab4c9544f607,wenyi091426-3.stratalog.logdata.json
DialogueNodeEvent:17:17,dialogue,1,DialogueEvent,Unit 2 Prod (Refactor),2026-09-16T01:14:02.7200000Z,2026-09-16T01:14:02.7200000Z,6aa9ed5a485cab4c9544f733,wenyi091426-3.stratalog.logdata.json
DialogueNodeEvent:17:19,dialogue,1,DialogueEvent,Unit 2 Prod (Refactor),2026-09-16T01:14:04.8890000Z,2026-09-16T01:14:04.8890000Z,6aa9ed5c485cab4c9544f749,wenyi091426-3.stratalog.logdata.json
DialogueNodeEvent:17:20,dialogue,1,DialogueEvent,Unit 2 Prod (Refactor),2026-09-16T01:14:11.4740000Z,2026-09-16T01:14:11.4740000Z,6aa9ed63485cab4c9544f77d,wenyi091426-3.stratalog.logdata.json
DialogueNodeEvent:17:22,dialogue,1,DialogueEvent,Unit 2 Prod (Refactor),2026-09-16T01:14:14.2420000Z,2026-09-16T01:14:14.2420000Z,6aa9ed65485cab4c9544f781,wenyi091426-3.stratalog.logdata.json
DialogueNodeEvent:17:26,dialogue,1,DialogueEvent,Unit 2 Prod (Refactor),2026-09-16T01:14:27.9620000Z,2026-09-16T01:14:27.9620000Z,6aa9ed73485cab4c9544f793,wenyi091426-3.stratalog.logdata.json
DialogueNodeEvent:18:1,dialogue,1,DialogueEvent,Unit 2 Prod (Refactor),2026-09-16T01:12:51.5220000Z,2026-09-16T01:12:51.5220000Z,6aa9ed13485cab4c9544f633,wenyi091426-3.stratalog.logdata.json
DialogueNodeEvent:18:10,dialogue,1,DialogueEvent,Unit 2 Prod (Refactor),2026-09-16T01:13:39.8530000Z,2026-09-16T01:13:39.8530000Z,6aa9ed43485cab4c9544f6eb,wenyi091426-3.stratalog.logdata.json
DialogueNodeEvent:18:102,dialogue,1,DialogueEvent,Unit 2 Prod (Refactor),2026-09-16T14:43:28.7640000Z,2026-09-16T14:43:28.7640000Z,6aaaab10485cab4c95453960,wenyi091426-3.stratalog.logdata.json
DialogueNodeEvent:18:103,dialogue,1,DialogueEvent,Unit 2 Prod (Refactor),2026-09-16T14:45:00.1250000Z,2026-09-16T14:45:00.1250000Z,6aaaab6c485cab4c95453986,wenyi091426-3.stratalog.logdata.json
DialogueNodeEvent:18:105,dialogue,1,DialogueEvent,Unit 2 Prod (Refactor),2026-09-16T14:45:06.2300000Z,2026-09-16T14:45:06.2300000Z,6aaaab72485cab4c9545398a,wenyi091426-3.stratalog.logdata.json
DialogueNodeEvent:18:109,dialogue,1,DialogueEvent,Unit 2 Prod (Refactor),2026-09-16T14:45:44.9640000Z,2026-09-16T14:45:44.9640000Z,6aaaab98485cab4c954539bc,wenyi091426-3.stratalog.logdata.json
DialogueNodeEvent:18:110,dialogue,1,DialogueEvent,Unit 2 Prod (Refactor),2026-09-16T14:47:21.9610000Z,2026-09-16T14:47:21.9610000Z,6aaaabf9485cab4c954539d4,wenyi091426-3.stratalog.logdata.json
DialogueNodeEvent:18:112,dialogue,1,DialogueEvent,Unit 2 Prod (Refactor),2026-09-16T14:47:31.4660000Z,2026-09-16T14:47:31.4660000Z,6aaaac03485cab4c954539e2,wenyi091426-3.stratalog.logdata.json
DialogueNodeEvent:18:113,dialogue,1,DialogueEvent,Unit 2 Prod (Refactor),2026-09-16T14:47:51.3430000Z,2026-09-16T14:47:51.3430000Z,6aaaac17485cab4c954539f2,wenyi091426-3.stratalog.logdata.json
DialogueNodeEvent:18:114,dialogue,1,DialogueEvent,Unit 2 Prod (Refactor),2026-09-16T14:48:02.5970000Z,2026-09-16T14:48:02.5970000Z,6aaaac22485cab4c954539f8,wenyi091426-3.stratalog.logdata.json
DialogueNodeEvent:18:116,dialogue,1,DialogueEvent,Unit 2 Prod (Refactor),2026-09-16T14:48:27.7010000Z,2026-09-16T14:48:27.7010000Z,6aaaac3b485cab4c95453a3c,wenyi091426-3.stratalog.logdata.json
DialogueNodeEvent:18:117,dialogue,1,DialogueEvent,Unit 2 Prod (Refactor),2026-09-16T14:48:38.4490000Z,2026-09-16T14:48:38.4490000Z,6aaaac46485cab4c95453a5c,wenyi091426-3.stratalog.logdata.json
DialogueNodeEvent:18:118,dialogue,1,DialogueEvent,Unit 2 Prod (Refactor),2026-09-16T14:50:21.7810000Z,2026-09-16T14:50:21.7810000Z,6aaaacad485cab4c95453a98,wenyi091426-3.stratalog.logdata.json
DialogueNodeEvent:18:120,dialogue,1,DialogueEvent,Unit 2 Prod (Refactor),2026-09-16T15:14:17.7340000Z,2026-09-16T15:14:17.7340000Z,6aaab249485cab4c9545497e,wenyi091426-3.stratalog.logdata.json
DialogueNodeEvent:18:121,dialogue,1,DialogueEvent,Unit 2 Prod (Refactor),2026-09-16T15:14:21.3190000Z,2026-09-16T15:14:21.3190000Z,6aaab24d485cab4c95454982,wenyi091426-3.stratalog.logdata.json
DialogueNodeEvent:18:122,dialogue,1,DialogueEvent,Unit 2 Prod (Refactor),2026-09-16T15:14:28.1720000Z,2026-09-16T15:14:28.1720000Z,6aaab254485cab4c95454984,wenyi091426-3.stratalog.logdata.json
DialogueNodeEvent:18:124,dialogue,1,DialogueEvent,Unit 2 Prod (Refactor),2026-09-16T15:14:31.7400000Z,2026-09-16T15:14:31.7400000Z,6aaab257485cab4c95454988,wenyi091426-3.stratalog.logdata.json
DialogueNodeEvent:18:125,dialogue,1,DialogueEvent,Unit 2 Prod (Refactor),2026-09-16T15:14:34.1250000Z,2026-09-16T15:14:34.1250000Z,6aaab25a485cab4c9545498a,wenyi091426-3.stratalog.logdata.json
DialogueNodeEvent:18:127,dialogue,1,DialogueEvent,Unit 2 Prod (Refactor),2026-09-16T15:14:50.8680000Z,2026-09-16T15:14:50.8680000Z,6aaab26a485cab4c95454992,wenyi091426-3.stratalog.logdata.json
DialogueNodeEvent:18:128,dialogue,1,DialogueEvent,Unit 2 Prod (Refactor),2026-09-16T15:15:48.0960000Z,2026-09-16T15:15:48.0960000Z,6aaab2a4485cab4c954549a2,wenyi091426-3.stratalog.logdata.json
DialogueNodeEvent:18:130,dialogue,1,DialogueEvent,Unit 2 Prod (Refactor),2026-09-16T15:15:52.6540000Z,2026-09-16T15:15:52.6540000Z,6aaab2a8485cab4c954549a6,wenyi091426-3.stratalog.logdata.json
DialogueNodeEvent:18:136,dialogue,1,DialogueEvent,Unit 2 Prod (Refactor),2026-09-16T15:21:59.9100000Z,2026-09-16T15:21:59.9100000Z,6aaab417485cab4c95454a72,wenyi091426-3.stratalog.logdata.json
DialogueNodeEvent:18:138,dialogue,1,DialogueEvent,Unit 2 Prod (Refactor),2026-09-16T15:22:33.2270000Z,2026-09-16T15:22:33.2270000Z,6aaab439485cab4c95454a7c,wenyi091426-3.stratalog.logdata.json
DialogueNodeEvent:18:140,dialogue,1,DialogueEvent,Unit 2 Prod (Refactor),2026-09-16T15:23:28.7360000Z,2026-09-16T15:23:28.7360000Z,6aaab470485cab4c95454a8a,wenyi091426-3.stratalog.logdata.json
DialogueNodeEvent:18:141,dialogue,1,DialogueEvent,Unit 2 Prod (Refactor),2026-09-16T15:23:34.3400000Z,2026-09-16T15:23:34.3400000Z,6aaab476485cab4c95454a8c,wenyi091426-3.stratalog.logdata.json
DialogueNodeEvent:18:142,dialogue,1,DialogueEvent,Unit 2 Prod (Refactor),2026-09-16T15:24:30.0660000Z,2026-09-16T15:24:30.0660000Z,6aaab4ae485cab4c95454aa8,wenyi091426-3.stratalog.logdata.json
DialogueNodeEvent:18:143,dialogue,1,DialogueEvent,Unit 2 Prod (Refactor),2026-09-16T15:24:37.6190000Z,2026-09-16T15:24:37.6190000Z,6aaab4b5485cab4c95454aac,wenyi091426-3.stratalog.logdata.json
DialogueNodeEvent:18:145,dialogue,1,DialogueEvent,Unit 2 Prod (Refactor),2026-09-16T15:24:39.5370000Z,2026-09-16T15:24:39.5370000Z,6aaab4b7485cab4c95454ab0,wenyi091426-3.stratalog.logdata.json
DialogueNodeEvent:18:146,dialogue,1,DialogueEvent,Unit 2 Prod (Refactor),2026-09-16T15:24:46.1420000Z,2026-09-16T15:24:46.1420000Z,6aaab4be485cab4c95454ab8,wenyi091426-3.stratalog.logdata.json
DialogueNodeEvent:18:147,dialogue,1,DialogueEvent,Unit 2 Prod (Refactor),2026-09-16T15:24:51.3600000Z,2026-09-16T15:24:51.3600000Z,6aaab4c3485cab4c95454abe,wenyi091426-3.stratalog.logdata.json
DialogueNodeEvent:18:149,dialogue,1,DialogueEvent,Unit 2 Prod (Refactor),2026-09-16T15:24:54.3620000Z,2026-09-16T15:24:54.3620000Z,6aaab4c6485cab4c95454ac0,wenyi091426-3.stratalog.logdata.json
DialogueNodeEvent:18:150,dialogue,1,DialogueEvent,Unit 2 Prod (Refactor),2026-09-16T15:25:08.3850000Z,2026-09-16T15:25:08.3850000Z,6aaab4d4485cab4c95454ac8,wenyi091426-3.stratalog.logdata.json
DialogueNodeEvent:18:151,dialogue,1,DialogueEvent,Unit 2 Prod (Refactor),2026-09-16T15:25:13.6360000Z,2026-09-16T15:25:13.6360000Z,6aaab4d9485cab4c95454ace,wenyi091426-3.stratalog.logdata.json
DialogueNodeEvent:18:153,dialogue,1,DialogueEvent,Unit 2 Prod (Refactor),2026-09-16T15:25:15.7080000Z,2026-09-16T15:25:15.7080000Z,6aaab4db485cab4c95454ad0,wenyi091426-3.stratalog.logdata.json
DialogueNodeEvent:18:154,dialogue,1,DialogueEvent,Unit 2 Prod (Refactor),2026-09-16T15:25:31.0150000Z,2026-09-16T15:25:31.0150000Z,6aaab4ea485cab4c95454af4,wenyi091426-3.stratalog.logdata.json
DialogueNodeEvent:18:155,dialogue,1,DialogueEvent,Unit 2 Prod (Refactor),2026-09-16T15:25:39.9490000Z,2026-09-16T15:25:39.9490000Z,6aaab4f3485cab4c95454afa,wenyi091426-3.stratalog.logdata.json
DialogueNodeEvent:18:156,dialogue,1,DialogueEvent,Unit 2 Prod (Refactor),2026-09-16T15:25:47.4030000Z,2026-09-16T15:25:47.4030000Z,6aaab4fb485cab4c95454afc,wenyi091426-3.stratalog.logdata.json
DialogueNodeEvent:18:158,dialogue,1,DialogueEvent,Unit 2 Prod (Refactor),2026-09-16T15:25:49.8060000Z,2026-09-16T15:25:49.8060000Z,6aaab4fd485cab4c95454b00,wenyi091426-3.stratalog.logdata.json
DialogueNodeEvent:18:159,dialogue,1,DialogueEvent,Unit 2 Prod (Refactor),2026-09-16T15:26:30.7740000Z,2026-09-16T15:26:30.7740000Z,6aaab526485cab4c95454b3e,wenyi091426-3.stratalog.logdata.json
DialogueNodeEvent:18:160,dialogue,1,DialogueEvent,Unit 2 Prod (Refactor),2026-09-16T15:26:35.2760000Z,2026-09-16T15:26:35.2760000Z,6aaab52b485cab4c95454b42,wenyi091426-3.stratalog.logdata.json
DialogueNodeEvent:18:162,dialogue,1,DialogueEvent,Unit 2 Prod (Refactor),2026-09-16T15:26:37.0600000Z,2026-09-16T15:26:37.0600000Z,6aaab52c485cab4c95454b44,wenyi091426-3.stratalog.logdata.json
DialogueNodeEvent:18:163,dialogue,1,DialogueEvent,Unit 2 Prod (Refactor),2026-09-16T15:26:42.4160000Z,2026-09-16T15:26:42.4160000Z,6aaab532485cab4c95454b4e,wenyi091426-3.stratalog.logdata.json
DialogueNodeEvent:18:164,dialogue,1,DialogueEvent,Unit 2 Prod (Refactor),2026-09-16T15:27:34.1710000Z,2026-09-16T15:27:34.1710000Z,6aaab566485cab4c95454b5c,wenyi091426-3.stratalog.logdata.json
DialogueNodeEvent:18:166,dialogue,1,DialogueEvent,Unit 2 Prod (Refactor),2026-09-16T15:27:36.5070000Z,2026-09-16T15:27:36.5070000Z,6aaab568485cab4c95454b5e,wenyi091426-3.stratalog.logdata.json
DialogueNodeEvent:18:167,dialogue,1,DialogueEvent,Unit 2 Prod (Refactor),2026-09-16T15:27:48.5650000Z,2026-09-16T15:27:48.5650000Z,6aaab574485cab4c95454b6a,wenyi091426-3.stratalog.logdata.json
DialogueNodeEvent:18:169,dialogue,1,DialogueEvent,Unit 2 Prod (Refactor),2026-09-16T15:28:04.5890000Z,2026-09-16T15:28:04.5890000Z,6aaab584485cab4c95454b8a,wenyi091426-3.stratalog.logdata.json
DialogueNodeEvent:18:170,dialogue,1,DialogueEvent,Unit 2 Prod (Refactor),2026-09-16T15:28:13.6240000Z,2026-09-16T15:28:13.6240000Z,6aaab58d485cab4c95454b90,wenyi091426-3.stratalog.logdata.json
DialogueNodeEvent:18:173,dialogue,1,DialogueEvent,Unit 2 Prod (Refactor),2026-09-16T15:28:15.5750000Z,2026-09-16T15:28:15.5750000Z,6aaab58f485cab4c95454b92,wenyi091426-3.stratalog.logdata.json
DialogueNodeEvent:18:174,dialogue,1,DialogueEvent,Unit 2 Prod (Refactor),2026-09-16T15:28:18.7270000Z,2026-09-16T15:28:18.7270000Z,6aaab592485cab4c95454b96,wenyi091426-3.stratalog.logdata.json
DialogueNodeEvent:18:175,dialogue,1,DialogueEvent,Unit 2 Prod (Refactor),2026-09-16T15:28:28.3480000Z,2026-09-16T15:28:28.3480000Z,6aaab59c485cab4c95454b98,wenyi091426-3.stratalog.logdata.json
DialogueNodeEvent:18:176,dialogue,1,DialogueEvent,Unit 2 Prod (Refactor),2026-09-16T15:28:32.3750000Z,2026-09-16T15:28:32.3750000Z,6aaab5a0485cab4c95454b9c,wenyi091426-3.stratalog.logdata.json
DialogueNodeEvent:18:179,dialogue,1,DialogueEvent,Unit 2 Prod (Refactor),2026-09-16T01:15:59.2820000Z,2026-09-16T01:15:59.2820000Z,6aa9edcf485cab4c9544f86f,wenyi091426-3.stratalog.logdata.json
DialogueNodeEvent:18:2,dialogue,1,DialogueEvent,Unit 2 Prod (Refactor),2026-09-16T01:13:03.0430000Z,2026-09-16T01:13:03.0430000Z,6aa9ed1e485cab4c9544f65d,wenyi091426-3.stratalog.logdata.json
DialogueNodeEvent:18:209,dialogue,1,DialogueEvent,Unit 2 Prod (Refactor),2026-09-16T01:26:07.7370000Z,2026-09-16T01:26:07.7370000Z,6aa9f02f485cab4c95450a69,wenyi091426-3.stratalog.logdata.json
DialogueNodeEvent:18:21,dialogue,1,DialogueEvent,Unit 2 Prod (Refactor),2026-09-16T01:14:33.6500000Z,2026-09-16T01:14:33.6500000Z,6aa9ed79485cab4c9544f7bb,wenyi091426-3.stratalog.logdata.json
DialogueNodeEvent:18:210,dialogue,1,DialogueEvent,Unit 2 Prod (Refactor),2026-09-16T01:26:15.8740000Z,2026-09-16T01:26:15.8740000Z,6aa9f037485cab4c95450a75,wenyi091426-3.stratalog.logdata.json
DialogueNodeEvent:18:22,dialogue,1,DialogueEvent,Unit 2 Prod (Refactor),2026-09-16T01:14:40.8510000Z,2026-09-16T01:14:40.8510000Z,6aa9ed80485cab4c9544f7cf,wenyi091426-3.stratalog.logdata.json
DialogueNodeEvent:18:231,dialogue,1,DialogueEvent,Unit 2 Prod (Refactor),2026-09-16T01:42:15.4740000Z,2026-09-16T01:42:15.4740000Z,6aa9f3f7485cab4c95451685,wenyi091426-3.stratalog.logdata.json
DialogueNodeEvent:18:232,dialogue,1,DialogueEvent,Unit 2 Prod (Refactor),2026-09-16T01:42:20.2610000Z,2026-09-16T01:42:20.2610000Z,6aa9f3fc485cab4c9545168f,wenyi091426-3.stratalog.logdata.json
DialogueNodeEvent:18:24,dialogue,1,DialogueEvent,Unit 2 Prod (Refactor),2026-09-16T01:14:45.8040000Z,2026-09-16T01:14:45.8040000Z,6aa9ed85485cab4c9544f7df,wenyi091426-3.stratalog.logdata.json
DialogueNodeEvent:18:243,dialogue,1,DialogueEvent,Unit 2 Prod (Refactor),2026-09-16T14:48:47.8690000Z,2026-09-16T14:48:47.8690000Z,6aaaac4f485cab4c95453a72,wenyi091426-3.stratalog.logdata.json
DialogueNodeEvent:18:25,dialogue,1,DialogueEvent,Unit 2 Prod (Refactor),2026-09-16T01:14:52.2240000Z,2026-09-16T01:14:52.2240000Z,6aa9ed8b485cab4c9544f7e3,wenyi091426-3.stratalog.logdata.json
DialogueNodeEvent:18:269,dialogue,1,DialogueEvent,Unit 2 Prod (Refactor),2026-09-16T01:15:42.1450000Z,2026-09-16T01:15:42.1450000Z,6aa9edbd485cab4c9544f81d,wenyi091426-3.stratalog.logdata.json
DialogueNodeEvent:18:271,dialogue,1,DialogueEvent,Unit 2 Prod (Refactor),2026-09-16T01:15:46.7140000Z,2026-09-16T01:15:46.7140000Z,6aa9edc2485cab4c9544f825,wenyi091426-3.stratalog.logdata.json
DialogueNodeEvent:18:273,dialogue,1,DialogueEvent,Unit 2 Prod (Refactor),2026-09-16T01:15:48.9480000Z,2026-09-16T01:15:48.9480000Z,6aa9edc4485cab4c9544f827,wenyi091426-3.stratalog.logdata.json
DialogueNodeEvent:18:274,dialogue,1,DialogueEvent,Unit 2 Prod (Refactor),2026-09-16T14:47:25.6620000Z,2026-09-16T14:47:25.6620000Z,6aaaabfd485cab4c954539d6,wenyi091426-3.stratalog.logdata.json
DialogueNodeEvent:18:276,dialogue,1,DialogueEvent,Unit 2 Prod (Refactor),2026-09-16T14:48:04.9480000Z,2026-09-16T14:48:04.9480000Z,6aaaac24485cab4c954539fa,wenyi091426-3.stratalog.logdata.json
DialogueNodeEvent:18:277,dialogue,1,DialogueEvent,Unit 2 Prod (Refactor),2026-09-16T14:48:16.5040000Z,2026-09-16T14:48:16.5040000Z,6aaaac30485cab4c954539fe,wenyi091426-3.stratalog.logdata.json
DialogueNodeEvent:18:279,dialogue,1,DialogueEvent,Unit 2 Prod (Refactor),2026-09-16T14:48:18.8380000Z,2026-09-16T14:48:18.8380000Z,6aaaac32485cab4c95453a02,wenyi091426-3.stratalog.logdata.json
DialogueNodeEvent:18:280,dialogue,1,DialogueEvent,Unit 2 Prod (Refactor),2026-09-16T01:24:53.2210000Z,2026-09-16T01:24:53.2210000Z,6aa9efe4485cab4c95450833,wenyi091426-3.stratalog.logdata.json
DialogueNodeEvent:18:281,dialogue,1,DialogueEvent,Unit 2 Prod (Refactor),2026-09-16T01:26:02.3680000Z,2026-09-16T01:26:02.3680000Z,6aa9f02a485cab4c95450a0b,wenyi091426-3.stratalog.logdata.json
DialogueNodeEvent:18:282,dialogue,1,DialogueEvent,Unit 2 Prod (Refactor),2026-09-16T01:25:54.2470000Z,2026-09-16T01:25:54.2470000Z,6aa9f021485cab4c954509a3,wenyi091426-3.stratalog.logdata.json
DialogueNodeEvent:18:283,dialogue,1,DialogueEvent,Unit 2 Prod (Refactor),2026-09-16T01:28:24.0050000Z,2026-09-16T01:28:24.0050000Z,6aa9f0b7485cab4c95450b95,wenyi091426-3.stratalog.logdata.json
DialogueNodeEvent:18:284,dialogue,1,DialogueEvent,Unit 2 Prod (Refactor),2026-09-16T15:28:34.6200000Z,2026-09-16T15:28:34.6200000Z,6aaab5a2485cab4c95454b9e,wenyi091426-3.stratalog.logdata.json
DialogueNodeEvent:18:287,dialogue,2,DialogueEvent,Unit 2 Prod (Refactor),2026-09-16T01:36:10.5090000Z,2026-09-16T14:42:13.2710000Z,6aa9f28a485cab4c9545129f,wenyi091426-3.stratalog.logdata.json
DialogueNodeEvent:18:289,dialogue,1,DialogueEvent,Unit 2 Prod (Refactor),2026-09-16T14:42:29.5340000Z,2026-09-16T14:42:29.5340000Z,6aaaaad5485cab4c95453940,wenyi091426-3.stratalog.logdata.json
DialogueNodeEvent:18:290,dialogue,1,DialogueEvent,Unit 2 Prod (Refactor),2026-09-16T15:15:00.6210000Z,2026-09-16T15:15:00.6210000Z,6aaab274485cab4c95454996,wenyi091426-3.stratalog.logdata.json
DialogueNodeEvent:18:33,dialogue,1,DialogueEvent,Unit 2 Prod (Refactor),2026-09-16T01:15:10.4670000Z,2026-09-16T01:15:10.4670000Z,6aa9ed9e485cab4c9544f7f7,wenyi091426-3.stratalog.logdata.json
DialogueNodeEvent:18:34,dialogue,1,DialogueEvent,Unit 2 Prod (Refactor),2026-09-16T01:15:12.2340000Z,2026-09-16T01:15:12.2340000Z,6aa9ed9f485cab4c9544f7fb,wenyi091426-3.stratalog.logdata.json
DialogueNodeEvent:18:35,dialogue,1,DialogueEvent,Unit 2 Prod (Refactor),2026-09-16T01:15:15.2350000Z,2026-09-16T01:15:15.2350000Z,6aa9eda2485cab4c9544f805,wenyi091426-3.stratalog.logdata.json
DialogueNodeEvent:18:36,dialogue,1,DialogueEvent,Unit 2 Prod (Refactor),2026-09-16T01:15:17.3360000Z,2026-09-16T01:15:17.3360000Z,6aa9eda5485cab4c9544f807,wenyi091426-3.stratalog.logdata.json
DialogueNodeEvent:18:37,dialogue,1,DialogueEvent,Unit 2 Prod (Refactor),2026-09-16T01:15:21.5050000Z,2026-09-16T01:15:21.5050000Z,6aa9eda9485cab4c9544f80b,wenyi091426-3.stratalog.logdata.json
DialogueNodeEvent:18:38,dialogue,1,DialogueEvent,Unit 2 Prod (Refactor),2026-09-16T01:15:27.4710000Z,2026-09-16T01:15:27.4710000Z,6aa9edaf485cab4c9544f811,wenyi091426-3.stratalog.logdata.json
DialogueNodeEvent:18:39,dialogue,1,DialogueEvent,Unit 2 Prod (Refactor),2026-09-16T01:15:27.4730000Z,2026-09-16T01:15:27.4730000Z,6aa9edaf485cab4c9544f813,wenyi091426-3.stratalog.logdata.json
DialogueNodeEvent:18:4,dialogue,1,DialogueEvent,Unit 2 Prod (Refactor),2026-09-16T01:13:08.3630000Z,2026-09-16T01:13:08.3630000Z,6aa9ed24485cab4c9544f66d,wenyi091426-3.stratalog.logdata.json
DialogueNodeEvent:18:41,dialogue,1,DialogueEvent,Unit 2 Prod (Refactor),2026-09-16T01:23:55.4130000Z,2026-09-16T01:23:55.4130000Z,6aa9efab485cab4c95450795,wenyi091426-3.stratalog.logdata.json
DialogueNodeEvent:18:47,dialogue,1,DialogueEvent,Unit 2 Prod (Refactor),2026-09-16T01:24:01.4300000Z,2026-09-16T01:24:01.4300000Z,6aa9efb1485cab4c954507a1,wenyi091426-3.stratalog.logdata.json
DialogueNodeEvent:18:5,dialogue,1,DialogueEvent,Unit 2 Prod (Refactor),2026-09-16T01:13:21.8020000Z,2026-09-16T01:13:21.8020000Z,6aa9ed31485cab4c9544f68d,wenyi091426-3.stratalog.logdata.json
DialogueNodeEvent:18:56,dialogue,1,DialogueEvent,Unit 2 Prod (Refactor),2026-09-16T01:24:30.2440000Z,2026-09-16T01:24:30.2440000Z,6aa9efce485cab4c954507d3,wenyi091426-3.stratalog.logdata.json
DialogueNodeEvent:18:59,dialogue,1,DialogueEvent,Unit 2 Prod (Refactor),2026-09-16T01:24:46.7170000Z,2026-09-16T01:24:46.7170000Z,6aa9efde485cab4c95450829,wenyi091426-3.stratalog.logdata.json
DialogueNodeEvent:18:60,dialogue,1,DialogueEvent,Unit 2 Prod (Refactor),2026-09-16T01:24:57.9220000Z,2026-09-16T01:24:57.9220000Z,6aa9efe9485cab4c95450849,wenyi091426-3.stratalog.logdata.json
DialogueNodeEvent:18:62,dialogue,1,DialogueEvent,Unit 2 Prod (Refactor),2026-09-16T01:25:00.1900000Z,2026-09-16T01:25:00.1900000Z,6aa9efeb485cab4c95450851,wenyi091426-3.stratalog.logdata.json
DialogueNodeEvent:18:64,dialogue,1,DialogueEvent,Unit 2 Prod (Refactor),2026-09-16T01:25:04.8580000Z,2026-09-16T01:25:04.8580000Z,6aa9eff0485cab4c9545085b,wenyi091426-3.stratalog.logdata.json
DialogueNodeEvent:18:65,dialogue,1,DialogueEvent,Unit 2 Prod (Refactor),2026-09-16T01:25:08.2940000Z,2026-09-16T01:25:08.2940000Z,6aa9eff4485cab4c95450861,wenyi091426-3.stratalog.logdata.json
DialogueNodeEvent:18:66,dialogue,1,DialogueEvent,Unit 2 Prod (Refactor),2026-09-16T01:25:29.2680000Z,2026-09-16T01:25:29.2680000Z,6aa9f009485cab4c95450899,wenyi091426-3.stratalog.logdata.json
DialogueNodeEvent:18:68,dialogue,1,DialogueEvent,Unit 2 Prod (Refactor),2026-09-16T01:25:31.5530000Z,2026-09-16T01:25:31.5530000Z,6aa9f00b485cab4c954508a9,wenyi091426-3.stratalog.logdata.json
DialogueNodeEvent:18:69,dialogue,1,DialogueEvent,Unit 2 Prod (Refactor),2026-09-16T01:25:38.7560000Z,2026-09-16T01:25:38.7560000Z,6aa9f012485cab4c954508d1,wenyi091426-3.stratalog.logdata.json
DialogueNodeEvent:18:7,dialogue,1,DialogueEvent,Unit 2 Prod (Refactor),2026-09-16T01:13:25.6010000Z,2026-09-16T01:13:25.6010000Z,6aa9ed35485cab4c9544f6a1,wenyi091426-3.stratalog.logdata.json
DialogueNodeEvent:18:71,dialogue,1,DialogueEvent,Unit 2 Prod (Refactor),2026-09-16T01:25:45.4760000Z,2026-09-16T01:25:45.4760000Z,6aa9f019485cab4c95450926,wenyi091426-3.stratalog.logdata.json
DialogueNodeEvent:18:72,dialogue,1,DialogueEvent,Unit 2 Prod (Refactor),2026-09-16T01:26:05.9190000Z,2026-09-16T01:26:05.9190000Z,6aa9f02d485cab4c95450a47,wenyi091426-3.stratalog.logdata.json
DialogueNodeEvent:18:75,dialogue,1,DialogueEvent,Unit 2 Prod (Refactor),2026-09-16T01:26:17.4420000Z,2026-09-16T01:26:17.4420000Z,6aa9f039485cab4c95450a77,wenyi091426-3.stratalog.logdata.json
DialogueNodeEvent:18:76,dialogue,1,DialogueEvent,Unit 2 Prod (Refactor),2026-09-16T01:26:22.2440000Z,2026-09-16T01:26:22.2440000Z,6aa9f03d485cab4c95450a7b,wenyi091426-3.stratalog.logdata.json
DialogueNodeEvent:18:77,dialogue,1,DialogueEvent,Unit 2 Prod (Refactor),2026-09-16T01:26:24.2590000Z,2026-09-16T01:26:24.2590000Z,6aa9f03f485cab4c95450a7d,wenyi091426-3.stratalog.logdata.json
DialogueNodeEvent:18:79,dialogue,1,DialogueEvent,Unit 2 Prod (Refactor),2026-09-16T01:26:25.8940000Z,2026-09-16T01:26:25.8940000Z,6aa9f041485cab4c95450a81,wenyi091426-3.stratalog.logdata.json
DialogueNodeEvent:18:8,dialogue,1,DialogueEvent,Unit 2 Prod (Refactor),2026-09-16T01:13:37.2570000Z,2026-09-16T01:13:37.2570000Z,6aa9ed40485cab4c9544f6e7,wenyi091426-3.stratalog.logdata.json
DialogueNodeEvent:18:80,dialogue,1,DialogueEvent,Unit 2 Prod (Refactor),2026-09-16T01:26:37.9490000Z,2026-09-16T01:26:37.9490000Z,6aa9f04d485cab4c95450abd,wenyi091426-3.stratalog.logdata.json
DialogueNodeEvent:18:82,dialogue,1,DialogueEvent,Unit 2 Prod (Refactor),2026-09-16T01:26:40.5510000Z,2026-09-16T01:26:40.5510000Z,6aa9f050485cab4c95450acf,wenyi091426-3.stratalog.logdata.json
DialogueNodeEvent:18:88,dialogue,1,DialogueEvent,Unit 2 Prod (Refactor),2026-09-16T01:26:55.9580000Z,2026-09-16T01:26:55.9580000Z,6aa9f05f485cab4c95450ae1,wenyi091426-3.stratalog.logdata.json
DialogueNodeEvent:18:89,dialogue,1,DialogueEvent,Unit 2 Prod (Refactor),2026-09-16T01:26:59.4450000Z,2026-09-16T01:26:59.4450000Z,6aa9f063485cab4c95450ae5,wenyi091426-3.stratalog.logdata.json
DialogueNodeEvent:18:91,dialogue,1,DialogueEvent,Unit 2 Prod (Refactor),2026-09-16T01:27:18.5550000Z,2026-09-16T01:27:18.5550000Z,6aa9f076485cab4c95450aff,wenyi091426-3.stratalog.logdata.json
DialogueNodeEvent:18:92,dialogue,1,DialogueEvent,Unit 2 Prod (Refactor),2026-09-16T01:27:27.0540000Z,2026-09-16T01:27:27.0540000Z,6aa9f07e485cab4c95450b09,wenyi091426-3.stratalog.logdata.json
DialogueNodeEvent:18:93,dialogue,1,DialogueEvent,Unit 2 Prod (Refactor),2026-09-16T01:27:58.2860000Z,2026-09-16T01:27:58.2860000Z,6aa9f09e485cab4c95450b41,wenyi091426-3.stratalog.logdata.json
DialogueNodeEvent:18:95,dialogue,1,DialogueEvent,Unit 2 Prod (Refactor),2026-09-16T01:28:01.2540000Z,2026-09-16T01:28:01.2540000Z,6aa9f0a0485cab4c95450b45,wenyi091426-3.stratalog.logdata.json
DialogueNodeEvent:18:98,dialogue,1,DialogueEvent,Unit 2 Prod (Refactor),2026-09-16T01:28:06.7900000Z,2026-09-16T01:28:06.7900000Z,6aa9f0a6485cab4c95450b49,wenyi091426-3.stratalog.logdata.json
DialogueNodeEvent:19:0,dialogue,2,DialogueEvent,Unit 2 Prod (Refactor),2026-09-16T01:29:11.3040000Z,2026-09-16T15:16:42.1050000Z,6aa9f0e7485cab4c95450c91,wenyi091426-3.stratalog.logdata.json
DialogueNodeEvent:19:1,dialogue,1,DialogueEvent,Unit 2 Prod (Refactor),2026-09-16T01:29:11.3070000Z,2026-09-16T01:29:11.3070000Z,6aa9f0e7485cab4c95450c95,wenyi091426-3.stratalog.logdata.json
DialogueNodeEvent:19:16,dialogue,1,DialogueEvent,Unit 2 Prod (Refactor),2026-09-16T15:16:42.1070000Z,2026-09-16T15:16:42.1070000Z,6aaab2da485cab4c954549c0,wenyi091426-3.stratalog.logdata.json
DialogueNodeEvent:19:17,dialogue,1,DialogueEvent,Unit 2 Prod (Refactor),2026-09-16T15:16:46.8060000Z,2026-09-16T15:16:46.8060000Z,6aaab2de485cab4c954549c2,wenyi091426-3.stratalog.logdata.json
DialogueNodeEvent:19:19,dialogue,1,DialogueEvent,Unit 2 Prod (Refactor),2026-09-16T15:16:49.8580000Z,2026-09-16T15:16:49.8580000Z,6aaab2e1485cab4c954549c6,wenyi091426-3.stratalog.logdata.json
DialogueNodeEvent:19:2,dialogue,1,DialogueEvent,Unit 2 Prod (Refactor),2026-09-16T01:29:34.5620000Z,2026-09-16T01:29:34.5620000Z,6aa9f0fe485cab4c95450cd1,wenyi091426-3.stratalog.logdata.json
DialogueNodeEvent:19:20,dialogue,1,DialogueEvent,Unit 2 Prod (Refactor),2026-09-16T15:17:15.0200000Z,2026-09-16T15:17:15.0200000Z,6aaab2fa485cab4c954549cc,wenyi091426-3.stratalog.logdata.json
DialogueNodeEvent:19:21,dialogue,1,DialogueEvent,Unit 2 Prod (Refactor),2026-09-16T15:17:20.4730000Z,2026-09-16T15:17:20.4730000Z,6aaab300485cab4c954549d0,wenyi091426-3.stratalog.logdata.json
DialogueNodeEvent:19:26,dialogue,1,DialogueEvent,Unit 2 Prod (Refactor),2026-09-16T15:17:49.0530000Z,2026-09-16T15:17:49.0530000Z,6aaab31d485cab4c954549da,wenyi091426-3.stratalog.logdata.json
DialogueNodeEvent:19:29,dialogue,1,DialogueEvent,Unit 2 Prod (Refactor),2026-09-16T15:17:51.3050000Z,2026-09-16T15:17:51.3050000Z,6aaab31f485cab4c954549dc,wenyi091426-3.stratalog.logdata.json
DialogueNodeEvent:19:30,dialogue,1,DialogueEvent,Unit 2 Prod (Refactor),2026-09-16T15:18:00.9260000Z,2026-09-16T15:18:00.9260000Z,6aaab328485cab4c954549e4,wenyi091426-3.stratalog.logdata.json
DialogueNodeEvent:19:31,dialogue,1,DialogueEvent,Unit 2 Prod (Refactor),2026-09-16T15:18:05.5780000Z,2026-09-16T15:18:05.5780000Z,6aaab32d485cab4c954549e6,wenyi091426-3.stratalog.logdata.json
DialogueNodeEvent:19:32,dialogue,1,DialogueEvent,Unit 2 Prod (Refactor),2026-09-16T15:18:09.2990000Z,2026-09-16T15:18:09.2990000Z,6aaab331485cab4c954549ea,wenyi091426-3.stratalog.logdata.json
DialogueNodeEvent:19:4,dialogue,1,DialogueEvent,Unit 2 Prod (Refactor),2026-09-16T01:30:21.4530000Z,2026-09-16T01:30:21.4530000Z,6aa9f12d485cab4c95450d4b,wenyi091426-3.stratalog.logdata.json
DialogueNodeEvent:19:46,dialogue,1,DialogueEvent,Unit 2 Prod (Refactor),2026-09-16T01:31:00.2530000Z,2026-09-16T01:31:00.2530000Z,6aa9f154485cab4c95450e0d,wenyi091426-3.stratalog.logdata.json
DialogueNodeEvent:19:47,dialogue,1,DialogueEvent,Unit 2 Prod (Refactor),2026-09-16T15:17:37.4150000Z,2026-09-16T15:17:37.4150000Z,6aaab311485cab4c954549d4,wenyi091426-3.stratalog.logdata.json
DialogueNodeEvent:19:48,dialogue,1,DialogueEvent,Unit 2 Prod (Refactor),2026-09-16T01:30:57.6000000Z,2026-09-16T01:30:57.6000000Z,6aa9f151485cab4c95450dfb,wenyi091426-3.stratalog.logdata.json
DialogueNodeEvent:19:49,dialogue,1,DialogueEvent,Unit 2 Prod (Refactor),2026-09-16T01:29:29.0270000Z,2026-09-16T01:29:29.0270000Z,6aa9f0f8485cab4c95450ccb,wenyi091426-3.stratalog.logdata.json
DialogueNodeEvent:19:5,dialogue,1,DialogueEvent,Unit 2 Prod (Refactor),2026-09-16T01:30:44.2770000Z,2026-09-16T01:30:44.2770000Z,6aa9f144485cab4c95450dab,wenyi091426-3.stratalog.logdata.json
DialogueNodeEvent:19:50,dialogue,1,DialogueEvent,Unit 2 Prod (Refactor),2026-09-16T01:29:41.0550000Z,2026-09-16T01:29:41.0550000Z,6aa9f104485cab4c95450cdd,wenyi091426-3.stratalog.logdata.json
DialogueNodeEvent:19:51,dialogue,1,DialogueEvent,Unit 2 Prod (Refactor),2026-09-16T01:29:44.9350000Z,2026-09-16T01:29:44.9350000Z,6aa9f108485cab4c95450ce3,wenyi091426-3.stratalog.logdata.json
DialogueNodeEvent:19:52,dialogue,1,DialogueEvent,Unit 2 Prod (Refactor),2026-09-16T01:29:47.2530000Z,2026-09-16T01:29:47.2530000Z,6aa9f10b485cab4c95450cf1,wenyi091426-3.stratalog.logdata.json
DialogueNodeEvent:19:53,dialogue,1,DialogueEvent,Unit 2 Prod (Refactor),2026-09-16T01:29:54.1720000Z,2026-09-16T01:29:54.1720000Z,6aa9f111485cab4c95450d09,wenyi091426-3.stratalog.logdata.json
DialogueNodeEvent:19:54,dialogue,1,DialogueEvent,Unit 2 Prod (Refactor),2026-09-16T01:30:11.5470000Z,2026-09-16T01:30:11.5470000Z,6aa9f123485cab4c95450d29,wenyi091426-3.stratalog.logdata.json
DialogueNodeEvent:19:56,dialogue,1,DialogueEvent,Unit 2 Prod (Refactor),2026-09-16T01:30:13.9310000Z,2026-09-16T01:30:13.9310000Z,6aa9f125485cab4c95450d2b,wenyi091426-3.stratalog.logdata.json
DialogueNodeEvent:19:58,dialogue,1,DialogueEvent,Unit 2 Prod (Refactor),2026-09-16T01:31:00.2520000Z,2026-09-16T01:31:00.2520000Z,6aa9f153485cab4c95450e0b,wenyi091426-3.stratalog.logdata.json
DialogueNodeEvent:19:59,dialogue,1,DialogueEvent,Unit 2 Prod (Refactor),2026-09-16T01:29:41.0500000Z,2026-09-16T01:29:41.0500000Z,6aa9f104485cab4c95450cd9,wenyi091426-3.stratalog.logdata.json
DialogueNodeEvent:19:60,dialogue,2,DialogueEvent,Unit 2 Prod (Refactor),2026-09-16T01:31:14.4750000Z,2026-09-16T01:31:17.9130000Z,6aa9f162485cab4c95450e39,wenyi091426-3.stratalog.logdata.json
DialogueNodeEvent:19:61,dialogue,1,DialogueEvent,Unit 2 Prod (Refactor),2026-09-16T01:31:30.4810000Z,2026-09-16T01:31:30.4810000Z,6aa9f172485cab4c95450e79,wenyi091426-3.stratalog.logdata.json
DialogueNodeEvent:19:7,dialogue,1,DialogueEvent,Unit 2 Prod (Refactor),2026-09-16T01:30:46.3970000Z,2026-09-16T01:30:46.3970000Z,6aa9f146485cab4c95450dbd,wenyi091426-3.stratalog.logdata.json
DialogueNodeEvent:20:0,dialogue,1,DialogueEvent,Unit 2 Prod (Refactor),2026-09-16T15:28:39.2030000Z,2026-09-16T15:28:39.2030000Z,6aaab5a7485cab4c95454ba8,wenyi091426-3.stratalog.logdata.json
DialogueNodeEvent:20:1,dialogue,1,DialogueEvent,Unit 2 Prod (Refactor),2026-09-16T01:33:44.8760000Z,2026-09-16T01:33:44.8760000Z,6aa9f1f8485cab4c9545108b,wenyi091426-3.stratalog.logdata.json
DialogueNodeEvent:20:10,dialogue,1,DialogueEvent,Unit 2 Prod (Refactor),2026-09-16T01:34:27.1440000Z,2026-09-16T01:34:27.1440000Z,6aa9f222485cab4c95451143,wenyi091426-3.stratalog.logdata.json
DialogueNodeEvent:20:110,dialogue,1,DialogueEvent,Unit 2 Prod (Refactor),2026-09-16T15:31:49.7790000Z,2026-09-16T15:31:49.7790000Z,6aaab665485cab4c95454be0,wenyi091426-3.stratalog.logdata.json
DialogueNodeEvent:20:111,dialogue,1,DialogueEvent,Unit 2 Prod (Refactor),2026-09-16T01:36:02.0570000Z,2026-09-16T01:36:02.0570000Z,6aa9f281485cab4c95451291,wenyi091426-3.stratalog.logdata.json
DialogueNodeEvent:20:13,dialogue,1,DialogueEvent,Unit 2 Prod (Refactor),2026-09-16T01:34:29.9950000Z,2026-09-16T01:34:29.9950000Z,6aa9f225485cab4c95451155,wenyi091426-3.stratalog.logdata.json
DialogueNodeEvent:20:15,dialogue,1,DialogueEvent,Unit 2 Prod (Refactor),2026-09-16T01:34:35.3810000Z,2026-09-16T01:34:35.3810000Z,6aa9f22b485cab4c95451169,wenyi091426-3.stratalog.logdata.json
DialogueNodeEvent:20:17,dialogue,1,DialogueEvent,Unit 2 Prod (Refactor),2026-09-16T01:34:40.3840000Z,2026-09-16T01:34:40.3840000Z,6aa9f230485cab4c9545118d,wenyi091426-3.stratalog.logdata.json
DialogueNodeEvent:20:18,dialogue,1,DialogueEvent,Unit 2 Prod (Refactor),2026-09-16T01:34:47.2200000Z,2026-09-16T01:34:47.2200000Z,6aa9f236485cab4c954511b9,wenyi091426-3.stratalog.logdata.json
DialogueNodeEvent:20:20,dialogue,1,DialogueEvent,Unit 2 Prod (Refactor),2026-09-16T01:34:52.7560000Z,2026-09-16T01:34:52.7560000Z,6aa9f23c485cab4c954511d7,wenyi091426-3.stratalog.logdata.json
DialogueNodeEvent:20:21,dialogue,1,DialogueEvent,Unit 2 Prod (Refactor),2026-09-16T01:35:00.4600000Z,2026-09-16T01:35:00.4600000Z,6aa9f244485cab4c954511f9,wenyi091426-3.stratalog.logdata.json
DialogueNodeEvent:20:22,dialogue,1,DialogueEvent,Unit 2 Prod (Refactor),2026-09-16T01:35:21.6030000Z,2026-09-16T01:35:21.6030000Z,6aa9f259485cab4c95451237,wenyi091426-3.stratalog.logdata.json
DialogueNodeEvent:20:24,dialogue,1,DialogueEvent,Unit 2 Prod (Refactor),2026-09-16T01:35:24.2030000Z,2026-09-16T01:35:24.2030000Z,6aa9f25b485cab4c95451239,wenyi091426-3.stratalog.logdata.json
DialogueNodeEvent:20:26,dialogue,1,DialogueEvent,Unit 2 Prod (Refactor),2026-09-16T01:35:31.9570000Z,2026-09-16T01:35:31.9570000Z,6aa9f263485cab4c95451241,wenyi091426-3.stratalog.logdata.json
DialogueNodeEvent:20:27,dialogue,1,DialogueEvent,Unit 2 Prod (Refactor),2026-09-16T01:35:36.4170000Z,2026-09-16T01:35:36.4170000Z,6aa9f268485cab4c95451251,wenyi091426-3.stratalog.logdata.json
DialogueNodeEvent:20:28,dialogue,1,DialogueEvent,Unit 2 Prod (Refactor),2026-09-16T01:35:50.7650000Z,2026-09-16T01:35:50.7650000Z,6aa9f276485cab4c95451281,wenyi091426-3.stratalog.logdata.json
DialogueNodeEvent:20:30,dialogue,1,DialogueEvent,Unit 2 Prod (Refactor),2026-09-16T01:35:53.2170000Z,2026-09-16T01:35:53.2170000Z,6aa9f278485cab4c95451283,wenyi091426-3.stratalog.logdata.json
DialogueNodeEvent:20:31,dialogue,1,DialogueEvent,Unit 2 Prod (Refactor),2026-09-16T01:35:58.1200000Z,2026-09-16T01:35:58.1200000Z,6aa9f27d485cab4c95451287,wenyi091426-3.stratalog.logdata.json
DialogueNodeEvent:20:33,dialogue,1,DialogueEvent,Unit 2 Prod (Refactor),2026-09-16T01:36:02.0580000Z,2026-09-16T01:36:02.0580000Z,6aa9f281485cab4c95451293,wenyi091426-3.stratalog.logdata.json
DialogueNodeEvent:20:35,dialogue,1,DialogueEvent,Unit 2 Prod (Refactor),2026-09-16T15:28:39.2070000Z,2026-09-16T15:28:39.2070000Z,6aaab5a7485cab4c95454bac,wenyi091426-3.stratalog.logdata.json
DialogueNodeEvent:20:36,dialogue,1,DialogueEvent,Unit 2 Prod (Refactor),2026-09-16T15:28:45.4890000Z,2026-09-16T15:28:45.4890000Z,6aaab5ad485cab4c95454bae,wenyi091426-3.stratalog.logdata.json
DialogueNodeEvent:20:37,dialogue,1,DialogueEvent,Unit 2 Prod (Refactor),2026-09-16T15:28:47.8240000Z,2026-09-16T15:28:47.8240000Z,6aaab5af485cab4c95454bb0,wenyi091426-3.stratalog.logdata.json
DialogueNodeEvent:20:4,dialogue,1,DialogueEvent,Unit 2 Prod (Refactor),2026-09-16T01:33:56.3350000Z,2026-09-16T01:33:56.3350000Z,6aa9f204485cab4c954510a1,wenyi091426-3.stratalog.logdata.json
DialogueNodeEvent:20:41,dialogue,1,DialogueEvent,Unit 2 Prod (Refactor),2026-09-16T15:30:16.5170000Z,2026-09-16T15:30:16.5170000Z,6aaab608485cab4c95454bc4,wenyi091426-3.stratalog.logdata.json
DialogueNodeEvent:20:42,dialogue,1,DialogueEvent,Unit 2 Prod (Refactor),2026-09-16T15:30:26.5560000Z,2026-09-16T15:30:26.5560000Z,6aaab612485cab4c95454bc8,wenyi091426-3.stratalog.logdata.json
DialogueNodeEvent:20:44,dialogue,1,DialogueEvent,Unit 2 Prod (Refactor),2026-09-16T15:30:44.0640000Z,2026-09-16T15:30:44.0640000Z,6aaab623485cab4c95454bce,wenyi091426-3.stratalog.logdata.json
DialogueNodeEvent:20:46,dialogue,1,DialogueEvent,Unit 2 Prod (Refactor),2026-09-16T15:31:41.2260000Z,2026-09-16T15:31:41.2260000Z,6aaab65d485cab4c95454bdc,wenyi091426-3.stratalog.logdata.json
DialogueNodeEvent:20:5,dialogue,1,DialogueEvent,Unit 2 Prod (Refactor),2026-09-16T01:34:09.7230000Z,2026-09-16T01:34:09.7230000Z,6aa9f211485cab4c954510d1,wenyi091426-3.stratalog.logdata.json
DialogueNodeEvent:20:50,dialogue,1,DialogueEvent,Unit 2 Prod (Refactor),2026-09-16T15:32:17.1920000Z,2026-09-16T15:32:17.1920000Z,6aaab681485cab4c95454be6,wenyi091426-3.stratalog.logdata.json
DialogueNodeEvent:20:55,dialogue,1,DialogueEvent,Unit 2 Prod (Refactor),2026-09-16T15:32:18.9430000Z,2026-09-16T15:32:18.9430000Z,6aaab682485cab4c95454bea,wenyi091426-3.stratalog.logdata.json
DialogueNodeEvent:20:57,dialogue,1,DialogueEvent,Unit 2 Prod (Refactor),2026-09-16T15:32:25.1630000Z,2026-09-16T15:32:25.1630000Z,6aaab689485cab4c95454bec,wenyi091426-3.stratalog.logdata.json
DialogueNodeEvent:20:6,dialogue,1,DialogueEvent,Unit 2 Prod (Refactor),2026-09-16T01:34:15.0400000Z,2026-09-16T01:34:15.0400000Z,6aa9f216485cab4c954510e9,wenyi091426-3.stratalog.logdata.json
DialogueNodeEvent:20:62,dialogue,1,DialogueEvent,Unit 2 Prod (Refactor),2026-09-16T15:32:27.7990000Z,2026-09-16T15:32:27.7990000Z,6aaab68b485cab4c95454bee,wenyi091426-3.stratalog.logdata.json
DialogueNodeEvent:20:63,dialogue,1,DialogueEvent,Unit 2 Prod (Refactor),2026-09-16T15:32:29.9670000Z,2026-09-16T15:32:29.9670000Z,6aaab68d485cab4c95454bf4,wenyi091426-3.stratalog.logdata.json
DialogueNodeEvent:20:64,dialogue,1,DialogueEvent,Unit 2 Prod (Refactor),2026-09-16T15:36:06.8060000Z,2026-09-16T15:36:06.8060000Z,6aaab766485cab4c95454d5c,wenyi091426-3.stratalog.logdata.json
DialogueNodeEvent:20:65,dialogue,1,DialogueEvent,Unit 2 Prod (Refactor),2026-09-16T15:36:13.6240000Z,2026-09-16T15:36:13.6240000Z,6aaab76d485cab4c95454d60,wenyi091426-3.stratalog.logdata.json
DialogueNodeEvent:20:66,dialogue,1,DialogueEvent,Unit 2 Prod (Refactor),2026-09-16T15:36:20.0440000Z,2026-09-16T15:36:20.0440000Z,6aaab773485cab4c95454d64,wenyi091426-3.stratalog.logdata.json
DialogueNodeEvent:20:67,dialogue,1,DialogueEvent,Unit 2 Prod (Refactor),2026-09-16T15:36:29.4480000Z,2026-09-16T15:36:29.4480000Z,6aaab77d485cab4c95454d68,wenyi091426-3.stratalog.logdata.json
DialogueNodeEvent:20:68,dialogue,1,DialogueEvent,Unit 2 Prod (Refactor),2026-09-16T15:37:32.3960000Z,2026-09-16T15:37:32.3960000Z,6aaab7bc485cab4c95454d7a,wenyi091426-3.stratalog.logdata.json
DialogueNodeEvent:20:69,dialogue,1,DialogueEvent,Unit 2 Prod (Refactor),2026-09-16T15:37:51.4050000Z,2026-09-16T15:37:51.4050000Z,6aaab7cf485cab4c95454d80,wenyi091426-3.stratalog.logdata.json
DialogueNodeEvent:20:70,dialogue,1,DialogueEvent,Unit 2 Prod (Refactor),2026-09-16T15:37:59.1920000Z,2026-09-16T15:37:59.1920000Z,6aaab7d7485cab4c95454d84,wenyi091426-3.stratalog.logdata.json
DialogueNodeEvent:20:71,dialogue,1,DialogueEvent,Unit 2 Prod (Refactor),2026-09-16T15:38:16.8330000Z,2026-09-16T15:38:16.8330000Z,6aaab7e8485cab4c95454d88,wenyi091426-3.stratalog.logdata.json
DialogueNodeEvent:20:73,dialogue,1,DialogueEvent,Unit 2 Prod (Refactor),2026-09-16T15:38:19.0520000Z,2026-09-16T15:38:19.0520000Z,6aaab7ea485cab4c95454d8c,wenyi091426-3.stratalog.logdata.json
DialogueNodeEvent:20:74,dialogue,1,DialogueEvent,Unit 2 Prod (Refactor),2026-09-16T15:38:38.0100000Z,2026-09-16T15:38:38.0100000Z,6aaab7fd485cab4c95454d90,wenyi091426-3.stratalog.logdata.json
DialogueNodeEvent:20:76,dialogue,1,DialogueEvent,Unit 2 Prod (Refactor),2026-09-16T15:38:40.3730000Z,2026-09-16T15:38:40.3730000Z,6aaab800485cab4c95454d96,wenyi091426-3.stratalog.logdata.json
DialogueNodeEvent:20:8,dialogue,1,DialogueEvent,Unit 2 Prod (Refactor),2026-09-16T01:34:17.5250000Z,2026-09-16T01:34:17.5250000Z,6aa9f219485cab4c954510fd,wenyi091426-3.stratalog.logdata.json
DialogueNodeEvent:21:0,dialogue,1,DialogueEvent,Unit 2 Prod (Refactor),2026-09-16T15:18:24.9880000Z,2026-09-16T15:18:24.9880000Z,6aaab340485cab4c954549f6,wenyi091426-3.stratalog.logdata.json
DialogueNodeEvent:21:1,dialogue,1,DialogueEvent,Unit 2 Prod (Refactor),2026-09-16T01:40:40.1800000Z,2026-09-16T01:40:40.1800000Z,6aa9f397485cab4c95451575,wenyi091426-3.stratalog.logdata.json
DialogueNodeEvent:21:10,dialogue,1,DialogueEvent,Unit 2 Prod (Refactor),2026-09-16T01:41:33.3700000Z,2026-09-16T01:41:33.3700000Z,6aa9f3cd485cab4c95451607,wenyi091426-3.stratalog.logdata.json
DialogueNodeEvent:21:11,dialogue,1,DialogueEvent,Unit 2 Prod (Refactor),2026-09-16T01:41:36.6050000Z,2026-09-16T01:41:36.6050000Z,6aa9f3d0485cab4c95451617,wenyi091426-3.stratalog.logdata.json
DialogueNodeEvent:21:12,dialogue,1,DialogueEvent,Unit 2 Prod (Refactor),2026-09-16T01:41:53.8630000Z,2026-09-16T01:41:53.8630000Z,6aa9f3e1485cab4c9545166f,wenyi091426-3.stratalog.logdata.json
DialogueNodeEvent:21:15,dialogue,1,DialogueEvent,Unit 2 Prod (Refactor),2026-09-16T01:42:07.2550000Z,2026-09-16T01:42:07.2550000Z,6aa9f3ef485cab4c9545167d,wenyi091426-3.stratalog.logdata.json
DialogueNodeEvent:21:19,dialogue,1,DialogueEvent,Unit 2 Prod (Refactor),2026-09-16T14:59:01.8390000Z,2026-09-16T14:59:01.8390000Z,6aaaaeb5485cab4c954547be,wenyi091426-3.stratalog.logdata.json
DialogueNodeEvent:21:2,dialogue,1,DialogueEvent,Unit 2 Prod (Refactor),2026-09-16T01:40:48.7160000Z,2026-09-16T01:40:48.7160000Z,6aa9f3a0485cab4c95451581,wenyi091426-3.stratalog.logdata.json
DialogueNodeEvent:21:20,dialogue,1,DialogueEvent,Unit 2 Prod (Refactor),2026-09-16T14:59:04.1390000Z,2026-09-16T14:59:04.1390000Z,6aaaaeb8485cab4c954547c4,wenyi091426-3.stratalog.logdata.json
DialogueNodeEvent:21:21,dialogue,1,DialogueEvent,Unit 2 Prod (Refactor),2026-09-16T14:59:06.9390000Z,2026-09-16T14:59:06.9390000Z,6aaaaeba485cab4c954547c8,wenyi091426-3.stratalog.logdata.json
DialogueNodeEvent:21:22,dialogue,1,DialogueEvent,Unit 2 Prod (Refactor),2026-09-16T14:59:25.7170000Z,2026-09-16T14:59:25.7170000Z,6aaaaecd485cab4c954547d0,wenyi091426-3.stratalog.logdata.json
DialogueNodeEvent:21:23,dialogue,1,DialogueEvent,Unit 2 Prod (Refactor),2026-09-16T14:59:37.6560000Z,2026-09-16T14:59:37.6560000Z,6aaaaed9485cab4c954547d8,wenyi091426-3.stratalog.logdata.json
DialogueNodeEvent:21:24,dialogue,1,DialogueEvent,Unit 2 Prod (Refactor),2026-09-16T14:59:48.7110000Z,2026-09-16T14:59:48.7110000Z,6aaaaee4485cab4c954547e2,wenyi091426-3.stratalog.logdata.json
DialogueNodeEvent:21:25,dialogue,1,DialogueEvent,Unit 2 Prod (Refactor),2026-09-16T14:59:54.9620000Z,2026-09-16T14:59:54.9620000Z,6aaaaeea485cab4c954547e6,wenyi091426-3.stratalog.logdata.json
DialogueNodeEvent:21:28,dialogue,1,DialogueEvent,Unit 2 Prod (Refactor),2026-09-16T15:00:07.0210000Z,2026-09-16T15:00:07.0210000Z,6aaaaef7485cab4c954547ec,wenyi091426-3.stratalog.logdata.json
DialogueNodeEvent:21:29,dialogue,1,DialogueEvent,Unit 2 Prod (Refactor),2026-09-16T15:00:12.5040000Z,2026-09-16T15:00:12.5040000Z,6aaaaefc485cab4c954547f2,wenyi091426-3.stratalog.logdata.json
DialogueNodeEvent:21:30,dialogue,1,DialogueEvent,Unit 2 Prod (Refactor),2026-09-16T15:00:28.8140000Z,2026-09-16T15:00:28.8140000Z,6aaaaf0c485cab4c954547fa,wenyi091426-3.stratalog.logdata.json
DialogueNodeEvent:21:31,dialogue,1,DialogueEvent,Unit 2 Prod (Refactor),2026-09-16T15:00:40.0030000Z,2026-09-16T15:00:40.0030000Z,6aaaaf18485cab4c95454802,wenyi091426-3.stratalog.logdata.json
DialogueNodeEvent:21:32,dialogue,1,DialogueEvent,Unit 2 Prod (Refactor),2026-09-16T15:00:49.2070000Z,2026-09-16T15:00:49.2070000Z,6aaaaf21485cab4c9545480a,wenyi091426-3.stratalog.logdata.json
DialogueNodeEvent:21:33,dialogue,1,DialogueEvent,Unit 2 Prod (Refactor),2026-09-16T15:01:00.6110000Z,2026-09-16T15:01:00.6110000Z,6aaaaf2c485cab4c95454810,wenyi091426-3.stratalog.logdata.json
DialogueNodeEvent:21:34,dialogue,1,DialogueEvent,Unit 2 Prod (Refactor),2026-09-16T15:01:05.1130000Z,2026-09-16T15:01:05.1130000Z,6aaaaf31485cab4c95454812,wenyi091426-3.stratalog.logdata.json
DialogueNodeEvent:21:35,dialogue,1,DialogueEvent,Unit 2 Prod (Refactor),2026-09-16T15:01:10.0160000Z,2026-09-16T15:01:10.0160000Z,6aaaaf35485cab4c95454816,wenyi091426-3.stratalog.logdata.json
DialogueNodeEvent:21:36,dialogue,1,DialogueEvent,Unit 2 Prod (Refactor),2026-09-16T15:01:26.8580000Z,2026-09-16T15:01:26.8580000Z,6aaaaf46485cab4c9545481a,wenyi091426-3.stratalog.logdata.json
DialogueNodeEvent:21:37,dialogue,1,DialogueEvent,Unit 2 Prod (Refactor),2026-09-16T15:01:33.6100000Z,2026-09-16T15:01:33.6100000Z,6aaaaf4d485cab4c9545481e,wenyi091426-3.stratalog.logdata.json
DialogueNodeEvent:21:38,dialogue,1,DialogueEvent,Unit 2 Prod (Refactor),2026-09-16T15:01:42.0150000Z,2026-09-16T15:01:42.0150000Z,6aaaaf55485cab4c95454822,wenyi091426-3.stratalog.logdata.json
DialogueNodeEvent:21:39,dialogue,1,DialogueEvent,Unit 2 Prod (Refactor),2026-09-16T15:01:48.2020000Z,2026-09-16T15:01:48.2020000Z,6aaaaf5c485cab4c95454826,wenyi091426-3.stratalog.logdata.json
DialogueNodeEvent:21:4,dialogue,1,DialogueEvent,Unit 2 Prod (Refactor),2026-09-16T01:40:52.9520000Z,2026-09-16T01:40:52.9520000Z,6aa9f3a4485cab4c95451587,wenyi091426-3.stratalog.logdata.json
DialogueNodeEvent:21:40,dialogue,1,DialogueEvent,Unit 2 Prod (Refactor),2026-09-16T15:02:33.9060000Z,2026-09-16T15:02:33.9060000Z,6aaaaf89485cab4c95454834,wenyi091426-3.stratalog.logdata.json
DialogueNodeEvent:21:42,dialogue,1,DialogueEvent,Unit 2 Prod (Refactor),2026-09-16T15:02:39.0590000Z,2026-09-16T15:02:39.0590000Z,6aaaaf8f485cab4c95454838,wenyi091426-3.stratalog.logdata.json
DialogueNodeEvent:21:43,dialogue,1,DialogueEvent,Unit 2 Prod (Refactor),2026-09-16T15:03:46.5080000Z,2026-09-16T15:03:46.5080000Z,6aaaafd2485cab4c95454846,wenyi091426-3.stratalog.logdata.json
DialogueNodeEvent:21:45,dialogue,1,DialogueEvent,Unit 2 Prod (Refactor),2026-09-16T15:03:51.4790000Z,2026-09-16T15:03:51.4790000Z,6aaaafd7485cab4c9545484c,wenyi091426-3.stratalog.logdata.json
DialogueNodeEvent:21:46,dialogue,1,DialogueEvent,Unit 2 Prod (Refactor),2026-09-16T15:04:11.4210000Z,2026-09-16T15:04:11.4210000Z,6aaaafeb485cab4c95454852,wenyi091426-3.stratalog.logdata.json
DialogueNodeEvent:21:47,dialogue,1,DialogueEvent,Unit 2 Prod (Refactor),2026-09-16T15:04:23.5600000Z,2026-09-16T15:04:23.5600000Z,6aaaaff7485cab4c9545485a,wenyi091426-3.stratalog.logdata.json
DialogueNodeEvent:21:48,dialogue,1,DialogueEvent,Unit 2 Prod (Refactor),2026-09-16T15:04:38.7500000Z,2026-09-16T15:04:38.7500000Z,6aaab006485cab4c95454860,wenyi091426-3.stratalog.logdata.json
DialogueNodeEvent:21:5,dialogue,1,DialogueEvent,Unit 2 Prod (Refactor),2026-09-16T01:41:03.3400000Z,2026-09-16T01:41:03.3400000Z,6aa9f3af485cab4c95451595,wenyi091426-3.stratalog.logdata.json
DialogueNodeEvent:21:50,dialogue,1,DialogueEvent,Unit 2 Prod (Refactor),2026-09-16T15:04:44.1530000Z,2026-09-16T15:04:44.1530000Z,6aaab00c485cab4c95454862,wenyi091426-3.stratalog.logdata.json
DialogueNodeEvent:21:51,dialogue,1,DialogueEvent,Unit 2 Prod (Refactor),2026-09-16T15:05:27.7090000Z,2026-09-16T15:05:27.7090000Z,6aaab037485cab4c9545486c,wenyi091426-3.stratalog.logdata.json
DialogueNodeEvent:21:60,dialogue,1,DialogueEvent,Unit 2 Prod (Refactor),2026-09-16T15:18:24.9910000Z,2026-09-16T15:18:24.9910000Z,6aaab341485cab4c954549fa,wenyi091426-3.stratalog.logdata.json
DialogueNodeEvent:21:61,dialogue,1,DialogueEvent,Unit 2 Prod (Refactor),2026-09-16T15:18:28.9730000Z,2026-09-16T15:18:28.9730000Z,6aaab344485cab4c954549fe,wenyi091426-3.stratalog.logdata.json
DialogueNodeEvent:21:63,dialogue,1,DialogueEvent,Unit 2 Prod (Refactor),2026-09-16T15:18:32.1410000Z,2026-09-16T15:18:32.1410000Z,6aaab348485cab4c95454a00,wenyi091426-3.stratalog.logdata.json
DialogueNodeEvent:21:65,dialogue,1,DialogueEvent,Unit 2 Prod (Refactor),2026-09-16T15:18:51.1840000Z,2026-09-16T15:18:51.1840000Z,6aaab35b485cab4c95454a06,wenyi091426-3.stratalog.logdata.json
DialogueNodeEvent:21:68,dialogue,1,DialogueEvent,Unit 2 Prod (Refactor),2026-09-16T15:18:54.9860000Z,2026-09-16T15:18:54.9860000Z,6aaab35e485cab4c95454a08,wenyi091426-3.stratalog.logdata.json
DialogueNodeEvent:21:69,dialogue,1,DialogueEvent,Unit 2 Prod (Refactor),2026-09-16T15:19:03.0730000Z,2026-09-16T15:19:03.0730000Z,6aaab367485cab4c95454a0c,wenyi091426-3.stratalog.logdata.json
DialogueNodeEvent:21:70,dialogue,1,DialogueEvent,Unit 2 Prod (Refactor),2026-09-16T15:19:22.0490000Z,2026-09-16T15:19:22.0490000Z,6aaab379485cab4c95454a12,wenyi091426-3.stratalog.logdata.json
DialogueNodeEvent:21:72,dialogue,1,DialogueEvent,Unit 2 Prod (Refactor),2026-09-16T15:19:24.4500000Z,2026-09-16T15:19:24.4500000Z,6aaab37c485cab4c95454a14,wenyi091426-3.stratalog.logdata.json
DialogueNodeEvent:21:73,dialogue,1,DialogueEvent,Unit 2 Prod (Refactor),2026-09-16T15:19:43.1930000Z,2026-09-16T15:19:43.1930000Z,6aaab38f485cab4c95454a1a,wenyi091426-3.stratalog.logdata.json
DialogueNodeEvent:21:75,dialogue,1,DialogueEvent,Unit 2 Prod (Refactor),2026-09-16T15:19:45.1270000Z,2026-09-16T15:19:45.1270000Z,6aaab391485cab4c95454a1c,wenyi091426-3.stratalog.logdata.json
DialogueNodeEvent:21:76,dialogue,1,DialogueEvent,Unit 2 Prod (Refactor),2026-09-16T15:19:52.6990000Z,2026-09-16T15:19:52.6990000Z,6aaab398485cab4c95454a20,wenyi091426-3.stratalog.logdata.json
DialogueNodeEvent:21:8,dialogue,1,DialogueEvent,Unit 2 Prod (Refactor),2026-09-16T01:41:16.4800000Z,2026-09-16T01:41:16.4800000Z,6aa9f3bc485cab4c954515c5,wenyi091426-3.stratalog.logdata.json
DialogueNodeEvent:21:9,dialogue,1,DialogueEvent,Unit 2 Prod (Refactor),2026-09-16T01:41:23.7160000Z,2026-09-16T01:41:23.7160000Z,6aa9f3c3485cab4c954515f1,wenyi091426-3.stratalog.logdata.json
DialogueNodeEvent:21:92,dialogue,1,DialogueEvent,Unit 2 Prod (Refactor),2026-09-16T01:41:56.9980000Z,2026-09-16T01:41:56.9980000Z,6aa9f3e4485cab4c95451671,wenyi091426-3.stratalog.logdata.json
DialogueNodeEvent:22:1,dialogue,1,DialogueEvent,Unit 2 Prod (Refactor),2026-09-16T01:46:13.3830000Z,2026-09-16T01:46:13.3830000Z,6aa9f4e5485cab4c95451865,wenyi091426-3.stratalog.logdata.json
DialogueNodeEvent:22:10,dialogue,1,DialogueEvent,Unit 2 Prod (Refactor),2026-09-16T01:46:45.9140000Z,2026-09-16T01:46:45.9140000Z,6aa9f505485cab4c954518ba,wenyi091426-3.stratalog.logdata.json
DialogueNodeEvent:22:12,dialogue,1,DialogueEvent,Unit 2 Prod (Refactor),2026-09-16T01:46:48.8320000Z,2026-09-16T01:46:48.8320000Z,6aa9f508485cab4c954518d1,wenyi091426-3.stratalog.logdata.json
DialogueNodeEvent:22:13,dialogue,1,DialogueEvent,Unit 2 Prod (Refactor),2026-09-16T01:47:10.6760000Z,2026-09-16T01:47:10.6760000Z,6aa9f51e485cab4c954518ff,wenyi091426-3.stratalog.logdata.json
DialogueNodeEvent:22:15,dialogue,1,DialogueEvent,Unit 2 Prod (Refactor),2026-09-16T01:47:17.2460000Z,2026-09-16T01:47:17.2460000Z,6aa9f524485cab4c9545190d,wenyi091426-3.stratalog.logdata.json
DialogueNodeEvent:22:16,dialogue,1,DialogueEvent,Unit 2 Prod (Refactor),2026-09-16T01:47:27.3160000Z,2026-09-16T01:47:27.3160000Z,6aa9f52f485cab4c95451927,wenyi091426-3.stratalog.logdata.json
DialogueNodeEvent:22:17,dialogue,1,DialogueEvent,Unit 2 Prod (Refactor),2026-09-16T01:47:34.9870000Z,2026-09-16T01:47:34.9870000Z,6aa9f536485cab4c95451931,wenyi091426-3.stratalog.logdata.json
DialogueNodeEvent:22:18,dialogue,1,DialogueEvent,Unit 2 Prod (Refactor),2026-09-16T01:47:38.9380000Z,2026-09-16T01:47:38.9380000Z,6aa9f53a485cab4c95451941,wenyi091426-3.stratalog.logdata.json
DialogueNodeEvent:22:19,dialogue,1,DialogueEvent,Unit 2 Prod (Refactor),2026-09-16T01:47:44.8580000Z,2026-09-16T01:47:44.8580000Z,6aa9f540485cab4c95451959,wenyi091426-3.stratalog.logdata.json
DialogueNodeEvent:22:2,dialogue,1,DialogueEvent,Unit 2 Prod (Refactor),2026-09-16T01:46:15.5180000Z,2026-09-16T01:46:15.5180000Z,6aa9f4e7485cab4c95451869,wenyi091426-3.stratalog.logdata.json
DialogueNodeEvent:22:20,dialogue,1,DialogueEvent,Unit 2 Prod (Refactor),2026-09-16T01:47:50.2440000Z,2026-09-16T01:47:50.2440000Z,6aa9f545485cab4c95451965,wenyi091426-3.stratalog.logdata.json
DialogueNodeEvent:22:22,dialogue,1,DialogueEvent,Unit 2 Prod (Refactor),2026-09-16T01:47:53.8870000Z,2026-09-16T01:47:53.8870000Z,6aa9f549485cab4c95451975,wenyi091426-3.stratalog.logdata.json
DialogueNodeEvent:22:27,dialogue,1,DialogueEvent,Unit 2 Prod (Refactor),2026-09-16T01:48:18.5410000Z,2026-09-16T01:48:18.5410000Z,6aa9f562485cab4c95451995,wenyi091426-3.stratalog.logdata.json
DialogueNodeEvent:22:3,dialogue,1,DialogueEvent,Unit 2 Prod (Refactor),2026-09-16T01:46:17.5690000Z,2026-09-16T01:46:17.5690000Z,6aa9f4e9485cab4c9545186d,wenyi091426-3.stratalog.logdata.json
DialogueNodeEvent:22:4,dialogue,1,DialogueEvent,Unit 2 Prod (Refactor),2026-09-16T01:46:23.4710000Z,2026-09-16T01:46:23.4710000Z,6aa9f4ef485cab4c95451875,wenyi091426-3.stratalog.logdata.json
DialogueNodeEvent:22:46,dialogue,1,DialogueEvent,Unit 2 Prod (Refactor),2026-09-16T01:48:09.1530000Z,2026-09-16T01:48:09.1530000Z,6aa9f558485cab4c95451989,wenyi091426-3.stratalog.logdata.json
DialogueNodeEvent:22:48,dialogue,1,DialogueEvent,Unit 2 Prod (Refactor),2026-09-16T01:48:11.1540000Z,2026-09-16T01:48:11.1540000Z,6aa9f55a485cab4c9545198b,wenyi091426-3.stratalog.logdata.json
DialogueNodeEvent:22:5,dialogue,1,DialogueEvent,Unit 2 Prod (Refactor),2026-09-16T01:46:31.5900000Z,2026-09-16T01:46:31.5900000Z,6aa9f4f7485cab4c9545188f,wenyi091426-3.stratalog.logdata.json
DialogueNodeEvent:22:50,dialogue,1,DialogueEvent,Unit 2 Prod (Refactor),2026-09-16T01:46:33.9750000Z,2026-09-16T01:46:33.9750000Z,6aa9f4f9485cab4c95451891,wenyi091426-3.stratalog.logdata.json
DialogueNodeEvent:23:0,dialogue,1,DialogueEvent,Unit 2 Prod (Refactor),2026-09-16T15:20:03.8370000Z,2026-09-16T15:20:03.8370000Z,6aaab3a3485cab4c95454a28,wenyi091426-3.stratalog.logdata.json
DialogueNodeEvent:23:1,dialogue,1,DialogueEvent,Unit 2 Prod (Refactor),2026-09-16T14:55:14.2430000Z,2026-09-16T14:55:14.2430000Z,6aaaadd2485cab4c95454738,wenyi091426-3.stratalog.logdata.json
DialogueNodeEvent:23:17,dialogue,1,DialogueEvent,Unit 2 Prod (Refactor),2026-09-16T14:56:04.6160000Z,2026-09-16T14:56:04.6160000Z,6aaaae04485cab4c95454758,wenyi091426-3.stratalog.logdata.json
DialogueNodeEvent:23:18,dialogue,1,DialogueEvent,Unit 2 Prod (Refactor),2026-09-16T14:56:21.8080000Z,2026-09-16T14:56:21.8080000Z,6aaaae15485cab4c9545475e,wenyi091426-3.stratalog.logdata.json
DialogueNodeEvent:23:2,dialogue,1,DialogueEvent,Unit 2 Prod (Refactor),2026-09-16T14:55:19.3100000Z,2026-09-16T14:55:19.3100000Z,6aaaadd7485cab4c9545473c,wenyi091426-3.stratalog.logdata.json
DialogueNodeEvent:23:20,dialogue,1,DialogueEvent,Unit 2 Prod (Refactor),2026-09-16T14:56:28.1780000Z,2026-09-16T14:56:28.1780000Z,6aaaae1c485cab4c95454764,wenyi091426-3.stratalog.logdata.json
DialogueNodeEvent:23:21,dialogue,1,DialogueEvent,Unit 2 Prod (Refactor),2026-09-16T14:56:38.2330000Z,2026-09-16T14:56:38.2330000Z,6aaaae26485cab4c95454768,wenyi091426-3.stratalog.logdata.json
DialogueNodeEvent:23:22,dialogue,1,DialogueEvent,Unit 2 Prod (Refactor),2026-09-16T14:57:19.3360000Z,2026-09-16T14:57:19.3360000Z,6aaaae4f485cab4c9545477e,wenyi091426-3.stratalog.logdata.json
DialogueNodeEvent:23:24,dialogue,1,DialogueEvent,Unit 2 Prod (Refactor),2026-09-16T14:57:22.4540000Z,2026-09-16T14:57:22.4540000Z,6aaaae52485cab4c95454780,wenyi091426-3.stratalog.logdata.json
DialogueNodeEvent:23:25,dialogue,1,DialogueEvent,Unit 2 Prod (Refactor),2026-09-16T14:57:38.9450000Z,2026-09-16T14:57:38.9450000Z,6aaaae62485cab4c95454786,wenyi091426-3.stratalog.logdata.json
DialogueNodeEvent:23:27,dialogue,1,DialogueEvent,Unit 2 Prod (Refactor),2026-09-16T14:57:41.5820000Z,2026-09-16T14:57:41.5820000Z,6aaaae65485cab4c95454788,wenyi091426-3.stratalog.logdata.json
DialogueNodeEvent:23:28,dialogue,1,DialogueEvent,Unit 2 Prod (Refactor),2026-09-16T15:20:03.8410000Z,2026-09-16T15:20:03.8410000Z,6aaab3a3485cab4c95454a2c,wenyi091426-3.stratalog.logdata.json
DialogueNodeEvent:23:29,dialogue,1,DialogueEvent,Unit 2 Prod (Refactor),2026-09-16T15:20:07.2560000Z,2026-09-16T15:20:07.2560000Z,6aaab3a7485cab4c95454a2e,wenyi091426-3.stratalog.logdata.json
DialogueNodeEvent:23:3,dialogue,1,DialogueEvent,Unit 2 Prod (Refactor),2026-09-16T14:55:21.7450000Z,2026-09-16T14:55:21.7450000Z,6aaaadd9485cab4c9545473e,wenyi091426-3.stratalog.logdata.json
DialogueNodeEvent:23:31,dialogue,1,DialogueEvent,Unit 2 Prod (Refactor),2026-09-16T15:20:10.4390000Z,2026-09-16T15:20:10.4390000Z,6aaab3aa485cab4c95454a32,wenyi091426-3.stratalog.logdata.json
DialogueNodeEvent:23:32,dialogue,1,DialogueEvent,Unit 2 Prod (Refactor),2026-09-16T15:20:20.1100000Z,2026-09-16T15:20:20.1100000Z,6aaab3b4485cab4c95454a36,wenyi091426-3.stratalog.logdata.json
DialogueNodeEvent:23:34,dialogue,1,DialogueEvent,Unit 2 Prod (Refactor),2026-09-16T15:20:22.3790000Z,2026-09-16T15:20:22.3790000Z,6aaab3b6485cab4c95454a38,wenyi091426-3.stratalog.logdata.json
DialogueNodeEvent:23:35,dialogue,1,DialogueEvent,Unit 2 Prod (Refactor),2026-09-16T15:20:39.6700000Z,2026-09-16T15:20:39.6700000Z,6aaab3c7485cab4c95454a3e,wenyi091426-3.stratalog.logdata.json
DialogueNodeEvent:23:36,dialogue,1,DialogueEvent,Unit 2 Prod (Refactor),2026-09-16T15:20:49.5250000Z,2026-09-16T15:20:49.5250000Z,6aaab3d1485cab4c95454a42,wenyi091426-3.stratalog.logdata.json
DialogueNodeEvent:23:38,dialogue,1,DialogueEvent,Unit 2 Prod (Refactor),2026-09-16T15:20:53.8110000Z,2026-09-16T15:20:53.8110000Z,6aaab3d5485cab4c95454a44,wenyi091426-3.stratalog.logdata.json
DialogueNodeEvent:23:39,dialogue,1,DialogueEvent,Unit 2 Prod (Refactor),2026-09-16T15:21:17.0380000Z,2026-09-16T15:21:17.0380000Z,6aaab3ec485cab4c95454a4a,wenyi091426-3.stratalog.logdata.json
DialogueNodeEvent:23:4,dialogue,1,DialogueEvent,Unit 2 Prod (Refactor),2026-09-16T14:55:24.5130000Z,2026-09-16T14:55:24.5130000Z,6aaaaddc485cab4c95454740,wenyi091426-3.stratalog.logdata.json
DialogueNodeEvent:23:41,dialogue,1,DialogueEvent,Unit 2 Prod (Refactor),2026-09-16T15:21:20.3580000Z,2026-09-16T15:21:20.3580000Z,6aaab3f0485cab4c95454a4e,wenyi091426-3.stratalog.logdata.json
DialogueNodeEvent:23:42,dialogue,1,DialogueEvent,Unit 2 Prod (Refactor),2026-09-16T15:21:37.8830000Z,2026-09-16T15:21:37.8830000Z,6aaab401485cab4c95454a52,wenyi091426-3.stratalog.logdata.json
DialogueNodeEvent:23:59,dialogue,1,DialogueEvent,Unit 2 Prod (Refactor),2026-09-16T14:55:30.8330000Z,2026-09-16T14:55:30.8330000Z,6aaaade2485cab4c95454744,wenyi091426-3.stratalog.logdata.json
DialogueNodeEvent:23:61,dialogue,1,DialogueEvent,Unit 2 Prod (Refactor),2026-09-16T14:55:33.0340000Z,2026-09-16T14:55:33.0340000Z,6aaaade5485cab4c95454746,wenyi091426-3.stratalog.logdata.json
DialogueNodeEvent:23:63,dialogue,1,DialogueEvent,Unit 2 Prod (Refactor),2026-09-16T14:55:36.6860000Z,2026-09-16T14:55:36.6860000Z,6aaaade8485cab4c95454748,wenyi091426-3.stratalog.logdata.json
DialogueNodeEvent:23:65,dialogue,1,DialogueEvent,Unit 2 Prod (Refactor),2026-09-16T14:55:51.2760000Z,2026-09-16T14:55:51.2760000Z,6aaaadf7485cab4c9545474e,wenyi091426-3.stratalog.logdata.json
DialogueNodeEvent:23:67,dialogue,1,DialogueEvent,Unit 2 Prod (Refactor),2026-09-16T14:55:53.9940000Z,2026-09-16T14:55:53.9940000Z,6aaaadf9485cab4c95454750,wenyi091426-3.stratalog.logdata.json
DialogueNodeEvent:23:68,dialogue,1,DialogueEvent,Unit 2 Prod (Refactor),2026-09-16T14:55:57.8630000Z,2026-09-16T14:55:57.8630000Z,6aaaadfd485cab4c95454752,wenyi091426-3.stratalog.logdata.json
DialogueNodeEvent:23:69,dialogue,1,DialogueEvent,Unit 2 Prod (Refactor),2026-09-16T14:56:00.8140000Z,2026-09-16T14:56:00.8140000Z,6aaaae00485cab4c95454756,wenyi091426-3.stratalog.logdata.json
DialogueNodeEvent:23:70,dialogue,1,DialogueEvent,Unit 2 Prod (Refactor),2026-09-16T14:56:42.8350000Z,2026-09-16T14:56:42.8350000Z,6aaaae2a485cab4c9545476c,wenyi091426-3.stratalog.logdata.json
DialogueNodeEvent:23:71,dialogue,1,DialogueEvent,Unit 2 Prod (Refactor),2026-09-16T14:56:55.4740000Z,2026-09-16T14:56:55.4740000Z,6aaaae37485cab4c95454770,wenyi091426-3.stratalog.logdata.json
DialogueNodeEvent:23:73,dialogue,1,DialogueEvent,Unit 2 Prod (Refactor),2026-09-16T14:56:59.7430000Z,2026-09-16T14:56:59.7430000Z,6aaaae3b485cab4c95454774,wenyi091426-3.stratalog.logdata.json
DialogueNodeEvent:26:0,dialogue,14,DialogueEvent,Unit 2 Prod (Refactor),2026-09-16T15:06:27.1730000Z,2026-09-16T15:13:59.4590000Z,6aaab073485cab4c9545488c,wenyi091426-3.stratalog.logdata.json
DialogueNodeEvent:26:136,dialogue,1,DialogueEvent,Unit 2 Prod (Refactor),2026-09-16T15:14:10.6990000Z,2026-09-16T15:14:10.6990000Z,6aaab242485cab4c9545497c,wenyi091426-3.stratalog.logdata.json
DialogueNodeEvent:26:138,dialogue,8,DialogueEvent,Unit 2 Prod (Refactor),2026-09-16T15:06:37.5090000Z,2026-09-16T15:13:51.9040000Z,6aaab07d485cab4c95454894,wenyi091426-3.stratalog.logdata.json
DialogueNodeEvent:26:141,dialogue,6,DialogueEvent,Unit 2 Prod (Refactor),2026-09-16T15:09:07.1320000Z,2026-09-16T15:14:10.6980000Z,6aaab113485cab4c954548e4,wenyi091426-3.stratalog.logdata.json
DialogueNodeEvent:26:144,dialogue,1,DialogueEvent,Unit 2 Prod (Refactor),2026-09-16T15:06:27.1870000Z,2026-09-16T15:06:27.1870000Z,6aaab073485cab4c95454890,wenyi091426-3.stratalog.logdata.json
DialogueNodeEvent:26:145,dialogue,1,DialogueEvent,Unit 2 Prod (Refactor),2026-09-16T15:07:50.9440000Z,2026-09-16T15:07:50.9440000Z,6aaab0c6485cab4c954548ca,wenyi091426-3.stratalog.logdata.json
DialogueNodeEvent:26:146,dialogue,1,DialogueEvent,Unit 2 Prod (Refactor),2026-09-16T15:13:59.4740000Z,2026-09-16T15:13:59.4740000Z,6aaab237485cab4c95454976,wenyi091426-3.stratalog.logdata.json
DialogueNodeEvent:26:165,dialogue,1,DialogueEvent,Unit 2 Prod (Refactor),2026-09-16T15:09:12.4340000Z,2026-09-16T15:09:12.4340000Z,6aaab118485cab4c954548ee,wenyi091426-3.stratalog.logdata.json
DialogueNodeEvent:26:177,dialogue,1,DialogueEvent,Unit 2 Prod (Refactor),2026-09-16T15:08:01.5330000Z,2026-09-16T15:08:01.5330000Z,6aaab0d1485cab4c954548d6,wenyi091426-3.stratalog.logdata.json
DialogueNodeEvent:26:179,dialogue,1,DialogueEvent,Unit 2 Prod (Refactor),2026-09-16T15:11:44.1420000Z,2026-09-16T15:11:44.1420000Z,6aaab1b0485cab4c9545493c,wenyi091426-3.stratalog.logdata.json
DialogueNodeEvent:26:182,dialogue,1,DialogueEvent,Unit 2 Prod (Refactor),2026-09-16T15:10:57.2850000Z,2026-09-16T15:10:57.2850000Z,6aaab181485cab4c9545491e,wenyi091426-3.stratalog.logdata.json
DialogueNodeEvent:26:186,dialogue,1,DialogueEvent,Unit 2 Prod (Refactor),2026-09-16T15:11:27.6830000Z,2026-09-16T15:11:27.6830000Z,6aaab19f485cab4c9545492e,wenyi091426-3.stratalog.logdata.json
DialogueNodeEvent:26:195,dialogue,1,DialogueEvent,Unit 2 Prod (Refactor),2026-09-16T15:06:41.7440000Z,2026-09-16T15:06:41.7440000Z,6aaab081485cab4c9545489e,wenyi091426-3.stratalog.logdata.json
DialogueNodeEvent:26:197,dialogue,1,DialogueEvent,Unit 2 Prod (Refactor),2026-09-16T15:13:17.6040000Z,2026-09-16T15:13:17.6040000Z,6aaab20d485cab4c95454958,wenyi091426-3.stratalog.logdata.json
DialogueNodeEvent:26:198,dialogue,1,DialogueEvent,Unit 2 Prod (Refactor),2026-09-16T15:07:04.7380000Z,2026-09-16T15:07:04.7380000Z,6aaab098485cab4c954548ac,wenyi091426-3.stratalog.logdata.json
DialogueNodeEvent:26:201,dialogue,1,DialogueEvent,Unit 2 Prod (Refactor),2026-09-16T15:09:36.2790000Z,2026-09-16T15:09:36.2790000Z,6aaab130485cab4c954548fc,wenyi091426-3.stratalog.logdata.json
DialogueNodeEvent:26:203,dialogue,1,DialogueEvent,Unit 2 Prod (Refactor),2026-09-16T15:13:43.2000000Z,2026-09-16T15:13:43.2000000Z,6aaab227485cab4c95454968,wenyi091426-3.stratalog.logdata.json
DialogueNodeEvent:26:210,dialogue,1,DialogueEvent,Unit 2 Prod (Refactor),2026-09-16T15:07:29.5510000Z,2026-09-16T15:07:29.5510000Z,6aaab0b1485cab4c954548bc,wenyi091426-3.stratalog.logdata.json
DialogueNodeEvent:27:0,dialogue,9,DialogueEvent,Unit 2 Prod (Refactor),2026-09-16T15:32:56.0980000Z,2026-09-16T15:36:00.9720000Z,6aaab6a8485cab4c95454c2e,wenyi091426-3.stratalog.logdata.json
DialogueNodeEvent:27:12,dialogue,1,DialogueEvent,Unit 2 Prod (Refactor),2026-09-16T15:34:15.9670000Z,2026-09-16T15:34:15.9670000Z,6aaab6f7485cab4c95454cb4,wenyi091426-3.stratalog.logdata.json
DialogueNodeEvent:27:14,dialogue,1,DialogueEvent,Unit 2 Prod (Refactor),2026-09-16T15:34:00.6590000Z,2026-09-16T15:34:00.6590000Z,6aaab6e8485cab4c95454c88,wenyi091426-3.stratalog.logdata.json
DialogueNodeEvent:27:15,dialogue,1,DialogueEvent,Unit 2 Prod (Refactor),2026-09-16T15:33:18.1550000Z,2026-09-16T15:33:18.1550000Z,6aaab6be485cab4c95454c4e,wenyi091426-3.stratalog.logdata.json
DialogueNodeEvent:27:17,dialogue,1,DialogueEvent,Unit 2 Prod (Refactor),2026-09-16T15:33:42.6000000Z,2026-09-16T15:33:42.6000000Z,6aaab6d6485cab4c95454c6a,wenyi091426-3.stratalog.logdata.json
DialogueNodeEvent:27:20,dialogue,1,DialogueEvent,Unit 2 Prod (Refactor),2026-09-16T15:32:56.1110000Z,2026-09-16T15:32:56.1110000Z,6aaab6a8485cab4c95454c32,wenyi091426-3.stratalog.logdata.json
DialogueNodeEvent:27:26,dialogue,1,DialogueEvent,Unit 2 Prod (Refactor),2026-09-16T15:35:31.0030000Z,2026-09-16T15:35:31.0030000Z,6aaab743485cab4c95454d36,wenyi091426-3.stratalog.logdata.json
DialogueNodeEvent:27:28,dialogue,1,DialogueEvent,Unit 2 Prod (Refactor),2026-09-16T15:35:09.3760000Z,2026-09-16T15:35:09.3760000Z,6aaab72d485cab4c95454d14,wenyi091426-3.stratalog.logdata.json
DialogueNodeEvent:27:30,dialogue,1,DialogueEvent,Unit 2 Prod (Refactor),2026-09-16T15:34:31.9410000Z,2026-09-16T15:34:31.9410000Z,6aaab707485cab4c95454cde,wenyi091426-3.stratalog.logdata.json
DialogueNodeEvent:27:7,dialogue,1,DialogueEvent,Unit 2 Prod (Refactor),2026-09-16T15:36:00.9850000Z,2026-09-16T15:36:00.9850000Z,6aaab761485cab4c95454d58,wenyi091426-3.stratalog.logdata.json
DialogueNodeEvent:28:179,dialogue,4,DialogueEvent,Unit 2 Prod (Refactor),2026-09-16T01:32:02.6300000Z,2026-09-16T01:33:08.5930000Z,6aa9f192485cab4c95450ed5,wenyi091426-3.stratalog.logdata.json
DialogueNodeEvent:28:187,dialogue,4,DialogueEvent,Unit 2 Prod (Refactor),2026-09-16T01:37:27.0920000Z,2026-09-16T01:39:27.2120000Z,6aa9f2d6485cab4c954513ad,wenyi091426-3.stratalog.logdata.json
DialogueNodeEvent:28:188,dialogue,5,DialogueEvent,Unit 2 Prod (Refactor),2026-09-16T01:36:38.2540000Z,2026-09-16T01:39:53.7760000Z,6aa9f2a6485cab4c954512e5,wenyi091426-3.stratalog.logdata.json
DialogueNodeEvent:28:194,dialogue,5,DialogueEvent,Unit 2 Prod (Refactor),2026-09-16T01:43:11.8330000Z,2026-09-16T01:45:32.6300000Z,6aa9f42f485cab4c954516ff,wenyi091426-3.stratalog.logdata.json
DialogueNodeEvent:30:1,dialogue,2,DialogueEvent,Unit 1 Dev,2026-09-16T00:23:06.9550000Z,2026-09-16T00:45:50.8040000Z,6aa9e16a485cab4c9544e70f,wenyi091426-3.stratalog.logdata.json
DialogueNodeEvent:30:10,dialogue,1,DialogueEvent,Unit 1 Dev,2026-09-16T00:47:17.1010000Z,2026-09-16T00:47:17.1010000Z,6aa9e714485cab4c9544e769,wenyi091426-3.stratalog.logdata.json
DialogueNodeEvent:30:100,dialogue,1,DialogueEvent,Unit 1 Dev,2026-09-16T01:08:53.9020000Z,2026-09-16T01:08:53.9020000Z,6aa9ec25485cab4c9544f47b,wenyi091426-3.stratalog.logdata.json
DialogueNodeEvent:30:101,dialogue,1,DialogueEvent,Unit 1 Dev,2026-09-16T01:08:56.3860000Z,2026-09-16T01:08:56.3860000Z,6aa9ec28485cab4c9544f48d,wenyi091426-3.stratalog.logdata.json
DialogueNodeEvent:30:102,dialogue,1,DialogueEvent,Unit 1 Dev,2026-09-16T01:09:01.5730000Z,2026-09-16T01:09:01.5730000Z,6aa9ec2d485cab4c9544f4a3,wenyi091426-3.stratalog.logdata.json
DialogueNodeEvent:30:103,dialogue,1,DialogueEvent,Unit 1 Dev,2026-09-16T01:09:04.0900000Z,2026-09-16T01:09:04.0900000Z,6aa9ec2f485cab4c9544f4a7,wenyi091426-3.stratalog.logdata.json
DialogueNodeEvent:30:104,dialogue,1,DialogueEvent,Unit 1 Dev,2026-09-16T01:09:05.3420000Z,2026-09-16T01:09:05.3420000Z,6aa9ec31485cab4c9544f4ad,wenyi091426-3.stratalog.logdata.json
DialogueNodeEvent:30:13,dialogue,1,DialogueEvent,Unit 1 Dev,2026-09-16T00:47:44.8920000Z,2026-09-16T00:47:44.8920000Z,6aa9e730485cab4c9544e78f,wenyi091426-3.stratalog.logdata.json
DialogueNodeEvent:30:14,dialogue,1,DialogueEvent,Unit 1 Dev,2026-09-16T00:47:54.4970000Z,2026-09-16T00:47:54.4970000Z,6aa9e73a485cab4c9544e795,wenyi091426-3.stratalog.logdata.json
DialogueNodeEvent:30:16,dialogue,1,DialogueEvent,Unit 1 Dev,2026-09-16T00:48:02.7180000Z,2026-09-16T00:48:02.7180000Z,6aa9e742485cab4c9544e79d,wenyi091426-3.stratalog.logdata.json
DialogueNodeEvent:30:2,dialogue,2,DialogueEvent,Unit 1 Dev,2026-09-16T00:24:32.4660000Z,2026-09-16T00:46:06.3740000Z,6aa9e1bf485cab4c9544e72b,wenyi091426-3.stratalog.logdata.json
DialogueNodeEvent:30:29,dialogue,1,DialogueEvent,Unit 1 Dev,2026-09-16T00:48:55.1560000Z,2026-09-16T00:48:55.1560000Z,6aa9e776485cab4c9544e7dd,wenyi091426-3.stratalog.logdata.json
DialogueNodeEvent:30:32,dialogue,1,DialogueEvent,Unit 1 Dev,2026-09-16T00:49:04.5010000Z,2026-09-16T00:49:04.5010000Z,6aa9e780485cab4c9544e7fb,wenyi091426-3.stratalog.logdata.json
DialogueNodeEvent:30:33,dialogue,1,DialogueEvent,Unit 1 Dev,2026-09-16T00:49:14.7980000Z,2026-09-16T00:49:14.7980000Z,6aa9e78a485cab4c9544e813,wenyi091426-3.stratalog.logdata.json
DialogueNodeEvent:30:37,dialogue,1,DialogueEvent,Unit 1 Dev,2026-09-16T00:49:38.9030000Z,2026-09-16T00:49:38.9030000Z,6aa9e7a2485cab4c9544e857,wenyi091426-3.stratalog.logdata.json
DialogueNodeEvent:30:38,dialogue,1,DialogueEvent,Unit 1 Dev,2026-09-16T00:49:50.7930000Z,2026-09-16T00:49:50.7930000Z,6aa9e7ae485cab4c9544e87f,wenyi091426-3.stratalog.logdata.json
DialogueNodeEvent:30:39,dialogue,1,DialogueEvent,Unit 1 Dev,2026-09-16T00:50:01.9970000Z,2026-09-16T00:50:01.9970000Z,6aa9e7b9485cab4c9544e891,wenyi091426-3.stratalog.logdata.json
DialogueNodeEvent:30:41,dialogue,1,DialogueEvent,Unit 1 Dev,2026-09-16T00:50:06.0320000Z,2026-09-16T00:50:06.0320000Z,6aa9e7bd485cab4c9544e895,wenyi091426-3.stratalog.logdata.json
DialogueNodeEvent:30:48,dialogue,1,DialogueEvent,Unit 1 Dev,2026-09-16T00:50:23.5030000Z,2026-09-16T00:50:23.5030000Z,6aa9e7cf485cab4c9544e8a9,wenyi091426-3.stratalog.logdata.json
DialogueNodeEvent:30:49,dialogue,1,DialogueEvent,Unit 1 Dev,2026-09-16T00:50:35.7260000Z,2026-09-16T00:50:35.7260000Z,6aa9e7db485cab4c9544e8bb,wenyi091426-3.stratalog.logdata.json
DialogueNodeEvent:30:5,dialogue,1,DialogueEvent,Unit 1 Dev,2026-09-16T00:46:32.8130000Z,2026-09-16T00:46:32.8130000Z,6aa9e6e8485cab4c9544e759,wenyi091426-3.stratalog.logdata.json
DialogueNodeEvent:30:50,dialogue,1,DialogueEvent,Unit 1 Dev,2026-09-16T00:50:41.5280000Z,2026-09-16T00:50:41.5280000Z,6aa9e7e1485cab4c9544e8c1,wenyi091426-3.stratalog.logdata.json
DialogueNodeEvent:30:56,dialogue,1,DialogueEvent,Unit 1 Dev,2026-09-16T00:50:53.6200000Z,2026-09-16T00:50:53.6200000Z,6aa9e7ed485cab4c9544e8dd,wenyi091426-3.stratalog.logdata.json
DialogueNodeEvent:30:57,dialogue,1,DialogueEvent,Unit 1 Dev,2026-09-16T00:51:03.0220000Z,2026-09-16T00:51:03.0220000Z,6aa9e7f6485cab4c9544e8ef,wenyi091426-3.stratalog.logdata.json
DialogueNodeEvent:30:7,dialogue,1,DialogueEvent,Unit 1 Dev,2026-09-16T00:46:36.4320000Z,2026-09-16T00:46:36.4320000Z,6aa9e6ec485cab4c9544e75d,wenyi091426-3.stratalog.logdata.json
DialogueNodeEvent:30:77,dialogue,1,DialogueEvent,Unit 1 Dev,2026-09-16T01:08:41.8790000Z,2026-09-16T01:08:41.8790000Z,6aa9ec19485cab4c9544f41d,wenyi091426-3.stratalog.logdata.json
DialogueNodeEvent:30:8,dialogue,1,DialogueEvent,Unit 1 Dev,2026-09-16T00:47:15.3340000Z,2026-09-16T00:47:15.3340000Z,6aa9e712485cab4c9544e767,wenyi091426-3.stratalog.logdata.json
DialogueNodeEvent:30:86,dialogue,1,DialogueEvent,Unit 1 Dev,2026-09-16T01:09:29.8670000Z,2026-09-16T01:09:29.8670000Z,6aa9ec49485cab4c9544f4f9,wenyi091426-3.stratalog.logdata.json
DialogueNodeEvent:30:89,dialogue,1,DialogueEvent,Unit 1 Dev,2026-09-16T00:47:26.2500000Z,2026-09-16T00:47:26.2500000Z,6aa9e71d485cab4c9544e775,wenyi091426-3.stratalog.logdata.json
DialogueNodeEvent:30:90,dialogue,1,DialogueEvent,Unit 1 Dev,2026-09-16T00:47:49.4450000Z,2026-09-16T00:47:49.4450000Z,6aa9e735485cab4c9544e793,wenyi091426-3.stratalog.logdata.json
DialogueNodeEvent:30:91,dialogue,1,DialogueEvent,Unit 1 Dev,2026-09-16T00:47:56.7980000Z,2026-09-16T00:47:56.7980000Z,6aa9e73c485cab4c9544e799,wenyi091426-3.stratalog.logdata.json
DialogueNodeEvent:30:93,dialogue,1,DialogueEvent,Unit 1 Dev,2026-09-16T00:48:27.2730000Z,2026-09-16T00:48:27.2730000Z,6aa9e75a485cab4c9544e7ab,wenyi091426-3.stratalog.logdata.json
DialogueNodeEvent:30:94,dialogue,1,DialogueEvent,Unit 1 Dev,2026-09-16T00:48:29.0910000Z,2026-09-16T00:48:29.0910000Z,6aa9e75c485cab4c9544e7ad,wenyi091426-3.stratalog.logdata.json
DialogueNodeEvent:30:95,dialogue,1,DialogueEvent,Unit 1 Dev,2026-09-16T00:48:39.9970000Z,2026-09-16T00:48:39.9970000Z,6aa9e767485cab4c9544e7b3,wenyi091426-3.stratalog.logdata.json
DialogueNodeEvent:30:96,dialogue,1,DialogueEvent,Unit 1 Dev,2026-09-16T00:49:01.5910000Z,2026-09-16T00:49:01.5910000Z,6aa9e77d485cab4c9544e7f5,wenyi091426-3.stratalog.logdata.json
DialogueNodeEvent:30:97,dialogue,1,DialogueEvent,Unit 1 Dev,2026-09-16T00:50:13.3690000Z,2026-09-16T00:50:13.3690000Z,6aa9e7c5485cab4c9544e8a1,wenyi091426-3.stratalog.logdata.json
DialogueNodeEvent:30:98,dialogue,1,DialogueEvent,Unit 1 Dev,2026-09-16T01:03:23.1990000Z,2026-09-16T01:03:23.1990000Z,6aa9eada485cab4c9544ef4f,wenyi091426-3.stratalog.logdata.json
DialogueNodeEvent:30:99,dialogue,1,DialogueEvent,Unit 1 Dev,2026-09-16T01:08:52.0410000Z,2026-09-16T01:08:52.0410000Z,6aa9ec23485cab4c9544f471,wenyi091426-3.stratalog.logdata.json
DialogueNodeEvent:31:0,dialogue,2,DialogueEvent,Unit 1 Dev,2026-09-16T00:51:24.1800000Z,2026-09-16T01:04:24.1200000Z,6aa9e80b485cab4c9544e945,wenyi091426-3.stratalog.logdata.json
DialogueNodeEvent:31:1,dialogue,1,DialogueEvent,Unit 1 Dev,2026-09-16T00:51:13.8650000Z,2026-09-16T00:51:13.8650000Z,6aa9e801485cab4c9544e90d,wenyi091426-3.stratalog.logdata.json
DialogueNodeEvent:31:10,dialogue,2,DialogueEvent,Unit 1 Dev,2026-09-16T00:52:06.6150000Z,2026-09-16T00:52:41.9110000Z,6aa9e836485cab4c9544e9d3,wenyi091426-3.stratalog.logdata.json
DialogueNodeEvent:31:11,dialogue,1,DialogueEvent,Unit 1 Dev,2026-09-16T00:52:24.7860000Z,2026-09-16T00:52:24.7860000Z,6aa9e848485cab4c9544ea01,wenyi091426-3.stratalog.logdata.json
DialogueNodeEvent:31:12,dialogue,2,DialogueEvent,Unit 1 Dev,2026-09-16T00:52:09.0500000Z,2026-09-16T00:52:44.2620000Z,6aa9e838485cab4c9544e9e3,wenyi091426-3.stratalog.logdata.json
DialogueNodeEvent:31:13,dialogue,1,DialogueEvent,Unit 1 Dev,2026-09-16T00:53:48.0560000Z,2026-09-16T00:53:48.0560000Z,6aa9e89b485cab4c9544ea79,wenyi091426-3.stratalog.logdata.json
DialogueNodeEvent:31:2,dialogue,1,DialogueEvent,Unit 1 Dev,2026-09-16T00:51:24.1810000Z,2026-09-16T00:51:24.1810000Z,6aa9e80b485cab4c9544e949,wenyi091426-3.stratalog.logdata.json
DialogueNodeEvent:31:21,dialogue,1,DialogueEvent,Unit 1 Dev,2026-09-16T00:53:57.0270000Z,2026-09-16T00:53:57.0270000Z,6aa9e8a4485cab4c9544ea83,wenyi091426-3.stratalog.logdata.json
DialogueNodeEvent:31:23,dialogue,1,DialogueEvent,Unit 1 Dev,2026-09-16T00:54:08.3000000Z,2026-09-16T00:54:08.3000000Z,6aa9e8af485cab4c9544ea8f,wenyi091426-3.stratalog.logdata.json
DialogueNodeEvent:31:24,dialogue,1,DialogueEvent,Unit 1 Dev,2026-09-16T00:55:34.3660000Z,2026-09-16T00:55:34.3660000Z,6aa9e906485cab4c9544eaff,wenyi091426-3.stratalog.logdata.json
DialogueNodeEvent:31:29,dialogue,1,DialogueEvent,Unit 1 Dev,2026-09-16T00:55:42.4860000Z,2026-09-16T00:55:42.4860000Z,6aa9e90e485cab4c9544eb1b,wenyi091426-3.stratalog.logdata.json
DialogueNodeEvent:31:32,dialogue,1,DialogueEvent,Unit 1 Dev,2026-09-16T00:55:58.1480000Z,2026-09-16T00:55:58.1480000Z,6aa9e91d485cab4c9544eb35,wenyi091426-3.stratalog.logdata.json
DialogueNodeEvent:31:35,dialogue,1,DialogueEvent,Unit 1 Dev,2026-09-16T01:04:24.1220000Z,2026-09-16T01:04:24.1220000Z,6aa9eb18485cab4c9544efd9,wenyi091426-3.stratalog.logdata.json
DialogueNodeEvent:31:38,dialogue,1,DialogueEvent,Unit 1 Dev,2026-09-16T01:04:31.1380000Z,2026-09-16T01:04:31.1380000Z,6aa9eb1e485cab4c9544efe1,wenyi091426-3.stratalog.logdata.json
DialogueNodeEvent:31:39,dialogue,1,DialogueEvent,Unit 1 Dev,2026-09-16T01:04:54.0160000Z,2026-09-16T01:04:54.0160000Z,6aa9eb35485cab4c9544f013,wenyi091426-3.stratalog.logdata.json
DialogueNodeEvent:31:41,dialogue,1,DialogueEvent,Unit 1 Dev,2026-09-16T01:04:59.9020000Z,2026-09-16T01:04:59.9020000Z,6aa9eb3b485cab4c9544f031,wenyi091426-3.stratalog.logdata.json
DialogueNodeEvent:31:45,dialogue,1,DialogueEvent,Unit 1 Dev,2026-09-16T01:04:59.9210000Z,2026-09-16T01:04:59.9210000Z,6aa9eb3b485cab4c9544f033,wenyi091426-3.stratalog.logdata.json
DialogueNodeEvent:31:48,dialogue,1,DialogueEvent,Unit 1 Dev,2026-09-16T01:05:18.6450000Z,2026-09-16T01:05:18.6450000Z,6aa9eb4e485cab4c9544f063,wenyi091426-3.stratalog.logdata.json
DialogueNodeEvent:31:5,dialogue,1,DialogueEvent,Unit 1 Dev,2026-09-16T00:51:38.3510000Z,2026-09-16T00:51:38.3510000Z,6aa9e81a485cab4c9544e96f,wenyi091426-3.stratalog.logdata.json
DialogueNodeEvent:31:51,dialogue,1,DialogueEvent,Unit 1 Dev,2026-09-16T01:05:55.5080000Z,2026-09-16T01:05:55.5080000Z,6aa9eb73485cab4c9544f0e3,wenyi091426-3.stratalog.logdata.json
DialogueNodeEvent:31:55,dialogue,1,DialogueEvent,Unit 1 Dev,2026-09-16T01:07:58.8440000Z,2026-09-16T01:07:58.8440000Z,6aa9ebee485cab4c9544f321,wenyi091426-3.stratalog.logdata.json
DialogueNodeEvent:31:56,dialogue,1,DialogueEvent,Unit 1 Dev,2026-09-16T01:08:13.1380000Z,2026-09-16T01:08:13.1380000Z,6aa9ebfc485cab4c9544f383,wenyi091426-3.stratalog.logdata.json
DialogueNodeEvent:31:59,dialogue,1,DialogueEvent,Unit 1 Dev,2026-09-16T01:08:15.6360000Z,2026-09-16T01:08:15.6360000Z,6aa9ebff485cab4c9544f393,wenyi091426-3.stratalog.logdata.json
DialogueNodeEvent:31:6,dialogue,1,DialogueEvent,Unit 1 Dev,2026-09-16T00:51:46.4050000Z,2026-09-16T00:51:46.4050000Z,6aa9e822485cab4c9544e98b,wenyi091426-3.stratalog.logdata.json
DialogueNodeEvent:31:60,dialogue,1,DialogueEvent,Unit 1 Dev,2026-09-16T01:08:24.0050000Z,2026-09-16T01:08:24.0050000Z,6aa9ec07485cab4c9544f3bf,wenyi091426-3.stratalog.logdata.json
DialogueNodeEvent:31:61,dialogue,1,DialogueEvent,Unit 1 Dev,2026-09-16T00:51:52.6080000Z,2026-09-16T00:51:52.6080000Z,6aa9e828485cab4c9544e991,wenyi091426-3.stratalog.logdata.json
DialogueNodeEvent:31:63,dialogue,1,DialogueEvent,Unit 1 Dev,2026-09-16T00:52:27.1540000Z,2026-09-16T00:52:27.1540000Z,6aa9e84a485cab4c9544ea05,wenyi091426-3.stratalog.logdata.json
DialogueNodeEvent:31:64,dialogue,1,DialogueEvent,Unit 1 Dev,2026-09-16T00:53:43.8700000Z,2026-09-16T00:53:43.8700000Z,6aa9e897485cab4c9544ea71,wenyi091426-3.stratalog.logdata.json
DialogueNodeEvent:31:65,dialogue,1,DialogueEvent,Unit 1 Dev,2026-09-16T01:08:07.3980000Z,2026-09-16T01:08:07.3980000Z,6aa9ebf7485cab4c9544f351,wenyi091426-3.stratalog.logdata.json
DialogueNodeEvent:31:67,dialogue,1,DialogueEvent,Unit 1 Dev,2026-09-16T01:06:05.1800000Z,2026-09-16T01:06:05.1800000Z,6aa9eb7c485cab4c9544f107,wenyi091426-3.stratalog.logdata.json
DialogueNodeEvent:31:68,dialogue,1,DialogueEvent,Unit 1 Dev,2026-09-16T01:05:35.7490000Z,2026-09-16T01:05:35.7490000Z,6aa9eb5f485cab4c9544f0bb,wenyi091426-3.stratalog.logdata.json
DialogueNodeEvent:31:69,dialogue,1,DialogueEvent,Unit 1 Dev,2026-09-16T01:06:14.0010000Z,2026-09-16T01:06:14.0010000Z,6aa9eb85485cab4c9544f13d,wenyi091426-3.stratalog.logdata.json
DialogueNodeEvent:31:70,dialogue,1,DialogueEvent,Unit 1 Dev,2026-09-16T01:06:22.4050000Z,2026-09-16T01:06:22.4050000Z,6aa9eb8e485cab4c9544f169,wenyi091426-3.stratalog.logdata.json
DialogueNodeEvent:31:71,dialogue,1,DialogueEvent,Unit 1 Dev,2026-09-16T01:06:32.5730000Z,2026-09-16T01:06:32.5730000Z,6aa9eb98485cab4c9544f199,wenyi091426-3.stratalog.logdata.json
DialogueNodeEvent:31:72,dialogue,1,DialogueEvent,Unit 1 Dev,2026-09-16T01:06:40.4430000Z,2026-09-16T01:06:40.4430000Z,6aa9eba0485cab4c9544f1c3,wenyi091426-3.stratalog.logdata.json
DialogueNodeEvent:31:73,dialogue,1,DialogueEvent,Unit 1 Dev,2026-09-16T01:06:48.3800000Z,2026-09-16T01:06:48.3800000Z,6aa9eba8485cab4c9544f1ed,wenyi091426-3.stratalog.logdata.json
DialogueNodeEvent:31:74,dialogue,1,DialogueEvent,Unit 1 Dev,2026-09-16T01:06:50.1810000Z,2026-09-16T01:06:50.1810000Z,6aa9eba9485cab4c9544f1f1,wenyi091426-3.stratalog.logdata.json
DialogueNodeEvent:31:78,dialogue,1,DialogueEvent,Unit 1 Dev,2026-09-16T01:07:14.1930000Z,2026-09-16T01:07:14.1930000Z,6aa9ebc1485cab4c9544f22b,wenyi091426-3.stratalog.logdata.json
DialogueNodeEvent:31:8,dialogue,1,DialogueEvent,Unit 1 Dev,2026-09-16T00:51:55.5600000Z,2026-09-16T00:51:55.5600000Z,6aa9e82b485cab4c9544e99b,wenyi091426-3.stratalog.logdata.json
DialogueNodeEvent:31:82,dialogue,1,DialogueEvent,Unit 1 Dev,2026-09-16T01:07:16.3120000Z,2026-09-16T01:07:16.3120000Z,6aa9ebc4485cab4c9544f233,wenyi091426-3.stratalog.logdata.json
DialogueNodeEvent:31:83,dialogue,1,DialogueEvent,Unit 1 Dev,2026-09-16T01:05:48.8380000Z,2026-09-16T01:05:48.8380000Z,6aa9eb6c485cab4c9544f0d9,wenyi091426-3.stratalog.logdata.json
DialogueNodeEvent:31:84,dialogue,1,DialogueEvent,Unit 1 Dev,2026-09-16T01:05:52.1230000Z,2026-09-16T01:05:52.1230000Z,6aa9eb6f485cab4c9544f0df,wenyi091426-3.stratalog.logdata.json
DialogueNodeEvent:32:0,dialogue,1,DialogueEvent,Unit 1 Dev,2026-09-16T01:02:06.9830000Z,2026-09-16T01:02:06.9830000Z,6aa9ea8e485cab4c9544ee1f,wenyi091426-3.stratalog.logdata.json
DialogueNodeEvent:32:101,dialogue,1,DialogueEvent,Unit 1 Dev,2026-09-16T01:02:30.6380000Z,2026-09-16T01:02:30.6380000Z,6aa9eaa6485cab4c9544eef9,wenyi091426-3.stratalog.logdata.json
DialogueNodeEvent:32:69,dialogue,1,DialogueEvent,Unit 1 Dev,2026-09-16T01:02:06.9840000Z,2026-09-16T01:02:06.9840000Z,6aa9ea8e485cab4c9544ee23,wenyi091426-3.stratalog.logdata.json
DialogueNodeEvent:32:73,dialogue,1,DialogueEvent,Unit 1 Dev,2026-09-16T01:02:15.5020000Z,2026-09-16T01:02:15.5020000Z,6aa9ea97485cab4c9544ee65,wenyi091426-3.stratalog.logdata.json
DialogueNodeEvent:32:75,dialogue,1,DialogueEvent,Unit 1 Dev,2026-09-16T01:02:21.0210000Z,2026-09-16T01:02:21.0210000Z,6aa9ea9c485cab4c9544ee9f,wenyi091426-3.stratalog.logdata.json
DialogueNodeEvent:32:77,dialogue,1,DialogueEvent,Unit 1 Dev,2026-09-16T01:02:23.9020000Z,2026-09-16T01:02:23.9020000Z,6aa9ea9f485cab4c9544eeb7,wenyi091426-3.stratalog.logdata.json
DialogueNodeEvent:32:87,dialogue,1,DialogueEvent,Unit 1 Dev,2026-09-16T01:02:37.1750000Z,2026-09-16T01:02:37.1750000Z,6aa9eaac485cab4c9544ef09,wenyi091426-3.stratalog.logdata.json
DialogueNodeEvent:32:88,dialogue,1,DialogueEvent,Unit 1 Dev,2026-09-16T01:02:56.3170000Z,2026-09-16T01:02:56.3170000Z,6aa9eac0485cab4c9544ef13,wenyi091426-3.stratalog.logdata.json
DialogueNodeEvent:32:91,dialogue,1,DialogueEvent,Unit 1 Dev,2026-09-16T01:03:02.1870000Z,2026-09-16T01:03:02.1870000Z,6aa9eac5485cab4c9544ef3b,wenyi091426-3.stratalog.logdata.json
DialogueNodeEvent:32:95,dialogue,1,DialogueEvent,Unit 1 Dev,2026-09-16T01:03:14.7760000Z,2026-09-16T01:03:14.7760000Z,6aa9ead2485cab4c9544ef45,wenyi091426-3.stratalog.logdata.json
DialogueNodeEvent:32:96,dialogue,1,DialogueEvent,Unit 1 Dev,2026-09-16T01:03:17.0280000Z,2026-09-16T01:03:17.0280000Z,6aa9ead4485cab4c9544ef49,wenyi091426-3.stratalog.logdata.json
DialogueNodeEvent:33:1,dialogue,1,DialogueEvent,Unit 1 Dev,2026-09-16T01:09:14.0950000Z,2026-09-16T01:09:14.0950000Z,6aa9ec39485cab4c9544f4bb,wenyi091426-3.stratalog.logdata.json
DialogueNodeEvent:33:12,dialogue,1,DialogueEvent,Unit 1 Dev,2026-09-16T01:09:48.6090000Z,2026-09-16T01:09:48.6090000Z,6aa9ec5c485cab4c9544f53d,wenyi091426-3.stratalog.logdata.json
DialogueNodeEvent:33:15,dialogue,1,DialogueEvent,Unit 1 Dev,2026-09-16T01:09:51.8280000Z,2026-09-16T01:09:51.8280000Z,6aa9ec5f485cab4c9544f543,wenyi091426-3.stratalog.logdata.json
DialogueNodeEvent:33:16,dialogue,1,DialogueEvent,Unit 1 Dev,2026-09-16T01:10:00.7480000Z,2026-09-16T01:10:00.7480000Z,6aa9ec68485cab4c9544f54f,wenyi091426-3.stratalog.logdata.json
DialogueNodeEvent:33:19,dialogue,1,DialogueEvent,Unit 1 Dev,2026-09-16T01:10:08.0190000Z,2026-09-16T01:10:08.0190000Z,6aa9ec6f485cab4c9544f55d,wenyi091426-3.stratalog.logdata.json
DialogueNodeEvent:33:3,dialogue,1,DialogueEvent,Unit 1 Dev,2026-09-16T01:09:15.9290000Z,2026-09-16T01:09:15.9290000Z,6aa9ec3b485cab4c9544f4c3,wenyi091426-3.stratalog.logdata.json
DialogueNodeEvent:33:5,dialogue,1,DialogueEvent,Unit 1 Dev,2026-09-16T01:09:19.0650000Z,2026-09-16T01:09:19.0650000Z,6aa9ec3e485cab4c9544f4cb,wenyi091426-3.stratalog.logdata.json
DialogueNodeEvent:33:8,dialogue,1,DialogueEvent,Unit 1 Dev,2026-09-16T01:09:41.4120000Z,2026-09-16T01:09:41.4120000Z,6aa9ec55485cab4c9544f525,wenyi091426-3.stratalog.logdata.json
DialogueNodeEvent:33:9,dialogue,1,DialogueEvent,Unit 1 Dev,2026-09-16T01:09:45.2900000Z,2026-09-16T01:09:45.2900000Z,6aa9ec58485cab4c9544f531,wenyi091426-3.stratalog.logdata.json
DialogueNodeEvent:35:0,dialogue,1,DialogueEvent,Unit 1 Dev,2026-09-16T00:59:11.6940000Z,2026-09-16T00:59:11.6940000Z,6aa9e9df485cab4c9544ec91,wenyi091426-3.stratalog.logdata.json
DialogueNodeEvent:35:1,dialogue,1,DialogueEvent,Unit 1 Dev,2026-09-16T00:59:11.6950000Z,2026-09-16T00:59:11.6950000Z,6aa9e9df485cab4c9544ec95,wenyi091426-3.stratalog.logdata.json
DialogueNodeEvent:35:20,dialogue,1,DialogueEvent,Unit 1 Dev,2026-09-16T01:01:19.2790000Z,2026-09-16T01:01:19.2790000Z,6aa9ea5e485cab4c9544edc5,wenyi091426-3.stratalog.logdata.json
DialogueNodeEvent:35:21,dialogue,1,DialogueEvent,Unit 1 Dev,2026-09-16T01:01:30.4800000Z,2026-09-16T01:01:30.4800000Z,6aa9ea6a485cab4c9544eddd,wenyi091426-3.stratalog.logdata.json
DialogueNodeEvent:35:24,dialogue,1,DialogueEvent,Unit 1 Dev,2026-09-16T01:01:35.9320000Z,2026-09-16T01:01:35.9320000Z,6aa9ea6f485cab4c9544ede1,wenyi091426-3.stratalog.logdata.json
DialogueNodeEvent:35:28,dialogue,1,DialogueEvent,Unit 1 Dev,2026-09-16T01:01:49.5720000Z,2026-09-16T01:01:49.5720000Z,6aa9ea7d485cab4c9544edef,wenyi091426-3.stratalog.logdata.json
DialogueNodeEvent:35:29,dialogue,1,DialogueEvent,Unit 1 Dev,2026-09-16T01:01:53.0250000Z,2026-09-16T01:01:53.0250000Z,6aa9ea80485cab4c9544edf1,wenyi091426-3.stratalog.logdata.json
DialogueNodeEvent:35:33,dialogue,1,DialogueEvent,Unit 1 Dev,2026-09-16T00:59:25.0440000Z,2026-09-16T00:59:25.0440000Z,6aa9e9ec485cab4c9544ecaf,wenyi091426-3.stratalog.logdata.json
DialogueNodeEvent:35:34,dialogue,1,DialogueEvent,Unit 1 Dev,2026-09-16T00:59:31.8470000Z,2026-09-16T00:59:31.8470000Z,6aa9e9f3485cab4c9544ecc1,wenyi091426-3.stratalog.logdata.json
DialogueNodeEvent:35:40,dialogue,1,DialogueEvent,Unit 1 Dev,2026-09-16T01:01:14.3590000Z,2026-09-16T01:01:14.3590000Z,6aa9ea5a485cab4c9544edb1,wenyi091426-3.stratalog.logdata.json
DialogueNodeEvent:35:7,dialogue,1,DialogueEvent,Unit 1 Dev,2026-09-16T00:59:28.3790000Z,2026-09-16T00:59:28.3790000Z,6aa9e9f0485cab4c9544ecbf,wenyi091426-3.stratalog.logdata.json
DialogueNodeEvent:35:8,dialogue,1,DialogueEvent,Unit 1 Dev,2026-09-16T00:59:38.1510000Z,2026-09-16T00:59:38.1510000Z,6aa9e9f9485cab4c9544ecc7,wenyi091426-3.stratalog.logdata.json
DialogueNodeEvent:36:0,dialogue,1,DialogueEvent,Unit 1 Dev,2026-09-16T00:56:15.8550000Z,2026-09-16T00:56:15.8550000Z,6aa9e92f485cab4c9544eb55,wenyi091426-3.stratalog.logdata.json
DialogueNodeEvent:36:32,dialogue,1,DialogueEvent,Unit 1 Dev,2026-09-16T00:56:15.8560000Z,2026-09-16T00:56:15.8560000Z,6aa9e92f485cab4c9544eb59,wenyi091426-3.stratalog.logdata.json
DialogueNodeEvent:36:33,dialogue,1,DialogueEvent,Unit 1 Dev,2026-09-16T00:56:41.4780000Z,2026-09-16T00:56:41.4780000Z,6aa9e949485cab4c9544eb6d,wenyi091426-3.stratalog.logdata.json
DialogueNodeEvent:36:35,dialogue,1,DialogueEvent,Unit 1 Dev,2026-09-16T00:56:43.6950000Z,2026-09-16T00:56:43.6950000Z,6aa9e94b485cab4c9544eb6f,wenyi091426-3.stratalog.logdata.json
DialogueNodeEvent:36:36,dialogue,1,DialogueEvent,Unit 1 Dev,2026-09-16T00:56:47.5640000Z,2026-09-16T00:56:47.5640000Z,6aa9e94f485cab4c9544eb75,wenyi091426-3.stratalog.logdata.json
DialogueNodeEvent:36:50,dialogue,1,DialogueEvent,Unit 1 Dev,2026-09-16T00:57:01.7370000Z,2026-09-16T00:57:01.7370000Z,6aa9e95d485cab4c9544eb7f,wenyi091426-3.stratalog.logdata.json
DialogueNodeEvent:36:52,dialogue,1,DialogueEvent,Unit 1 Dev,2026-09-16T00:57:33.2980000Z,2026-09-16T00:57:33.2980000Z,6aa9e97c485cab4c9544eb97,wenyi091426-3.stratalog.logdata.json
DialogueNodeEvent:36:55,dialogue,1,DialogueEvent,Unit 1 Dev,2026-09-16T00:57:39.0350000Z,2026-09-16T00:57:39.0350000Z,6aa9e982485cab4c9544eb9d,wenyi091426-3.stratalog.logdata.json
DialogueNodeEvent:36:59,dialogue,1,DialogueEvent,Unit 1 Dev,2026-09-16T00:57:51.8570000Z,2026-09-16T00:57:51.8570000Z,6aa9e98f485cab4c9544eba5,wenyi091426-3.stratalog.logdata.json
DialogueNodeEvent:36:60,dialogue,1,DialogueEvent,Unit 1 Dev,2026-09-16T00:58:00.8960000Z,2026-09-16T00:58:00.8960000Z,6aa9e998485cab4c9544ebaf,wenyi091426-3.stratalog.logdata.json
DialogueNodeEvent:36:65,dialogue,1,DialogueEvent,Unit 1 Dev,2026-09-16T00:56:54.8840000Z,2026-09-16T00:56:54.8840000Z,6aa9e956485cab4c9544eb7b,wenyi091426-3.stratalog.logdata.json
DialogueNodeEvent:37:0,dialogue,1,DialogueEvent,Unit 1 Dev,2026-09-16T00:58:18.1710000Z,2026-09-16T00:58:18.1710000Z,6aa9e9a9485cab4c9544ebd5,wenyi091426-3.stratalog.logdata.json
DialogueNodeEvent:37:64,dialogue,1,DialogueEvent,Unit 1 Dev,2026-09-16T00:58:18.1730000Z,2026-09-16T00:58:18.1730000Z,6aa9e9a9485cab4c9544ebd9,wenyi091426-3.stratalog.logdata.json
DialogueNodeEvent:37:66,dialogue,1,DialogueEvent,Unit 1 Dev,2026-09-16T00:58:21.0380000Z,2026-09-16T00:58:21.0380000Z,6aa9e9ac485cab4c9544ebdb,wenyi091426-3.stratalog.logdata.json
DialogueNodeEvent:37:67,dialogue,1,DialogueEvent,Unit 1 Dev,2026-09-16T00:58:22.8060000Z,2026-09-16T00:58:22.8060000Z,6aa9e9ae485cab4c9544ebdf,wenyi091426-3.stratalog.logdata.json
DialogueNodeEvent:37:97,dialogue,1,DialogueEvent,Unit 1 Dev,2026-09-16T00:58:23.6860000Z,2026-09-16T00:58:23.6860000Z,6aa9e9af485cab4c9544ebe1,wenyi091426-3.stratalog.logdata.json
DialogueNodeEvent:68:18,dialogue,1,DialogueEvent,Unit 2 Prod (Refactor),2026-09-16T01:18:44.0750000Z,2026-09-16T01:18:44.0750000Z,6aa9ee73485cab4c95450347,wenyi091426-3.stratalog.logdata.json
DialogueNodeEvent:68:19,dialogue,1,DialogueEvent,Unit 2 Prod (Refactor),2026-09-16T01:18:53.2620000Z,2026-09-16T01:18:53.2620000Z,6aa9ee7c485cab4c9545035b,wenyi091426-3.stratalog.logdata.json
DialogueNodeEvent:68:21,dialogue,1,DialogueEvent,Unit 2 Prod (Refactor),2026-09-16T01:18:55.5800000Z,2026-09-16T01:18:55.5800000Z,6aa9ee7f485cab4c95450363,wenyi091426-3.stratalog.logdata.json
DialogueNodeEvent:68:23,dialogue,1,DialogueEvent,Unit 2 Prod (Refactor),2026-09-16T01:21:13.8420000Z,2026-09-16T01:21:13.8420000Z,6aa9ef09485cab4c954506ab,wenyi091426-3.stratalog.logdata.json
DialogueNodeEvent:68:24,dialogue,1,DialogueEvent,Unit 2 Prod (Refactor),2026-09-16T01:21:20.3770000Z,2026-09-16T01:21:20.3770000Z,6aa9ef10485cab4c954506c1,wenyi091426-3.stratalog.logdata.json
DialogueNodeEvent:68:26,dialogue,1,DialogueEvent,Unit 2 Prod (Refactor),2026-09-16T01:22:52.3000000Z,2026-09-16T01:22:52.3000000Z,6aa9ef6c485cab4c95450711,wenyi091426-3.stratalog.logdata.json
DialogueNodeEvent:68:30,dialogue,1,DialogueEvent,Unit 2 Prod (Refactor),2026-09-16T01:23:30.7650000Z,2026-09-16T01:23:30.7650000Z,6aa9ef92485cab4c95450739,wenyi091426-3.stratalog.logdata.json
DialogueNodeEvent:68:35,dialogue,1,DialogueEvent,Unit 2 Prod (Refactor),2026-09-16T01:18:58.6480000Z,2026-09-16T01:18:58.6480000Z,6aa9ee82485cab4c95450365,wenyi091426-3.stratalog.logdata.json
DialogueNodeEvent:68:36,dialogue,1,DialogueEvent,Unit 2 Prod (Refactor),2026-09-16T01:21:22.1620000Z,2026-09-16T01:21:22.1620000Z,6aa9ef11485cab4c954506c3,wenyi091426-3.stratalog.logdata.json
DialogueNodeEvent:68:41,dialogue,1,DialogueEvent,Unit 2 Prod (Refactor),2026-09-16T01:23:24.7640000Z,2026-09-16T01:23:24.7640000Z,6aa9ef8c485cab4c95450729,wenyi091426-3.stratalog.logdata.json
DialogueNodeEvent:68:43,dialogue,1,DialogueEvent,Unit 2 Prod (Refactor),2026-09-16T01:20:27.8190000Z,2026-09-16T01:20:27.8190000Z,6aa9eedb485cab4c954503cf,wenyi091426-3.stratalog.logdata.json
DialogueNodeEvent:68:46,dialogue,1,DialogueEvent,Unit 2 Prod (Refactor),2026-09-16T01:23:13.8440000Z,2026-09-16T01:23:13.8440000Z,6aa9ef81485cab4c9545071b,wenyi091426-3.stratalog.logdata.json
DialogueNodeEvent:68:5,dialogue,1,DialogueEvent,Unit 2 Prod (Refactor),2026-09-16T01:16:50.4100000Z,2026-09-16T01:16:50.4100000Z,6aa9ee02485cab4c9544fbff,wenyi091426-3.stratalog.logdata.json
DialogueNodeEvent:68:7,dialogue,1,DialogueEvent,Unit 2 Prod (Refactor),2026-09-16T01:17:43.1650000Z,2026-09-16T01:17:43.1650000Z,6aa9ee36485cab4c9544ff9b,wenyi091426-3.stratalog.logdata.json
DialogueNodeEvent:70:0,dialogue,2,DialogueEvent,Unit 1 Dev,2026-09-16T01:07:27.0640000Z,2026-09-16T01:07:50.9430000Z,6aa9ebce485cab4c9544f26f,wenyi091426-3.stratalog.logdata.json
DialogueNodeEvent:70:25,dialogue,1,DialogueEvent,Unit 1 Dev,2026-09-16T01:07:27.0790000Z,2026-09-16T01:07:27.0790000Z,6aa9ebce485cab4c9544f273,wenyi091426-3.stratalog.logdata.json
DialogueNodeEvent:70:7,dialogue,1,DialogueEvent,Unit 1 Dev,2026-09-16T01:07:50.9570000Z,2026-09-16T01:07:50.9570000Z,6aa9ebe6485cab4c9544f2f3,wenyi091426-3.stratalog.logdata.json
DialogueNodeEvent:73:164,dialogue,1,DialogueEvent,Unit 3 Dev,2026-09-16T17:11:45.2850000Z,2026-09-16T17:11:45.2850000Z,6aaacdd1485cab4c95455bb4,wenyi091426-3.stratalog.logdata.json
DialogueNodeEvent:73:165,dialogue,1,DialogueEvent,Unit 3 Dev,2026-09-16T17:11:51.1690000Z,2026-09-16T17:11:51.1690000Z,6aaacdd6485cab4c95455bba,wenyi091426-3.stratalog.logdata.json
DialogueNodeEvent:73:166,dialogue,1,DialogueEvent,Unit 3 Dev,2026-09-16T17:11:56.8880000Z,2026-09-16T17:11:56.8880000Z,6aaacddc485cab4c95455bbc,wenyi091426-3.stratalog.logdata.json
DialogueNodeEvent:73:167,dialogue,1,DialogueEvent,Unit 3 Dev,2026-09-16T17:12:03.8580000Z,2026-09-16T17:12:03.8580000Z,6aaacde3485cab4c95455bc0,wenyi091426-3.stratalog.logdata.json
DialogueNodeEvent:73:168,dialogue,2,DialogueEvent,Unit 3 Dev,2026-09-16T17:12:25.5550000Z,2026-09-16T17:13:29.2520000Z,6aaacdf9485cab4c95455bde,wenyi091426-3.stratalog.logdata.json
DialogueNodeEvent:73:169,dialogue,2,DialogueEvent,Unit 3 Dev,2026-09-16T17:12:31.5710000Z,2026-09-16T17:13:35.3690000Z,6aaacdff485cab4c95455be2,wenyi091426-3.stratalog.logdata.json
DialogueNodeEvent:73:170,dialogue,2,DialogueEvent,Unit 3 Dev,2026-09-16T17:12:40.3760000Z,2026-09-16T17:13:44.2570000Z,6aaace08485cab4c95455be6,wenyi091426-3.stratalog.logdata.json
DialogueNodeEvent:73:171,dialogue,1,DialogueEvent,Unit 3 Dev,2026-09-16T17:14:21.2110000Z,2026-09-16T17:14:21.2110000Z,6aaace6d485cab4c95455c44,wenyi091426-3.stratalog.logdata.json
DialogueNodeEvent:73:172,dialogue,1,DialogueEvent,Unit 3 Dev,2026-09-16T17:14:27.1610000Z,2026-09-16T17:14:27.1610000Z,6aaace72485cab4c95455c48,wenyi091426-3.stratalog.logdata.json
DialogueNodeEvent:73:173,dialogue,1,DialogueEvent,Unit 3 Dev,2026-09-16T17:14:35.2650000Z,2026-09-16T17:14:35.2650000Z,6aaace7b485cab4c95455c4c,wenyi091426-3.stratalog.logdata.json
DialogueNodeEvent:73:175,dialogue,1,DialogueEvent,Unit 3 Dev,2026-09-16T17:14:43.4700000Z,2026-09-16T17:14:43.4700000Z,6aaace83485cab4c95455c50,wenyi091426-3.stratalog.logdata.json
DialogueNodeEvent:73:198,dialogue,4,DialogueEvent,Unit 3 Dev,2026-09-16T17:11:45.2840000Z,2026-09-16T17:14:21.2100000Z,6aaacdd1485cab4c95455bb2,wenyi091426-3.stratalog.logdata.json
DialogueNodeEvent:73:199,dialogue,2,DialogueEvent,Unit 3 Dev,2026-09-16T17:12:45.0780000Z,2026-09-16T17:13:48.9430000Z,6aaace0c485cab4c95455bea,wenyi091426-3.stratalog.logdata.json
DialogueNodeEvent:73:200,dialogue,1,DialogueEvent,Unit 3 Dev,2026-09-16T17:10:29.5290000Z,2026-09-16T17:10:29.5290000Z,6aaacd85485cab4c95455b7a,wenyi091426-3.stratalog.logdata.json
DialogueNodeEvent:73:204,dialogue,1,DialogueEvent,Unit 3 Dev,2026-09-16T17:10:46.2870000Z,2026-09-16T17:10:46.2870000Z,6aaacd96485cab4c95455b82,wenyi091426-3.stratalog.logdata.json
DialogueNodeEvent:73:208,dialogue,1,DialogueEvent,Unit 3 Dev,2026-09-16T17:10:49.3050000Z,2026-09-16T17:10:49.3050000Z,6aaacd99485cab4c95455b84,wenyi091426-3.stratalog.logdata.json
DialogueNodeEvent:73:209,dialogue,1,DialogueEvent,Unit 3 Dev,2026-09-16T17:10:55.2840000Z,2026-09-16T17:10:55.2840000Z,6aaacd9f485cab4c95455b8a,wenyi091426-3.stratalog.logdata.json
DialogueNodeEvent:73:210,dialogue,1,DialogueEvent,Unit 3 Dev,2026-09-16T17:10:57.6920000Z,2026-09-16T17:10:57.6920000Z,6aaacda1485cab4c95455b8c,wenyi091426-3.stratalog.logdata.json
DialogueNodeEvent:73:211,dialogue,1,DialogueEvent,Unit 3 Dev,2026-09-16T17:11:03.1300000Z,2026-09-16T17:11:03.1300000Z,6aaacda6485cab4c95455b92,wenyi091426-3.stratalog.logdata.json
DialogueNodeEvent:73:212,dialogue,1,DialogueEvent,Unit 3 Dev,2026-09-16T17:11:03.1310000Z,2026-09-16T17:11:03.1310000Z,6aaacda7485cab4c95455b94,wenyi091426-3.stratalog.logdata.json
DialogueNodeEvent:73:213,dialogue,1,DialogueEvent,Unit 3 Dev,2026-09-16T17:14:44.2360000Z,2026-09-16T17:14:44.2360000Z,6aaace84485cab4c95455c52,wenyi091426-3.stratalog.logdata.json
DialogueNodeEvent:74:0,dialogue,5,DialogueEvent,Unit 2 Prod (Refactor),2026-09-16T14:51:03.0030000Z,2026-09-16T14:54:55.8330000Z,6aaaacd7485cab4c95453cbe,wenyi091426-3.stratalog.logdata.json
DialogueNodeEvent:74:10,dialogue,1,DialogueEvent,Unit 2 Prod (Refactor),2026-09-16T14:52:38.1650000Z,2026-09-16T14:52:38.1650000Z,6aaaad36485cab4c954541ba,wenyi091426-3.stratalog.logdata.json
DialogueNodeEvent:74:11,dialogue,1,DialogueEvent,Unit 2 Prod (Refactor),2026-09-16T14:52:01.4140000Z,2026-09-16T14:52:01.4140000Z,6aaaad11485cab4c95453f3e,wenyi091426-3.stratalog.logdata.json
DialogueNodeEvent:74:13,dialogue,1,DialogueEvent,Unit 2 Prod (Refactor),2026-09-16T14:52:50.6880000Z,2026-09-16T14:52:50.6880000Z,6aaaad42485cab4c954541d4,wenyi091426-3.stratalog.logdata.json
DialogueNodeEvent:74:15,dialogue,1,DialogueEvent,Unit 2 Prod (Refactor),2026-09-16T14:54:21.0990000Z,2026-09-16T14:54:21.0990000Z,6aaaad9d485cab4c954544d8,wenyi091426-3.stratalog.logdata.json
DialogueNodeEvent:74:17,dialogue,1,DialogueEvent,Unit 2 Prod (Refactor),2026-09-16T14:54:55.8490000Z,2026-09-16T14:54:55.8490000Z,6aaaadbf485cab4c95454726,wenyi091426-3.stratalog.logdata.json
DialogueNodeEvent:74:18,dialogue,1,DialogueEvent,Unit 2 Prod (Refactor),2026-09-16T14:55:00.3840000Z,2026-09-16T14:55:00.3840000Z,6aaaadc4485cab4c9545472c,wenyi091426-3.stratalog.logdata.json
DialogueNodeEvent:74:22,dialogue,1,DialogueEvent,Unit 2 Prod (Refactor),2026-09-16T14:55:02.7690000Z,2026-09-16T14:55:02.7690000Z,6aaaadc6485cab4c95454732,wenyi091426-3.stratalog.logdata.json
DialogueNodeEvent:74:23,dialogue,1,DialogueEvent,Unit 2 Prod (Refactor),2026-09-16T14:52:02.5310000Z,2026-09-16T14:52:02.5310000Z,6aaaad12485cab4c95453f40,wenyi091426-3.stratalog.logdata.json
DialogueNodeEvent:74:24,dialogue,1,DialogueEvent,Unit 2 Prod (Refactor),2026-09-16T14:52:51.7890000Z,2026-09-16T14:52:51.7890000Z,6aaaad43485cab4c954541d6,wenyi091426-3.stratalog.logdata.json
DialogueNodeEvent:74:26,dialogue,1,DialogueEvent,Unit 2 Prod (Refactor),2026-09-16T14:55:01.4540000Z,2026-09-16T14:55:01.4540000Z,6aaaadc5485cab4c9545472e,wenyi091426-3.stratalog.logdata.json
DialogueNodeEvent:74:27,dialogue,1,DialogueEvent,Unit 2 Prod (Refactor),2026-09-16T14:53:52.3850000Z,2026-09-16T14:53:52.3850000Z,6aaaad80485cab4c95454208,wenyi091426-3.stratalog.logdata.json
DialogueNodeEvent:74:4,dialogue,1,DialogueEvent,Unit 2 Prod (Refactor),2026-09-16T14:51:03.0190000Z,2026-09-16T14:51:03.0190000Z,6aaaacd7485cab4c95453cc2,wenyi091426-3.stratalog.logdata.json
DialogueNodeEvent:74:6,dialogue,1,DialogueEvent,Unit 2 Prod (Refactor),2026-09-16T14:51:48.1580000Z,2026-09-16T14:51:48.1580000Z,6aaaad04485cab4c95453f34,wenyi091426-3.stratalog.logdata.json
DialogueNodeEvent:75:1,dialogue,1,DialogueEvent,Unit 3 Dev,2026-09-16T16:56:06.4280000Z,2026-09-16T16:56:06.4280000Z,6aaaca26485cab4c95455482,wenyi091426-3.stratalog.logdata.json
DialogueNodeEvent:75:2,dialogue,1,DialogueEvent,Unit 3 Dev,2026-09-16T16:56:10.3610000Z,2026-09-16T16:56:10.3610000Z,6aaaca2a485cab4c95455488,wenyi091426-3.stratalog.logdata.json
DialogueNodeEvent:75:3,dialogue,1,DialogueEvent,Unit 3 Dev,2026-09-16T16:56:12.8620000Z,2026-09-16T16:56:12.8620000Z,6aaaca2c485cab4c9545548e,wenyi091426-3.stratalog.logdata.json
DialogueNodeEvent:75:4,dialogue,1,DialogueEvent,Unit 3 Dev,2026-09-16T16:56:21.7170000Z,2026-09-16T16:56:21.7170000Z,6aaaca35485cab4c9545549c,wenyi091426-3.stratalog.logdata.json
DialogueNodeEvent:75:5,dialogue,1,DialogueEvent,Unit 3 Dev,2026-09-16T16:56:23.6850000Z,2026-09-16T16:56:23.6850000Z,6aaaca37485cab4c954554a4,wenyi091426-3.stratalog.logdata.json
DialogueNodeEvent:75:6,dialogue,1,DialogueEvent,Unit 3 Dev,2026-09-16T16:56:35.0070000Z,2026-09-16T16:56:35.0070000Z,6aaaca42485cab4c954554ac,wenyi091426-3.stratalog.logdata.json
DialogueNodeEvent:78:0,dialogue,5,DialogueEvent,Unit 3 Dungeon Dev,2026-09-16T16:59:20.1520000Z,2026-09-16T17:00:29.4870000Z,6aaacae7485cab4c95455612,wenyi091426-3.stratalog.logdata.json
DialogueNodeEvent:78:12,dialogue,1,DialogueEvent,Unit 3 Dungeon Dev,2026-09-16T17:00:13.5950000Z,2026-09-16T17:00:13.5950000Z,6aaacb1d485cab4c95455792,wenyi091426-3.stratalog.logdata.json
DialogueNodeEvent:78:23,dialogue,1,DialogueEvent,Unit 3 Dungeon Dev,2026-09-16T17:00:29.5030000Z,2026-09-16T17:00:29.5030000Z,6aaacb2d485cab4c954557f0,wenyi091426-3.stratalog.logdata.json
DialogueNodeEvent:78:24,dialogue,1,DialogueEvent,Unit 3 Dungeon Dev,2026-09-16T17:00:47.0620000Z,2026-09-16T17:00:47.0620000Z,6aaacb3e485cab4c95455854,wenyi091426-3.stratalog.logdata.json
DialogueNodeEvent:78:3,dialogue,1,DialogueEvent,Unit 3 Dungeon Dev,2026-09-16T16:59:20.1710000Z,2026-09-16T16:59:20.1710000Z,6aaacae8485cab4c95455616,wenyi091426-3.stratalog.logdata.json
DialogueNodeEvent:78:7,dialogue,1,DialogueEvent,Unit 3 Dungeon Dev,2026-09-16T16:59:43.8470000Z,2026-09-16T16:59:43.8470000Z,6aaacaff485cab4c954556b6,wenyi091426-3.stratalog.logdata.json
DialogueNodeEvent:78:9,dialogue,1,DialogueEvent,Unit 3 Dungeon Dev,2026-09-16T16:59:59.9880000Z,2026-09-16T16:59:59.9880000Z,6aaacb0f485cab4c95455722,wenyi091426-3.stratalog.logdata.json
DialogueNodeEvent:79:0,dialogue,2,DialogueEvent,Unit 3 Dungeon Dev,2026-09-16T17:07:39.6300000Z,2026-09-16T17:07:39.6330000Z,6aaaccdb485cab4c95455adc,wenyi091426-3.stratalog.logdata.json
DialogueNodeEvent:79:101,dialogue,1,DialogueEvent,Unit 3 Dungeon Dev,2026-09-16T17:02:31.1630000Z,2026-09-16T17:02:31.1630000Z,6aaacba6485cab4c954558e8,wenyi091426-3.stratalog.logdata.json
DialogueNodeEvent:79:102,dialogue,1,DialogueEvent,Unit 3 Dungeon Dev,2026-09-16T17:01:16.2260000Z,2026-09-16T17:01:16.2260000Z,6aaacb5c485cab4c954558aa,wenyi091426-3.stratalog.logdata.json
DialogueNodeEvent:79:103,dialogue,1,DialogueEvent,Unit 3 Dungeon Dev,2026-09-16T17:01:35.3010000Z,2026-09-16T17:01:35.3010000Z,6aaacb6f485cab4c954558b6,wenyi091426-3.stratalog.logdata.json
DialogueNodeEvent:79:104,dialogue,1,DialogueEvent,Unit 3 Dungeon Dev,2026-09-16T17:01:23.1620000Z,2026-09-16T17:01:23.1620000Z,6aaacb62485cab4c954558b0,wenyi091426-3.stratalog.logdata.json
DialogueNodeEvent:79:108,dialogue,1,DialogueEvent,Unit 3 Dungeon Dev,2026-09-16T17:03:45.2500000Z,2026-09-16T17:03:45.2500000Z,6aaacbf1485cab4c95455966,wenyi091426-3.stratalog.logdata.json
DialogueNodeEvent:79:109,dialogue,3,DialogueEvent,Unit 3 Dungeon Dev,2026-09-16T17:05:04.2040000Z,2026-09-16T17:05:53.9440000Z,6aaacc40485cab4c95455a0e,wenyi091426-3.stratalog.logdata.json
DialogueNodeEvent:79:110,dialogue,2,DialogueEvent,Unit 3 Dungeon Dev,2026-09-16T17:05:09.7890000Z,2026-09-16T17:05:34.8010000Z,6aaacc45485cab4c95455a12,wenyi091426-3.stratalog.logdata.json
DialogueNodeEvent:79:111,dialogue,1,DialogueEvent,Unit 3 Dungeon Dev,2026-09-16T17:06:00.7310000Z,2026-09-16T17:06:00.7310000Z,6aaacc78485cab4c95455a28,wenyi091426-3.stratalog.logdata.json
DialogueNodeEvent:79:112,dialogue,2,DialogueEvent,Unit 3 Dungeon Dev,2026-09-16T17:05:12.2070000Z,2026-09-16T17:05:37.5360000Z,6aaacc48485cab4c95455a16,wenyi091426-3.stratalog.logdata.json
DialogueNodeEvent:79:113,dialogue,1,DialogueEvent,Unit 3 Dungeon Dev,2026-09-16T17:06:03.0160000Z,2026-09-16T17:06:03.0160000Z,6aaacc7a485cab4c95455a2c,wenyi091426-3.stratalog.logdata.json
DialogueNodeEvent:79:114,dialogue,1,DialogueEvent,Unit 3 Dungeon Dev,2026-09-16T17:04:22.6830000Z,2026-09-16T17:04:22.6830000Z,6aaacc16485cab4c954559c8,wenyi091426-3.stratalog.logdata.json
DialogueNodeEvent:79:115,dialogue,1,DialogueEvent,Unit 3 Dungeon Dev,2026-09-16T17:04:08.0930000Z,2026-09-16T17:04:08.0930000Z,6aaacc07485cab4c95455994,wenyi091426-3.stratalog.logdata.json
DialogueNodeEvent:79:116,dialogue,1,DialogueEvent,Unit 3 Dungeon Dev,2026-09-16T17:02:42.5360000Z,2026-09-16T17:02:42.5360000Z,6aaacbb2485cab4c954558fa,wenyi091426-3.stratalog.logdata.json
DialogueNodeEvent:79:117,dialogue,1,DialogueEvent,Unit 3 Dungeon Dev,2026-09-16T17:02:49.4380000Z,2026-09-16T17:02:49.4380000Z,6aaacbb9485cab4c954558fe,wenyi091426-3.stratalog.logdata.json
DialogueNodeEvent:79:118,dialogue,1,DialogueEvent,Unit 3 Dungeon Dev,2026-09-16T17:02:56.9910000Z,2026-09-16T17:02:56.9910000Z,6aaacbc0485cab4c95455902,wenyi091426-3.stratalog.logdata.json
DialogueNodeEvent:79:119,dialogue,1,DialogueEvent,Unit 3 Dungeon Dev,2026-09-16T17:04:50.1310000Z,2026-09-16T17:04:50.1310000Z,6aaacc31485cab4c954559f8,wenyi091426-3.stratalog.logdata.json
DialogueNodeEvent:79:120,dialogue,1,DialogueEvent,Unit 3 Dungeon Dev,2026-09-16T17:04:55.5000000Z,2026-09-16T17:04:55.5000000Z,6aaacc37485cab4c954559fe,wenyi091426-3.stratalog.logdata.json
DialogueNodeEvent:79:126,dialogue,1,DialogueEvent,Unit 3 Dungeon Dev,2026-09-16T17:06:41.8530000Z,2026-09-16T17:06:41.8530000Z,6aaacca1485cab4c95455aa2,wenyi091426-3.stratalog.logdata.json
DialogueNodeEvent:79:127,dialogue,1,DialogueEvent,Unit 3 Dungeon Dev,2026-09-16T17:07:03.8130000Z,2026-09-16T17:07:03.8130000Z,6aaaccb7485cab4c95455ab8,wenyi091426-3.stratalog.logdata.json
DialogueNodeEvent:79:128,dialogue,1,DialogueEvent,Unit 3 Dungeon Dev,2026-09-16T17:07:21.3380000Z,2026-09-16T17:07:21.3380000Z,6aaaccc9485cab4c95455ac2,wenyi091426-3.stratalog.logdata.json
DialogueNodeEvent:79:134,dialogue,1,DialogueEvent,Unit 3 Dungeon Dev,2026-09-16T17:07:39.6350000Z,2026-09-16T17:07:39.6350000Z,6aaaccdb485cab4c95455ae6,wenyi091426-3.stratalog.logdata.json
DialogueNodeEvent:79:135,dialogue,1,DialogueEvent,Unit 3 Dungeon Dev,2026-09-16T17:08:26.5690000Z,2026-09-16T17:08:26.5690000Z,6aaacd0a485cab4c95455af6,wenyi091426-3.stratalog.logdata.json
DialogueNodeEvent:79:136,dialogue,1,DialogueEvent,Unit 3 Dungeon Dev,2026-09-16T17:08:29.5370000Z,2026-09-16T17:08:29.5370000Z,6aaacd0d485cab4c95455af8,wenyi091426-3.stratalog.logdata.json
DialogueNodeEvent:79:137,dialogue,1,DialogueEvent,Unit 3 Dungeon Dev,2026-09-16T17:08:32.8890000Z,2026-09-16T17:08:32.8890000Z,6aaacd10485cab4c95455afc,wenyi091426-3.stratalog.logdata.json
DialogueNodeEvent:79:138,dialogue,1,DialogueEvent,Unit 3 Dungeon Dev,2026-09-16T17:08:40.6270000Z,2026-09-16T17:08:40.6270000Z,6aaacd18485cab4c95455b02,wenyi091426-3.stratalog.logdata.json
DialogueNodeEvent:79:140,dialogue,1,DialogueEvent,Unit 3 Dungeon Dev,2026-09-16T17:09:01.7030000Z,2026-09-16T17:09:01.7030000Z,6aaacd2d485cab4c95455b24,wenyi091426-3.stratalog.logdata.json
DialogueNodeEvent:79:141,dialogue,1,DialogueEvent,Unit 3 Dungeon Dev,2026-09-16T17:01:32.7000000Z,2026-09-16T17:01:32.7000000Z,6aaacb6c485cab4c954558b4,wenyi091426-3.stratalog.logdata.json
DialogueNodeEvent:79:143,dialogue,1,DialogueEvent,Unit 3 Dungeon Dev,2026-09-16T17:09:04.1200000Z,2026-09-16T17:09:04.1200000Z,6aaacd2f485cab4c95455b2a,wenyi091426-3.stratalog.logdata.json
DialogueNodeEvent:79:144,dialogue,1,DialogueEvent,Unit 3 Dungeon Dev,2026-09-16T17:09:14.6920000Z,2026-09-16T17:09:14.6920000Z,6aaacd3a485cab4c95455b2e,wenyi091426-3.stratalog.logdata.json
DialogueNodeEvent:79:146,dialogue,1,DialogueEvent,Unit 3 Dungeon Dev,2026-09-16T17:09:17.7940000Z,2026-09-16T17:09:17.7940000Z,6aaacd3d485cab4c95455b30,wenyi091426-3.stratalog.logdata.json
DialogueNodeEvent:79:147,dialogue,1,DialogueEvent,Unit 3 Dungeon Dev,2026-09-16T17:09:19.5610000Z,2026-09-16T17:09:19.5610000Z,6aaacd3f485cab4c95455b32,wenyi091426-3.stratalog.logdata.json
DialogueNodeEvent:79:148,dialogue,1,DialogueEvent,Unit 3 Dungeon Dev,2026-09-16T17:09:27.4990000Z,2026-09-16T17:09:27.4990000Z,6aaacd47485cab4c95455b36,wenyi091426-3.stratalog.logdata.json
DialogueNodeEvent:79:149,dialogue,1,DialogueEvent,Unit 3 Dungeon Dev,2026-09-16T17:09:32.3690000Z,2026-09-16T17:09:32.3690000Z,6aaacd4c485cab4c95455b3a,wenyi091426-3.stratalog.logdata.json
DialogueNodeEvent:79:70,dialogue,1,DialogueEvent,Unit 3 Dungeon Dev,2026-09-16T17:03:02.9440000Z,2026-09-16T17:03:02.9440000Z,6aaacbc6485cab4c95455914,wenyi091426-3.stratalog.logdata.json
DialogueNodeEvent:79:71,dialogue,1,DialogueEvent,Unit 3 Dungeon Dev,2026-09-16T17:03:09.3480000Z,2026-09-16T17:03:09.3480000Z,6aaacbcd485cab4c9545591c,wenyi091426-3.stratalog.logdata.json
DialogueNodeEvent:79:74,dialogue,1,DialogueEvent,Unit 3 Dungeon Dev,2026-09-16T17:03:23.4060000Z,2026-09-16T17:03:23.4060000Z,6aaacbdb485cab4c95455946,wenyi091426-3.stratalog.logdata.json
DialogueNodeEvent:79:75,dialogue,1,DialogueEvent,Unit 3 Dungeon Dev,2026-09-16T17:03:25.6720000Z,2026-09-16T17:03:25.6720000Z,6aaacbdd485cab4c9545594a,wenyi091426-3.stratalog.logdata.json
DialogueNodeEvent:79:76,dialogue,1,DialogueEvent,Unit 3 Dungeon Dev,2026-09-16T17:03:29.0910000Z,2026-09-16T17:03:29.0910000Z,6aaacbe0485cab4c9545594c,wenyi091426-3.stratalog.logdata.json
DialogueNodeEvent:79:83,dialogue,1,DialogueEvent,Unit 3 Dungeon Dev,2026-09-16T17:04:12.6120000Z,2026-09-16T17:04:12.6120000Z,6aaacc0c485cab4c954559a0,wenyi091426-3.stratalog.logdata.json
DialogueNodeEvent:79:86,dialogue,1,DialogueEvent,Unit 3 Dungeon Dev,2026-09-16T17:04:28.0890000Z,2026-09-16T17:04:28.0890000Z,6aaacc1b485cab4c954559de,wenyi091426-3.stratalog.logdata.json
DialogueNodeEvent:79:87,dialogue,1,DialogueEvent,Unit 3 Dungeon Dev,2026-09-16T17:04:30.9040000Z,2026-09-16T17:04:30.9040000Z,6aaacc1e485cab4c954559e2,wenyi091426-3.stratalog.logdata.json
DialogueNodeEvent:82:0,dialogue,5,DialogueEvent,Unit 4 Dev;Unit 4 Dev - Anderson Base,2026-09-16T17:54:13.1600000Z,2026-09-16T18:04:14.8030000Z,6aaad7c4485cab4c95456d2e,wenyi091426-3.stratalog.logdata.json
DialogueNodeEvent:82:1,dialogue,1,DialogueEvent,Unit 4 Dev,2026-09-16T17:54:14.7760000Z,2026-09-16T17:54:14.7760000Z,6aaad7c6485cab4c95456d32,wenyi091426-3.stratalog.logdata.json
DialogueNodeEvent:82:10,dialogue,1,DialogueEvent,Unit 4 Dev,2026-09-16T17:54:51.7270000Z,2026-09-16T17:54:51.7270000Z,6aaad7eb485cab4c95456d48,wenyi091426-3.stratalog.logdata.json
DialogueNodeEvent:82:100,dialogue,1,DialogueEvent,Unit 4 Dev,2026-09-16T18:11:47.6890000Z,2026-09-16T18:11:47.6890000Z,6aaadbe3485cab4c95457082,wenyi091426-3.stratalog.logdata.json
DialogueNodeEvent:82:101,dialogue,1,DialogueEvent,Unit 4 Dev,2026-09-16T18:11:54.7260000Z,2026-09-16T18:11:54.7260000Z,6aaadbea485cab4c95457086,wenyi091426-3.stratalog.logdata.json
DialogueNodeEvent:82:102,dialogue,2,DialogueEvent,Unit 4 Dev,2026-09-16T18:11:58.9280000Z,2026-09-16T18:12:03.6820000Z,6aaadbee485cab4c9545708a,wenyi091426-3.stratalog.logdata.json
DialogueNodeEvent:82:104,dialogue,1,DialogueEvent,Unit 4 Dev,2026-09-16T18:12:03.5820000Z,2026-09-16T18:12:03.5820000Z,6aaadbf3485cab4c9545708c,wenyi091426-3.stratalog.logdata.json
DialogueNodeEvent:82:106,dialogue,1,DialogueEvent,Unit 4 Dev - Anderson Base,2026-09-16T18:06:55.3820000Z,2026-09-16T18:06:55.3820000Z,6aaadabf485cab4c95456ece,wenyi091426-3.stratalog.logdata.json
DialogueNodeEvent:82:12,dialogue,1,DialogueEvent,Unit 4 Dev,2026-09-16T17:54:55.1120000Z,2026-09-16T17:54:55.1120000Z,6aaad7ee485cab4c95456d4a,wenyi091426-3.stratalog.logdata.json
DialogueNodeEvent:82:14,dialogue,1,DialogueEvent,Unit 4 Dev,2026-09-16T17:55:28.9460000Z,2026-09-16T17:55:28.9460000Z,6aaad810485cab4c95456d54,wenyi091426-3.stratalog.logdata.json
DialogueNodeEvent:82:15,dialogue,1,DialogueEvent,Unit 4 Dev,2026-09-16T17:52:04.8800000Z,2026-09-16T17:52:04.8800000Z,6aaad744485cab4c95456c68,wenyi091426-3.stratalog.logdata.json
DialogueNodeEvent:82:16,dialogue,1,DialogueEvent,Unit 4 Dev,2026-09-16T17:52:15.4180000Z,2026-09-16T17:52:15.4180000Z,6aaad74f485cab4c95456c6c,wenyi091426-3.stratalog.logdata.json
DialogueNodeEvent:82:17,dialogue,1,DialogueEvent,Unit 4 Dev,2026-09-16T17:52:21.7210000Z,2026-09-16T17:52:21.7210000Z,6aaad755485cab4c95456c70,wenyi091426-3.stratalog.logdata.json
DialogueNodeEvent:82:18,dialogue,1,DialogueEvent,Unit 4 Dev,2026-09-16T17:52:41.8970000Z,2026-09-16T17:52:41.8970000Z,6aaad769485cab4c95456c76,wenyi091426-3.stratalog.logdata.json
DialogueNodeEvent:82:20,dialogue,1,DialogueEvent,Unit 4 Dev,2026-09-16T17:52:48.8670000Z,2026-09-16T17:52:48.8670000Z,6aaad770485cab4c95456c7a,wenyi091426-3.stratalog.logdata.json
DialogueNodeEvent:82:22,dialogue,1,DialogueEvent,Unit 4 Dev,2026-09-16T17:52:58.1880000Z,2026-09-16T17:52:58.1880000Z,6aaad779485cab4c95456c7e,wenyi091426-3.stratalog.logdata.json
DialogueNodeEvent:82:24,dialogue,1,DialogueEvent,Unit 4 Dev,2026-09-16T17:53:05.2600000Z,2026-09-16T17:53:05.2600000Z,6aaad781485cab4c95456c86,wenyi091426-3.stratalog.logdata.json
DialogueNodeEvent:82:26,dialogue,1,DialogueEvent,Unit 4 Dev,2026-09-16T17:56:24.2260000Z,2026-09-16T17:56:24.2260000Z,6aaad848485cab4c95456d72,wenyi091426-3.stratalog.logdata.json
DialogueNodeEvent:82:27,dialogue,1,DialogueEvent,Unit 4 Dev,2026-09-16T17:56:32.6260000Z,2026-09-16T17:56:32.6260000Z,6aaad850485cab4c95456d76,wenyi091426-3.stratalog.logdata.json
DialogueNodeEvent:82:28,dialogue,1,DialogueEvent,Unit 4 Dev,2026-09-16T17:56:35.8290000Z,2026-09-16T17:56:35.8290000Z,6aaad853485cab4c95456d78,wenyi091426-3.stratalog.logdata.json
DialogueNodeEvent:82:29,dialogue,1,DialogueEvent,Unit 4 Dev,2026-09-16T17:56:58.1750000Z,2026-09-16T17:56:58.1750000Z,6aaad869485cab4c95456d92,wenyi091426-3.stratalog.logdata.json
DialogueNodeEvent:82:3,dialogue,1,DialogueEvent,Unit 4 Dev,2026-09-16T17:54:17.1930000Z,2026-09-16T17:54:17.1930000Z,6aaad7c8485cab4c95456d36,wenyi091426-3.stratalog.logdata.json
DialogueNodeEvent:82:30,dialogue,1,DialogueEvent,Unit 4 Dev,2026-09-16T17:57:01.6240000Z,2026-09-16T17:57:01.6240000Z,6aaad86d485cab4c95456d94,wenyi091426-3.stratalog.logdata.json
DialogueNodeEvent:82:31,dialogue,1,DialogueEvent,Unit 4 Dev,2026-09-16T17:57:22.8340000Z,2026-09-16T17:57:22.8340000Z,6aaad882485cab4c95456d9a,wenyi091426-3.stratalog.logdata.json
DialogueNodeEvent:82:32,dialogue,1,DialogueEvent,Unit 4 Dev,2026-09-16T17:58:13.6760000Z,2026-09-16T17:58:13.6760000Z,6aaad8b5485cab4c95456da6,wenyi091426-3.stratalog.logdata.json
DialogueNodeEvent:82:33,dialogue,1,DialogueEvent,Unit 4 Dev,2026-09-16T17:58:17.9440000Z,2026-09-16T17:58:17.9440000Z,6aaad8b9485cab4c95456daa,wenyi091426-3.stratalog.logdata.json
DialogueNodeEvent:82:34,dialogue,1,DialogueEvent,Unit 4 Dev,2026-09-16T17:58:24.4640000Z,2026-09-16T17:58:24.4640000Z,6aaad8c0485cab4c95456dac,wenyi091426-3.stratalog.logdata.json
DialogueNodeEvent:82:35,dialogue,1,DialogueEvent,Unit 4 Dev,2026-09-16T17:58:32.4680000Z,2026-09-16T17:58:32.4680000Z,6aaad8c8485cab4c95456db0,wenyi091426-3.stratalog.logdata.json
DialogueNodeEvent:82:36,dialogue,1,DialogueEvent,Unit 4 Dev,2026-09-16T17:58:39.5880000Z,2026-09-16T17:58:39.5880000Z,6aaad8cf485cab4c95456db4,wenyi091426-3.stratalog.logdata.json
DialogueNodeEvent:82:38,dialogue,1,DialogueEvent,Unit 4 Dev,2026-09-16T17:58:49.0760000Z,2026-09-16T17:58:49.0760000Z,6aaad8d8485cab4c95456db8,wenyi091426-3.stratalog.logdata.json
DialogueNodeEvent:82:39,dialogue,1,DialogueEvent,Unit 4 Dev,2026-09-16T17:58:52.6780000Z,2026-09-16T17:58:52.6780000Z,6aaad8dc485cab4c95456dba,wenyi091426-3.stratalog.logdata.json
DialogueNodeEvent:82:40,dialogue,1,DialogueEvent,Unit 4 Dev,2026-09-16T17:59:01.4160000Z,2026-09-16T17:59:01.4160000Z,6aaad8e5485cab4c95456dbe,wenyi091426-3.stratalog.logdata.json
DialogueNodeEvent:82:41,dialogue,1,DialogueEvent,Unit 4 Dev - Anderson Base,2026-09-16T17:59:14.8340000Z,2026-09-16T17:59:14.8340000Z,6aaad8f2485cab4c95456dce,wenyi091426-3.stratalog.logdata.json
DialogueNodeEvent:82:42,dialogue,1,DialogueEvent,Unit 4 Dev - Anderson Base,2026-09-16T17:59:31.0810000Z,2026-09-16T17:59:31.0810000Z,6aaad902485cab4c95456dd4,wenyi091426-3.stratalog.logdata.json
DialogueNodeEvent:82:43,dialogue,1,DialogueEvent,Unit 4 Dev - Anderson Base,2026-09-16T18:00:30.4260000Z,2026-09-16T18:00:30.4260000Z,6aaad93e485cab4c95456dee,wenyi091426-3.stratalog.logdata.json
DialogueNodeEvent:82:44,dialogue,1,DialogueEvent,Unit 4 Dev - Anderson Base,2026-09-16T18:00:42.1150000Z,2026-09-16T18:00:42.1150000Z,6aaad949485cab4c95456df6,wenyi091426-3.stratalog.logdata.json
DialogueNodeEvent:82:45,dialogue,1,DialogueEvent,Unit 4 Dev - Anderson Base,2026-09-16T18:01:29.5400000Z,2026-09-16T18:01:29.5400000Z,6aaad979485cab4c95456e0c,wenyi091426-3.stratalog.logdata.json
DialogueNodeEvent:82:46,dialogue,1,DialogueEvent,Unit 4 Dev - Anderson Base,2026-09-16T18:01:52.5690000Z,2026-09-16T18:01:52.5690000Z,6aaad990485cab4c95456e2a,wenyi091426-3.stratalog.logdata.json
DialogueNodeEvent:82:47,dialogue,1,DialogueEvent,Unit 4 Dev - Anderson Base,2026-09-16T18:03:20.0430000Z,2026-09-16T18:03:20.0430000Z,6aaad9e7485cab4c95456e44,wenyi091426-3.stratalog.logdata.json
DialogueNodeEvent:82:48,dialogue,1,DialogueEvent,Unit 4 Dev - Anderson Base,2026-09-16T18:03:52.2260000Z,2026-09-16T18:03:52.2260000Z,6aaada07485cab4c95456e5a,wenyi091426-3.stratalog.logdata.json
DialogueNodeEvent:82:49,dialogue,1,DialogueEvent,Unit 4 Dev - Anderson Base,2026-09-16T18:04:14.8060000Z,2026-09-16T18:04:14.8060000Z,6aaada1e485cab4c95456e72,wenyi091426-3.stratalog.logdata.json
DialogueNodeEvent:82:5,dialogue,1,DialogueEvent,Unit 4 Dev,2026-09-16T17:54:20.7790000Z,2026-09-16T17:54:20.7790000Z,6aaad7cc485cab4c95456d38,wenyi091426-3.stratalog.logdata.json
DialogueNodeEvent:82:50,dialogue,1,DialogueEvent,Unit 4 Dev - Anderson Base,2026-09-16T18:01:47.5840000Z,2026-09-16T18:01:47.5840000Z,6aaad98b485cab4c95456e26,wenyi091426-3.stratalog.logdata.json
DialogueNodeEvent:82:51,dialogue,1,DialogueEvent,Unit 4 Dev - Anderson Base,2026-09-16T18:04:19.7900000Z,2026-09-16T18:04:19.7900000Z,6aaada23485cab4c95456e76,wenyi091426-3.stratalog.logdata.json
DialogueNodeEvent:82:52,dialogue,1,DialogueEvent,Unit 4 Dev - Anderson Base,2026-09-16T18:04:29.9600000Z,2026-09-16T18:04:29.9600000Z,6aaada2d485cab4c95456e86,wenyi091426-3.stratalog.logdata.json
DialogueNodeEvent:82:53,dialogue,1,DialogueEvent,Unit 4 Dev - Anderson Base,2026-09-16T18:04:41.2810000Z,2026-09-16T18:04:41.2810000Z,6aaada38485cab4c95456e8e,wenyi091426-3.stratalog.logdata.json
DialogueNodeEvent:82:54,dialogue,1,DialogueEvent,Unit 4 Dev - Anderson Base,2026-09-16T18:05:05.8100000Z,2026-09-16T18:05:05.8100000Z,6aaada51485cab4c95456e96,wenyi091426-3.stratalog.logdata.json
DialogueNodeEvent:82:56,dialogue,1,DialogueEvent,Unit 4 Dev - Anderson Base,2026-09-16T18:05:09.1450000Z,2026-09-16T18:05:09.1450000Z,6aaada54485cab4c95456e98,wenyi091426-3.stratalog.logdata.json
DialogueNodeEvent:82:58,dialogue,1,DialogueEvent,Unit 4 Dev - Anderson Base,2026-09-16T18:05:20.5670000Z,2026-09-16T18:05:20.5670000Z,6aaada60485cab4c95456e9c,wenyi091426-3.stratalog.logdata.json
DialogueNodeEvent:82:59,dialogue,1,DialogueEvent,Unit 4 Dev - Anderson Base,2026-09-16T18:05:30.2550000Z,2026-09-16T18:05:30.2550000Z,6aaada69485cab4c95456ea0,wenyi091426-3.stratalog.logdata.json
DialogueNodeEvent:82:6,dialogue,1,DialogueEvent,Unit 4 Dev,2026-09-16T17:54:25.9310000Z,2026-09-16T17:54:25.9310000Z,6aaad7d1485cab4c95456d3c,wenyi091426-3.stratalog.logdata.json
DialogueNodeEvent:82:60,dialogue,1,DialogueEvent,Unit 4 Dev - Anderson Base,2026-09-16T18:05:33.8910000Z,2026-09-16T18:05:33.8910000Z,6aaada6d485cab4c95456ea4,wenyi091426-3.stratalog.logdata.json
DialogueNodeEvent:82:61,dialogue,1,DialogueEvent,Unit 4 Dev - Anderson Base,2026-09-16T18:05:42.3950000Z,2026-09-16T18:05:42.3950000Z,6aaada76485cab4c95456ea6,wenyi091426-3.stratalog.logdata.json
DialogueNodeEvent:82:62,dialogue,1,DialogueEvent,Unit 4 Dev - Anderson Base,2026-09-16T18:05:52.0490000Z,2026-09-16T18:05:52.0490000Z,6aaada7f485cab4c95456eaa,wenyi091426-3.stratalog.logdata.json
DialogueNodeEvent:82:63,dialogue,1,DialogueEvent,Unit 4 Dev - Anderson Base,2026-09-16T18:05:59.3690000Z,2026-09-16T18:05:59.3690000Z,6aaada87485cab4c95456eae,wenyi091426-3.stratalog.logdata.json
DialogueNodeEvent:82:64,dialogue,1,DialogueEvent,Unit 4 Dev - Anderson Base,2026-09-16T18:06:06.9900000Z,2026-09-16T18:06:06.9900000Z,6aaada8e485cab4c95456eb2,wenyi091426-3.stratalog.logdata.json
DialogueNodeEvent:82:65,dialogue,1,DialogueEvent,Unit 4 Dev - Anderson Base,2026-09-16T18:06:14.8100000Z,2026-09-16T18:06:14.8100000Z,6aaada96485cab4c95456eb6,wenyi091426-3.stratalog.logdata.json
DialogueNodeEvent:82:69,dialogue,1,DialogueEvent,Unit 4 Dev - Anderson Base,2026-09-16T18:06:37.1380000Z,2026-09-16T18:06:37.1380000Z,6aaadaac485cab4c95456ebc,wenyi091426-3.stratalog.logdata.json
DialogueNodeEvent:82:7,dialogue,1,DialogueEvent,Unit 4 Dev,2026-09-16T17:54:28.6330000Z,2026-09-16T17:54:28.6330000Z,6aaad7d4485cab4c95456d3e,wenyi091426-3.stratalog.logdata.json
DialogueNodeEvent:82:73,dialogue,1,DialogueEvent,Unit 4 Dev - Anderson Base,2026-09-16T18:06:39.1560000Z,2026-09-16T18:06:39.1560000Z,6aaadaae485cab4c95456ebe,wenyi091426-3.stratalog.logdata.json
DialogueNodeEvent:82:77,dialogue,1,DialogueEvent,Unit 4 Dev - Anderson Base,2026-09-16T18:06:44.4410000Z,2026-09-16T18:06:44.4410000Z,6aaadab4485cab4c95456ec2,wenyi091426-3.stratalog.logdata.json
DialogueNodeEvent:82:8,dialogue,1,DialogueEvent,Unit 4 Dev,2026-09-16T17:54:31.0840000Z,2026-09-16T17:54:31.0840000Z,6aaad7d6485cab4c95456d40,wenyi091426-3.stratalog.logdata.json
DialogueNodeEvent:82:80,dialogue,1,DialogueEvent,Unit 4 Dev - Anderson Base,2026-09-16T18:06:46.9930000Z,2026-09-16T18:06:46.9930000Z,6aaadab6485cab4c95456ec4,wenyi091426-3.stratalog.logdata.json
DialogueNodeEvent:82:82,dialogue,1,DialogueEvent,Unit 4 Dev - Anderson Base,2026-09-16T18:06:52.1620000Z,2026-09-16T18:06:52.1620000Z,6aaadabb485cab4c95456ec6,wenyi091426-3.stratalog.logdata.json
DialogueNodeEvent:82:84,dialogue,1,DialogueEvent,Unit 4 Dev - Anderson Base,2026-09-16T18:06:53.7140000Z,2026-09-16T18:06:53.7140000Z,6aaadabd485cab4c95456ec8,wenyi091426-3.stratalog.logdata.json
DialogueNodeEvent:82:85,dialogue,1,DialogueEvent,Unit 4 Dev - Anderson Base,2026-09-16T18:10:16.8450000Z,2026-09-16T18:10:16.8450000Z,6aaadb88485cab4c95457044,wenyi091426-3.stratalog.logdata.json
DialogueNodeEvent:82:86,dialogue,1,DialogueEvent,Unit 4 Dev - Anderson Base,2026-09-16T18:10:30.8850000Z,2026-09-16T18:10:30.8850000Z,6aaadb96485cab4c95457048,wenyi091426-3.stratalog.logdata.json
DialogueNodeEvent:82:87,dialogue,1,DialogueEvent,Unit 4 Dev - Anderson Base,2026-09-16T18:10:37.5050000Z,2026-09-16T18:10:37.5050000Z,6aaadb9d485cab4c9545704c,wenyi091426-3.stratalog.logdata.json
DialogueNodeEvent:82:9,dialogue,1,DialogueEvent,Unit 4 Dev,2026-09-16T17:54:41.7720000Z,2026-09-16T17:54:41.7720000Z,6aaad7e1485cab4c95456d44,wenyi091426-3.stratalog.logdata.json
DialogueNodeEvent:82:90,dialogue,1,DialogueEvent,Unit 4 Dev - Anderson Base,2026-09-16T18:10:42.8120000Z,2026-09-16T18:10:42.8120000Z,6aaadba2485cab4c95457050,wenyi091426-3.stratalog.logdata.json
DialogueNodeEvent:82:91,dialogue,1,DialogueEvent,Unit 4 Dev - Anderson Base,2026-09-16T18:10:51.6800000Z,2026-09-16T18:10:51.6800000Z,6aaadbab485cab4c95457056,wenyi091426-3.stratalog.logdata.json
DialogueNodeEvent:82:92,dialogue,1,DialogueEvent,Unit 4 Dev - Anderson Base,2026-09-16T18:10:56.4820000Z,2026-09-16T18:10:56.4820000Z,6aaadbb0485cab4c9545705e,wenyi091426-3.stratalog.logdata.json
DialogueNodeEvent:82:93,dialogue,1,DialogueEvent,Unit 4 Dev - Anderson Base,2026-09-16T18:10:57.1500000Z,2026-09-16T18:10:57.1500000Z,6aaadbb0485cab4c95457064,wenyi091426-3.stratalog.logdata.json
DialogueNodeEvent:82:94,dialogue,1,DialogueEvent,Unit 4 Dev,2026-09-16T18:11:07.7710000Z,2026-09-16T18:11:07.7710000Z,6aaadbbb485cab4c9545706e,wenyi091426-3.stratalog.logdata.json
DialogueNodeEvent:82:96,dialogue,1,DialogueEvent,Unit 4 Dev,2026-09-16T18:11:21.6430000Z,2026-09-16T18:11:21.6430000Z,6aaadbc9485cab4c95457078,wenyi091426-3.stratalog.logdata.json
DialogueNodeEvent:82:98,dialogue,1,DialogueEvent,Unit 4 Dev,2026-09-16T18:11:25.3120000Z,2026-09-16T18:11:25.3120000Z,6aaadbcd485cab4c9545707a,wenyi091426-3.stratalog.logdata.json
DialogueNodeEvent:82:99,dialogue,1,DialogueEvent,Unit 4 Dev,2026-09-16T18:11:37.2680000Z,2026-09-16T18:11:37.2680000Z,6aaadbd8485cab4c9545707e,wenyi091426-3.stratalog.logdata.json
DialogueNodeEvent:83:10,dialogue,1,DialogueEvent,Unit 3 Dev,2026-09-16T17:10:19.7420000Z,2026-09-16T17:10:19.7420000Z,6aaacd7b485cab4c95455b6c,wenyi091426-3.stratalog.logdata.json
DialogueNodeEvent:83:11,dialogue,1,DialogueEvent,Unit 3 Dev,2026-09-16T17:10:20.7420000Z,2026-09-16T17:10:20.7420000Z,6aaacd7c485cab4c95455b74,wenyi091426-3.stratalog.logdata.json
DialogueNodeEvent:83:9,dialogue,1,DialogueEvent,Unit 3 Dev,2026-09-16T17:10:15.8240000Z,2026-09-16T17:10:15.8240000Z,6aaacd77485cab4c95455b66,wenyi091426-3.stratalog.logdata.json
DialogueNodeEvent:84:0,dialogue,7,DialogueEvent,Unit 3 Dev,2026-09-16T16:53:40.4720000Z,2026-09-16T16:55:54.5720000Z,6aaac994485cab4c9545532e,wenyi091426-3.stratalog.logdata.json
DialogueNodeEvent:84:25,dialogue,1,DialogueEvent,Unit 3 Dev,2026-09-16T16:53:40.4870000Z,2026-09-16T16:53:40.4870000Z,6aaac994485cab4c95455332,wenyi091426-3.stratalog.logdata.json
DialogueNodeEvent:84:33,dialogue,1,DialogueEvent,Unit 3 Dev,2026-09-16T16:54:45.2850000Z,2026-09-16T16:54:45.2850000Z,6aaac9d5485cab4c954553e8,wenyi091426-3.stratalog.logdata.json
DialogueNodeEvent:84:34,dialogue,1,DialogueEvent,Unit 3 Dev,2026-09-16T16:55:21.0690000Z,2026-09-16T16:55:21.0690000Z,6aaac9f8485cab4c9545542c,wenyi091426-3.stratalog.logdata.json
DialogueNodeEvent:84:36,dialogue,1,DialogueEvent,Unit 3 Dev,2026-09-16T16:55:54.5860000Z,2026-09-16T16:55:54.5860000Z,6aaaca1a485cab4c95455478,wenyi091426-3.stratalog.logdata.json
DialogueNodeEvent:84:39,dialogue,1,DialogueEvent,Unit 3 Dev,2026-09-16T16:54:34.7130000Z,2026-09-16T16:54:34.7130000Z,6aaac9ca485cab4c954553c0,wenyi091426-3.stratalog.logdata.json
DialogueNodeEvent:84:40,dialogue,1,DialogueEvent,Unit 3 Dev,2026-09-16T16:54:01.1130000Z,2026-09-16T16:54:01.1130000Z,6aaac9a9485cab4c95455368,wenyi091426-3.stratalog.logdata.json
DialogueNodeEvent:84:42,dialogue,1,DialogueEvent,Unit 3 Dev,2026-09-16T16:55:34.7590000Z,2026-09-16T16:55:34.7590000Z,6aaaca06485cab4c9545544e,wenyi091426-3.stratalog.logdata.json
DialogueNodeEvent:84:49,dialogue,1,DialogueEvent,Unit 3 Dev,2026-09-16T16:54:06.5990000Z,2026-09-16T16:54:06.5990000Z,6aaac9ae485cab4c9545536c,wenyi091426-3.stratalog.logdata.json
DialogueNodeEvent:88:0,dialogue,1,DialogueEvent,Unit 4 Dev,2026-09-16T17:22:00.6170000Z,2026-09-16T17:22:00.6170000Z,6aaad038485cab4c95455d2e,wenyi091426-3.stratalog.logdata.json
DialogueNodeEvent:88:1,dialogue,1,DialogueEvent,Unit 4 Dev,2026-09-16T17:25:03.6050000Z,2026-09-16T17:25:03.6050000Z,6aaad0ef485cab4c95455d6c,wenyi091426-3.stratalog.logdata.json
DialogueNodeEvent:88:10,dialogue,1,DialogueEvent,Unit 4 Dev,2026-09-16T17:29:38.1220000Z,2026-09-16T17:29:38.1220000Z,6aaad201485cab4c95455e6e,wenyi091426-3.stratalog.logdata.json
DialogueNodeEvent:88:11,dialogue,1,DialogueEvent,Unit 4 Dev,2026-09-16T17:32:13.4980000Z,2026-09-16T17:32:13.4980000Z,6aaad29d485cab4c9545652c,wenyi091426-3.stratalog.logdata.json
DialogueNodeEvent:88:12,dialogue,1,DialogueEvent,Unit 4 Dev,2026-09-16T17:32:20.4520000Z,2026-09-16T17:32:20.4520000Z,6aaad2a4485cab4c95456562,wenyi091426-3.stratalog.logdata.json
DialogueNodeEvent:88:19,dialogue,1,DialogueEvent,Unit 4 Dev,2026-09-16T17:22:00.6330000Z,2026-09-16T17:22:00.6330000Z,6aaad038485cab4c95455d32,wenyi091426-3.stratalog.logdata.json
DialogueNodeEvent:88:2,dialogue,1,DialogueEvent,Unit 4 Dev,2026-09-16T17:25:09.9020000Z,2026-09-16T17:25:09.9020000Z,6aaad0f5485cab4c95455d72,wenyi091426-3.stratalog.logdata.json
DialogueNodeEvent:88:3,dialogue,1,DialogueEvent,Unit 4 Dev,2026-09-16T17:25:33.8540000Z,2026-09-16T17:25:33.8540000Z,6aaad10d485cab4c95455d82,wenyi091426-3.stratalog.logdata.json
DialogueNodeEvent:88:4,dialogue,1,DialogueEvent,Unit 4 Dev,2026-09-16T17:25:52.1130000Z,2026-09-16T17:25:52.1130000Z,6aaad11f485cab4c95455d8e,wenyi091426-3.stratalog.logdata.json
DialogueNodeEvent:88:7,dialogue,1,DialogueEvent,Unit 4 Dev,2026-09-16T17:26:08.1530000Z,2026-09-16T17:26:08.1530000Z,6aaad12f485cab4c95455d96,wenyi091426-3.stratalog.logdata.json
DialogueNodeEvent:88:8,dialogue,1,DialogueEvent,Unit 4 Dev,2026-09-16T17:26:10.7380000Z,2026-09-16T17:26:10.7380000Z,6aaad132485cab4c95455d98,wenyi091426-3.stratalog.logdata.json
DialogueNodeEvent:88:9,dialogue,1,DialogueEvent,Unit 4 Dev,2026-09-16T17:26:29.1480000Z,2026-09-16T17:26:29.1480000Z,6aaad144485cab4c95455da2,wenyi091426-3.stratalog.logdata.json
DialogueNodeEvent:8:11,dialogue,1,DialogueEvent,Unit 2 Prod (Refactor),2026-09-16T15:06:06.2770000Z,2026-09-16T15:06:06.2770000Z,6aaab05e485cab4c9545487e,wenyi091426-3.stratalog.logdata.json
DialogueNodeEvent:8:12,dialogue,1,DialogueEvent,Unit 2 Prod (Refactor),2026-09-16T15:06:20.7840000Z,2026-09-16T15:06:20.7840000Z,6aaab06c485cab4c95454888,wenyi091426-3.stratalog.logdata.json
DialogueNodeEvent:8:2,dialogue,1,DialogueEvent,Unit 2 Prod (Refactor),2026-09-16T15:05:33.3110000Z,2026-09-16T15:05:33.3110000Z,6aaab03d485cab4c95454870,wenyi091426-3.stratalog.logdata.json
DialogueNodeEvent:8:4,dialogue,1,DialogueEvent,Unit 2 Prod (Refactor),2026-09-16T15:05:46.8010000Z,2026-09-16T15:05:46.8010000Z,6aaab04a485cab4c95454874,wenyi091426-3.stratalog.logdata.json
DialogueNodeEvent:8:5,dialogue,1,DialogueEvent,Unit 2 Prod (Refactor),2026-09-16T15:05:52.3360000Z,2026-09-16T15:05:52.3360000Z,6aaab050485cab4c95454878,wenyi091426-3.stratalog.logdata.json
DialogueNodeEvent:8:6,dialogue,1,DialogueEvent,Unit 2 Prod (Refactor),2026-09-16T15:05:59.8400000Z,2026-09-16T15:05:59.8400000Z,6aaab057485cab4c9545487c,wenyi091426-3.stratalog.logdata.json
DialogueNodeEvent:8:7,dialogue,1,DialogueEvent,Unit 2 Prod (Refactor),2026-09-16T15:06:11.8630000Z,2026-09-16T15:06:11.8630000Z,6aaab063485cab4c95454882,wenyi091426-3.stratalog.logdata.json
DialogueNodeEvent:8:8,dialogue,1,DialogueEvent,Unit 2 Prod (Refactor),2026-09-16T15:06:15.6650000Z,2026-09-16T15:06:15.6650000Z,6aaab067485cab4c95454884,wenyi091426-3.stratalog.logdata.json
DialogueNodeEvent:90:0,dialogue,11,DialogueEvent,Unit 4 Dev - Anderson Base,2026-09-16T18:07:07.9390000Z,2026-09-16T18:10:10.6290000Z,6aaadacb485cab4c95456eec,wenyi091426-3.stratalog.logdata.json
DialogueNodeEvent:90:37,dialogue,5,DialogueEvent,Unit 4 Dev - Anderson Base,2026-09-16T18:07:07.9530000Z,2026-09-16T18:08:14.4690000Z,6aaadacb485cab4c95456ef0,wenyi091426-3.stratalog.logdata.json
DialogueNodeEvent:90:47,dialogue,1,DialogueEvent,Unit 4 Dev - Anderson Base,2026-09-16T18:08:03.3300000Z,2026-09-16T18:08:03.3300000Z,6aaadb03485cab4c95456f74,wenyi091426-3.stratalog.logdata.json
DialogueNodeEvent:90:55,dialogue,1,DialogueEvent,Unit 4 Dev - Anderson Base,2026-09-16T18:08:27.5090000Z,2026-09-16T18:08:27.5090000Z,6aaadb1b485cab4c95456fb4,wenyi091426-3.stratalog.logdata.json
DialogueNodeEvent:90:57,dialogue,1,DialogueEvent,Unit 4 Dev - Anderson Base,2026-09-16T18:10:10.6420000Z,2026-09-16T18:10:10.6420000Z,6aaadb82485cab4c95457040,wenyi091426-3.stratalog.logdata.json
DialogueNodeEvent:90:58,dialogue,2,DialogueEvent,Unit 4 Dev - Anderson Base,2026-09-16T18:09:09.1620000Z,2026-09-16T18:09:24.7530000Z,6aaadb44485cab4c95457004,wenyi091426-3.stratalog.logdata.json
DialogueNodeEvent:90:61,dialogue,1,DialogueEvent,Unit 4 Dev - Anderson Base,2026-09-16T18:08:49.1860000Z,2026-09-16T18:08:49.1860000Z,6aaadb30485cab4c95456fde,wenyi091426-3.stratalog.logdata.json
DialogueNodeEvent:91:0,dialogue,1,DialogueEvent,Unit 4 Dev - Dungeon,2026-09-16T17:32:55.0000000Z,2026-09-16T17:32:55.0000000Z,6aaad2c6485cab4c9545659e,wenyi091426-3.stratalog.logdata.json
DialogueNodeEvent:91:1,dialogue,1,DialogueEvent,Unit 4 Dev - Dungeon,2026-09-16T17:33:28.5190000Z,2026-09-16T17:33:28.5190000Z,6aaad2e8485cab4c954565ba,wenyi091426-3.stratalog.logdata.json
DialogueNodeEvent:91:100,dialogue,1,DialogueEvent,Unit 4 Dev - Dungeon,2026-09-16T17:46:56.2630000Z,2026-09-16T17:46:56.2630000Z,6aaad610485cab4c95456b56,wenyi091426-3.stratalog.logdata.json
DialogueNodeEvent:91:101,dialogue,1,DialogueEvent,Unit 4 Dev - Dungeon,2026-09-16T17:47:05.1660000Z,2026-09-16T17:47:05.1660000Z,6aaad618485cab4c95456b5c,wenyi091426-3.stratalog.logdata.json
DialogueNodeEvent:91:103,dialogue,1,DialogueEvent,Unit 4 Dev - Dungeon,2026-09-16T17:47:08.0850000Z,2026-09-16T17:47:08.0850000Z,6aaad61b485cab4c95456b60,wenyi091426-3.stratalog.logdata.json
DialogueNodeEvent:91:105,dialogue,1,DialogueEvent,Unit 4 Dev,2026-09-16T17:47:39.8080000Z,2026-09-16T17:47:39.8080000Z,6aaad63b485cab4c95456b8e,wenyi091426-3.stratalog.logdata.json
DialogueNodeEvent:91:106,dialogue,1,DialogueEvent,Unit 4 Dev,2026-09-16T17:51:15.7390000Z,2026-09-16T17:51:15.7390000Z,6aaad713485cab4c95456c4a,wenyi091426-3.stratalog.logdata.json
DialogueNodeEvent:91:107,dialogue,1,DialogueEvent,Unit 4 Dev,2026-09-16T17:51:34.5490000Z,2026-09-16T17:51:34.5490000Z,6aaad726485cab4c95456c50,wenyi091426-3.stratalog.logdata.json
DialogueNodeEvent:91:108,dialogue,1,DialogueEvent,Unit 4 Dev,2026-09-16T17:51:39.6170000Z,2026-09-16T17:51:39.6170000Z,6aaad72b485cab4c95456c54,wenyi091426-3.stratalog.logdata.json
DialogueNodeEvent:91:11,dialogue,1,DialogueEvent,Unit 4 Dev - Dungeon,2026-09-16T17:34:19.6430000Z,2026-09-16T17:34:19.6430000Z,6aaad31b485cab4c954565cc,wenyi091426-3.stratalog.logdata.json
DialogueNodeEvent:91:110,dialogue,1,DialogueEvent,Unit 4 Dev,2026-09-16T17:51:42.2010000Z,2026-09-16T17:51:42.2010000Z,6aaad72d485cab4c95456c56,wenyi091426-3.stratalog.logdata.json
DialogueNodeEvent:91:112,dialogue,1,DialogueEvent,Unit 4 Dev,2026-09-16T17:51:52.1730000Z,2026-09-16T17:51:52.1730000Z,6aaad737485cab4c95456c5e,wenyi091426-3.stratalog.logdata.json
DialogueNodeEvent:91:114,dialogue,1,DialogueEvent,Unit 4 Dev,2026-09-16T17:51:54.7070000Z,2026-09-16T17:51:54.7070000Z,6aaad73a485cab4c95456c60,wenyi091426-3.stratalog.logdata.json
DialogueNodeEvent:91:115,dialogue,1,DialogueEvent,Unit 4 Dev,2026-09-16T17:51:59.9950000Z,2026-09-16T17:51:59.9950000Z,6aaad73f485cab4c95456c66,wenyi091426-3.stratalog.logdata.json
DialogueNodeEvent:91:116,dialogue,1,DialogueEvent,Unit 4 Dev - Dungeon,2026-09-16T17:36:46.8320000Z,2026-09-16T17:36:46.8320000Z,6aaad3ae485cab4c95456698,wenyi091426-3.stratalog.logdata.json
DialogueNodeEvent:91:117,dialogue,1,DialogueEvent,Unit 4 Dev - Dungeon,2026-09-16T17:39:24.5920000Z,2026-09-16T17:39:24.5920000Z,6aaad44c485cab4c95456794,wenyi091426-3.stratalog.logdata.json
DialogueNodeEvent:91:118,dialogue,1,DialogueEvent,Unit 4 Dev - Dungeon,2026-09-16T17:42:47.7750000Z,2026-09-16T17:42:47.7750000Z,6aaad517485cab4c954568e6,wenyi091426-3.stratalog.logdata.json
DialogueNodeEvent:91:119,dialogue,1,DialogueEvent,Unit 4 Dev,2026-09-16T17:48:01.2450000Z,2026-09-16T17:48:01.2450000Z,6aaad650485cab4c95456be8,wenyi091426-3.stratalog.logdata.json
DialogueNodeEvent:91:120,dialogue,1,DialogueEvent,Unit 4 Dev - Dungeon,2026-09-16T17:33:07.0740000Z,2026-09-16T17:33:07.0740000Z,6aaad2d2485cab4c954565a8,wenyi091426-3.stratalog.logdata.json
DialogueNodeEvent:91:122,dialogue,1,DialogueEvent,Unit 4 Dev - Dungeon,2026-09-16T17:33:09.8760000Z,2026-09-16T17:33:09.8760000Z,6aaad2d5485cab4c954565aa,wenyi091426-3.stratalog.logdata.json
DialogueNodeEvent:91:125,dialogue,1,DialogueEvent,Unit 4 Dev - Dungeon,2026-09-16T17:33:15.9960000Z,2026-09-16T17:33:15.9960000Z,6aaad2db485cab4c954565ae,wenyi091426-3.stratalog.logdata.json
DialogueNodeEvent:91:13,dialogue,1,DialogueEvent,Unit 4 Dev - Dungeon,2026-09-16T17:34:26.7050000Z,2026-09-16T17:34:26.7050000Z,6aaad322485cab4c954565d2,wenyi091426-3.stratalog.logdata.json
DialogueNodeEvent:91:19,dialogue,1,DialogueEvent,Unit 4 Dev - Dungeon,2026-09-16T17:34:38.1020000Z,2026-09-16T17:34:38.1020000Z,6aaad32d485cab4c954565e0,wenyi091426-3.stratalog.logdata.json
DialogueNodeEvent:91:20,dialogue,1,DialogueEvent,Unit 4 Dev - Dungeon,2026-09-16T17:34:56.6950000Z,2026-09-16T17:34:56.6950000Z,6aaad340485cab4c954565ea,wenyi091426-3.stratalog.logdata.json
DialogueNodeEvent:91:21,dialogue,1,DialogueEvent,Unit 4 Dev - Dungeon,2026-09-16T17:35:09.2370000Z,2026-09-16T17:35:09.2370000Z,6aaad34d485cab4c95456606,wenyi091426-3.stratalog.logdata.json
DialogueNodeEvent:91:29,dialogue,1,DialogueEvent,Unit 4 Dev - Dungeon,2026-09-16T17:35:29.5790000Z,2026-09-16T17:35:29.5790000Z,6aaad361485cab4c9545664e,wenyi091426-3.stratalog.logdata.json
DialogueNodeEvent:91:30,dialogue,1,DialogueEvent,Unit 4 Dev - Dungeon,2026-09-16T17:35:51.2550000Z,2026-09-16T17:35:51.2550000Z,6aaad377485cab4c95456668,wenyi091426-3.stratalog.logdata.json
DialogueNodeEvent:91:31,dialogue,1,DialogueEvent,Unit 4 Dev - Dungeon,2026-09-16T17:35:56.8400000Z,2026-09-16T17:35:56.8400000Z,6aaad37c485cab4c9545666e,wenyi091426-3.stratalog.logdata.json
DialogueNodeEvent:91:32,dialogue,1,DialogueEvent,Unit 4 Dev - Dungeon,2026-09-16T17:36:05.5610000Z,2026-09-16T17:36:05.5610000Z,6aaad385485cab4c95456672,wenyi091426-3.stratalog.logdata.json
DialogueNodeEvent:91:34,dialogue,1,DialogueEvent,Unit 4 Dev - Dungeon,2026-09-16T17:36:08.4290000Z,2026-09-16T17:36:08.4290000Z,6aaad388485cab4c95456674,wenyi091426-3.stratalog.logdata.json
DialogueNodeEvent:91:36,dialogue,1,DialogueEvent,Unit 4 Dev - Dungeon,2026-09-16T17:36:16.4850000Z,2026-09-16T17:36:16.4850000Z,6aaad390485cab4c9545667c,wenyi091426-3.stratalog.logdata.json
DialogueNodeEvent:91:42,dialogue,1,DialogueEvent,Unit 4 Dev - Dungeon,2026-09-16T17:36:27.8730000Z,2026-09-16T17:36:27.8730000Z,6aaad39b485cab4c9545668e,wenyi091426-3.stratalog.logdata.json
DialogueNodeEvent:91:43,dialogue,1,DialogueEvent,Unit 4 Dev - Dungeon,2026-09-16T17:36:53.4690000Z,2026-09-16T17:36:53.4690000Z,6aaad3b5485cab4c954566ac,wenyi091426-3.stratalog.logdata.json
DialogueNodeEvent:91:44,dialogue,1,DialogueEvent,Unit 4 Dev - Dungeon,2026-09-16T17:37:12.6950000Z,2026-09-16T17:37:12.6950000Z,6aaad3c8485cab4c954566cc,wenyi091426-3.stratalog.logdata.json
DialogueNodeEvent:91:46,dialogue,1,DialogueEvent,Unit 4 Dev - Dungeon,2026-09-16T17:37:29.5350000Z,2026-09-16T17:37:29.5350000Z,6aaad3d9485cab4c954566da,wenyi091426-3.stratalog.logdata.json
DialogueNodeEvent:91:48,dialogue,1,DialogueEvent,Unit 4 Dev - Dungeon,2026-09-16T17:37:32.5540000Z,2026-09-16T17:37:32.5540000Z,6aaad3dc485cab4c954566dc,wenyi091426-3.stratalog.logdata.json
DialogueNodeEvent:91:49,dialogue,1,DialogueEvent,Unit 4 Dev - Dungeon,2026-09-16T17:38:20.0950000Z,2026-09-16T17:38:20.0950000Z,6aaad40b485cab4c95456750,wenyi091426-3.stratalog.logdata.json
DialogueNodeEvent:91:5,dialogue,1,DialogueEvent,Unit 4 Dev - Dungeon,2026-09-16T17:33:40.7070000Z,2026-09-16T17:33:40.7070000Z,6aaad2f4485cab4c954565c0,wenyi091426-3.stratalog.logdata.json
DialogueNodeEvent:91:50,dialogue,1,DialogueEvent,Unit 4 Dev - Dungeon,2026-09-16T17:38:42.5550000Z,2026-09-16T17:38:42.5550000Z,6aaad422485cab4c9545676a,wenyi091426-3.stratalog.logdata.json
DialogueNodeEvent:91:51,dialogue,1,DialogueEvent,Unit 4 Dev - Dungeon,2026-09-16T17:38:45.8060000Z,2026-09-16T17:38:45.8060000Z,6aaad425485cab4c95456770,wenyi091426-3.stratalog.logdata.json
DialogueNodeEvent:91:53,dialogue,1,DialogueEvent,Unit 4 Dev - Dungeon,2026-09-16T17:38:48.5740000Z,2026-09-16T17:38:48.5740000Z,6aaad428485cab4c95456772,wenyi091426-3.stratalog.logdata.json
DialogueNodeEvent:91:55,dialogue,1,DialogueEvent,Unit 4 Dev - Dungeon,2026-09-16T17:38:56.2190000Z,2026-09-16T17:38:56.2190000Z,6aaad430485cab4c9545677a,wenyi091426-3.stratalog.logdata.json
DialogueNodeEvent:91:61,dialogue,1,DialogueEvent,Unit 4 Dev - Dungeon,2026-09-16T17:39:04.1990000Z,2026-09-16T17:39:04.1990000Z,6aaad437485cab4c9545678a,wenyi091426-3.stratalog.logdata.json
DialogueNodeEvent:91:62,dialogue,1,DialogueEvent,Unit 4 Dev - Dungeon,2026-09-16T17:39:53.8570000Z,2026-09-16T17:39:53.8570000Z,6aaad469485cab4c95456800,wenyi091426-3.stratalog.logdata.json
DialogueNodeEvent:91:63,dialogue,1,DialogueEvent,Unit 4 Dev - Dungeon,2026-09-16T17:39:58.3910000Z,2026-09-16T17:39:58.3910000Z,6aaad46e485cab4c95456808,wenyi091426-3.stratalog.logdata.json
DialogueNodeEvent:91:65,dialogue,1,DialogueEvent,Unit 4 Dev - Dungeon,2026-09-16T17:40:01.3270000Z,2026-09-16T17:40:01.3270000Z,6aaad471485cab4c9545680a,wenyi091426-3.stratalog.logdata.json
DialogueNodeEvent:91:67,dialogue,1,DialogueEvent,Unit 4 Dev - Dungeon,2026-09-16T17:40:38.5630000Z,2026-09-16T17:40:38.5630000Z,6aaad496485cab4c95456886,wenyi091426-3.stratalog.logdata.json
DialogueNodeEvent:91:68,dialogue,1,DialogueEvent,Unit 4 Dev - Dungeon,2026-09-16T17:41:23.0510000Z,2026-09-16T17:41:23.0510000Z,6aaad4c2485cab4c954568b0,wenyi091426-3.stratalog.logdata.json
DialogueNodeEvent:91:69,dialogue,1,DialogueEvent,Unit 4 Dev - Dungeon,2026-09-16T17:42:03.8860000Z,2026-09-16T17:42:03.8860000Z,6aaad4eb485cab4c954568bc,wenyi091426-3.stratalog.logdata.json
DialogueNodeEvent:91:71,dialogue,1,DialogueEvent,Unit 4 Dev - Dungeon,2026-09-16T17:42:08.4550000Z,2026-09-16T17:42:08.4550000Z,6aaad4f0485cab4c954568c0,wenyi091426-3.stratalog.logdata.json
DialogueNodeEvent:91:73,dialogue,1,DialogueEvent,Unit 4 Dev - Dungeon,2026-09-16T17:42:21.0970000Z,2026-09-16T17:42:21.0970000Z,6aaad4fc485cab4c954568c8,wenyi091426-3.stratalog.logdata.json
DialogueNodeEvent:91:79,dialogue,1,DialogueEvent,Unit 4 Dev - Dungeon,2026-09-16T17:42:39.7720000Z,2026-09-16T17:42:39.7720000Z,6aaad50f485cab4c954568de,wenyi091426-3.stratalog.logdata.json
DialogueNodeEvent:91:80,dialogue,1,DialogueEvent,Unit 4 Dev - Dungeon,2026-09-16T17:44:02.9950000Z,2026-09-16T17:44:02.9950000Z,6aaad562485cab4c954569be,wenyi091426-3.stratalog.logdata.json
DialogueNodeEvent:91:82,dialogue,1,DialogueEvent,Unit 4 Dev - Dungeon,2026-09-16T17:44:16.6360000Z,2026-09-16T17:44:16.6360000Z,6aaad570485cab4c954569d0,wenyi091426-3.stratalog.logdata.json
DialogueNodeEvent:91:83,dialogue,1,DialogueEvent,Unit 4 Dev - Dungeon,2026-09-16T17:44:22.5200000Z,2026-09-16T17:44:22.5200000Z,6aaad576485cab4c954569d6,wenyi091426-3.stratalog.logdata.json
DialogueNodeEvent:91:85,dialogue,1,DialogueEvent,Unit 4 Dev - Dungeon,2026-09-16T17:44:25.6900000Z,2026-09-16T17:44:25.6900000Z,6aaad579485cab4c954569da,wenyi091426-3.stratalog.logdata.json
DialogueNodeEvent:91:87,dialogue,1,DialogueEvent,Unit 4 Dev - Dungeon,2026-09-16T17:44:48.6000000Z,2026-09-16T17:44:48.6000000Z,6aaad590485cab4c954569f2,wenyi091426-3.stratalog.logdata.json
DialogueNodeEvent:91:88,dialogue,1,DialogueEvent,Unit 4 Dev - Dungeon,2026-09-16T17:44:50.4500000Z,2026-09-16T17:44:50.4500000Z,6aaad592485cab4c954569f6,wenyi091426-3.stratalog.logdata.json
DialogueNodeEvent:91:9,dialogue,1,DialogueEvent,Unit 4 Dev - Dungeon,2026-09-16T17:34:01.2840000Z,2026-09-16T17:34:01.2840000Z,6aaad309485cab4c954565c6,wenyi091426-3.stratalog.logdata.json
DialogueNodeEvent:91:90,dialogue,1,DialogueEvent,Unit 4 Dev - Dungeon,2026-09-16T17:44:52.9350000Z,2026-09-16T17:44:52.9350000Z,6aaad594485cab4c954569f8,wenyi091426-3.stratalog.logdata.json
DialogueNodeEvent:91:92,dialogue,1,DialogueEvent,Unit 4 Dev - Dungeon,2026-09-16T17:45:04.5600000Z,2026-09-16T17:45:04.5600000Z,6aaad5a0485cab4c95456a00,wenyi091426-3.stratalog.logdata.json
DialogueNodeEvent:91:98,dialogue,1,DialogueEvent,Unit 4 Dev - Dungeon,2026-09-16T17:45:14.4300000Z,2026-09-16T17:45:14.4300000Z,6aaad5aa485cab4c95456a0e,wenyi091426-3.stratalog.logdata.json
DialogueNodeEvent:91:99,dialogue,1,DialogueEvent,Unit 4 Dev - Dungeon,2026-09-16T17:45:28.0360000Z,2026-09-16T17:45:28.0360000Z,6aaad5b7485cab4c95456a18,wenyi091426-3.stratalog.logdata.json
DialogueNodeEvent:92:0,dialogue,8,DialogueEvent,Unit 4 Dev,2026-09-16T18:14:45.1440000Z,2026-09-16T18:17:53.4860000Z,6aaadc94485cab4c954570f8,wenyi091426-3.stratalog.logdata.json
DialogueNodeEvent:92:1,dialogue,1,DialogueEvent,Unit 4 Dev,2026-09-16T18:12:27.0760000Z,2026-09-16T18:12:27.0760000Z,6aaadc0a485cab4c954570b8,wenyi091426-3.stratalog.logdata.json
DialogueNodeEvent:92:11,dialogue,1,DialogueEvent,Unit 4 Dev,2026-09-16T18:14:00.3710000Z,2026-09-16T18:14:00.3710000Z,6aaadc68485cab4c954570dc,wenyi091426-3.stratalog.logdata.json
DialogueNodeEvent:92:12,dialogue,1,DialogueEvent,Unit 4 Dev,2026-09-16T18:14:12.2430000Z,2026-09-16T18:14:12.2430000Z,6aaadc73485cab4c954570e0,wenyi091426-3.stratalog.logdata.json
DialogueNodeEvent:92:13,dialogue,1,DialogueEvent,Unit 4 Dev,2026-09-16T18:14:14.9610000Z,2026-09-16T18:14:14.9610000Z,6aaadc76485cab4c954570e2,wenyi091426-3.stratalog.logdata.json
DialogueNodeEvent:92:14,dialogue,1,DialogueEvent,Unit 4 Dev,2026-09-16T18:14:25.8830000Z,2026-09-16T18:14:25.8830000Z,6aaadc81485cab4c954570e6,wenyi091426-3.stratalog.logdata.json
DialogueNodeEvent:92:15,dialogue,1,DialogueEvent,Unit 4 Dev,2026-09-16T18:14:27.6670000Z,2026-09-16T18:14:27.6670000Z,6aaadc83485cab4c954570e8,wenyi091426-3.stratalog.logdata.json
DialogueNodeEvent:92:16,dialogue,1,DialogueEvent,Unit 4 Dev,2026-09-16T18:14:29.8850000Z,2026-09-16T18:14:29.8850000Z,6aaadc85485cab4c954570ec,wenyi091426-3.stratalog.logdata.json
DialogueNodeEvent:92:17,dialogue,1,DialogueEvent,Unit 4 Dev,2026-09-16T18:14:39.7470000Z,2026-09-16T18:14:39.7470000Z,6aaadc8f485cab4c954570f2,wenyi091426-3.stratalog.logdata.json
DialogueNodeEvent:92:18,dialogue,1,DialogueEvent,Unit 4 Dev,2026-09-16T18:14:45.1470000Z,2026-09-16T18:14:45.1470000Z,6aaadc94485cab4c954570fc,wenyi091426-3.stratalog.logdata.json
DialogueNodeEvent:92:2,dialogue,1,DialogueEvent,Unit 4 Dev,2026-09-16T18:13:30.2890000Z,2026-09-16T18:13:30.2890000Z,6aaadc49485cab4c954570ca,wenyi091426-3.stratalog.logdata.json
DialogueNodeEvent:92:20,dialogue,1,DialogueEvent,Unit 4 Dev,2026-09-16T18:14:55.2680000Z,2026-09-16T18:14:55.2680000Z,6aaadc9f485cab4c9545710e,wenyi091426-3.stratalog.logdata.json
DialogueNodeEvent:92:21,dialogue,1,DialogueEvent,Unit 4 Dev,2026-09-16T18:15:01.5050000Z,2026-09-16T18:15:01.5050000Z,6aaadca5485cab4c9545711a,wenyi091426-3.stratalog.logdata.json
DialogueNodeEvent:92:22,dialogue,1,DialogueEvent,Unit 4 Dev,2026-09-16T18:15:07.7580000Z,2026-09-16T18:15:07.7580000Z,6aaadcab485cab4c95457128,wenyi091426-3.stratalog.logdata.json
DialogueNodeEvent:92:24,dialogue,1,DialogueEvent,Unit 4 Dev,2026-09-16T18:15:16.6080000Z,2026-09-16T18:15:16.6080000Z,6aaadcb4485cab4c9545712c,wenyi091426-3.stratalog.logdata.json
DialogueNodeEvent:92:25,dialogue,1,DialogueEvent,Unit 4 Dev,2026-09-16T18:15:25.9630000Z,2026-09-16T18:15:25.9630000Z,6aaadcbd485cab4c95457130,wenyi091426-3.stratalog.logdata.json
DialogueNodeEvent:92:26,dialogue,1,DialogueEvent,Unit 4 Dev,2026-09-16T18:15:52.7620000Z,2026-09-16T18:15:52.7620000Z,6aaadcd8485cab4c95457140,wenyi091426-3.stratalog.logdata.json
DialogueNodeEvent:92:28,dialogue,1,DialogueEvent,Unit 4 Dev,2026-09-16T18:16:01.5510000Z,2026-09-16T18:16:01.5510000Z,6aaadce1485cab4c95457166,wenyi091426-3.stratalog.logdata.json
DialogueNodeEvent:92:29,dialogue,1,DialogueEvent,Unit 4 Dev,2026-09-16T18:16:15.7720000Z,2026-09-16T18:16:15.7720000Z,6aaadcef485cab4c95457172,wenyi091426-3.stratalog.logdata.json
DialogueNodeEvent:92:31,dialogue,1,DialogueEvent,Unit 4 Dev,2026-09-16T18:16:20.3780000Z,2026-09-16T18:16:20.3780000Z,6aaadcf4485cab4c95457194,wenyi091426-3.stratalog.logdata.json
DialogueNodeEvent:92:32,dialogue,1,DialogueEvent,Unit 4 Dev,2026-09-16T18:16:57.8240000Z,2026-09-16T18:16:57.8240000Z,6aaadd19485cab4c954571aa,wenyi091426-3.stratalog.logdata.json
DialogueNodeEvent:92:33,dialogue,1,DialogueEvent,Unit 4 Dev,2026-09-16T18:17:04.0290000Z,2026-09-16T18:17:04.0290000Z,6aaadd1f485cab4c954571ae,wenyi091426-3.stratalog.logdata.json
DialogueNodeEvent:92:38,dialogue,1,DialogueEvent,Unit 4 Dev,2026-09-16T18:17:40.3640000Z,2026-09-16T18:17:40.3640000Z,6aaadd44485cab4c954571de,wenyi091426-3.stratalog.logdata.json
DialogueNodeEvent:92:4,dialogue,1,DialogueEvent,Unit 4 Dev,2026-09-16T18:13:32.6240000Z,2026-09-16T18:13:32.6240000Z,6aaadc4c485cab4c954570cc,wenyi091426-3.stratalog.logdata.json
DialogueNodeEvent:92:40,dialogue,1,DialogueEvent,Unit 4 Dev,2026-09-16T18:17:40.8780000Z,2026-09-16T18:17:40.8780000Z,6aaadd44485cab4c954571e4,wenyi091426-3.stratalog.logdata.json
DialogueNodeEvent:92:41,dialogue,1,DialogueEvent,Unit 4 Dev,2026-09-16T18:17:46.2990000Z,2026-09-16T18:17:46.2990000Z,6aaadd49485cab4c954571e6,wenyi091426-3.stratalog.logdata.json
DialogueNodeEvent:92:43,dialogue,1,DialogueEvent,Unit 4 Dev,2026-09-16T18:17:53.4890000Z,2026-09-16T18:17:53.4890000Z,6aaadd51485cab4c954571f6,wenyi091426-3.stratalog.logdata.json
DialogueNodeEvent:92:45,dialogue,1,DialogueEvent,Unit 4 Dev,2026-09-16T18:18:00.2880000Z,2026-09-16T18:18:00.2880000Z,6aaadd57485cab4c954571fa,wenyi091426-3.stratalog.logdata.json
DialogueNodeEvent:92:46,dialogue,1,DialogueEvent,Unit 4 Dev,2026-09-16T18:18:05.8580000Z,2026-09-16T18:18:05.8580000Z,6aaadd5d485cab4c954571fc,wenyi091426-3.stratalog.logdata.json
DialogueNodeEvent:92:47,dialogue,1,DialogueEvent,Unit 4 Dev,2026-09-16T18:18:11.2430000Z,2026-09-16T18:18:11.2430000Z,6aaadd62485cab4c95457200,wenyi091426-3.stratalog.logdata.json
DialogueNodeEvent:92:48,dialogue,1,DialogueEvent,Unit 4 Dev,2026-09-16T18:18:19.1140000Z,2026-09-16T18:18:19.1140000Z,6aaadd6a485cab4c95457204,wenyi091426-3.stratalog.logdata.json
DialogueNodeEvent:92:49,dialogue,1,DialogueEvent,Unit 4 Dev,2026-09-16T18:18:27.2340000Z,2026-09-16T18:18:27.2340000Z,6aaadd72485cab4c95457206,wenyi091426-3.stratalog.logdata.json
DialogueNodeEvent:92:50,dialogue,1,DialogueEvent,Unit 4 Dev,2026-09-16T18:18:42.8250000Z,2026-09-16T18:18:42.8250000Z,6aaadd82485cab4c9545720c,wenyi091426-3.stratalog.logdata.json
DialogueNodeEvent:92:52,dialogue,1,DialogueEvent,Unit 4 Dev,2026-09-16T18:18:44.9930000Z,2026-09-16T18:18:44.9930000Z,6aaadd84485cab4c9545720e,wenyi091426-3.stratalog.logdata.json
DialogueNodeEvent:92:53,dialogue,1,DialogueEvent,Unit 4 Dev,2026-09-16T18:18:49.6620000Z,2026-09-16T18:18:49.6620000Z,6aaadd89485cab4c95457212,wenyi091426-3.stratalog.logdata.json
DialogueNodeEvent:92:54,dialogue,1,DialogueEvent,Unit 4 Dev,2026-09-16T18:18:56.3320000Z,2026-09-16T18:18:56.3320000Z,6aaadd90485cab4c95457214,wenyi091426-3.stratalog.logdata.json
DialogueNodeEvent:92:56,dialogue,1,DialogueEvent,Unit 4 Dev,2026-09-16T18:19:02.7680000Z,2026-09-16T18:19:02.7680000Z,6aaadd96485cab4c95457218,wenyi091426-3.stratalog.logdata.json
DialogueNodeEvent:92:57,dialogue,1,DialogueEvent,Unit 4 Dev,2026-09-16T18:19:20.0940000Z,2026-09-16T18:19:20.0940000Z,6aaadda7485cab4c9545721e,wenyi091426-3.stratalog.logdata.json
DialogueNodeEvent:92:58,dialogue,1,DialogueEvent,Unit 4 Dev,2026-09-16T18:19:24.0460000Z,2026-09-16T18:19:24.0460000Z,6aaaddab485cab4c95457220,wenyi091426-3.stratalog.logdata.json
DialogueNodeEvent:92:59,dialogue,1,DialogueEvent,Unit 4 Dev,2026-09-16T18:19:25.5300000Z,2026-09-16T18:19:25.5300000Z,6aaaddad485cab4c95457222,wenyi091426-3.stratalog.logdata.json
DialogueNodeEvent:92:6,dialogue,1,DialogueEvent,Unit 4 Dev,2026-09-16T18:13:37.1930000Z,2026-09-16T18:13:37.1930000Z,6aaadc50485cab4c954570ce,wenyi091426-3.stratalog.logdata.json
DialogueNodeEvent:92:60,dialogue,1,DialogueEvent,Unit 4 Dev,2026-09-16T18:19:32.7380000Z,2026-09-16T18:19:32.7380000Z,6aaaddb4485cab4c9545722a,wenyi091426-3.stratalog.logdata.json
DialogueNodeEvent:92:62,dialogue,2,DialogueEvent,Unit 4 Dev,2026-09-16T18:17:21.7360000Z,2026-09-16T18:17:32.4920000Z,6aaadd31485cab4c954571ca,wenyi091426-3.stratalog.logdata.json
DialogueNodeEvent:92:63,dialogue,1,DialogueEvent,Unit 4 Dev,2026-09-16T18:17:11.5480000Z,2026-09-16T18:17:11.5480000Z,6aaadd27485cab4c954571be,wenyi091426-3.stratalog.logdata.json
DialogueNodeEvent:92:64,dialogue,1,DialogueEvent,Unit 4 Dev,2026-09-16T18:17:40.3660000Z,2026-09-16T18:17:40.3660000Z,6aaadd44485cab4c954571e2,wenyi091426-3.stratalog.logdata.json
DialogueNodeEvent:92:65,dialogue,1,DialogueEvent,Unit 4 Dev,2026-09-16T18:15:35.1840000Z,2026-09-16T18:15:35.1840000Z,6aaadcc6485cab4c95457134,wenyi091426-3.stratalog.logdata.json
DialogueNodeEvent:92:66,dialogue,1,DialogueEvent,Unit 4 Dev,2026-09-16T18:16:08.8840000Z,2026-09-16T18:16:08.8840000Z,6aaadce8485cab4c9545716a,wenyi091426-3.stratalog.logdata.json
DialogueNodeEvent:92:67,dialogue,1,DialogueEvent,Unit 4 Dev,2026-09-16T18:16:39.1820000Z,2026-09-16T18:16:39.1820000Z,6aaadd06485cab4c9545719a,wenyi091426-3.stratalog.logdata.json
DialogueNodeEvent:92:7,dialogue,1,DialogueEvent,Unit 4 Dev,2026-09-16T18:13:43.0460000Z,2026-09-16T18:13:43.0460000Z,6aaadc56485cab4c954570d2,wenyi091426-3.stratalog.logdata.json
DialogueNodeEvent:92:8,dialogue,1,DialogueEvent,Unit 4 Dev,2026-09-16T18:13:45.0800000Z,2026-09-16T18:13:45.0800000Z,6aaadc58485cab4c954570d4,wenyi091426-3.stratalog.logdata.json
DialogueNodeEvent:92:9,dialogue,1,DialogueEvent,Unit 4 Dev,2026-09-16T18:13:55.6690000Z,2026-09-16T18:13:55.6690000Z,6aaadc63485cab4c954570d8,wenyi091426-3.stratalog.logdata.json
DialogueNodeEvent:95:1,dialogue,1,DialogueEvent,Unit 5 Dev - Dungeon,2026-09-16T18:29:30.1760000Z,2026-09-16T18:29:30.1760000Z,6aaae009485cab4c95457336,wenyi091426-3.stratalog.logdata.json
DialogueNodeEvent:95:10,dialogue,1,DialogueEvent,Unit 5 Dev - Dungeon,2026-09-16T18:35:06.3050000Z,2026-09-16T18:35:06.3050000Z,6aaae159485cab4c95457876,wenyi091426-3.stratalog.logdata.json
DialogueNodeEvent:95:12,dialogue,1,DialogueEvent,Unit 5 Dev - Dungeon,2026-09-16T18:35:08.3060000Z,2026-09-16T18:35:08.3060000Z,6aaae15b485cab4c95457878,wenyi091426-3.stratalog.logdata.json
DialogueNodeEvent:95:32,dialogue,1,DialogueEvent,Unit 5 Dev - Dungeon,2026-09-16T18:35:13.8600000Z,2026-09-16T18:35:13.8600000Z,6aaae161485cab4c95457886,wenyi091426-3.stratalog.logdata.json
DialogueNodeEvent:95:35,dialogue,2,DialogueEvent,Unit 5 Dev - Dungeon,2026-09-16T18:36:36.8340000Z,2026-09-16T18:36:44.3570000Z,6aaae1b4485cab4c95457918,wenyi091426-3.stratalog.logdata.json
DialogueNodeEvent:95:4,dialogue,1,DialogueEvent,Unit 5 Dev - Dungeon,2026-09-16T18:29:43.8150000Z,2026-09-16T18:29:43.8150000Z,6aaae017485cab4c9545733e,wenyi091426-3.stratalog.logdata.json
DialogueNodeEvent:95:41,dialogue,2,DialogueEvent,Unit 5 Dev - Dungeon,2026-09-16T18:37:54.7060000Z,2026-09-16T18:38:03.5110000Z,6aaae202485cab4c95457974,wenyi091426-3.stratalog.logdata.json
DialogueNodeEvent:95:42,dialogue,1,DialogueEvent,Unit 5 Dev - Dungeon,2026-09-16T18:37:21.4560000Z,2026-09-16T18:37:21.4560000Z,6aaae1e1485cab4c9545794e,wenyi091426-3.stratalog.logdata.json
DialogueNodeEvent:95:5,dialogue,1,DialogueEvent,Unit 5 Dev - Dungeon,2026-09-16T18:29:47.9260000Z,2026-09-16T18:29:47.9260000Z,6aaae01b485cab4c95457340,wenyi091426-3.stratalog.logdata.json
DialogueNodeEvent:95:60,dialogue,1,DialogueEvent,Unit 5 Dev - Dungeon,2026-09-16T18:43:27.1840000Z,2026-09-16T18:43:27.1840000Z,6aaae34e485cab4c95457c00,wenyi091426-3.stratalog.logdata.json
DialogueNodeEvent:95:63,dialogue,1,DialogueEvent,Unit 5 Dev - Dungeon,2026-09-16T18:43:30.3340000Z,2026-09-16T18:43:30.3340000Z,6aaae351485cab4c95457c04,wenyi091426-3.stratalog.logdata.json
DialogueNodeEvent:95:64,dialogue,1,DialogueEvent,Unit 5 Dev - Dungeon,2026-09-16T18:43:32.4850000Z,2026-09-16T18:43:32.4850000Z,6aaae354485cab4c95457c08,wenyi091426-3.stratalog.logdata.json
DialogueNodeEvent:95:76,dialogue,1,DialogueEvent,Unit 5 Dev - Dungeon,2026-09-16T18:29:55.1200000Z,2026-09-16T18:29:55.1200000Z,6aaae022485cab4c9545735e,wenyi091426-3.stratalog.logdata.json
DialogueNodeEvent:95:77,dialogue,1,DialogueEvent,Unit 5 Dev - Dungeon,2026-09-16T18:30:00.5390000Z,2026-09-16T18:30:00.5390000Z,6aaae028485cab4c95457380,wenyi091426-3.stratalog.logdata.json
DialogueNodeEvent:95:78,dialogue,1,DialogueEvent,Unit 5 Dev - Dungeon,2026-09-16T18:31:57.1630000Z,2026-09-16T18:31:57.1630000Z,6aaae09c485cab4c954573ba,wenyi091426-3.stratalog.logdata.json
DialogueNodeEvent:95:79,dialogue,1,DialogueEvent,Unit 5 Dev - Dungeon,2026-09-16T18:37:11.5870000Z,2026-09-16T18:37:11.5870000Z,6aaae1d7485cab4c95457944,wenyi091426-3.stratalog.logdata.json
DialogueNodeEvent:95:8,dialogue,1,DialogueEvent,Unit 5 Dev - Dungeon,2026-09-16T18:34:59.7360000Z,2026-09-16T18:34:59.7360000Z,6aaae153485cab4c95457870,wenyi091426-3.stratalog.logdata.json
DialogueNodeEvent:95:80,dialogue,1,DialogueEvent,Unit 5 Dev - Dungeon,2026-09-16T18:34:49.9810000Z,2026-09-16T18:34:49.9810000Z,6aaae149485cab4c95457862,wenyi091426-3.stratalog.logdata.json
DialogueNodeEvent:95:81,dialogue,1,DialogueEvent,Unit 5 Dev - Dungeon,2026-09-16T18:35:47.6260000Z,2026-09-16T18:35:47.6260000Z,6aaae183485cab4c954578d4,wenyi091426-3.stratalog.logdata.json
DialogueNodeEvent:95:82,dialogue,1,DialogueEvent,Unit 5 Dev - Dungeon,2026-09-16T18:36:12.2220000Z,2026-09-16T18:36:12.2220000Z,6aaae19b485cab4c954578fc,wenyi091426-3.stratalog.logdata.json
DialogueNodeEvent:95:83,dialogue,1,DialogueEvent,Unit 5 Dev - Dungeon,2026-09-16T18:37:11.5830000Z,2026-09-16T18:37:11.5830000Z,6aaae1d7485cab4c9545793e,wenyi091426-3.stratalog.logdata.json
DialogueNodeEvent:95:84,dialogue,1,DialogueEvent,Unit 5 Dev - Dungeon,2026-09-16T18:40:05.6690000Z,2026-09-16T18:40:05.6690000Z,6aaae285485cab4c95457a96,wenyi091426-3.stratalog.logdata.json
DialogueNodeEvent:95:85,dialogue,1,DialogueEvent,Unit 5 Dev - Dungeon,2026-09-16T18:41:02.5960000Z,2026-09-16T18:41:02.5960000Z,6aaae2be485cab4c95457b22,wenyi091426-3.stratalog.logdata.json
DialogueNodeEvent:95:86,dialogue,1,DialogueEvent,Unit 5 Dev - Dungeon,2026-09-16T18:41:33.5110000Z,2026-09-16T18:41:33.5110000Z,6aaae2dd485cab4c95457b5e,wenyi091426-3.stratalog.logdata.json
DialogueNodeEvent:95:87,dialogue,1,DialogueEvent,Unit 5 Dev - Dungeon,2026-09-16T18:44:06.4360000Z,2026-09-16T18:44:06.4360000Z,6aaae376485cab4c95457c32,wenyi091426-3.stratalog.logdata.json
DialogueNodeEvent:96:1,dialogue,1,DialogueEvent,Unit 5 Dev,2026-09-16T18:46:07.7960000Z,2026-09-16T18:46:07.7960000Z,6aaae3ef485cab4c95457cec,wenyi091426-3.stratalog.logdata.json
DialogueNodeEvent:96:10,dialogue,1,DialogueEvent,Unit 5 Dev,2026-09-16T18:46:46.0800000Z,2026-09-16T18:46:46.0800000Z,6aaae415485cab4c95457d04,wenyi091426-3.stratalog.logdata.json
DialogueNodeEvent:96:12,dialogue,1,DialogueEvent,Unit 5 Dev,2026-09-16T18:46:54.1670000Z,2026-09-16T18:46:54.1670000Z,6aaae41d485cab4c95457d08,wenyi091426-3.stratalog.logdata.json
DialogueNodeEvent:96:13,dialogue,1,DialogueEvent,Unit 5 Dev,2026-09-16T18:47:00.3030000Z,2026-09-16T18:47:00.3030000Z,6aaae423485cab4c95457d0a,wenyi091426-3.stratalog.logdata.json
DialogueNodeEvent:96:14,dialogue,1,DialogueEvent,Unit 5 Dev,2026-09-16T18:47:04.5550000Z,2026-09-16T18:47:04.5550000Z,6aaae428485cab4c95457d0e,wenyi091426-3.stratalog.logdata.json
DialogueNodeEvent:96:16,dialogue,1,DialogueEvent,Unit 5 Dev,2026-09-16T18:47:18.2120000Z,2026-09-16T18:47:18.2120000Z,6aaae435485cab4c95457d12,wenyi091426-3.stratalog.logdata.json
DialogueNodeEvent:96:17,dialogue,1,DialogueEvent,Unit 5 Dev,2026-09-16T18:47:21.2970000Z,2026-09-16T18:47:21.2970000Z,6aaae438485cab4c95457d14,wenyi091426-3.stratalog.logdata.json
DialogueNodeEvent:96:18,dialogue,1,DialogueEvent,Unit 5 Dev,2026-09-16T18:47:30.4180000Z,2026-09-16T18:47:30.4180000Z,6aaae442485cab4c95457d18,wenyi091426-3.stratalog.logdata.json
DialogueNodeEvent:96:19,dialogue,1,DialogueEvent,Unit 5 Dev,2026-09-16T18:47:44.5750000Z,2026-09-16T18:47:44.5750000Z,6aaae450485cab4c95457d1e,wenyi091426-3.stratalog.logdata.json
DialogueNodeEvent:96:2,dialogue,1,DialogueEvent,Unit 5 Dev,2026-09-16T18:46:14.9310000Z,2026-09-16T18:46:14.9310000Z,6aaae3f6485cab4c95457cf2,wenyi091426-3.stratalog.logdata.json
DialogueNodeEvent:96:20,dialogue,1,DialogueEvent,Unit 5 Dev,2026-09-16T18:47:52.2280000Z,2026-09-16T18:47:52.2280000Z,6aaae457485cab4c95457d22,wenyi091426-3.stratalog.logdata.json
DialogueNodeEvent:96:22,dialogue,1,DialogueEvent,Unit 5 Dev,2026-09-16T18:48:02.7170000Z,2026-09-16T18:48:02.7170000Z,6aaae462485cab4c95457d26,wenyi091426-3.stratalog.logdata.json
DialogueNodeEvent:96:23,dialogue,1,DialogueEvent,Unit 5 Dev,2026-09-16T18:48:06.6930000Z,2026-09-16T18:48:06.6930000Z,6aaae466485cab4c95457d2a,wenyi091426-3.stratalog.logdata.json
DialogueNodeEvent:96:3,dialogue,1,DialogueEvent,Unit 5 Dev,2026-09-16T18:46:21.9340000Z,2026-09-16T18:46:21.9340000Z,6aaae3fd485cab4c95457cf4,wenyi091426-3.stratalog.logdata.json
DialogueNodeEvent:96:5,dialogue,1,DialogueEvent,Unit 5 Dev,2026-09-16T18:46:24.7690000Z,2026-09-16T18:46:24.7690000Z,6aaae400485cab4c95457cf8,wenyi091426-3.stratalog.logdata.json
DialogueNodeEvent:96:7,dialogue,1,DialogueEvent,Unit 5 Dev,2026-09-16T18:46:34.6570000Z,2026-09-16T18:46:34.6570000Z,6aaae40a485cab4c95457cfc,wenyi091426-3.stratalog.logdata.json
DialogueNodeEvent:96:8,dialogue,1,DialogueEvent,Unit 5 Dev,2026-09-16T18:46:38.1420000Z,2026-09-16T18:46:38.1420000Z,6aaae40d485cab4c95457cfe,wenyi091426-3.stratalog.logdata.json
DialogueNodeEvent:96:9,dialogue,1,DialogueEvent,Unit 5 Dev,2026-09-16T18:46:42.3280000Z,2026-09-16T18:46:42.3280000Z,6aaae411485cab4c95457d02,wenyi091426-3.stratalog.logdata.json
DialogueNodeEvent:98:31,dialogue,1,DialogueEvent,Unit 5 Dev,2026-09-16T18:48:32.0650000Z,2026-09-16T18:48:32.0650000Z,6aaae47f485cab4c95457d3e,wenyi091426-3.stratalog.logdata.json
DialogueNodeEvent:98:32,dialogue,1,DialogueEvent,Unit 5 Dev,2026-09-16T18:48:40.0200000Z,2026-09-16T18:48:40.0200000Z,6aaae487485cab4c95457d48,wenyi091426-3.stratalog.logdata.json
DialogueNodeEvent:98:33,dialogue,1,DialogueEvent,Unit 5 Dev,2026-09-16T18:48:55.0770000Z,2026-09-16T18:48:55.0770000Z,6aaae496485cab4c95457d62,wenyi091426-3.stratalog.logdata.json
DialogueNodeEvent:98:34,dialogue,1,DialogueEvent,Unit 5 Dev,2026-09-16T18:49:12.1520000Z,2026-09-16T18:49:12.1520000Z,6aaae4a7485cab4c95457d76,wenyi091426-3.stratalog.logdata.json
DialogueNodeEvent:98:36,dialogue,1,DialogueEvent,Unit 5 Dev,2026-09-16T18:49:35.8300000Z,2026-09-16T18:49:35.8300000Z,6aaae4bf485cab4c95457d80,wenyi091426-3.stratalog.logdata.json
DialogueNodeEvent:98:37,dialogue,1,DialogueEvent,Unit 5 Dev,2026-09-16T18:49:44.6180000Z,2026-09-16T18:49:44.6180000Z,6aaae4c8485cab4c95457d90,wenyi091426-3.stratalog.logdata.json
DialogueNodeEvent:98:38,dialogue,1,DialogueEvent,Unit 5 Dev,2026-09-16T18:49:56.6740000Z,2026-09-16T18:49:56.6740000Z,6aaae4d4485cab4c95457d98,wenyi091426-3.stratalog.logdata.json
DialogueNodeEvent:98:39,dialogue,2,DialogueEvent,Unit 5 Dev,2026-09-16T18:50:24.1200000Z,2026-09-16T18:50:24.1250000Z,6aaae4ef485cab4c95457dbe,wenyi091426-3.stratalog.logdata.json
DialogueNodeEvent:98:40,dialogue,1,DialogueEvent,Unit 5 Dev,2026-09-16T18:50:29.9050000Z,2026-09-16T18:50:29.9050000Z,6aaae4f5485cab4c95457dc8,wenyi091426-3.stratalog.logdata.json
DialogueNodeEvent:98:41,dialogue,1,DialogueEvent,Unit 5 Dev,2026-09-16T18:50:49.0650000Z,2026-09-16T18:50:49.0650000Z,6aaae508485cab4c95457dce,wenyi091426-3.stratalog.logdata.json
DialogueNodeEvent:98:45,dialogue,1,DialogueEvent,Unit 5 Dev,2026-09-16T18:50:52.9170000Z,2026-09-16T18:50:52.9170000Z,6aaae50c485cab4c95457dd2,wenyi091426-3.stratalog.logdata.json
DialogueNodeEvent:98:49,dialogue,1,DialogueEvent,Unit 5 Dev,2026-09-16T18:50:55.0510000Z,2026-09-16T18:50:55.0510000Z,6aaae50e485cab4c95457dd4,wenyi091426-3.stratalog.logdata.json
DialogueNodeEvent:98:55,dialogue,1,DialogueEvent,Unit 5 Dev,2026-09-16T18:51:00.9700000Z,2026-09-16T18:51:00.9700000Z,6aaae514485cab4c95457dd6,wenyi091426-3.stratalog.logdata.json
DialogueNodeEvent:98:56,dialogue,1,DialogueEvent,Unit 5 Dev,2026-09-16T18:51:03.8550000Z,2026-09-16T18:51:03.8550000Z,6aaae517485cab4c95457dda,wenyi091426-3.stratalog.logdata.json
DialogueNodeEvent:98:57,dialogue,1,DialogueEvent,Unit 5 Dev,2026-09-16T18:51:11.2270000Z,2026-09-16T18:51:11.2270000Z,6aaae51e485cab4c95457ddc,wenyi091426-3.stratalog.logdata.json
DialogueNodeEvent:98:59,dialogue,1,DialogueEvent,Unit 5 Dev,2026-09-16T18:53:14.5230000Z,2026-09-16T18:53:14.5230000Z,6aaae59a485cab4c95457f44,wenyi091426-3.stratalog.logdata.json
DialogueNodeEvent:98:61,dialogue,1,DialogueEvent,Unit 5 Dev,2026-09-16T18:53:27.9920000Z,2026-09-16T18:53:27.9920000Z,6aaae5a7485cab4c95457f4c,wenyi091426-3.stratalog.logdata.json
DialogueNodeEvent:98:62,dialogue,1,DialogueEvent,Unit 5 Dev,2026-09-16T18:53:30.6620000Z,2026-09-16T18:53:30.6620000Z,6aaae5aa485cab4c95457f50,wenyi091426-3.stratalog.logdata.json
DialogueNodeEvent:98:63,dialogue,1,DialogueEvent,Unit 5 Dev,2026-09-16T18:51:12.8610000Z,2026-09-16T18:51:12.8610000Z,6aaae520485cab4c95457de2,wenyi091426-3.stratalog.logdata.json
DialogueNodeEvent:98:64,dialogue,1,DialogueEvent,Unit 5 Dev,2026-09-16T18:53:36.4970000Z,2026-09-16T18:53:36.4970000Z,6aaae5b0485cab4c95457f54,wenyi091426-3.stratalog.logdata.json
DialogueNodeEvent:99:1,dialogue,1,DialogueEvent,Unit 5 Dev,2026-09-16T18:54:23.7620000Z,2026-09-16T18:54:23.7620000Z,6aaae5df485cab4c95457fac,wenyi091426-3.stratalog.logdata.json
DialogueNodeEvent:99:13,dialogue,1,DialogueEvent,Unit 5 Dev,2026-09-16T18:55:13.4770000Z,2026-09-16T18:55:13.4770000Z,6aaae611485cab4c95457fd4,wenyi091426-3.stratalog.logdata.json
DialogueNodeEvent:99:17,dialogue,1,DialogueEvent,Unit 5 Dev,2026-09-16T18:55:15.8120000Z,2026-09-16T18:55:15.8120000Z,6aaae613485cab4c95457fd6,wenyi091426-3.stratalog.logdata.json
DialogueNodeEvent:99:18,dialogue,1,DialogueEvent,Unit 5 Dev,2026-09-16T18:55:22.8650000Z,2026-09-16T18:55:22.8650000Z,6aaae61a485cab4c95457fe0,wenyi091426-3.stratalog.logdata.json
DialogueNodeEvent:99:19,dialogue,1,DialogueEvent,Unit 5 Dev,2026-09-16T18:55:26.8170000Z,2026-09-16T18:55:26.8170000Z,6aaae61e485cab4c95457fe4,wenyi091426-3.stratalog.logdata.json
DialogueNodeEvent:99:2,dialogue,2,DialogueEvent,Unit 5 Dev,2026-09-16T18:54:29.0230000Z,2026-09-16T18:54:29.0270000Z,6aaae5e4485cab4c95457fb6,wenyi091426-3.stratalog.logdata.json
DialogueNodeEvent:99:20,dialogue,1,DialogueEvent,Unit 5 Dev,2026-09-16T18:55:30.3190000Z,2026-09-16T18:55:30.3190000Z,6aaae621485cab4c95457fe6,wenyi091426-3.stratalog.logdata.json
DialogueNodeEvent:99:21,dialogue,1,DialogueEvent,Unit 5 Dev,2026-09-16T18:55:33.5870000Z,2026-09-16T18:55:33.5870000Z,6aaae625485cab4c95457fea,wenyi091426-3.stratalog.logdata.json
DialogueNodeEvent:99:22,dialogue,1,DialogueEvent,Unit 5 Dev,2026-09-16T18:55:36.7240000Z,2026-09-16T18:55:36.7240000Z,6aaae628485cab4c95457ff2,wenyi091426-3.stratalog.logdata.json
DialogueNodeEvent:99:23,dialogue,1,DialogueEvent,Unit 5 Dev,2026-09-16T18:55:38.0220000Z,2026-09-16T18:55:38.0220000Z,6aaae629485cab4c95457ff6,wenyi091426-3.stratalog.logdata.json
DialogueNodeEvent:99:24,dialogue,1,DialogueEvent,Unit 5 Dev,2026-09-16T18:55:38.4890000Z,2026-09-16T18:55:38.4890000Z,6aaae62a485cab4c95457ff8,wenyi091426-3.stratalog.logdata.json
DialogueNodeEvent:99:25,dialogue,1,DialogueEvent,Unit 5 Dev,2026-09-16T18:55:38.8730000Z,2026-09-16T18:55:38.8730000Z,6aaae62a485cab4c95457ffa,wenyi091426-3.stratalog.logdata.json
DialogueNodeEvent:99:28,dialogue,1,DialogueEvent,Unit 5 Dev,2026-09-16T18:55:40.6240000Z,2026-09-16T18:55:40.6240000Z,6aaae62c485cab4c95457ffc,wenyi091426-3.stratalog.logdata.json
DialogueNodeEvent:99:33,dialogue,1,DialogueEvent,Unit 5 Dev,2026-09-16T18:55:42.1420000Z,2026-09-16T18:55:42.1420000Z,6aaae62d485cab4c95458000,wenyi091426-3.stratalog.logdata.json
DialogueNodeEvent:99:34,dialogue,1,DialogueEvent,Unit 5 Dev,2026-09-16T18:55:42.2910000Z,2026-09-16T18:55:42.2910000Z,6aaae62d485cab4c95458002,wenyi091426-3.stratalog.logdata.json
DialogueNodeEvent:99:4,dialogue,1,DialogueEvent,Unit 5 Dev,2026-09-16T18:54:41.5950000Z,2026-09-16T18:54:41.5950000Z,6aaae5f1485cab4c95457fc2,wenyi091426-3.stratalog.logdata.json
DialogueNodeEvent:99:53,dialogue,1,DialogueEvent,Unit 5 Dev,2026-09-16T18:59:25.5190000Z,2026-09-16T18:59:25.5190000Z,6aaae70d485cab4c954580a2,wenyi091426-3.stratalog.logdata.json
DialogueNodeEvent:99:55,dialogue,1,DialogueEvent,Unit 5 Dev,2026-09-16T18:59:41.3740000Z,2026-09-16T18:59:41.3740000Z,6aaae71d485cab4c954580aa,wenyi091426-3.stratalog.logdata.json
DialogueNodeEvent:99:57,dialogue,1,DialogueEvent,Unit 5 Dev,2026-09-16T18:59:43.9260000Z,2026-09-16T18:59:43.9260000Z,6aaae71f485cab4c954580ac,wenyi091426-3.stratalog.logdata.json
DialogueNodeEvent:99:58,dialogue,1,DialogueEvent,Unit 5 Dev,2026-09-16T18:59:47.0440000Z,2026-09-16T18:59:47.0440000Z,6aaae722485cab4c954580ae,wenyi091426-3.stratalog.logdata.json
DialogueNodeEvent:99:6,dialogue,1,DialogueEvent,Unit 5 Dev,2026-09-16T18:54:45.2300000Z,2026-09-16T18:54:45.2300000Z,6aaae5f4485cab4c95457fc6,wenyi091426-3.stratalog.logdata.json
DialogueNodeEvent:99:61,dialogue,1,DialogueEvent,Unit 5 Dev,2026-09-16T18:59:49.0780000Z,2026-09-16T18:59:49.0780000Z,6aaae724485cab4c954580b2,wenyi091426-3.stratalog.logdata.json
DialogueNodeEvent:99:64,dialogue,1,DialogueEvent,Unit 5 Dev,2026-09-16T18:59:51.3290000Z,2026-09-16T18:59:51.3290000Z,6aaae726485cab4c954580b4,wenyi091426-3.stratalog.logdata.json
DialogueNodeEvent:99:65,dialogue,1,DialogueEvent,Unit 5 Dev,2026-09-16T18:59:55.8310000Z,2026-09-16T18:59:55.8310000Z,6aaae72b485cab4c954580b6,wenyi091426-3.stratalog.logdata.json
DialogueNodeEvent:99:66,dialogue,1,DialogueEvent,Unit 5 Dev,2026-09-16T18:59:58.9160000Z,2026-09-16T18:59:58.9160000Z,6aaae72e485cab4c954580ba,wenyi091426-3.stratalog.logdata.json
DialogueNodeEvent:99:67,dialogue,1,DialogueEvent,Unit 5 Dev,2026-09-16T19:00:07.8710000Z,2026-09-16T19:00:07.8710000Z,6aaae737485cab4c954580be,wenyi091426-3.stratalog.logdata.json
DialogueNodeEvent:99:69,dialogue,1,DialogueEvent,Unit 5 Dev,2026-09-16T19:00:24.4790000Z,2026-09-16T19:00:24.4790000Z,6aaae748485cab4c954580c2,wenyi091426-3.stratalog.logdata.json
DialogueNodeEvent:99:7,dialogue,1,DialogueEvent,Unit 5 Dev,2026-09-16T18:54:47.5640000Z,2026-09-16T18:54:47.5640000Z,6aaae5f7485cab4c95457fc8,wenyi091426-3.stratalog.logdata.json
DialogueNodeEvent:99:72,dialogue,1,DialogueEvent,Unit 5 Dev,2026-09-16T19:00:27.7140000Z,2026-09-16T19:00:27.7140000Z,6aaae74b485cab4c954580c4,wenyi091426-3.stratalog.logdata.json
DialogueNodeEvent:99:73,dialogue,1,DialogueEvent,Unit 5 Dev,2026-09-16T19:00:34.4550000Z,2026-09-16T19:00:34.4550000Z,6aaae752485cab4c954580ca,wenyi091426-3.stratalog.logdata.json
DialogueNodeEvent:99:74,dialogue,1,DialogueEvent,Unit 5 Dev,2026-09-16T18:55:42.2930000Z,2026-09-16T18:55:42.2930000Z,6aaae62d485cab4c95458004,wenyi091426-3.stratalog.logdata.json
DialogueNodeEvent:99:8,dialogue,1,DialogueEvent,Unit 5 Dev,2026-09-16T18:54:51.6500000Z,2026-09-16T18:54:51.6500000Z,6aaae5fb485cab4c95457fca,wenyi091426-3.stratalog.logdata.json
DialogueNodeEvent:99:9,dialogue,1,DialogueEvent,Unit 5 Dev,2026-09-16T18:55:03.7890000Z,2026-09-16T18:55:03.7890000Z,6aaae607485cab4c95457fd0,wenyi091426-3.stratalog.logdata.json
questActiveEvent:16,quest,1,questEvent,Unit 3 Dev,2026-09-16T16:35:45.1960000Z,2026-09-16T16:35:45.1960000Z,6aaac561485cab4c95454e74,wenyi091426-3.stratalog.logdata.json
questActiveEvent:17,quest,1,questEvent,Unit 3 Dev,2026-09-16T16:44:30.8190000Z,2026-09-16T16:44:30.8190000Z,6aaac76e485cab4c95454f8e,wenyi091426-3.stratalog.logdata.json
questActiveEvent:18,quest,2,questEvent,Unit 3 Dev;Unit 3 Dungeon Dev,2026-09-16T16:56:56.1660000Z,2026-09-16T16:59:08.2630000Z,6aaaca57485cab4c954554c8,wenyi091426-3.stratalog.logdata.json
questActiveEvent:19,quest,1,questEvent,Unit 3 Dev,2026-09-16T17:10:55.2750000Z,2026-09-16T17:10:55.2750000Z,6aaacd9f485cab4c95455b88,wenyi091426-3.stratalog.logdata.json
questActiveEvent:21,quest,1,questEvent,Unit 2 Prod (Refactor),2026-09-16T01:13:39.8420000Z,2026-09-16T01:13:39.8420000Z,6aa9ed43485cab4c9544f6e9,wenyi091426-3.stratalog.logdata.json
questActiveEvent:22,quest,2,questEvent,Unit 2 Prod (Refactor),2026-09-16T01:30:46.3950000Z,2026-09-16T14:42:13.2800000Z,6aa9f146485cab4c95450dbb,wenyi091426-3.stratalog.logdata.json
questActiveEvent:23,quest,1,questEvent,Unit 2 Prod (Refactor),2026-09-16T01:28:23.9970000Z,2026-09-16T01:28:23.9970000Z,6aa9f0b7485cab4c95450b93,wenyi091426-3.stratalog.logdata.json
questActiveEvent:24,quest,1,questEvent,Unit 2 Prod (Refactor),2026-09-16T14:45:06.2280000Z,2026-09-16T14:45:06.2280000Z,6aaaab72485cab4c95453988,wenyi091426-3.stratalog.logdata.json
questActiveEvent:25,quest,1,questEvent,Unit 2 Prod (Refactor),2026-09-16T15:03:51.4770000Z,2026-09-16T15:03:51.4770000Z,6aaaafd7485cab4c9545484a,wenyi091426-3.stratalog.logdata.json
questActiveEvent:28,quest,2,questEvent,Unit 1 Dev,2026-09-16T00:23:06.9490000Z,2026-09-16T00:45:50.8000000Z,6aa9e16a485cab4c9544e70d,wenyi091426-3.stratalog.logdata.json
questActiveEvent:29,quest,1,questEvent,Unit 1 Dev,2026-09-16T00:49:04.4920000Z,2026-09-16T00:49:04.4920000Z,6aa9e780485cab4c9544e7f9,wenyi091426-3.stratalog.logdata.json
questActiveEvent:31,quest,1,questEvent,Unit 1 Dev,2026-09-16T00:50:53.6190000Z,2026-09-16T00:50:53.6190000Z,6aa9e7ed485cab4c9544e8db,wenyi091426-3.stratalog.logdata.json
questActiveEvent:32,quest,1,questEvent,Unit 1 Dev,2026-09-16T00:55:58.1460000Z,2026-09-16T00:55:58.1460000Z,6aa9e91d485cab4c9544eb33,wenyi091426-3.stratalog.logdata.json
questActiveEvent:33,quest,1,questEvent,Unit 1 Dev,2026-09-16T01:04:24.1220000Z,2026-09-16T01:04:24.1220000Z,6aa9eb17485cab4c9544efd7,wenyi091426-3.stratalog.logdata.json
questActiveEvent:34,quest,1,questEvent,Unit 1 Dev,2026-09-16T01:08:29.4390000Z,2026-09-16T01:08:29.4390000Z,6aa9ec0d485cab4c9544f3e3,wenyi091426-3.stratalog.logdata.json
questActiveEvent:36,quest,2,questEvent,Unit 4 Dev;Unit 4 Dev - Anderson Base,2026-09-16T17:53:05.2580000Z,2026-09-16T17:59:14.8220000Z,6aaad780485cab4c95456c84,wenyi091426-3.stratalog.logdata.json
questActiveEvent:39,quest,1,questEvent,Unit 4 Dev,2026-09-16T17:25:09.8920000Z,2026-09-16T17:25:09.8920000Z,6aaad0f5485cab4c95455d70,wenyi091426-3.stratalog.logdata.json
questActiveEvent:40,quest,1,questEvent,Unit 4 Dev,2026-09-16T17:47:39.8000000Z,2026-09-16T17:47:39.8000000Z,6aaad63b485cab4c95456b8c,wenyi091426-3.stratalog.logdata.json
questActiveEvent:41,quest,1,questEvent,Unit 4 Dev,2026-09-16T18:14:39.7400000Z,2026-09-16T18:14:39.7400000Z,6aaadc8f485cab4c954570f0,wenyi091426-3.stratalog.logdata.json
questActiveEvent:43,quest,1,questEvent,Unit 5 Dev - Dungeon,2026-09-16T18:29:20.9570000Z,2026-09-16T18:29:20.9570000Z,6aaae000485cab4c9545730a,wenyi091426-3.stratalog.logdata.json
questActiveEvent:44,quest,1,questEvent,Unit 5 Dev,2026-09-16T18:48:06.6860000Z,2026-09-16T18:48:06.6860000Z,6aaae466485cab4c95457d28,wenyi091426-3.stratalog.logdata.json
questActiveEvent:45,quest,2,questEvent,Unit 5 Dev,2026-09-16T18:54:23.7540000Z,2026-09-16T18:54:23.7550000Z,6aaae5df485cab4c95457fa8,wenyi091426-3.stratalog.logdata.json
questActiveEvent:46,quest,1,questEvent,Unit 4 Dev - Dungeon,2026-09-16T17:34:26.6970000Z,2026-09-16T17:34:26.6970000Z,6aaad322485cab4c954565d0,wenyi091426-3.stratalog.logdata.json
questActiveEvent:47,quest,1,questEvent,Unit 4 Dev - Dungeon,2026-09-16T17:36:16.4850000Z,2026-09-16T17:36:16.4850000Z,6aaad390485cab4c9545667a,wenyi091426-3.stratalog.logdata.json
questActiveEvent:48,quest,1,questEvent,Unit 4 Dev - Dungeon,2026-09-16T17:38:56.2120000Z,2026-09-16T17:38:56.2120000Z,6aaad42f485cab4c95456778,wenyi091426-3.stratalog.logdata.json
questActiveEvent:49,quest,1,questEvent,Unit 4 Dev - Dungeon,2026-09-16T17:42:21.0960000Z,2026-09-16T17:42:21.0960000Z,6aaad4fc485cab4c954568c6,wenyi091426-3.stratalog.logdata.json
questActiveEvent:50,quest,1,questEvent,Unit 4 Dev - Dungeon,2026-09-16T17:45:04.5590000Z,2026-09-16T17:45:04.5590000Z,6aaad5a0485cab4c954569fe,wenyi091426-3.stratalog.logdata.json
questActiveEvent:51,quest,1,questEvent,Unit 5 Dev - Dungeon,2026-09-16T18:36:44.3870000Z,2026-09-16T18:36:44.3870000Z,6aaae1bc485cab4c95457932,wenyi091426-3.stratalog.logdata.json
questActiveEvent:52,quest,1,questEvent,Unit 5 Dev - Dungeon,2026-09-16T18:39:17.7810000Z,2026-09-16T18:39:17.7810000Z,6aaae255485cab4c95457a56,wenyi091426-3.stratalog.logdata.json
questActiveEvent:53,quest,1,questEvent,Unit 5 Dev - Dungeon,2026-09-16T18:42:47.5860000Z,2026-09-16T18:42:47.5860000Z,6aaae327485cab4c95457bec,wenyi091426-3.stratalog.logdata.json
questActiveEvent:54,quest,1,questEvent,Unit 2 Prod (Refactor),2026-09-16T15:38:40.3620000Z,2026-09-16T15:38:40.3620000Z,6aaab800485cab4c95454d94,wenyi091426-3.stratalog.logdata.json
questActiveEvent:55,quest,1,questEvent,Unit 3 Dev,2026-09-16T17:16:30.4550000Z,2026-09-16T17:16:30.4550000Z,6aaaceee485cab4c95455c94,wenyi091426-3.stratalog.logdata.json
questActiveEvent:56,quest,1,questEvent,Unit 4 Dev,2026-09-16T18:19:32.7360000Z,2026-09-16T18:19:32.7360000Z,6aaaddb4485cab4c95457228,wenyi091426-3.stratalog.logdata.json
questActiveEvent:57,quest,1,questEvent,Unit 5 Dev,2026-09-16T19:00:34.4510000Z,2026-09-16T19:00:34.4510000Z,6aaae752485cab4c954580c8,wenyi091426-3.stratalog.logdata.json
questFinishEvent:16,quest,1,questEvent,Unit 3 Dev,2026-09-16T16:43:30.7060000Z,2026-09-16T16:43:30.7060000Z,6aaac732485cab4c95454f72,wenyi091426-3.stratalog.logdata.json
questFinishEvent:17,quest,1,questEvent,Unit 3 Dev,2026-09-16T16:55:59.5880000Z,2026-09-16T16:55:59.5880000Z,6aaaca1f485cab4c9545547a,wenyi091426-3.stratalog.logdata.json
questFinishEvent:18,quest,1,questEvent,Unit 3 Dungeon Dev,2026-09-16T17:08:52.2660000Z,2026-09-16T17:08:52.2660000Z,6aaacd24485cab4c95455b16,wenyi091426-3.stratalog.logdata.json
questFinishEvent:19,quest,1,questEvent,Unit 3 Dev,2026-09-16T17:14:47.8420000Z,2026-09-16T17:14:47.8420000Z,6aaace87485cab4c95455c60,wenyi091426-3.stratalog.logdata.json
questFinishEvent:21,quest,1,questEvent,Unit 2 Prod (Refactor),2026-09-16T01:24:30.2420000Z,2026-09-16T01:24:30.2420000Z,6aa9efcd485cab4c954507d0,wenyi091426-3.stratalog.logdata.json
questFinishEvent:22,quest,1,questEvent,Unit 2 Prod (Refactor),2026-09-16T14:59:01.8370000Z,2026-09-16T14:59:01.8370000Z,6aaaaeb5485cab4c954547bc,wenyi091426-3.stratalog.logdata.json
questFinishEvent:23,quest,1,questEvent,Unit 2 Prod (Refactor),2026-09-16T01:30:21.4520000Z,2026-09-16T01:30:21.4520000Z,6aa9f12d485cab4c95450d49,wenyi091426-3.stratalog.logdata.json
questFinishEvent:24,quest,1,questEvent,Unit 2 Prod (Refactor),2026-09-16T14:55:14.2410000Z,2026-09-16T14:55:14.2410000Z,6aaaadd2485cab4c95454736,wenyi091426-3.stratalog.logdata.json
questFinishEvent:25,quest,1,questEvent,Unit 2 Prod (Refactor),2026-09-16T15:36:06.8050000Z,2026-09-16T15:36:06.8050000Z,6aaab766485cab4c95454d5a,wenyi091426-3.stratalog.logdata.json
questFinishEvent:28,quest,1,questEvent,Unit 1 Dev,2026-09-16T00:49:01.5900000Z,2026-09-16T00:49:01.5900000Z,6aa9e77d485cab4c9544e7f3,wenyi091426-3.stratalog.logdata.json
questFinishEvent:29,quest,1,questEvent,Unit 1 Dev,2026-09-16T00:50:53.6170000Z,2026-09-16T00:50:53.6170000Z,6aa9e7ed485cab4c9544e8d9,wenyi091426-3.stratalog.logdata.json
questFinishEvent:31,quest,1,questEvent,Unit 1 Dev,2026-09-16T00:55:58.1440000Z,2026-09-16T00:55:58.1440000Z,6aa9e91d485cab4c9544eb31,wenyi091426-3.stratalog.logdata.json
questFinishEvent:32,quest,1,questEvent,Unit 1 Dev,2026-09-16T01:04:24.1220000Z,2026-09-16T01:04:24.1220000Z,6aa9eb17485cab4c9544efd5,wenyi091426-3.stratalog.logdata.json
questFinishEvent:33,quest,1,questEvent,Unit 1 Dev,2026-09-16T01:08:24.0030000Z,2026-09-16T01:08:24.0030000Z,6aa9ec07485cab4c9544f3bd,wenyi091426-3.stratalog.logdata.json
questFinishEvent:34,quest,1,questEvent,Unit 1 Dev,2026-09-16T01:09:41.4050000Z,2026-09-16T01:09:41.4050000Z,6aa9ec55485cab4c9544f523,wenyi091426-3.stratalog.logdata.json
questFinishEvent:36,quest,1,questEvent,Unit 4 Dev - Anderson Base,2026-09-16T18:10:42.8080000Z,2026-09-16T18:10:42.8080000Z,6aaadba2485cab4c9545704e,wenyi091426-3.stratalog.logdata.json
questFinishEvent:40,quest,1,questEvent,Unit 4 Dev,2026-09-16T17:51:59.9930000Z,2026-09-16T17:51:59.9930000Z,6aaad73f485cab4c95456c64,wenyi091426-3.stratalog.logdata.json
questFinishEvent:41,quest,1,questEvent,Unit 4 Dev,2026-09-16T18:19:32.7330000Z,2026-09-16T18:19:32.7330000Z,6aaaddb4485cab4c95457226,wenyi091426-3.stratalog.logdata.json
questFinishEvent:43,quest,1,questEvent,Unit 5 Dev - Dungeon,2026-09-16T18:36:44.3860000Z,2026-09-16T18:36:44.3860000Z,6aaae1bc485cab4c95457930,wenyi091426-3.stratalog.logdata.json
questFinishEvent:44,quest,1,questEvent,Unit 5 Dev,2026-09-16T18:53:30.6610000Z,2026-09-16T18:53:30.6610000Z,6aaae5aa485cab4c95457f4e,wenyi091426-3.stratalog.logdata.json
questFinishEvent:45,quest,2,questEvent,Unit 5 Dev,2026-09-16T18:59:25.5170000Z,2026-09-16T18:59:25.5170000Z,6aaae70d485cab4c9545809c,wenyi091426-3.stratalog.logdata.json
questFinishEvent:46,quest,1,questEvent,Unit 4 Dev - Dungeon,2026-09-16T17:36:16.4840000Z,2026-09-16T17:36:16.4840000Z,6aaad390485cab4c95456678,wenyi091426-3.stratalog.logdata.json
questFinishEvent:47,quest,1,questEvent,Unit 4 Dev - Dungeon,2026-09-16T17:38:56.2110000Z,2026-09-16T17:38:56.2110000Z,6aaad42f485cab4c95456776,wenyi091426-3.stratalog.logdata.json
questFinishEvent:48,quest,1,questEvent,Unit 4 Dev - Dungeon,2026-09-16T17:42:21.0950000Z,2026-09-16T17:42:21.0950000Z,6aaad4fc485cab4c954568c4,wenyi091426-3.stratalog.logdata.json
questFinishEvent:49,quest,1,questEvent,Unit 4 Dev - Dungeon,2026-09-16T17:45:04.5580000Z,2026-09-16T17:45:04.5580000Z,6aaad5a0485cab4c954569fc,wenyi091426-3.stratalog.logdata.json
questFinishEvent:51,quest,1,questEvent,Unit 5 Dev - Dungeon,2026-09-16T18:39:17.7800000Z,2026-09-16T18:39:17.7800000Z,6aaae255485cab4c95457a54,wenyi091426-3.stratalog.logdata.json
questFinishEvent:52,quest,1,questEvent,Unit 5 Dev - Dungeon,2026-09-16T18:42:47.5850000Z,2026-09-16T18:42:47.5850000Z,6aaae327485cab4c95457bea,wenyi091426-3.stratalog.logdata.json
questFinishEvent:54,quest,1,questEvent,Unit 2 Prod (Refactor),2026-09-16T15:40:55.0790000Z,2026-09-16T15:40:55.0790000Z,6aaab886485cab4c95454dfa,wenyi091426-3.stratalog.logdata.json
questFinishEvent:55,quest,1,questEvent,Unit 3 Dev,2026-09-16T17:20:57.6520000Z,2026-09-16T17:20:57.6520000Z,6aaacff9485cab4c95455d14,wenyi091426-3.stratalog.logdata.json
questFinishEvent:56,quest,1,questEvent,Unit 4 Dev,2026-09-16T18:25:56.3710000Z,2026-09-16T18:25:56.3710000Z,6aaadf34485cab4c954572ec,wenyi091426-3.stratalog.logdata.json
