eventKey,kind,count,eventTypes,scenes,first_ts,last_ts,example_id,example_src
DialogueNodeEvent:100:44,dialogue,1,DialogueEvent,Unit 5 Dev - Dungeon,2026-08-25T18:47:20.5530000Z,2026-08-25T18:47:20.5530000Z,6a8de337485cab4c953c2542,wenyi082526-1.stratalog.logdata.json
DialogueNodeEvent:103:0,dialogue,4,DialogueEvent,Unit 2 Prod (Refactor),2026-08-25T17:35:30.9100000Z,2026-08-25T17:36:00.7080000Z,6a8dd261485cab4c953c0a80,wenyi082526-1.stratalog.logdata.json
DialogueNodeEvent:103:1,dialogue,1,DialogueEvent,Unit 2 Prod (Refactor),2026-08-25T17:35:30.9130000Z,2026-08-25T17:35:30.9130000Z,6a8dd262485cab4c953c0a84,wenyi082526-1.stratalog.logdata.json
DialogueNodeEvent:103:12,dialogue,1,DialogueEvent,Unit 2 Prod (Refactor),2026-08-25T17:35:47.7340000Z,2026-08-25T17:35:47.7340000Z,6a8dd272485cab4c953c0aa6,wenyi082526-1.stratalog.logdata.json
DialogueNodeEvent:103:15,dialogue,1,DialogueEvent,Unit 2 Prod (Refactor),2026-08-25T17:35:48.9350000Z,2026-08-25T17:35:48.9350000Z,6a8dd274485cab4c953c0aa8,wenyi082526-1.stratalog.logdata.json
DialogueNodeEvent:103:16,dialogue,1,DialogueEvent,Unit 2 Prod (Refactor),2026-08-25T17:35:49.9700000Z,2026-08-25T17:35:49.9700000Z,6a8dd275485cab4c953c0aaa,wenyi082526-1.stratalog.logdata.json
DialogueNodeEvent:103:17,dialogue,1,DialogueEvent,Unit 2 Prod (Refactor),2026-08-25T17:35:52.4400000Z,2026-08-25T17:35:52.4400000Z,6a8dd277485cab4c953c0aba,wenyi082526-1.stratalog.logdata.json
DialogueNodeEvent:103:19,dialogue,1,DialogueEvent,Unit 2 Prod (Refactor),2026-08-25T17:35:57.4390000Z,2026-08-25T17:35:57.4390000Z,6a8dd27c485cab4c953c0abc,wenyi082526-1.stratalog.logdata.json
DialogueNodeEvent:103:2,dialogue,1,DialogueEvent,Unit 2 Prod (Refactor),2026-08-25T17:35:33.5280000Z,2026-08-25T17:35:33.5280000Z,6a8dd264485cab4c953c0a86,wenyi082526-1.stratalog.logdata.json
DialogueNodeEvent:103:22,dialogue,1,DialogueEvent,Unit 2 Prod (Refactor),2026-08-25T17:35:58.1720000Z,2026-08-25T17:35:58.1720000Z,6a8dd27d485cab4c953c0ac0,wenyi082526-1.stratalog.logdata.json
DialogueNodeEvent:103:24,dialogue,1,DialogueEvent,Unit 2 Prod (Refactor),2026-08-25T17:35:58.2910000Z,2026-08-25T17:35:58.2910000Z,6a8dd27d485cab4c953c0ac2,wenyi082526-1.stratalog.logdata.json
DialogueNodeEvent:103:25,dialogue,1,DialogueEvent,Unit 2 Prod (Refactor),2026-08-25T17:36:00.7110000Z,2026-08-25T17:36:00.7110000Z,6a8dd27f485cab4c953c0ad6,wenyi082526-1.stratalog.logdata.json
DialogueNodeEvent:103:26,dialogue,1,DialogueEvent,Unit 2 Prod (Refactor),2026-08-25T17:36:01.5910000Z,2026-08-25T17:36:01.5910000Z,6a8dd280485cab4c953c0ad8,wenyi082526-1.stratalog.logdata.json
DialogueNodeEvent:103:27,dialogue,1,DialogueEvent,Unit 2 Prod (Refactor),2026-08-25T17:36:01.7580000Z,2026-08-25T17:36:01.7580000Z,6a8dd280485cab4c953c0ada,wenyi082526-1.stratalog.logdata.json
DialogueNodeEvent:103:28,dialogue,1,DialogueEvent,Unit 2 Prod (Refactor),2026-08-25T17:36:05.5010000Z,2026-08-25T17:36:05.5010000Z,6a8dd284485cab4c953c0ade,wenyi082526-1.stratalog.logdata.json
DialogueNodeEvent:103:31,dialogue,1,DialogueEvent,Unit 2 Prod (Refactor),2026-08-25T17:36:06.7130000Z,2026-08-25T17:36:06.7130000Z,6a8dd285485cab4c953c0ae4,wenyi082526-1.stratalog.logdata.json
DialogueNodeEvent:103:32,dialogue,1,DialogueEvent,Unit 2 Prod (Refactor),2026-08-25T17:36:06.5770000Z,2026-08-25T17:36:06.5770000Z,6a8dd285485cab4c953c0ae0,wenyi082526-1.stratalog.logdata.json
DialogueNodeEvent:103:4,dialogue,1,DialogueEvent,Unit 2 Prod (Refactor),2026-08-25T17:35:34.1780000Z,2026-08-25T17:35:34.1780000Z,6a8dd265485cab4c953c0a88,wenyi082526-1.stratalog.logdata.json
DialogueNodeEvent:103:5,dialogue,1,DialogueEvent,Unit 2 Prod (Refactor),2026-08-25T17:35:36.1790000Z,2026-08-25T17:35:36.1790000Z,6a8dd267485cab4c953c0a8a,wenyi082526-1.stratalog.logdata.json
DialogueNodeEvent:103:7,dialogue,1,DialogueEvent,Unit 2 Prod (Refactor),2026-08-25T17:35:36.9800000Z,2026-08-25T17:35:36.9800000Z,6a8dd268485cab4c953c0a8c,wenyi082526-1.stratalog.logdata.json
DialogueNodeEvent:103:8,dialogue,1,DialogueEvent,Unit 2 Prod (Refactor),2026-08-25T17:35:40.5520000Z,2026-08-25T17:35:40.5520000Z,6a8dd26b485cab4c953c0aa0,wenyi082526-1.stratalog.logdata.json
DialogueNodeEvent:103:9,dialogue,1,DialogueEvent,Unit 2 Prod (Refactor),2026-08-25T17:35:41.8310000Z,2026-08-25T17:35:41.8310000Z,6a8dd26c485cab4c953c0aa2,wenyi082526-1.stratalog.logdata.json
DialogueNodeEvent:104:1,dialogue,1,DialogueEvent,Unit 3 Dev,2026-08-25T18:11:19.0540000Z,2026-08-25T18:11:19.0540000Z,6a8ddac6485cab4c953c1708,wenyi082526-1.stratalog.logdata.json
DialogueNodeEvent:104:10,dialogue,1,DialogueEvent,Unit 3 Dev,2026-08-25T18:11:30.1240000Z,2026-08-25T18:11:30.1240000Z,6a8ddad1485cab4c953c171a,wenyi082526-1.stratalog.logdata.json
DialogueNodeEvent:104:12,dialogue,1,DialogueEvent,Unit 3 Dev,2026-08-25T18:11:31.8590000Z,2026-08-25T18:11:31.8590000Z,6a8ddad2485cab4c953c171c,wenyi082526-1.stratalog.logdata.json
DialogueNodeEvent:104:13,dialogue,1,DialogueEvent,Unit 3 Dev,2026-08-25T18:11:02.0780000Z,2026-08-25T18:11:02.0780000Z,6a8ddab5485cab4c953c16ec,wenyi082526-1.stratalog.logdata.json
DialogueNodeEvent:104:14,dialogue,1,DialogueEvent,Unit 3 Dev,2026-08-25T18:11:02.9940000Z,2026-08-25T18:11:02.9940000Z,6a8ddab6485cab4c953c16f0,wenyi082526-1.stratalog.logdata.json
DialogueNodeEvent:104:15,dialogue,1,DialogueEvent,Unit 3 Dev,2026-08-25T18:11:05.5120000Z,2026-08-25T18:11:05.5120000Z,6a8ddab8485cab4c953c16f4,wenyi082526-1.stratalog.logdata.json
DialogueNodeEvent:104:17,dialogue,1,DialogueEvent,Unit 3 Dev,2026-08-25T18:11:06.2960000Z,2026-08-25T18:11:06.2960000Z,6a8ddab9485cab4c953c16f6,wenyi082526-1.stratalog.logdata.json
DialogueNodeEvent:104:18,dialogue,1,DialogueEvent,Unit 3 Dev,2026-08-25T18:11:08.6470000Z,2026-08-25T18:11:08.6470000Z,6a8ddabb485cab4c953c16f8,wenyi082526-1.stratalog.logdata.json
DialogueNodeEvent:104:2,dialogue,1,DialogueEvent,Unit 3 Dev,2026-08-25T18:11:24.7550000Z,2026-08-25T18:11:24.7550000Z,6a8ddacb485cab4c953c170e,wenyi082526-1.stratalog.logdata.json
DialogueNodeEvent:104:20,dialogue,1,DialogueEvent,Unit 3 Dev,2026-08-25T18:11:09.4470000Z,2026-08-25T18:11:09.4470000Z,6a8ddabc485cab4c953c16fa,wenyi082526-1.stratalog.logdata.json
DialogueNodeEvent:104:22,dialogue,1,DialogueEvent,Unit 3 Dev,2026-08-25T18:11:09.6150000Z,2026-08-25T18:11:09.6150000Z,6a8ddabc485cab4c953c16fc,wenyi082526-1.stratalog.logdata.json
DialogueNodeEvent:104:23,dialogue,2,DialogueEvent,Unit 3 Dev,2026-08-25T18:11:38.1620000Z,2026-08-25T18:11:52.4020000Z,6a8ddad9485cab4c953c172c,wenyi082526-1.stratalog.logdata.json
DialogueNodeEvent:104:24,dialogue,1,DialogueEvent,Unit 3 Dev,2026-08-25T18:11:51.0500000Z,2026-08-25T18:11:51.0500000Z,6a8ddae6485cab4c953c1732,wenyi082526-1.stratalog.logdata.json
DialogueNodeEvent:104:25,dialogue,1,DialogueEvent,Unit 3 Dev,2026-08-25T18:11:54.9440000Z,2026-08-25T18:11:54.9440000Z,6a8ddaea485cab4c953c1740,wenyi082526-1.stratalog.logdata.json
DialogueNodeEvent:104:26,dialogue,1,DialogueEvent,Unit 3 Dev,2026-08-25T18:11:55.6690000Z,2026-08-25T18:11:55.6690000Z,6a8ddaea485cab4c953c1742,wenyi082526-1.stratalog.logdata.json
DialogueNodeEvent:104:27,dialogue,1,DialogueEvent,Unit 3 Dev,2026-08-25T18:11:55.8390000Z,2026-08-25T18:11:55.8390000Z,6a8ddaea485cab4c953c1746,wenyi082526-1.stratalog.logdata.json
DialogueNodeEvent:104:28,dialogue,1,DialogueEvent,Unit 3 Dev,2026-08-25T18:11:52.0340000Z,2026-08-25T18:11:52.0340000Z,6a8ddae7485cab4c953c1734,wenyi082526-1.stratalog.logdata.json
DialogueNodeEvent:104:4,dialogue,1,DialogueEvent,Unit 3 Dev,2026-08-25T18:11:25.5380000Z,2026-08-25T18:11:25.5380000Z,6a8ddacc485cab4c953c1710,wenyi082526-1.stratalog.logdata.json
DialogueNodeEvent:104:5,dialogue,1,DialogueEvent,Unit 3 Dev,2026-08-25T18:11:25.9050000Z,2026-08-25T18:11:25.9050000Z,6a8ddacc485cab4c953c1712,wenyi082526-1.stratalog.logdata.json
DialogueNodeEvent:104:6,dialogue,1,DialogueEvent,Unit 3 Dev,2026-08-25T18:11:26.3050000Z,2026-08-25T18:11:26.3050000Z,6a8ddacd485cab4c953c1714,wenyi082526-1.stratalog.logdata.json
DialogueNodeEvent:104:7,dialogue,1,DialogueEvent,Unit 3 Dev,2026-08-25T18:11:26.7390000Z,2026-08-25T18:11:26.7390000Z,6a8ddacd485cab4c953c1716,wenyi082526-1.stratalog.logdata.json
DialogueNodeEvent:104:8,dialogue,1,DialogueEvent,Unit 3 Dev,2026-08-25T18:11:28.7900000Z,2026-08-25T18:11:28.7900000Z,6a8ddacf485cab4c953c1718,wenyi082526-1.stratalog.logdata.json
DialogueNodeEvent:105:1,dialogue,1,DialogueEvent,Unit 4 Dev,2026-08-25T18:41:30.7190000Z,2026-08-25T18:41:30.7190000Z,6a8de1d9485cab4c953c22de,wenyi082526-1.stratalog.logdata.json
DialogueNodeEvent:105:10,dialogue,1,DialogueEvent,Unit 4 Dev,2026-08-25T18:42:08.8020000Z,2026-08-25T18:42:08.8020000Z,6a8de1ff485cab4c953c22fc,wenyi082526-1.stratalog.logdata.json
DialogueNodeEvent:105:12,dialogue,1,DialogueEvent,Unit 4 Dev,2026-08-25T18:42:10.8530000Z,2026-08-25T18:42:10.8530000Z,6a8de201485cab4c953c2300,wenyi082526-1.stratalog.logdata.json
DialogueNodeEvent:105:14,dialogue,1,DialogueEvent,Unit 4 Dev,2026-08-25T18:42:11.1540000Z,2026-08-25T18:42:11.1540000Z,6a8de202485cab4c953c2302,wenyi082526-1.stratalog.logdata.json
DialogueNodeEvent:105:15,dialogue,1,DialogueEvent,Unit 4 Dev,2026-08-25T18:42:16.5070000Z,2026-08-25T18:42:16.5070000Z,6a8de207485cab4c953c2314,wenyi082526-1.stratalog.logdata.json
DialogueNodeEvent:105:16,dialogue,1,DialogueEvent,Unit 4 Dev,2026-08-25T18:42:17.6060000Z,2026-08-25T18:42:17.6060000Z,6a8de208485cab4c953c231a,wenyi082526-1.stratalog.logdata.json
DialogueNodeEvent:105:17,dialogue,1,DialogueEvent,Unit 4 Dev,2026-08-25T18:42:19.4400000Z,2026-08-25T18:42:19.4400000Z,6a8de20a485cab4c953c231c,wenyi082526-1.stratalog.logdata.json
DialogueNodeEvent:105:19,dialogue,1,DialogueEvent,Unit 4 Dev,2026-08-25T18:42:20.2410000Z,2026-08-25T18:42:20.2410000Z,6a8de20b485cab4c953c231e,wenyi082526-1.stratalog.logdata.json
DialogueNodeEvent:105:2,dialogue,1,DialogueEvent,Unit 4 Dev,2026-08-25T18:41:38.3870000Z,2026-08-25T18:41:38.3870000Z,6a8de1e1485cab4c953c22e4,wenyi082526-1.stratalog.logdata.json
DialogueNodeEvent:105:20,dialogue,1,DialogueEvent,Unit 4 Dev,2026-08-25T18:43:12.5830000Z,2026-08-25T18:43:12.5830000Z,6a8de23f485cab4c953c2336,wenyi082526-1.stratalog.logdata.json
DialogueNodeEvent:105:22,dialogue,1,DialogueEvent,Unit 4 Dev,2026-08-25T18:43:13.4160000Z,2026-08-25T18:43:13.4160000Z,6a8de240485cab4c953c2338,wenyi082526-1.stratalog.logdata.json
DialogueNodeEvent:105:23,dialogue,1,DialogueEvent,Unit 4 Dev,2026-08-25T18:43:14.1330000Z,2026-08-25T18:43:14.1330000Z,6a8de241485cab4c953c233a,wenyi082526-1.stratalog.logdata.json
DialogueNodeEvent:105:26,dialogue,1,DialogueEvent,Unit 4 Dev,2026-08-25T18:43:14.4510000Z,2026-08-25T18:43:14.4510000Z,6a8de241485cab4c953c233c,wenyi082526-1.stratalog.logdata.json
DialogueNodeEvent:105:27,dialogue,1,DialogueEvent,Unit 4 Dev,2026-08-25T18:41:07.8740000Z,2026-08-25T18:41:07.8740000Z,6a8de1c2485cab4c953c22bc,wenyi082526-1.stratalog.logdata.json
DialogueNodeEvent:105:28,dialogue,1,DialogueEvent,Unit 4 Dev,2026-08-25T18:41:09.3240000Z,2026-08-25T18:41:09.3240000Z,6a8de1c4485cab4c953c22c0,wenyi082526-1.stratalog.logdata.json
DialogueNodeEvent:105:29,dialogue,1,DialogueEvent,Unit 4 Dev,2026-08-25T18:41:12.1250000Z,2026-08-25T18:41:12.1250000Z,6a8de1c7485cab4c953c22c4,wenyi082526-1.stratalog.logdata.json
DialogueNodeEvent:105:31,dialogue,1,DialogueEvent,Unit 4 Dev,2026-08-25T18:41:12.7090000Z,2026-08-25T18:41:12.7090000Z,6a8de1c7485cab4c953c22c6,wenyi082526-1.stratalog.logdata.json
DialogueNodeEvent:105:34,dialogue,1,DialogueEvent,Unit 4 Dev,2026-08-25T18:41:25.3810000Z,2026-08-25T18:41:25.3810000Z,6a8de1d4485cab4c953c22cc,wenyi082526-1.stratalog.logdata.json
DialogueNodeEvent:105:37,dialogue,1,DialogueEvent,Unit 4 Dev,2026-08-25T18:41:26.6490000Z,2026-08-25T18:41:26.6490000Z,6a8de1d5485cab4c953c22ce,wenyi082526-1.stratalog.logdata.json
DialogueNodeEvent:105:38,dialogue,1,DialogueEvent,Unit 4 Dev,2026-08-25T18:41:27.6000000Z,2026-08-25T18:41:27.6000000Z,6a8de1d6485cab4c953c22d2,wenyi082526-1.stratalog.logdata.json
DialogueNodeEvent:105:39,dialogue,4,DialogueEvent,Unit 4 Dev,2026-08-25T18:43:45.6830000Z,2026-08-25T18:44:09.9810000Z,6a8de260485cab4c953c235a,wenyi082526-1.stratalog.logdata.json
DialogueNodeEvent:105:4,dialogue,1,DialogueEvent,Unit 4 Dev,2026-08-25T18:41:39.1380000Z,2026-08-25T18:41:39.1380000Z,6a8de1e2485cab4c953c22e6,wenyi082526-1.stratalog.logdata.json
DialogueNodeEvent:105:40,dialogue,1,DialogueEvent,Unit 4 Dev,2026-08-25T18:44:07.7750000Z,2026-08-25T18:44:07.7750000Z,6a8de276485cab4c953c236e,wenyi082526-1.stratalog.logdata.json
DialogueNodeEvent:105:41,dialogue,1,DialogueEvent,Unit 4 Dev,2026-08-25T18:44:08.9430000Z,2026-08-25T18:44:08.9430000Z,6a8de277485cab4c953c2370,wenyi082526-1.stratalog.logdata.json
DialogueNodeEvent:105:42,dialogue,1,DialogueEvent,Unit 4 Dev,2026-08-25T18:44:16.2210000Z,2026-08-25T18:44:16.2210000Z,6a8de27f485cab4c953c2382,wenyi082526-1.stratalog.logdata.json
DialogueNodeEvent:105:43,dialogue,1,DialogueEvent,Unit 4 Dev,2026-08-25T18:44:16.9630000Z,2026-08-25T18:44:16.9630000Z,6a8de27f485cab4c953c2384,wenyi082526-1.stratalog.logdata.json
DialogueNodeEvent:105:44,dialogue,1,DialogueEvent,Unit 4 Dev,2026-08-25T18:44:17.3330000Z,2026-08-25T18:44:17.3330000Z,6a8de280485cab4c953c238a,wenyi082526-1.stratalog.logdata.json
DialogueNodeEvent:105:5,dialogue,1,DialogueEvent,Unit 4 Dev,2026-08-25T18:41:39.5050000Z,2026-08-25T18:41:39.5050000Z,6a8de1e2485cab4c953c22e8,wenyi082526-1.stratalog.logdata.json
DialogueNodeEvent:105:6,dialogue,1,DialogueEvent,Unit 4 Dev,2026-08-25T18:41:39.9390000Z,2026-08-25T18:41:39.9390000Z,6a8de1e2485cab4c953c22ea,wenyi082526-1.stratalog.logdata.json
DialogueNodeEvent:105:7,dialogue,1,DialogueEvent,Unit 4 Dev,2026-08-25T18:41:40.3390000Z,2026-08-25T18:41:40.3390000Z,6a8de1e3485cab4c953c22ee,wenyi082526-1.stratalog.logdata.json
DialogueNodeEvent:105:8,dialogue,1,DialogueEvent,Unit 4 Dev,2026-08-25T18:42:08.0180000Z,2026-08-25T18:42:08.0180000Z,6a8de1ff485cab4c953c22fa,wenyi082526-1.stratalog.logdata.json
DialogueNodeEvent:106:0,dialogue,1,DialogueEvent,Unit 5 Dev,2026-08-25T19:04:07.2350000Z,2026-08-25T19:04:07.2350000Z,6a8de726485cab4c953c2c68,wenyi082526-1.stratalog.logdata.json
DialogueNodeEvent:106:35,dialogue,1,DialogueEvent,Unit 5 Dev,2026-08-25T19:04:07.2500000Z,2026-08-25T19:04:07.2500000Z,6a8de726485cab4c953c2c6e,wenyi082526-1.stratalog.logdata.json
DialogueNodeEvent:106:37,dialogue,1,DialogueEvent,Unit 5 Dev,2026-08-25T19:04:09.5830000Z,2026-08-25T19:04:09.5830000Z,6a8de728485cab4c953c2c70,wenyi082526-1.stratalog.logdata.json
DialogueNodeEvent:107:0,dialogue,1,DialogueEvent,Unit 4 Dev,2026-08-25T18:25:39.2460000Z,2026-08-25T18:25:39.2460000Z,6a8dde22485cab4c953c1dbc,wenyi082526-1.stratalog.logdata.json
DialogueNodeEvent:107:1,dialogue,1,DialogueEvent,Unit 4 Dev,2026-08-25T18:25:39.2490000Z,2026-08-25T18:25:39.2490000Z,6a8dde22485cab4c953c1dc0,wenyi082526-1.stratalog.logdata.json
DialogueNodeEvent:107:5,dialogue,1,DialogueEvent,Unit 4 Dev,2026-08-25T18:25:43.0640000Z,2026-08-25T18:25:43.0640000Z,6a8dde26485cab4c953c1dc4,wenyi082526-1.stratalog.logdata.json
DialogueNodeEvent:107:9,dialogue,1,DialogueEvent,Unit 4 Dev,2026-08-25T18:25:44.0650000Z,2026-08-25T18:25:44.0650000Z,6a8dde27485cab4c953c1dc6,wenyi082526-1.stratalog.logdata.json
DialogueNodeEvent:109:1,dialogue,1,DialogueEvent,Unit 5 Dev,2026-08-25T19:06:11.6590000Z,2026-08-25T19:06:11.6590000Z,6a8de7a2485cab4c953c2d32,wenyi082526-1.stratalog.logdata.json
DialogueNodeEvent:109:10,dialogue,1,DialogueEvent,Unit 5 Dev,2026-08-25T19:06:21.5120000Z,2026-08-25T19:06:21.5120000Z,6a8de7ac485cab4c953c2d44,wenyi082526-1.stratalog.logdata.json
DialogueNodeEvent:109:12,dialogue,1,DialogueEvent,Unit 5 Dev,2026-08-25T19:06:22.2790000Z,2026-08-25T19:06:22.2790000Z,6a8de7ad485cab4c953c2d46,wenyi082526-1.stratalog.logdata.json
DialogueNodeEvent:109:13,dialogue,1,DialogueEvent,Unit 5 Dev,2026-08-25T19:06:22.5970000Z,2026-08-25T19:06:22.5970000Z,6a8de7ad485cab4c953c2d48,wenyi082526-1.stratalog.logdata.json
DialogueNodeEvent:109:14,dialogue,1,DialogueEvent,Unit 5 Dev,2026-08-25T19:06:22.9470000Z,2026-08-25T19:06:22.9470000Z,6a8de7ad485cab4c953c2d4c,wenyi082526-1.stratalog.logdata.json
DialogueNodeEvent:109:15,dialogue,1,DialogueEvent,Unit 5 Dev,2026-08-25T19:06:00.4200000Z,2026-08-25T19:06:00.4200000Z,6a8de797485cab4c953c2d16,wenyi082526-1.stratalog.logdata.json
DialogueNodeEvent:109:16,dialogue,1,DialogueEvent,Unit 5 Dev,2026-08-25T19:06:02.9540000Z,2026-08-25T19:06:02.9540000Z,6a8de799485cab4c953c2d1c,wenyi082526-1.stratalog.logdata.json
DialogueNodeEvent:109:17,dialogue,1,DialogueEvent,Unit 5 Dev,2026-08-25T19:06:03.4040000Z,2026-08-25T19:06:03.4040000Z,6a8de79a485cab4c953c2d1e,wenyi082526-1.stratalog.logdata.json
DialogueNodeEvent:109:18,dialogue,1,DialogueEvent,Unit 5 Dev,2026-08-25T19:06:03.7880000Z,2026-08-25T19:06:03.7880000Z,6a8de79a485cab4c953c2d20,wenyi082526-1.stratalog.logdata.json
DialogueNodeEvent:109:19,dialogue,1,DialogueEvent,Unit 5 Dev,2026-08-25T19:06:04.2050000Z,2026-08-25T19:06:04.2050000Z,6a8de79b485cab4c953c2d22,wenyi082526-1.stratalog.logdata.json
DialogueNodeEvent:109:2,dialogue,1,DialogueEvent,Unit 5 Dev,2026-08-25T19:06:13.5420000Z,2026-08-25T19:06:13.5420000Z,6a8de7a4485cab4c953c2d38,wenyi082526-1.stratalog.logdata.json
DialogueNodeEvent:109:20,dialogue,1,DialogueEvent,Unit 5 Dev,2026-08-25T19:06:04.6210000Z,2026-08-25T19:06:04.6210000Z,6a8de79b485cab4c953c2d24,wenyi082526-1.stratalog.logdata.json
DialogueNodeEvent:109:21,dialogue,1,DialogueEvent,Unit 5 Dev,2026-08-25T19:06:06.4230000Z,2026-08-25T19:06:06.4230000Z,6a8de79d485cab4c953c2d26,wenyi082526-1.stratalog.logdata.json
DialogueNodeEvent:109:23,dialogue,1,DialogueEvent,Unit 5 Dev,2026-08-25T19:05:43.1110000Z,2026-08-25T19:05:43.1110000Z,6a8de786485cab4c953c2cf2,wenyi082526-1.stratalog.logdata.json
DialogueNodeEvent:109:24,dialogue,1,DialogueEvent,Unit 5 Dev,2026-08-25T19:05:45.4620000Z,2026-08-25T19:05:45.4620000Z,6a8de788485cab4c953c2cf6,wenyi082526-1.stratalog.logdata.json
DialogueNodeEvent:109:25,dialogue,1,DialogueEvent,Unit 5 Dev,2026-08-25T19:05:45.9120000Z,2026-08-25T19:05:45.9120000Z,6a8de788485cab4c953c2cf8,wenyi082526-1.stratalog.logdata.json
DialogueNodeEvent:109:26,dialogue,1,DialogueEvent,Unit 5 Dev,2026-08-25T19:05:46.3300000Z,2026-08-25T19:05:46.3300000Z,6a8de789485cab4c953c2cfa,wenyi082526-1.stratalog.logdata.json
DialogueNodeEvent:109:27,dialogue,1,DialogueEvent,Unit 5 Dev,2026-08-25T19:05:46.7630000Z,2026-08-25T19:05:46.7630000Z,6a8de789485cab4c953c2cfc,wenyi082526-1.stratalog.logdata.json
DialogueNodeEvent:109:28,dialogue,1,DialogueEvent,Unit 5 Dev,2026-08-25T19:05:47.2130000Z,2026-08-25T19:05:47.2130000Z,6a8de78a485cab4c953c2cfe,wenyi082526-1.stratalog.logdata.json
DialogueNodeEvent:109:29,dialogue,1,DialogueEvent,Unit 5 Dev,2026-08-25T19:05:47.6130000Z,2026-08-25T19:05:47.6130000Z,6a8de78a485cab4c953c2d00,wenyi082526-1.stratalog.logdata.json
DialogueNodeEvent:109:3,dialogue,1,DialogueEvent,Unit 5 Dev,2026-08-25T19:06:16.1600000Z,2026-08-25T19:06:16.1600000Z,6a8de7a7485cab4c953c2d3a,wenyi082526-1.stratalog.logdata.json
DialogueNodeEvent:109:30,dialogue,1,DialogueEvent,Unit 5 Dev,2026-08-25T19:05:48.0470000Z,2026-08-25T19:05:48.0470000Z,6a8de78b485cab4c953c2d02,wenyi082526-1.stratalog.logdata.json
DialogueNodeEvent:109:31,dialogue,1,DialogueEvent,Unit 5 Dev,2026-08-25T19:05:48.4640000Z,2026-08-25T19:05:48.4640000Z,6a8de78b485cab4c953c2d04,wenyi082526-1.stratalog.logdata.json
DialogueNodeEvent:109:32,dialogue,1,DialogueEvent,Unit 5 Dev,2026-08-25T19:05:49.0300000Z,2026-08-25T19:05:49.0300000Z,6a8de78c485cab4c953c2d06,wenyi082526-1.stratalog.logdata.json
DialogueNodeEvent:109:33,dialogue,1,DialogueEvent,Unit 5 Dev,2026-08-25T19:05:49.3810000Z,2026-08-25T19:05:49.3810000Z,6a8de78c485cab4c953c2d08,wenyi082526-1.stratalog.logdata.json
DialogueNodeEvent:109:34,dialogue,1,DialogueEvent,Unit 5 Dev,2026-08-25T19:05:53.1490000Z,2026-08-25T19:05:53.1490000Z,6a8de790485cab4c953c2d0c,wenyi082526-1.stratalog.logdata.json
DialogueNodeEvent:109:36,dialogue,1,DialogueEvent,Unit 5 Dev,2026-08-25T19:05:54.0170000Z,2026-08-25T19:05:54.0170000Z,6a8de791485cab4c953c2d0e,wenyi082526-1.stratalog.logdata.json
DialogueNodeEvent:109:38,dialogue,1,DialogueEvent,Unit 5 Dev,2026-08-25T19:06:23.2980000Z,2026-08-25T19:06:23.2980000Z,6a8de7ae485cab4c953c2d4e,wenyi082526-1.stratalog.logdata.json
DialogueNodeEvent:109:5,dialogue,1,DialogueEvent,Unit 5 Dev,2026-08-25T19:06:17.2440000Z,2026-08-25T19:06:17.2440000Z,6a8de7a8485cab4c953c2d3c,wenyi082526-1.stratalog.logdata.json
DialogueNodeEvent:109:6,dialogue,1,DialogueEvent,Unit 5 Dev,2026-08-25T19:06:17.5950000Z,2026-08-25T19:06:17.5950000Z,6a8de7a8485cab4c953c2d3e,wenyi082526-1.stratalog.logdata.json
DialogueNodeEvent:109:7,dialogue,1,DialogueEvent,Unit 5 Dev,2026-08-25T19:06:18.0450000Z,2026-08-25T19:06:18.0450000Z,6a8de7a9485cab4c953c2d40,wenyi082526-1.stratalog.logdata.json
DialogueNodeEvent:109:8,dialogue,1,DialogueEvent,Unit 5 Dev,2026-08-25T19:06:18.4940000Z,2026-08-25T19:06:18.4940000Z,6a8de7a9485cab4c953c2d42,wenyi082526-1.stratalog.logdata.json
DialogueNodeEvent:10:0,dialogue,2,DialogueEvent,Unit 3 Dev,2026-08-25T17:52:02.4680000Z,2026-08-25T18:10:39.7010000Z,6a8dd641485cab4c953c0d56,wenyi082526-1.stratalog.logdata.json
DialogueNodeEvent:10:1,dialogue,1,DialogueEvent,Unit 3 Dev,2026-08-25T17:45:06.5030000Z,2026-08-25T17:45:06.5030000Z,6a8dd4a1485cab4c953c0b8a,wenyi082526-1.stratalog.logdata.json
DialogueNodeEvent:10:101,dialogue,1,DialogueEvent,Unit 3 Dev,2026-08-25T17:54:24.3340000Z,2026-08-25T17:54:24.3340000Z,6a8dd6cf485cab4c953c0ef8,wenyi082526-1.stratalog.logdata.json
DialogueNodeEvent:10:102,dialogue,1,DialogueEvent,Unit 3 Dev,2026-08-25T17:54:25.0700000Z,2026-08-25T17:54:25.0700000Z,6a8dd6d0485cab4c953c0efc,wenyi082526-1.stratalog.logdata.json
DialogueNodeEvent:10:103,dialogue,1,DialogueEvent,Unit 3 Dev,2026-08-25T17:55:07.7400000Z,2026-08-25T17:55:07.7400000Z,6a8dd6fa485cab4c953c0f7a,wenyi082526-1.stratalog.logdata.json
DialogueNodeEvent:10:114,dialogue,1,DialogueEvent,Unit 3 Dev,2026-08-25T17:57:14.2490000Z,2026-08-25T17:57:14.2490000Z,6a8dd779485cab4c953c0fdc,wenyi082526-1.stratalog.logdata.json
DialogueNodeEvent:10:115,dialogue,1,DialogueEvent,Unit 3 Dev,2026-08-25T17:57:14.7340000Z,2026-08-25T17:57:14.7340000Z,6a8dd779485cab4c953c0fe2,wenyi082526-1.stratalog.logdata.json
DialogueNodeEvent:10:116,dialogue,1,DialogueEvent,Unit 3 Dungeon Dev,2026-08-25T17:58:08.0120000Z,2026-08-25T17:58:08.0120000Z,6a8dd7af485cab4c953c103e,wenyi082526-1.stratalog.logdata.json
DialogueNodeEvent:10:117,dialogue,1,DialogueEvent,Unit 3 Dungeon Dev,2026-08-25T17:58:19.5970000Z,2026-08-25T17:58:19.5970000Z,6a8dd7ba485cab4c953c1056,wenyi082526-1.stratalog.logdata.json
DialogueNodeEvent:10:118,dialogue,1,DialogueEvent,Unit 3 Dungeon Dev,2026-08-25T17:58:20.3650000Z,2026-08-25T17:58:20.3650000Z,6a8dd7bb485cab4c953c105a,wenyi082526-1.stratalog.logdata.json
DialogueNodeEvent:10:122,dialogue,1,DialogueEvent,Unit 3 Dungeon Dev,2026-08-25T17:59:32.9820000Z,2026-08-25T17:59:32.9820000Z,6a8dd804485cab4c953c1294,wenyi082526-1.stratalog.logdata.json
DialogueNodeEvent:10:123,dialogue,1,DialogueEvent,Unit 3 Dungeon Dev,2026-08-25T17:59:40.9870000Z,2026-08-25T17:59:40.9870000Z,6a8dd80c485cab4c953c12b8,wenyi082526-1.stratalog.logdata.json
DialogueNodeEvent:10:124,dialogue,1,DialogueEvent,Unit 3 Dungeon Dev,2026-08-25T17:59:43.6380000Z,2026-08-25T17:59:43.6380000Z,6a8dd80e485cab4c953c12c6,wenyi082526-1.stratalog.logdata.json
DialogueNodeEvent:10:125,dialogue,1,DialogueEvent,Unit 3 Dungeon Dev,2026-08-25T17:59:44.8380000Z,2026-08-25T17:59:44.8380000Z,6a8dd80f485cab4c953c12cc,wenyi082526-1.stratalog.logdata.json
DialogueNodeEvent:10:126,dialogue,1,DialogueEvent,Unit 3 Dungeon Dev,2026-08-25T17:59:49.7230000Z,2026-08-25T17:59:49.7230000Z,6a8dd814485cab4c953c12d8,wenyi082526-1.stratalog.logdata.json
DialogueNodeEvent:10:13,dialogue,1,DialogueEvent,Unit 3 Dev,2026-08-25T17:48:05.8360000Z,2026-08-25T17:48:05.8360000Z,6a8dd554485cab4c953c0c50,wenyi082526-1.stratalog.logdata.json
DialogueNodeEvent:10:15,dialogue,1,DialogueEvent,Unit 3 Dev,2026-08-25T17:48:06.5370000Z,2026-08-25T17:48:06.5370000Z,6a8dd555485cab4c953c0c52,wenyi082526-1.stratalog.logdata.json
DialogueNodeEvent:10:154,dialogue,1,DialogueEvent,Unit 3 Dungeon Dev,2026-08-25T18:06:07.7870000Z,2026-08-25T18:06:07.7870000Z,6a8dd98e485cab4c953c1536,wenyi082526-1.stratalog.logdata.json
DialogueNodeEvent:10:155,dialogue,1,DialogueEvent,Unit 3 Dungeon Dev,2026-08-25T18:06:08.9390000Z,2026-08-25T18:06:08.9390000Z,6a8dd990485cab4c953c153e,wenyi082526-1.stratalog.logdata.json
DialogueNodeEvent:10:156,dialogue,1,DialogueEvent,Unit 3 Dungeon Dev,2026-08-25T18:06:14.2920000Z,2026-08-25T18:06:14.2920000Z,6a8dd995485cab4c953c1546,wenyi082526-1.stratalog.logdata.json
DialogueNodeEvent:10:157,dialogue,1,DialogueEvent,Unit 3 Dev,2026-08-25T18:07:24.9790000Z,2026-08-25T18:07:24.9790000Z,6a8dd9dc485cab4c953c159c,wenyi082526-1.stratalog.logdata.json
DialogueNodeEvent:10:158,dialogue,1,DialogueEvent,Unit 3 Dev,2026-08-25T18:07:28.6770000Z,2026-08-25T18:07:28.6770000Z,6a8dd9df485cab4c953c15a2,wenyi082526-1.stratalog.logdata.json
DialogueNodeEvent:10:159,dialogue,1,DialogueEvent,Unit 3 Dev,2026-08-25T18:07:30.7780000Z,2026-08-25T18:07:30.7780000Z,6a8dd9e1485cab4c953c15a8,wenyi082526-1.stratalog.logdata.json
DialogueNodeEvent:10:16,dialogue,1,DialogueEvent,Unit 3 Dev,2026-08-25T17:48:06.9150000Z,2026-08-25T17:48:06.9150000Z,6a8dd556485cab4c953c0c56,wenyi082526-1.stratalog.logdata.json
DialogueNodeEvent:10:160,dialogue,1,DialogueEvent,Unit 3 Dev,2026-08-25T18:07:39.1150000Z,2026-08-25T18:07:39.1150000Z,6a8dd9ea485cab4c953c15b2,wenyi082526-1.stratalog.logdata.json
DialogueNodeEvent:10:162,dialogue,1,DialogueEvent,Unit 3 Dev,2026-08-25T18:07:44.2510000Z,2026-08-25T18:07:44.2510000Z,6a8dd9ef485cab4c953c15b8,wenyi082526-1.stratalog.logdata.json
DialogueNodeEvent:10:176,dialogue,1,DialogueEvent,Unit 3 Dev,2026-08-25T18:10:39.7040000Z,2026-08-25T18:10:39.7040000Z,6a8dda9e485cab4c953c16c4,wenyi082526-1.stratalog.logdata.json
DialogueNodeEvent:10:177,dialogue,1,DialogueEvent,Unit 3 Dev,2026-08-25T18:10:40.7840000Z,2026-08-25T18:10:40.7840000Z,6a8dda9f485cab4c953c16c6,wenyi082526-1.stratalog.logdata.json
DialogueNodeEvent:10:178,dialogue,1,DialogueEvent,Unit 3 Dev,2026-08-25T18:10:41.2510000Z,2026-08-25T18:10:41.2510000Z,6a8ddaa0485cab4c953c16c8,wenyi082526-1.stratalog.logdata.json
DialogueNodeEvent:10:179,dialogue,1,DialogueEvent,Unit 3 Dev,2026-08-25T18:10:44.1180000Z,2026-08-25T18:10:44.1180000Z,6a8ddaa3485cab4c953c16cc,wenyi082526-1.stratalog.logdata.json
DialogueNodeEvent:10:181,dialogue,1,DialogueEvent,Unit 3 Dev,2026-08-25T18:10:45.6020000Z,2026-08-25T18:10:45.6020000Z,6a8ddaa4485cab4c953c16ce,wenyi082526-1.stratalog.logdata.json
DialogueNodeEvent:10:182,dialogue,1,DialogueEvent,Unit 3 Dev,2026-08-25T18:10:46.0530000Z,2026-08-25T18:10:46.0530000Z,6a8ddaa5485cab4c953c16d0,wenyi082526-1.stratalog.logdata.json
DialogueNodeEvent:10:183,dialogue,1,DialogueEvent,Unit 3 Dev,2026-08-25T18:10:46.5200000Z,2026-08-25T18:10:46.5200000Z,6a8ddaa5485cab4c953c16d2,wenyi082526-1.stratalog.logdata.json
DialogueNodeEvent:10:184,dialogue,1,DialogueEvent,Unit 3 Dev,2026-08-25T18:10:49.2040000Z,2026-08-25T18:10:49.2040000Z,6a8ddaa8485cab4c953c16d4,wenyi082526-1.stratalog.logdata.json
DialogueNodeEvent:10:187,dialogue,1,DialogueEvent,Unit 3 Dev,2026-08-25T18:10:50.0380000Z,2026-08-25T18:10:50.0380000Z,6a8ddaa9485cab4c953c16d6,wenyi082526-1.stratalog.logdata.json
DialogueNodeEvent:10:188,dialogue,1,DialogueEvent,Unit 3 Dev,2026-08-25T18:10:51.8720000Z,2026-08-25T18:10:51.8720000Z,6a8ddaaa485cab4c953c16d8,wenyi082526-1.stratalog.logdata.json
DialogueNodeEvent:10:190,dialogue,1,DialogueEvent,Unit 3 Dev,2026-08-25T18:10:52.5730000Z,2026-08-25T18:10:52.5730000Z,6a8ddaab485cab4c953c16da,wenyi082526-1.stratalog.logdata.json
DialogueNodeEvent:10:191,dialogue,1,DialogueEvent,Unit 3 Dev,2026-08-25T18:10:54.1230000Z,2026-08-25T18:10:54.1230000Z,6a8ddaad485cab4c953c16de,wenyi082526-1.stratalog.logdata.json
DialogueNodeEvent:10:193,dialogue,1,DialogueEvent,Unit 3 Dev,2026-08-25T18:10:54.8240000Z,2026-08-25T18:10:54.8240000Z,6a8ddaad485cab4c953c16e0,wenyi082526-1.stratalog.logdata.json
DialogueNodeEvent:10:194,dialogue,1,DialogueEvent,Unit 3 Dev,2026-08-25T18:10:55.1760000Z,2026-08-25T18:10:55.1760000Z,6a8ddaae485cab4c953c16e4,wenyi082526-1.stratalog.logdata.json
DialogueNodeEvent:10:195,dialogue,1,DialogueEvent,Unit 3 Dev,2026-08-25T17:51:21.1540000Z,2026-08-25T17:51:21.1540000Z,6a8dd618485cab4c953c0d30,wenyi082526-1.stratalog.logdata.json
DialogueNodeEvent:10:196,dialogue,1,DialogueEvent,Unit 3 Dev,2026-08-25T17:54:25.6020000Z,2026-08-25T17:54:25.6020000Z,6a8dd6d0485cab4c953c0f00,wenyi082526-1.stratalog.logdata.json
DialogueNodeEvent:10:198,dialogue,1,DialogueEvent,Unit 3 Dev,2026-08-25T17:52:02.4700000Z,2026-08-25T17:52:02.4700000Z,6a8dd641485cab4c953c0d5a,wenyi082526-1.stratalog.logdata.json
DialogueNodeEvent:10:2,dialogue,1,DialogueEvent,Unit 3 Dev,2026-08-25T17:45:10.0050000Z,2026-08-25T17:45:10.0050000Z,6a8dd4a5485cab4c953c0b92,wenyi082526-1.stratalog.logdata.json
DialogueNodeEvent:10:200,dialogue,1,DialogueEvent,Unit 3 Dev,2026-08-25T17:52:04.9010000Z,2026-08-25T17:52:04.9010000Z,6a8dd643485cab4c953c0d5c,wenyi082526-1.stratalog.logdata.json
DialogueNodeEvent:10:202,dialogue,1,DialogueEvent,Unit 3 Dev,2026-08-25T17:52:05.7510000Z,2026-08-25T17:52:05.7510000Z,6a8dd644485cab4c953c0d5e,wenyi082526-1.stratalog.logdata.json
DialogueNodeEvent:10:204,dialogue,1,DialogueEvent,Unit 3 Dev,2026-08-25T17:52:05.9200000Z,2026-08-25T17:52:05.9200000Z,6a8dd645485cab4c953c0d62,wenyi082526-1.stratalog.logdata.json
DialogueNodeEvent:10:205,dialogue,1,DialogueEvent,Unit 3 Dev,2026-08-25T17:48:27.6320000Z,2026-08-25T17:48:27.6320000Z,6a8dd56a485cab4c953c0c7a,wenyi082526-1.stratalog.logdata.json
DialogueNodeEvent:10:211,dialogue,1,DialogueEvent,Unit 3 Dev,2026-08-25T17:52:12.0200000Z,2026-08-25T17:52:12.0200000Z,6a8dd64b485cab4c953c0d6a,wenyi082526-1.stratalog.logdata.json
DialogueNodeEvent:10:217,dialogue,1,DialogueEvent,Unit 3 Dev,2026-08-25T17:52:12.8380000Z,2026-08-25T17:52:12.8380000Z,6a8dd64b485cab4c953c0d6c,wenyi082526-1.stratalog.logdata.json
DialogueNodeEvent:10:218,dialogue,1,DialogueEvent,Unit 3 Dev,2026-08-25T17:52:12.9880000Z,2026-08-25T17:52:12.9880000Z,6a8dd64c485cab4c953c0d6e,wenyi082526-1.stratalog.logdata.json
DialogueNodeEvent:10:224,dialogue,1,DialogueEvent,Unit 3 Dev,2026-08-25T17:45:14.2070000Z,2026-08-25T17:45:14.2070000Z,6a8dd4a9485cab4c953c0b9a,wenyi082526-1.stratalog.logdata.json
DialogueNodeEvent:10:29,dialogue,3,DialogueEvent,Unit 3 Dev,2026-08-25T17:49:10.5510000Z,2026-08-25T17:51:02.0880000Z,6a8dd595485cab4c953c0cb2,wenyi082526-1.stratalog.logdata.json
DialogueNodeEvent:10:3,dialogue,1,DialogueEvent,Unit 3 Dev,2026-08-25T17:48:00.3840000Z,2026-08-25T17:48:00.3840000Z,6a8dd54f485cab4c953c0c48,wenyi082526-1.stratalog.logdata.json
DialogueNodeEvent:10:30,dialogue,3,DialogueEvent,Unit 3 Dev,2026-08-25T17:49:21.9070000Z,2026-08-25T17:51:13.4430000Z,6a8dd5a0485cab4c953c0cbe,wenyi082526-1.stratalog.logdata.json
DialogueNodeEvent:10:31,dialogue,1,DialogueEvent,Unit 3 Dev,2026-08-25T17:57:59.8980000Z,2026-08-25T17:57:59.8980000Z,6a8dd7a6485cab4c953c1032,wenyi082526-1.stratalog.logdata.json
DialogueNodeEvent:10:38,dialogue,1,DialogueEvent,Unit 3 Dev,2026-08-25T17:52:06.0840000Z,2026-08-25T17:52:06.0840000Z,6a8dd645485cab4c953c0d64,wenyi082526-1.stratalog.logdata.json
DialogueNodeEvent:10:39,dialogue,1,DialogueEvent,Unit 3 Dev,2026-08-25T17:52:06.4680000Z,2026-08-25T17:52:06.4680000Z,6a8dd645485cab4c953c0d66,wenyi082526-1.stratalog.logdata.json
DialogueNodeEvent:10:4,dialogue,1,DialogueEvent,Unit 3 Dev,2026-08-25T17:48:02.0850000Z,2026-08-25T17:48:02.0850000Z,6a8dd551485cab4c953c0c4a,wenyi082526-1.stratalog.logdata.json
DialogueNodeEvent:10:6,dialogue,1,DialogueEvent,Unit 3 Dev,2026-08-25T17:48:02.9180000Z,2026-08-25T17:48:02.9180000Z,6a8dd551485cab4c953c0c4c,wenyi082526-1.stratalog.logdata.json
DialogueNodeEvent:10:64,dialogue,1,DialogueEvent,Unit 3 Dev,2026-08-25T17:53:55.4040000Z,2026-08-25T17:53:55.4040000Z,6a8dd6b2485cab4c953c0ecc,wenyi082526-1.stratalog.logdata.json
DialogueNodeEvent:10:65,dialogue,1,DialogueEvent,Unit 3 Dev,2026-08-25T17:53:57.1210000Z,2026-08-25T17:53:57.1210000Z,6a8dd6b4485cab4c953c0ece,wenyi082526-1.stratalog.logdata.json
DialogueNodeEvent:10:67,dialogue,1,DialogueEvent,Unit 3 Dev,2026-08-25T17:53:58.2050000Z,2026-08-25T17:53:58.2050000Z,6a8dd6b5485cab4c953c0ed0,wenyi082526-1.stratalog.logdata.json
DialogueNodeEvent:10:68,dialogue,1,DialogueEvent,Unit 3 Dev,2026-08-25T17:54:01.0230000Z,2026-08-25T17:54:01.0230000Z,6a8dd6b8485cab4c953c0ed4,wenyi082526-1.stratalog.logdata.json
DialogueNodeEvent:10:7,dialogue,1,DialogueEvent,Unit 3 Dev,2026-08-25T17:48:03.2690000Z,2026-08-25T17:48:03.2690000Z,6a8dd552485cab4c953c0c4e,wenyi082526-1.stratalog.logdata.json
DialogueNodeEvent:10:70,dialogue,1,DialogueEvent,Unit 3 Dev,2026-08-25T17:54:01.8060000Z,2026-08-25T17:54:01.8060000Z,6a8dd6b8485cab4c953c0ed6,wenyi082526-1.stratalog.logdata.json
DialogueNodeEvent:10:74,dialogue,1,DialogueEvent,Unit 3 Dev,2026-08-25T17:54:02.1900000Z,2026-08-25T17:54:02.1900000Z,6a8dd6b9485cab4c953c0ed8,wenyi082526-1.stratalog.logdata.json
DialogueNodeEvent:10:75,dialogue,1,DialogueEvent,Unit 3 Dev,2026-08-25T17:54:02.6570000Z,2026-08-25T17:54:02.6570000Z,6a8dd6b9485cab4c953c0eda,wenyi082526-1.stratalog.logdata.json
DialogueNodeEvent:10:76,dialogue,1,DialogueEvent,Unit 3 Dev,2026-08-25T17:54:03.1070000Z,2026-08-25T17:54:03.1070000Z,6a8dd6ba485cab4c953c0edc,wenyi082526-1.stratalog.logdata.json
DialogueNodeEvent:10:77,dialogue,1,DialogueEvent,Unit 3 Dev,2026-08-25T17:54:09.0930000Z,2026-08-25T17:54:09.0930000Z,6a8dd6c0485cab4c953c0ee0,wenyi082526-1.stratalog.logdata.json
DialogueNodeEvent:10:79,dialogue,1,DialogueEvent,Unit 3 Dev,2026-08-25T17:54:10.5280000Z,2026-08-25T17:54:10.5280000Z,6a8dd6c1485cab4c953c0ee2,wenyi082526-1.stratalog.logdata.json
DialogueNodeEvent:10:80,dialogue,1,DialogueEvent,Unit 3 Dev,2026-08-25T17:54:10.9440000Z,2026-08-25T17:54:10.9440000Z,6a8dd6c2485cab4c953c0ee4,wenyi082526-1.stratalog.logdata.json
DialogueNodeEvent:10:81,dialogue,1,DialogueEvent,Unit 3 Dev,2026-08-25T17:54:12.9450000Z,2026-08-25T17:54:12.9450000Z,6a8dd6c4485cab4c953c0ee6,wenyi082526-1.stratalog.logdata.json
DialogueNodeEvent:10:82,dialogue,1,DialogueEvent,Unit 3 Dev,2026-08-25T17:54:13.9120000Z,2026-08-25T17:54:13.9120000Z,6a8dd6c4485cab4c953c0ee8,wenyi082526-1.stratalog.logdata.json
DialogueNodeEvent:10:83,dialogue,1,DialogueEvent,Unit 3 Dev,2026-08-25T17:54:14.4290000Z,2026-08-25T17:54:14.4290000Z,6a8dd6c5485cab4c953c0eea,wenyi082526-1.stratalog.logdata.json
DialogueNodeEvent:10:90,dialogue,1,DialogueEvent,Unit 3 Dev,2026-08-25T17:54:17.0630000Z,2026-08-25T17:54:17.0630000Z,6a8dd6c8485cab4c953c0eec,wenyi082526-1.stratalog.logdata.json
DialogueNodeEvent:10:91,dialogue,1,DialogueEvent,Unit 3 Dev,2026-08-25T17:54:18.1640000Z,2026-08-25T17:54:18.1640000Z,6a8dd6c9485cab4c953c0eee,wenyi082526-1.stratalog.logdata.json
DialogueNodeEvent:10:94,dialogue,1,DialogueEvent,Unit 3 Dev,2026-08-25T17:54:18.5980000Z,2026-08-25T17:54:18.5980000Z,6a8dd6c9485cab4c953c0ef2,wenyi082526-1.stratalog.logdata.json
DialogueNodeEvent:10:98,dialogue,1,DialogueEvent,Unit 3 Dev,2026-08-25T17:54:20.7650000Z,2026-08-25T17:54:20.7650000Z,6a8dd6cb485cab4c953c0ef4,wenyi082526-1.stratalog.logdata.json
DialogueNodeEvent:10:99,dialogue,1,DialogueEvent,Unit 3 Dev,2026-08-25T17:54:21.5160000Z,2026-08-25T17:54:21.5160000Z,6a8dd6cc485cab4c953c0ef6,wenyi082526-1.stratalog.logdata.json
DialogueNodeEvent:111:1,dialogue,1,DialogueEvent,Unit 4 Dev - Dungeon,2026-08-25T18:19:10.7290000Z,2026-08-25T18:19:10.7290000Z,6a8ddc9d485cab4c953c189e,wenyi082526-1.stratalog.logdata.json
DialogueNodeEvent:114:1,dialogue,1,DialogueEvent,Unit 4 Dev,2026-08-25T18:37:49.3040000Z,2026-08-25T18:37:49.3040000Z,6a8de0fc485cab4c953c209e,wenyi082526-1.stratalog.logdata.json
DialogueNodeEvent:114:2,dialogue,1,DialogueEvent,Unit 4 Dev,2026-08-25T18:37:53.8150000Z,2026-08-25T18:37:53.8150000Z,6a8de100485cab4c953c20a6,wenyi082526-1.stratalog.logdata.json
DialogueNodeEvent:114:3,dialogue,1,DialogueEvent,Unit 4 Dev,2026-08-25T18:37:55.6830000Z,2026-08-25T18:37:55.6830000Z,6a8de102485cab4c953c20ac,wenyi082526-1.stratalog.logdata.json
DialogueNodeEvent:114:4,dialogue,1,DialogueEvent,Unit 4 Dev,2026-08-25T18:37:56.9000000Z,2026-08-25T18:37:56.9000000Z,6a8de103485cab4c953c20b2,wenyi082526-1.stratalog.logdata.json
DialogueNodeEvent:116:1,dialogue,1,DialogueEvent,Unit 5 Dev - Dungeon,2026-08-25T18:53:54.9070000Z,2026-08-25T18:53:54.9070000Z,6a8de4c1485cab4c953c2a18,wenyi082526-1.stratalog.logdata.json
DialogueNodeEvent:116:2,dialogue,1,DialogueEvent,Unit 5 Dev - Dungeon,2026-08-25T18:53:56.6760000Z,2026-08-25T18:53:56.6760000Z,6a8de4c3485cab4c953c2a1e,wenyi082526-1.stratalog.logdata.json
DialogueNodeEvent:116:3,dialogue,1,DialogueEvent,Unit 5 Dev - Dungeon,2026-08-25T18:53:58.6430000Z,2026-08-25T18:53:58.6430000Z,6a8de4c5485cab4c953c2a26,wenyi082526-1.stratalog.logdata.json
DialogueNodeEvent:116:4,dialogue,1,DialogueEvent,Unit 5 Dev - Dungeon,2026-08-25T18:54:00.2440000Z,2026-08-25T18:54:00.2440000Z,6a8de4c7485cab4c953c2a2c,wenyi082526-1.stratalog.logdata.json
DialogueNodeEvent:117:1,dialogue,1,DialogueEvent,Unit 5 Dev,2026-08-25T18:57:43.7990000Z,2026-08-25T18:57:43.7990000Z,6a8de5a6485cab4c953c2b76,wenyi082526-1.stratalog.logdata.json
DialogueNodeEvent:117:10,dialogue,1,DialogueEvent,Unit 5 Dev,2026-08-25T18:57:50.5700000Z,2026-08-25T18:57:50.5700000Z,6a8de5ad485cab4c953c2b7c,wenyi082526-1.stratalog.logdata.json
DialogueNodeEvent:117:11,dialogue,1,DialogueEvent,Unit 5 Dev,2026-08-25T18:57:54.8560000Z,2026-08-25T18:57:54.8560000Z,6a8de5b1485cab4c953c2b84,wenyi082526-1.stratalog.logdata.json
DialogueNodeEvent:117:2,dialogue,1,DialogueEvent,Unit 5 Dev,2026-08-25T18:57:56.9570000Z,2026-08-25T18:57:56.9570000Z,6a8de5b4485cab4c953c2b8a,wenyi082526-1.stratalog.logdata.json
DialogueNodeEvent:117:3,dialogue,1,DialogueEvent,Unit 5 Dev,2026-08-25T18:58:02.3260000Z,2026-08-25T18:58:02.3260000Z,6a8de5b9485cab4c953c2b92,wenyi082526-1.stratalog.logdata.json
DialogueNodeEvent:117:5,dialogue,1,DialogueEvent,Unit 5 Dev,2026-08-25T18:58:06.9280000Z,2026-08-25T18:58:06.9280000Z,6a8de5bd485cab4c953c2b9e,wenyi082526-1.stratalog.logdata.json
DialogueNodeEvent:117:6,dialogue,1,DialogueEvent,Unit 5 Dev,2026-08-25T18:58:08.9120000Z,2026-08-25T18:58:08.9120000Z,6a8de5bf485cab4c953c2ba4,wenyi082526-1.stratalog.logdata.json
DialogueNodeEvent:117:7,dialogue,2,DialogueEvent,Unit 5 Dev,2026-08-25T18:58:04.3100000Z,2026-08-25T18:58:11.7300000Z,6a8de5bb485cab4c953c2b98,wenyi082526-1.stratalog.logdata.json
DialogueNodeEvent:117:8,dialogue,1,DialogueEvent,Unit 5 Dev,2026-08-25T18:58:15.2320000Z,2026-08-25T18:58:15.2320000Z,6a8de5c6485cab4c953c2bb2,wenyi082526-1.stratalog.logdata.json
DialogueNodeEvent:117:9,dialogue,1,DialogueEvent,Unit 5 Dev,2026-08-25T18:58:18.0170000Z,2026-08-25T18:58:18.0170000Z,6a8de5c9485cab4c953c2bb8,wenyi082526-1.stratalog.logdata.json
DialogueNodeEvent:118:1,dialogue,1,DialogueEvent,Unit 5 Dev,2026-08-25T19:04:25.1740000Z,2026-08-25T19:04:25.1740000Z,6a8de738485cab4c953c2c84,wenyi082526-1.stratalog.logdata.json
DialogueNodeEvent:118:10,dialogue,1,DialogueEvent,Unit 5 Dev,2026-08-25T19:04:58.4580000Z,2026-08-25T19:04:58.4580000Z,6a8de759485cab4c953c2cc0,wenyi082526-1.stratalog.logdata.json
DialogueNodeEvent:118:2,dialogue,1,DialogueEvent,Unit 5 Dev,2026-08-25T19:04:31.2950000Z,2026-08-25T19:04:31.2950000Z,6a8de73e485cab4c953c2c8a,wenyi082526-1.stratalog.logdata.json
DialogueNodeEvent:118:3,dialogue,1,DialogueEvent,Unit 5 Dev,2026-08-25T19:04:37.9150000Z,2026-08-25T19:04:37.9150000Z,6a8de744485cab4c953c2c92,wenyi082526-1.stratalog.logdata.json
DialogueNodeEvent:118:4,dialogue,1,DialogueEvent,Unit 5 Dev,2026-08-25T19:04:39.2820000Z,2026-08-25T19:04:39.2820000Z,6a8de746485cab4c953c2c98,wenyi082526-1.stratalog.logdata.json
DialogueNodeEvent:118:5,dialogue,1,DialogueEvent,Unit 5 Dev,2026-08-25T19:04:41.6330000Z,2026-08-25T19:04:41.6330000Z,6a8de748485cab4c953c2c9e,wenyi082526-1.stratalog.logdata.json
DialogueNodeEvent:118:6,dialogue,1,DialogueEvent,Unit 5 Dev,2026-08-25T19:04:44.0180000Z,2026-08-25T19:04:44.0180000Z,6a8de74b485cab4c953c2ca6,wenyi082526-1.stratalog.logdata.json
DialogueNodeEvent:118:7,dialogue,1,DialogueEvent,Unit 5 Dev,2026-08-25T19:04:47.7530000Z,2026-08-25T19:04:47.7530000Z,6a8de74e485cab4c953c2cac,wenyi082526-1.stratalog.logdata.json
DialogueNodeEvent:118:8,dialogue,1,DialogueEvent,Unit 5 Dev,2026-08-25T19:04:50.8040000Z,2026-08-25T19:04:50.8040000Z,6a8de751485cab4c953c2cb2,wenyi082526-1.stratalog.logdata.json
DialogueNodeEvent:118:9,dialogue,1,DialogueEvent,Unit 5 Dev,2026-08-25T19:04:57.6740000Z,2026-08-25T19:04:57.6740000Z,6a8de758485cab4c953c2cba,wenyi082526-1.stratalog.logdata.json
DialogueNodeEvent:11:0,dialogue,1,DialogueEvent,Unit 3 Dev,2026-08-25T17:48:37.1360000Z,2026-08-25T17:48:37.1360000Z,6a8dd574485cab4c953c0c8a,wenyi082526-1.stratalog.logdata.json
DialogueNodeEvent:11:1,dialogue,1,DialogueEvent,Unit 3 Dev,2026-08-25T17:48:37.1520000Z,2026-08-25T17:48:37.1520000Z,6a8dd574485cab4c953c0c8e,wenyi082526-1.stratalog.logdata.json
DialogueNodeEvent:11:10,dialogue,1,DialogueEvent,Unit 3 Dev,2026-08-25T17:48:45.5720000Z,2026-08-25T17:48:45.5720000Z,6a8dd57c485cab4c953c0c9c,wenyi082526-1.stratalog.logdata.json
DialogueNodeEvent:11:11,dialogue,1,DialogueEvent,Unit 3 Dev,2026-08-25T17:48:45.7760000Z,2026-08-25T17:48:45.7760000Z,6a8dd57c485cab4c953c0ca0,wenyi082526-1.stratalog.logdata.json
DialogueNodeEvent:11:12,dialogue,1,DialogueEvent,Unit 3 Dev,2026-08-25T17:51:22.8810000Z,2026-08-25T17:51:22.8810000Z,6a8dd619485cab4c953c0d32,wenyi082526-1.stratalog.logdata.json
DialogueNodeEvent:11:13,dialogue,1,DialogueEvent,Unit 3 Dev,2026-08-25T17:51:23.1310000Z,2026-08-25T17:51:23.1310000Z,6a8dd61a485cab4c953c0d34,wenyi082526-1.stratalog.logdata.json
DialogueNodeEvent:11:14,dialogue,1,DialogueEvent,Unit 3 Dev,2026-08-25T17:51:23.4480000Z,2026-08-25T17:51:23.4480000Z,6a8dd61a485cab4c953c0d36,wenyi082526-1.stratalog.logdata.json
DialogueNodeEvent:11:15,dialogue,1,DialogueEvent,Unit 3 Dev,2026-08-25T17:51:25.0980000Z,2026-08-25T17:51:25.0980000Z,6a8dd61c485cab4c953c0d38,wenyi082526-1.stratalog.logdata.json
DialogueNodeEvent:11:18,dialogue,1,DialogueEvent,Unit 3 Dev,2026-08-25T17:51:25.9490000Z,2026-08-25T17:51:25.9490000Z,6a8dd61d485cab4c953c0d3a,wenyi082526-1.stratalog.logdata.json
DialogueNodeEvent:11:19,dialogue,1,DialogueEvent,Unit 3 Dev,2026-08-25T17:51:27.3990000Z,2026-08-25T17:51:27.3990000Z,6a8dd61e485cab4c953c0d3c,wenyi082526-1.stratalog.logdata.json
DialogueNodeEvent:11:2,dialogue,1,DialogueEvent,Unit 3 Dev,2026-08-25T17:48:39.8860000Z,2026-08-25T17:48:39.8860000Z,6a8dd576485cab4c953c0c92,wenyi082526-1.stratalog.logdata.json
DialogueNodeEvent:11:21,dialogue,1,DialogueEvent,Unit 3 Dev,2026-08-25T17:51:28.1500000Z,2026-08-25T17:51:28.1500000Z,6a8dd61f485cab4c953c0d3e,wenyi082526-1.stratalog.logdata.json
DialogueNodeEvent:11:22,dialogue,1,DialogueEvent,Unit 3 Dev,2026-08-25T17:51:28.3410000Z,2026-08-25T17:51:28.3410000Z,6a8dd61f485cab4c953c0d40,wenyi082526-1.stratalog.logdata.json
DialogueNodeEvent:11:224,dialogue,1,DialogueEvent,Unit 3 Dev,2026-08-25T17:52:13.6220000Z,2026-08-25T17:52:13.6220000Z,6a8dd64c485cab4c953c0d70,wenyi082526-1.stratalog.logdata.json
DialogueNodeEvent:11:226,dialogue,1,DialogueEvent,Unit 3 Dev,2026-08-25T17:52:14.2090000Z,2026-08-25T17:52:14.2090000Z,6a8dd64d485cab4c953c0d74,wenyi082526-1.stratalog.logdata.json
DialogueNodeEvent:11:227,dialogue,1,DialogueEvent,Unit 3 Dev,2026-08-25T17:57:27.6390000Z,2026-08-25T17:57:27.6390000Z,6a8dd786485cab4c953c0ff6,wenyi082526-1.stratalog.logdata.json
DialogueNodeEvent:11:228,dialogue,1,DialogueEvent,Unit 3 Dev,2026-08-25T17:57:28.8900000Z,2026-08-25T17:57:28.8900000Z,6a8dd787485cab4c953c0ffc,wenyi082526-1.stratalog.logdata.json
DialogueNodeEvent:11:229,dialogue,1,DialogueEvent,Unit 3 Dev,2026-08-25T17:57:29.0720000Z,2026-08-25T17:57:29.0720000Z,6a8dd788485cab4c953c0ffe,wenyi082526-1.stratalog.logdata.json
DialogueNodeEvent:11:24,dialogue,1,DialogueEvent,Unit 3 Dev,2026-08-25T17:52:34.4710000Z,2026-08-25T17:52:34.4710000Z,6a8dd661485cab4c953c0db6,wenyi082526-1.stratalog.logdata.json
DialogueNodeEvent:11:25,dialogue,5,DialogueEvent,Unit 3 Dev,2026-08-25T17:52:43.4030000Z,2026-08-25T17:53:35.9950000Z,6a8dd66a485cab4c953c0dce,wenyi082526-1.stratalog.logdata.json
DialogueNodeEvent:11:26,dialogue,2,DialogueEvent,Unit 3 Dev,2026-08-25T17:53:10.7830000Z,2026-08-25T17:53:28.7910000Z,6a8dd685485cab4c953c0e4c,wenyi082526-1.stratalog.logdata.json
DialogueNodeEvent:11:34,dialogue,1,DialogueEvent,Unit 3 Dev,2026-08-25T17:53:53.1570000Z,2026-08-25T17:53:53.1570000Z,6a8dd6b0485cab4c953c0ec8,wenyi082526-1.stratalog.logdata.json
DialogueNodeEvent:11:35,dialogue,1,DialogueEvent,Unit 3 Dev,2026-08-25T17:57:23.1700000Z,2026-08-25T17:57:23.1700000Z,6a8dd782485cab4c953c0fec,wenyi082526-1.stratalog.logdata.json
DialogueNodeEvent:11:36,dialogue,1,DialogueEvent,Unit 3 Dev,2026-08-25T17:57:24.4030000Z,2026-08-25T17:57:24.4030000Z,6a8dd783485cab4c953c0ff0,wenyi082526-1.stratalog.logdata.json
DialogueNodeEvent:11:4,dialogue,1,DialogueEvent,Unit 3 Dev,2026-08-25T17:48:40.9200000Z,2026-08-25T17:48:40.9200000Z,6a8dd577485cab4c953c0c94,wenyi082526-1.stratalog.logdata.json
DialogueNodeEvent:11:5,dialogue,1,DialogueEvent,Unit 3 Dev,2026-08-25T17:48:42.6540000Z,2026-08-25T17:48:42.6540000Z,6a8dd579485cab4c953c0c96,wenyi082526-1.stratalog.logdata.json
DialogueNodeEvent:11:7,dialogue,1,DialogueEvent,Unit 3 Dev,2026-08-25T17:48:43.4720000Z,2026-08-25T17:48:43.4720000Z,6a8dd57a485cab4c953c0c98,wenyi082526-1.stratalog.logdata.json
DialogueNodeEvent:11:8,dialogue,1,DialogueEvent,Unit 3 Dev,2026-08-25T17:48:44.8380000Z,2026-08-25T17:48:44.8380000Z,6a8dd57b485cab4c953c0c9a,wenyi082526-1.stratalog.logdata.json
DialogueNodeEvent:13:1,dialogue,1,DialogueEvent,Unit 3 Dev,2026-08-25T17:55:27.7980000Z,2026-08-25T17:55:27.7980000Z,6a8dd70e485cab4c953c0f94,wenyi082526-1.stratalog.logdata.json
DialogueNodeEvent:15:11,dialogue,1,DialogueEvent,Unit 3 Dev,2026-08-25T17:56:12.4020000Z,2026-08-25T17:56:12.4020000Z,6a8dd73b485cab4c953c0fbe,wenyi082526-1.stratalog.logdata.json
DialogueNodeEvent:15:12,dialogue,1,DialogueEvent,Unit 3 Dev,2026-08-25T17:56:12.5360000Z,2026-08-25T17:56:12.5360000Z,6a8dd73b485cab4c953c0fc0,wenyi082526-1.stratalog.logdata.json
DialogueNodeEvent:15:13,dialogue,1,DialogueEvent,Unit 3 Dev,2026-08-25T17:56:12.7530000Z,2026-08-25T17:56:12.7530000Z,6a8dd73b485cab4c953c0fc2,wenyi082526-1.stratalog.logdata.json
DialogueNodeEvent:15:14,dialogue,1,DialogueEvent,Unit 3 Dev,2026-08-25T17:56:12.9020000Z,2026-08-25T17:56:12.9020000Z,6a8dd73b485cab4c953c0fc4,wenyi082526-1.stratalog.logdata.json
DialogueNodeEvent:15:15,dialogue,1,DialogueEvent,Unit 3 Dev,2026-08-25T17:56:13.1280000Z,2026-08-25T17:56:13.1280000Z,6a8dd73c485cab4c953c0fc8,wenyi082526-1.stratalog.logdata.json
DialogueNodeEvent:15:3,dialogue,1,DialogueEvent,Unit 3 Dev,2026-08-25T17:56:00.9320000Z,2026-08-25T17:56:00.9320000Z,6a8dd730485cab4c953c0fb6,wenyi082526-1.stratalog.logdata.json
DialogueNodeEvent:15:6,dialogue,1,DialogueEvent,Unit 3 Dev,2026-08-25T17:56:11.5350000Z,2026-08-25T17:56:11.5350000Z,6a8dd73a485cab4c953c0fbc,wenyi082526-1.stratalog.logdata.json
DialogueNodeEvent:16:3,dialogue,1,DialogueEvent,Unit 2 Prod (Refactor),2026-08-25T17:06:47.7560000Z,2026-08-25T17:06:47.7560000Z,6a8dcba6485cab4c953bf84e,wenyi082526-1.stratalog.logdata.json
DialogueNodeEvent:17:17,dialogue,1,DialogueEvent,Unit 2 Prod (Refactor),2026-08-25T17:07:48.1990000Z,2026-08-25T17:07:48.1990000Z,6a8dcbe3485cab4c953bf886,wenyi082526-1.stratalog.logdata.json
DialogueNodeEvent:17:19,dialogue,1,DialogueEvent,Unit 2 Prod (Refactor),2026-08-25T17:07:50.3680000Z,2026-08-25T17:07:50.3680000Z,6a8dcbe5485cab4c953bf88c,wenyi082526-1.stratalog.logdata.json
DialogueNodeEvent:17:20,dialogue,1,DialogueEvent,Unit 2 Prod (Refactor),2026-08-25T17:07:56.9530000Z,2026-08-25T17:07:56.9530000Z,6a8dcbec485cab4c953bf896,wenyi082526-1.stratalog.logdata.json
DialogueNodeEvent:17:22,dialogue,1,DialogueEvent,Unit 2 Prod (Refactor),2026-08-25T17:07:58.1860000Z,2026-08-25T17:07:58.1860000Z,6a8dcbed485cab4c953bf89a,wenyi082526-1.stratalog.logdata.json
DialogueNodeEvent:17:26,dialogue,1,DialogueEvent,Unit 2 Prod (Refactor),2026-08-25T17:07:59.7200000Z,2026-08-25T17:07:59.7200000Z,6a8dcbee485cab4c953bf89c,wenyi082526-1.stratalog.logdata.json
DialogueNodeEvent:18:1,dialogue,1,DialogueEvent,Unit 2 Prod (Refactor),2026-08-25T17:07:17.3020000Z,2026-08-25T17:07:17.3020000Z,6a8dcbc4485cab4c953bf85e,wenyi082526-1.stratalog.logdata.json
DialogueNodeEvent:18:10,dialogue,1,DialogueEvent,Unit 2 Prod (Refactor),2026-08-25T17:07:30.6850000Z,2026-08-25T17:07:30.6850000Z,6a8dcbd1485cab4c953bf870,wenyi082526-1.stratalog.logdata.json
DialogueNodeEvent:18:102,dialogue,1,DialogueEvent,Unit 2 Prod (Refactor),2026-08-25T17:20:48.7220000Z,2026-08-25T17:20:48.7220000Z,6a8dceef485cab4c953c00d8,wenyi082526-1.stratalog.logdata.json
DialogueNodeEvent:18:103,dialogue,1,DialogueEvent,Unit 2 Prod (Refactor),2026-08-25T17:20:51.1720000Z,2026-08-25T17:20:51.1720000Z,6a8dcef2485cab4c953c00dc,wenyi082526-1.stratalog.logdata.json
DialogueNodeEvent:18:105,dialogue,1,DialogueEvent,Unit 2 Prod (Refactor),2026-08-25T17:20:51.8740000Z,2026-08-25T17:20:51.8740000Z,6a8dcef3485cab4c953c00e0,wenyi082526-1.stratalog.logdata.json
DialogueNodeEvent:18:109,dialogue,1,DialogueEvent,Unit 2 Prod (Refactor),2026-08-25T17:21:14.2670000Z,2026-08-25T17:21:14.2670000Z,6a8dcf09485cab4c953c010c,wenyi082526-1.stratalog.logdata.json
DialogueNodeEvent:18:110,dialogue,1,DialogueEvent,Unit 2 Prod (Refactor),2026-08-25T17:21:17.5700000Z,2026-08-25T17:21:17.5700000Z,6a8dcf0c485cab4c953c0110,wenyi082526-1.stratalog.logdata.json
DialogueNodeEvent:18:112,dialogue,1,DialogueEvent,Unit 2 Prod (Refactor),2026-08-25T17:21:21.1870000Z,2026-08-25T17:21:21.1870000Z,6a8dcf10485cab4c953c011c,wenyi082526-1.stratalog.logdata.json
DialogueNodeEvent:18:113,dialogue,1,DialogueEvent,Unit 2 Prod (Refactor),2026-08-25T17:21:36.6960000Z,2026-08-25T17:21:36.6960000Z,6a8dcf1f485cab4c953c012e,wenyi082526-1.stratalog.logdata.json
DialogueNodeEvent:18:114,dialogue,1,DialogueEvent,Unit 2 Prod (Refactor),2026-08-25T17:21:39.4120000Z,2026-08-25T17:21:39.4120000Z,6a8dcf22485cab4c953c0134,wenyi082526-1.stratalog.logdata.json
DialogueNodeEvent:18:116,dialogue,1,DialogueEvent,Unit 2 Prod (Refactor),2026-08-25T17:21:51.6260000Z,2026-08-25T17:21:51.6260000Z,6a8dcf2e485cab4c953c018e,wenyi082526-1.stratalog.logdata.json
DialogueNodeEvent:18:117,dialogue,1,DialogueEvent,Unit 2 Prod (Refactor),2026-08-25T17:21:57.5890000Z,2026-08-25T17:21:57.5890000Z,6a8dcf34485cab4c953c01c4,wenyi082526-1.stratalog.logdata.json
DialogueNodeEvent:18:118,dialogue,1,DialogueEvent,Unit 2 Prod (Refactor),2026-08-25T17:23:16.0580000Z,2026-08-25T17:23:16.0580000Z,6a8dcf83485cab4c953c0200,wenyi082526-1.stratalog.logdata.json
DialogueNodeEvent:18:120,dialogue,1,DialogueEvent,Unit 2 Prod (Refactor),2026-08-25T17:30:37.7040000Z,2026-08-25T17:30:37.7040000Z,6a8dd13c485cab4c953c05ca,wenyi082526-1.stratalog.logdata.json
DialogueNodeEvent:18:121,dialogue,1,DialogueEvent,Unit 2 Prod (Refactor),2026-08-25T17:30:40.2210000Z,2026-08-25T17:30:40.2210000Z,6a8dd13f485cab4c953c05ce,wenyi082526-1.stratalog.logdata.json
DialogueNodeEvent:18:122,dialogue,1,DialogueEvent,Unit 2 Prod (Refactor),2026-08-25T17:30:43.2050000Z,2026-08-25T17:30:43.2050000Z,6a8dd142485cab4c953c05d0,wenyi082526-1.stratalog.logdata.json
DialogueNodeEvent:18:124,dialogue,1,DialogueEvent,Unit 2 Prod (Refactor),2026-08-25T17:30:43.8890000Z,2026-08-25T17:30:43.8890000Z,6a8dd142485cab4c953c05d2,wenyi082526-1.stratalog.logdata.json
DialogueNodeEvent:18:125,dialogue,1,DialogueEvent,Unit 2 Prod (Refactor),2026-08-25T17:30:44.4720000Z,2026-08-25T17:30:44.4720000Z,6a8dd143485cab4c953c05d4,wenyi082526-1.stratalog.logdata.json
DialogueNodeEvent:18:127,dialogue,1,DialogueEvent,Unit 2 Prod (Refactor),2026-08-25T17:30:44.9420000Z,2026-08-25T17:30:44.9420000Z,6a8dd144485cab4c953c05da,wenyi082526-1.stratalog.logdata.json
DialogueNodeEvent:18:128,dialogue,1,DialogueEvent,Unit 2 Prod (Refactor),2026-08-25T17:30:58.5310000Z,2026-08-25T17:30:58.5310000Z,6a8dd151485cab4c953c05f2,wenyi082526-1.stratalog.logdata.json
DialogueNodeEvent:18:130,dialogue,1,DialogueEvent,Unit 2 Prod (Refactor),2026-08-25T17:30:59.3040000Z,2026-08-25T17:30:59.3040000Z,6a8dd152485cab4c953c05f4,wenyi082526-1.stratalog.logdata.json
DialogueNodeEvent:18:136,dialogue,1,DialogueEvent,Unit 2 Prod (Refactor),2026-08-25T17:32:09.3320000Z,2026-08-25T17:32:09.3320000Z,6a8dd198485cab4c953c0712,wenyi082526-1.stratalog.logdata.json
DialogueNodeEvent:18:137,dialogue,1,DialogueEvent,Unit 2 Prod (Refactor),2026-08-25T17:32:18.3680000Z,2026-08-25T17:32:18.3680000Z,6a8dd1a1485cab4c953c07ec,wenyi082526-1.stratalog.logdata.json
DialogueNodeEvent:18:139,dialogue,1,DialogueEvent,Unit 2 Prod (Refactor),2026-08-25T17:32:19.1350000Z,2026-08-25T17:32:19.1350000Z,6a8dd1a2485cab4c953c07ee,wenyi082526-1.stratalog.logdata.json
DialogueNodeEvent:18:141,dialogue,1,DialogueEvent,Unit 2 Prod (Refactor),2026-08-25T17:32:19.3030000Z,2026-08-25T17:32:19.3030000Z,6a8dd1a2485cab4c953c07f0,wenyi082526-1.stratalog.logdata.json
DialogueNodeEvent:18:142,dialogue,1,DialogueEvent,Unit 2 Prod (Refactor),2026-08-25T17:32:28.1560000Z,2026-08-25T17:32:28.1560000Z,6a8dd1ab485cab4c953c0800,wenyi082526-1.stratalog.logdata.json
DialogueNodeEvent:18:143,dialogue,1,DialogueEvent,Unit 2 Prod (Refactor),2026-08-25T17:32:30.9400000Z,2026-08-25T17:32:30.9400000Z,6a8dd1ae485cab4c953c0804,wenyi082526-1.stratalog.logdata.json
DialogueNodeEvent:18:145,dialogue,1,DialogueEvent,Unit 2 Prod (Refactor),2026-08-25T17:32:31.7910000Z,2026-08-25T17:32:31.7910000Z,6a8dd1ae485cab4c953c0806,wenyi082526-1.stratalog.logdata.json
DialogueNodeEvent:18:146,dialogue,1,DialogueEvent,Unit 2 Prod (Refactor),2026-08-25T17:32:34.7110000Z,2026-08-25T17:32:34.7110000Z,6a8dd1b1485cab4c953c0814,wenyi082526-1.stratalog.logdata.json
DialogueNodeEvent:18:147,dialogue,1,DialogueEvent,Unit 2 Prod (Refactor),2026-08-25T17:32:38.4100000Z,2026-08-25T17:32:38.4100000Z,6a8dd1b5485cab4c953c081a,wenyi082526-1.stratalog.logdata.json
DialogueNodeEvent:18:149,dialogue,1,DialogueEvent,Unit 2 Prod (Refactor),2026-08-25T17:32:39.0290000Z,2026-08-25T17:32:39.0290000Z,6a8dd1b6485cab4c953c081c,wenyi082526-1.stratalog.logdata.json
DialogueNodeEvent:18:150,dialogue,1,DialogueEvent,Unit 2 Prod (Refactor),2026-08-25T17:32:47.2490000Z,2026-08-25T17:32:47.2490000Z,6a8dd1be485cab4c953c0826,wenyi082526-1.stratalog.logdata.json
DialogueNodeEvent:18:151,dialogue,1,DialogueEvent,Unit 2 Prod (Refactor),2026-08-25T17:32:49.7490000Z,2026-08-25T17:32:49.7490000Z,6a8dd1c0485cab4c953c082c,wenyi082526-1.stratalog.logdata.json
DialogueNodeEvent:18:153,dialogue,1,DialogueEvent,Unit 2 Prod (Refactor),2026-08-25T17:32:50.7520000Z,2026-08-25T17:32:50.7520000Z,6a8dd1c1485cab4c953c082e,wenyi082526-1.stratalog.logdata.json
DialogueNodeEvent:18:154,dialogue,1,DialogueEvent,Unit 2 Prod (Refactor),2026-08-25T17:33:04.8920000Z,2026-08-25T17:33:04.8920000Z,6a8dd1d0485cab4c953c0856,wenyi082526-1.stratalog.logdata.json
DialogueNodeEvent:18:155,dialogue,1,DialogueEvent,Unit 2 Prod (Refactor),2026-08-25T17:33:05.8730000Z,2026-08-25T17:33:05.8730000Z,6a8dd1d0485cab4c953c085a,wenyi082526-1.stratalog.logdata.json
DialogueNodeEvent:18:156,dialogue,1,DialogueEvent,Unit 2 Prod (Refactor),2026-08-25T17:33:07.3910000Z,2026-08-25T17:33:07.3910000Z,6a8dd1d2485cab4c953c085c,wenyi082526-1.stratalog.logdata.json
DialogueNodeEvent:18:158,dialogue,1,DialogueEvent,Unit 2 Prod (Refactor),2026-08-25T17:33:08.0260000Z,2026-08-25T17:33:08.0260000Z,6a8dd1d3485cab4c953c0860,wenyi082526-1.stratalog.logdata.json
DialogueNodeEvent:18:159,dialogue,1,DialogueEvent,Unit 2 Prod (Refactor),2026-08-25T17:33:45.3260000Z,2026-08-25T17:33:45.3260000Z,6a8dd1f8485cab4c953c089c,wenyi082526-1.stratalog.logdata.json
DialogueNodeEvent:18:160,dialogue,1,DialogueEvent,Unit 2 Prod (Refactor),2026-08-25T17:33:48.4440000Z,2026-08-25T17:33:48.4440000Z,6a8dd1fb485cab4c953c08a6,wenyi082526-1.stratalog.logdata.json
DialogueNodeEvent:18:162,dialogue,1,DialogueEvent,Unit 2 Prod (Refactor),2026-08-25T17:33:49.2610000Z,2026-08-25T17:33:49.2610000Z,6a8dd1fc485cab4c953c08a8,wenyi082526-1.stratalog.logdata.json
DialogueNodeEvent:18:163,dialogue,1,DialogueEvent,Unit 2 Prod (Refactor),2026-08-25T17:33:51.6640000Z,2026-08-25T17:33:51.6640000Z,6a8dd1fe485cab4c953c08b2,wenyi082526-1.stratalog.logdata.json
DialogueNodeEvent:18:164,dialogue,1,DialogueEvent,Unit 2 Prod (Refactor),2026-08-25T17:33:54.2470000Z,2026-08-25T17:33:54.2470000Z,6a8dd201485cab4c953c08b8,wenyi082526-1.stratalog.logdata.json
DialogueNodeEvent:18:166,dialogue,1,DialogueEvent,Unit 2 Prod (Refactor),2026-08-25T17:33:54.8140000Z,2026-08-25T17:33:54.8140000Z,6a8dd201485cab4c953c08ba,wenyi082526-1.stratalog.logdata.json
DialogueNodeEvent:18:167,dialogue,1,DialogueEvent,Unit 2 Prod (Refactor),2026-08-25T17:34:03.9710000Z,2026-08-25T17:34:03.9710000Z,6a8dd20b485cab4c953c08e0,wenyi082526-1.stratalog.logdata.json
DialogueNodeEvent:18:169,dialogue,1,DialogueEvent,Unit 2 Prod (Refactor),2026-08-25T17:34:18.4770000Z,2026-08-25T17:34:18.4770000Z,6a8dd219485cab4c953c093a,wenyi082526-1.stratalog.logdata.json
DialogueNodeEvent:18:170,dialogue,1,DialogueEvent,Unit 2 Prod (Refactor),2026-08-25T17:34:19.5090000Z,2026-08-25T17:34:19.5090000Z,6a8dd21a485cab4c953c093e,wenyi082526-1.stratalog.logdata.json
DialogueNodeEvent:18:173,dialogue,1,DialogueEvent,Unit 2 Prod (Refactor),2026-08-25T17:34:19.9920000Z,2026-08-25T17:34:19.9920000Z,6a8dd21b485cab4c953c0940,wenyi082526-1.stratalog.logdata.json
DialogueNodeEvent:18:174,dialogue,1,DialogueEvent,Unit 2 Prod (Refactor),2026-08-25T17:34:20.1760000Z,2026-08-25T17:34:20.1760000Z,6a8dd21b485cab4c953c0946,wenyi082526-1.stratalog.logdata.json
DialogueNodeEvent:18:175,dialogue,1,DialogueEvent,Unit 2 Prod (Refactor),2026-08-25T17:34:21.9430000Z,2026-08-25T17:34:21.9430000Z,6a8dd21d485cab4c953c094a,wenyi082526-1.stratalog.logdata.json
DialogueNodeEvent:18:176,dialogue,1,DialogueEvent,Unit 2 Prod (Refactor),2026-08-25T17:34:22.9680000Z,2026-08-25T17:34:22.9680000Z,6a8dd21e485cab4c953c094e,wenyi082526-1.stratalog.logdata.json
DialogueNodeEvent:18:179,dialogue,1,DialogueEvent,Unit 2 Prod (Refactor),2026-08-25T17:09:31.2650000Z,2026-08-25T17:09:31.2650000Z,6a8dcc4a485cab4c953bf9e8,wenyi082526-1.stratalog.logdata.json
DialogueNodeEvent:18:2,dialogue,1,DialogueEvent,Unit 2 Prod (Refactor),2026-08-25T17:07:25.2370000Z,2026-08-25T17:07:25.2370000Z,6a8dcbcc485cab4c953bf862,wenyi082526-1.stratalog.logdata.json
DialogueNodeEvent:18:209,dialogue,1,DialogueEvent,Unit 2 Prod (Refactor),2026-08-25T17:11:58.9850000Z,2026-08-25T17:11:58.9850000Z,6a8dccde485cab4c953bfefe,wenyi082526-1.stratalog.logdata.json
DialogueNodeEvent:18:21,dialogue,1,DialogueEvent,Unit 2 Prod (Refactor),2026-08-25T17:08:04.9920000Z,2026-08-25T17:08:04.9920000Z,6a8dcbf4485cab4c953bf8b6,wenyi082526-1.stratalog.logdata.json
DialogueNodeEvent:18:210,dialogue,1,DialogueEvent,Unit 2 Prod (Refactor),2026-08-25T17:12:00.3860000Z,2026-08-25T17:12:00.3860000Z,6a8dccdf485cab4c953bff02,wenyi082526-1.stratalog.logdata.json
DialogueNodeEvent:18:22,dialogue,1,DialogueEvent,Unit 2 Prod (Refactor),2026-08-25T17:08:07.1070000Z,2026-08-25T17:08:07.1070000Z,6a8dcbf6485cab4c953bf8bc,wenyi082526-1.stratalog.logdata.json
DialogueNodeEvent:18:231,dialogue,1,DialogueEvent,Unit 2 Prod (Refactor),2026-08-25T17:17:52.4370000Z,2026-08-25T17:17:52.4370000Z,6a8dce3f485cab4c953c0064,wenyi082526-1.stratalog.logdata.json
DialogueNodeEvent:18:24,dialogue,1,DialogueEvent,Unit 2 Prod (Refactor),2026-08-25T17:08:11.1260000Z,2026-08-25T17:08:11.1260000Z,6a8dcbfa485cab4c953bf8c4,wenyi082526-1.stratalog.logdata.json
DialogueNodeEvent:18:243,dialogue,1,DialogueEvent,Unit 2 Prod (Refactor),2026-08-25T17:21:58.5550000Z,2026-08-25T17:21:58.5550000Z,6a8dcf35485cab4c953c01e0,wenyi082526-1.stratalog.logdata.json
DialogueNodeEvent:18:25,dialogue,1,DialogueEvent,Unit 2 Prod (Refactor),2026-08-25T17:08:14.1770000Z,2026-08-25T17:08:14.1770000Z,6a8dcbfd485cab4c953bf8c8,wenyi082526-1.stratalog.logdata.json
DialogueNodeEvent:18:269,dialogue,1,DialogueEvent,Unit 2 Prod (Refactor),2026-08-25T17:08:41.2400000Z,2026-08-25T17:08:41.2400000Z,6a8dcc18485cab4c953bf8ec,wenyi082526-1.stratalog.logdata.json
DialogueNodeEvent:18:271,dialogue,1,DialogueEvent,Unit 2 Prod (Refactor),2026-08-25T17:08:41.9070000Z,2026-08-25T17:08:41.9070000Z,6a8dcc19485cab4c953bf8ee,wenyi082526-1.stratalog.logdata.json
DialogueNodeEvent:18:273,dialogue,1,DialogueEvent,Unit 2 Prod (Refactor),2026-08-25T17:08:42.3580000Z,2026-08-25T17:08:42.3580000Z,6a8dcc19485cab4c953bf8f0,wenyi082526-1.stratalog.logdata.json
DialogueNodeEvent:18:274,dialogue,1,DialogueEvent,Unit 2 Prod (Refactor),2026-08-25T17:21:18.3520000Z,2026-08-25T17:21:18.3520000Z,6a8dcf0d485cab4c953c0114,wenyi082526-1.stratalog.logdata.json
DialogueNodeEvent:18:276,dialogue,1,DialogueEvent,Unit 2 Prod (Refactor),2026-08-25T17:21:40.0630000Z,2026-08-25T17:21:40.0630000Z,6a8dcf23485cab4c953c0136,wenyi082526-1.stratalog.logdata.json
DialogueNodeEvent:18:277,dialogue,1,DialogueEvent,Unit 2 Prod (Refactor),2026-08-25T17:21:41.3130000Z,2026-08-25T17:21:41.3130000Z,6a8dcf24485cab4c953c0138,wenyi082526-1.stratalog.logdata.json
DialogueNodeEvent:18:279,dialogue,1,DialogueEvent,Unit 2 Prod (Refactor),2026-08-25T17:21:41.9800000Z,2026-08-25T17:21:41.9800000Z,6a8dcf25485cab4c953c013a,wenyi082526-1.stratalog.logdata.json
DialogueNodeEvent:18:280,dialogue,1,DialogueEvent,Unit 2 Prod (Refactor),2026-08-25T17:11:49.8490000Z,2026-08-25T17:11:49.8490000Z,6a8dccd4485cab4c953bfee4,wenyi082526-1.stratalog.logdata.json
DialogueNodeEvent:18:281,dialogue,1,DialogueEvent,Unit 2 Prod (Refactor),2026-08-25T17:11:56.2500000Z,2026-08-25T17:11:56.2500000Z,6a8dccdb485cab4c953bfefa,wenyi082526-1.stratalog.logdata.json
DialogueNodeEvent:18:282,dialogue,1,DialogueEvent,Unit 2 Prod (Refactor),2026-08-25T17:11:55.7330000Z,2026-08-25T17:11:55.7330000Z,6a8dccda485cab4c953bfef8,wenyi082526-1.stratalog.logdata.json
DialogueNodeEvent:18:283,dialogue,1,DialogueEvent,Unit 2 Prod (Refactor),2026-08-25T17:12:33.6280000Z,2026-08-25T17:12:33.6280000Z,6a8dcd00485cab4c953bff2a,wenyi082526-1.stratalog.logdata.json
DialogueNodeEvent:18:284,dialogue,1,DialogueEvent,Unit 2 Prod (Refactor),2026-08-25T17:34:23.1460000Z,2026-08-25T17:34:23.1460000Z,6a8dd21e485cab4c953c0950,wenyi082526-1.stratalog.logdata.json
DialogueNodeEvent:18:290,dialogue,1,DialogueEvent,Unit 2 Prod (Refactor),2026-08-25T17:30:54.7800000Z,2026-08-25T17:30:54.7800000Z,6a8dd14d485cab4c953c05e4,wenyi082526-1.stratalog.logdata.json
DialogueNodeEvent:18:33,dialogue,1,DialogueEvent,Unit 2 Prod (Refactor),2026-08-25T17:08:31.4030000Z,2026-08-25T17:08:31.4030000Z,6a8dcc0e485cab4c953bf8da,wenyi082526-1.stratalog.logdata.json
DialogueNodeEvent:18:34,dialogue,1,DialogueEvent,Unit 2 Prod (Refactor),2026-08-25T17:08:32.7200000Z,2026-08-25T17:08:32.7200000Z,6a8dcc0f485cab4c953bf8de,wenyi082526-1.stratalog.logdata.json
DialogueNodeEvent:18:35,dialogue,1,DialogueEvent,Unit 2 Prod (Refactor),2026-08-25T17:08:33.1370000Z,2026-08-25T17:08:33.1370000Z,6a8dcc10485cab4c953bf8e0,wenyi082526-1.stratalog.logdata.json
DialogueNodeEvent:18:36,dialogue,1,DialogueEvent,Unit 2 Prod (Refactor),2026-08-25T17:08:37.3890000Z,2026-08-25T17:08:37.3890000Z,6a8dcc14485cab4c953bf8e4,wenyi082526-1.stratalog.logdata.json
DialogueNodeEvent:18:37,dialogue,1,DialogueEvent,Unit 2 Prod (Refactor),2026-08-25T17:08:37.8890000Z,2026-08-25T17:08:37.8890000Z,6a8dcc14485cab4c953bf8e6,wenyi082526-1.stratalog.logdata.json
DialogueNodeEvent:18:38,dialogue,1,DialogueEvent,Unit 2 Prod (Refactor),2026-08-25T17:08:38.8060000Z,2026-08-25T17:08:38.8060000Z,6a8dcc15485cab4c953bf8e8,wenyi082526-1.stratalog.logdata.json
DialogueNodeEvent:18:39,dialogue,1,DialogueEvent,Unit 2 Prod (Refactor),2026-08-25T17:08:38.8080000Z,2026-08-25T17:08:38.8080000Z,6a8dcc15485cab4c953bf8ea,wenyi082526-1.stratalog.logdata.json
DialogueNodeEvent:18:4,dialogue,1,DialogueEvent,Unit 2 Prod (Refactor),2026-08-25T17:07:25.9210000Z,2026-08-25T17:07:25.9210000Z,6a8dcbcd485cab4c953bf864,wenyi082526-1.stratalog.logdata.json
DialogueNodeEvent:18:41,dialogue,1,DialogueEvent,Unit 2 Prod (Refactor),2026-08-25T17:10:47.1700000Z,2026-08-25T17:10:47.1700000Z,6a8dcc96485cab4c953bfea2,wenyi082526-1.stratalog.logdata.json
DialogueNodeEvent:18:47,dialogue,1,DialogueEvent,Unit 2 Prod (Refactor),2026-08-25T17:10:53.1870000Z,2026-08-25T17:10:53.1870000Z,6a8dcc9c485cab4c953bfeaa,wenyi082526-1.stratalog.logdata.json
DialogueNodeEvent:18:5,dialogue,1,DialogueEvent,Unit 2 Prod (Refactor),2026-08-25T17:07:27.4880000Z,2026-08-25T17:07:27.4880000Z,6a8dcbce485cab4c953bf868,wenyi082526-1.stratalog.logdata.json
DialogueNodeEvent:18:56,dialogue,1,DialogueEvent,Unit 2 Prod (Refactor),2026-08-25T17:11:26.8720000Z,2026-08-25T17:11:26.8720000Z,6a8dccbe485cab4c953bfed2,wenyi082526-1.stratalog.logdata.json
DialogueNodeEvent:18:59,dialogue,1,DialogueEvent,Unit 2 Prod (Refactor),2026-08-25T17:11:43.3450000Z,2026-08-25T17:11:43.3450000Z,6a8dccce485cab4c953bfedc,wenyi082526-1.stratalog.logdata.json
DialogueNodeEvent:18:61,dialogue,1,DialogueEvent,Unit 2 Prod (Refactor),2026-08-25T17:11:50.8810000Z,2026-08-25T17:11:50.8810000Z,6a8dccd5485cab4c953bfee8,wenyi082526-1.stratalog.logdata.json
DialogueNodeEvent:18:63,dialogue,1,DialogueEvent,Unit 2 Prod (Refactor),2026-08-25T17:11:52.0150000Z,2026-08-25T17:11:52.0150000Z,6a8dccd7485cab4c953bfeea,wenyi082526-1.stratalog.logdata.json
DialogueNodeEvent:18:64,dialogue,1,DialogueEvent,Unit 2 Prod (Refactor),2026-08-25T17:11:52.1650000Z,2026-08-25T17:11:52.1650000Z,6a8dccd7485cab4c953bfeec,wenyi082526-1.stratalog.logdata.json
DialogueNodeEvent:18:65,dialogue,1,DialogueEvent,Unit 2 Prod (Refactor),2026-08-25T17:11:52.2980000Z,2026-08-25T17:11:52.2980000Z,6a8dccd7485cab4c953bfeee,wenyi082526-1.stratalog.logdata.json
DialogueNodeEvent:18:66,dialogue,1,DialogueEvent,Unit 2 Prod (Refactor),2026-08-25T17:11:53.4990000Z,2026-08-25T17:11:53.4990000Z,6a8dccd8485cab4c953bfef0,wenyi082526-1.stratalog.logdata.json
DialogueNodeEvent:18:68,dialogue,1,DialogueEvent,Unit 2 Prod (Refactor),2026-08-25T17:11:54.2160000Z,2026-08-25T17:11:54.2160000Z,6a8dccd9485cab4c953bfef2,wenyi082526-1.stratalog.logdata.json
DialogueNodeEvent:18:69,dialogue,1,DialogueEvent,Unit 2 Prod (Refactor),2026-08-25T17:11:54.5330000Z,2026-08-25T17:11:54.5330000Z,6a8dccd9485cab4c953bfef4,wenyi082526-1.stratalog.logdata.json
DialogueNodeEvent:18:7,dialogue,1,DialogueEvent,Unit 2 Prod (Refactor),2026-08-25T17:07:28.1390000Z,2026-08-25T17:07:28.1390000Z,6a8dcbcf485cab4c953bf86a,wenyi082526-1.stratalog.logdata.json
DialogueNodeEvent:18:71,dialogue,1,DialogueEvent,Unit 2 Prod (Refactor),2026-08-25T17:11:55.1670000Z,2026-08-25T17:11:55.1670000Z,6a8dccda485cab4c953bfef6,wenyi082526-1.stratalog.logdata.json
DialogueNodeEvent:18:72,dialogue,1,DialogueEvent,Unit 2 Prod (Refactor),2026-08-25T17:11:58.2680000Z,2026-08-25T17:11:58.2680000Z,6a8dccdd485cab4c953bfefc,wenyi082526-1.stratalog.logdata.json
DialogueNodeEvent:18:75,dialogue,1,DialogueEvent,Unit 2 Prod (Refactor),2026-08-25T17:12:01.0030000Z,2026-08-25T17:12:01.0030000Z,6a8dcce0485cab4c953bff04,wenyi082526-1.stratalog.logdata.json
DialogueNodeEvent:18:76,dialogue,1,DialogueEvent,Unit 2 Prod (Refactor),2026-08-25T17:12:01.4030000Z,2026-08-25T17:12:01.4030000Z,6a8dcce0485cab4c953bff06,wenyi082526-1.stratalog.logdata.json
DialogueNodeEvent:18:77,dialogue,1,DialogueEvent,Unit 2 Prod (Refactor),2026-08-25T17:12:01.8700000Z,2026-08-25T17:12:01.8700000Z,6a8dcce0485cab4c953bff08,wenyi082526-1.stratalog.logdata.json
DialogueNodeEvent:18:79,dialogue,1,DialogueEvent,Unit 2 Prod (Refactor),2026-08-25T17:12:02.3370000Z,2026-08-25T17:12:02.3370000Z,6a8dcce1485cab4c953bff0a,wenyi082526-1.stratalog.logdata.json
DialogueNodeEvent:18:8,dialogue,1,DialogueEvent,Unit 2 Prod (Refactor),2026-08-25T17:07:30.0230000Z,2026-08-25T17:07:30.0230000Z,6a8dcbd1485cab4c953bf86c,wenyi082526-1.stratalog.logdata.json
DialogueNodeEvent:18:80,dialogue,1,DialogueEvent,Unit 2 Prod (Refactor),2026-08-25T17:12:03.9540000Z,2026-08-25T17:12:03.9540000Z,6a8dcce3485cab4c953bff0c,wenyi082526-1.stratalog.logdata.json
DialogueNodeEvent:18:82,dialogue,1,DialogueEvent,Unit 2 Prod (Refactor),2026-08-25T17:12:04.5880000Z,2026-08-25T17:12:04.5880000Z,6a8dcce3485cab4c953bff0e,wenyi082526-1.stratalog.logdata.json
DialogueNodeEvent:18:88,dialogue,1,DialogueEvent,Unit 2 Prod (Refactor),2026-08-25T17:12:07.0050000Z,2026-08-25T17:12:07.0050000Z,6a8dcce6485cab4c953bff10,wenyi082526-1.stratalog.logdata.json
DialogueNodeEvent:18:89,dialogue,1,DialogueEvent,Unit 2 Prod (Refactor),2026-08-25T17:12:07.9240000Z,2026-08-25T17:12:07.9240000Z,6a8dcce7485cab4c953bff12,wenyi082526-1.stratalog.logdata.json
DialogueNodeEvent:18:91,dialogue,1,DialogueEvent,Unit 2 Prod (Refactor),2026-08-25T17:12:27.0340000Z,2026-08-25T17:12:27.0340000Z,6a8dccfa485cab4c953bff1a,wenyi082526-1.stratalog.logdata.json
DialogueNodeEvent:18:92,dialogue,1,DialogueEvent,Unit 2 Prod (Refactor),2026-08-25T17:12:28.0150000Z,2026-08-25T17:12:28.0150000Z,6a8dccfb485cab4c953bff1e,wenyi082526-1.stratalog.logdata.json
DialogueNodeEvent:18:93,dialogue,1,DialogueEvent,Unit 2 Prod (Refactor),2026-08-25T17:12:32.2170000Z,2026-08-25T17:12:32.2170000Z,6a8dccff485cab4c953bff22,wenyi082526-1.stratalog.logdata.json
DialogueNodeEvent:18:95,dialogue,1,DialogueEvent,Unit 2 Prod (Refactor),2026-08-25T17:12:32.8010000Z,2026-08-25T17:12:32.8010000Z,6a8dccff485cab4c953bff24,wenyi082526-1.stratalog.logdata.json
DialogueNodeEvent:18:98,dialogue,1,DialogueEvent,Unit 2 Prod (Refactor),2026-08-25T17:12:33.1680000Z,2026-08-25T17:12:33.1680000Z,6a8dcd00485cab4c953bff26,wenyi082526-1.stratalog.logdata.json
DialogueNodeEvent:19:0,dialogue,2,DialogueEvent,Unit 2 Prod (Refactor),2026-08-25T17:13:21.4090000Z,2026-08-25T17:31:05.1670000Z,6a8dcd30485cab4c953bff4a,wenyi082526-1.stratalog.logdata.json
DialogueNodeEvent:19:1,dialogue,1,DialogueEvent,Unit 2 Prod (Refactor),2026-08-25T17:13:21.4120000Z,2026-08-25T17:13:21.4120000Z,6a8dcd30485cab4c953bff4e,wenyi082526-1.stratalog.logdata.json
DialogueNodeEvent:19:16,dialogue,1,DialogueEvent,Unit 2 Prod (Refactor),2026-08-25T17:31:05.1690000Z,2026-08-25T17:31:05.1690000Z,6a8dd158485cab4c953c0628,wenyi082526-1.stratalog.logdata.json
DialogueNodeEvent:19:17,dialogue,1,DialogueEvent,Unit 2 Prod (Refactor),2026-08-25T17:31:06.4000000Z,2026-08-25T17:31:06.4000000Z,6a8dd159485cab4c953c062a,wenyi082526-1.stratalog.logdata.json
DialogueNodeEvent:19:19,dialogue,1,DialogueEvent,Unit 2 Prod (Refactor),2026-08-25T17:31:07.0840000Z,2026-08-25T17:31:07.0840000Z,6a8dd15a485cab4c953c062c,wenyi082526-1.stratalog.logdata.json
DialogueNodeEvent:19:2,dialogue,1,DialogueEvent,Unit 2 Prod (Refactor),2026-08-25T17:13:22.7420000Z,2026-08-25T17:13:22.7420000Z,6a8dcd31485cab4c953bff52,wenyi082526-1.stratalog.logdata.json
DialogueNodeEvent:19:20,dialogue,1,DialogueEvent,Unit 2 Prod (Refactor),2026-08-25T17:31:07.2340000Z,2026-08-25T17:31:07.2340000Z,6a8dd15a485cab4c953c062e,wenyi082526-1.stratalog.logdata.json
DialogueNodeEvent:19:21,dialogue,1,DialogueEvent,Unit 2 Prod (Refactor),2026-08-25T17:31:07.4010000Z,2026-08-25T17:31:07.4010000Z,6a8dd15a485cab4c953c0630,wenyi082526-1.stratalog.logdata.json
DialogueNodeEvent:19:26,dialogue,1,DialogueEvent,Unit 2 Prod (Refactor),2026-08-25T17:31:09.9020000Z,2026-08-25T17:31:09.9020000Z,6a8dd15c485cab4c953c063c,wenyi082526-1.stratalog.logdata.json
DialogueNodeEvent:19:29,dialogue,1,DialogueEvent,Unit 2 Prod (Refactor),2026-08-25T17:31:10.6850000Z,2026-08-25T17:31:10.6850000Z,6a8dd15d485cab4c953c0640,wenyi082526-1.stratalog.logdata.json
DialogueNodeEvent:19:30,dialogue,1,DialogueEvent,Unit 2 Prod (Refactor),2026-08-25T17:31:10.8520000Z,2026-08-25T17:31:10.8520000Z,6a8dd15d485cab4c953c0642,wenyi082526-1.stratalog.logdata.json
DialogueNodeEvent:19:31,dialogue,1,DialogueEvent,Unit 2 Prod (Refactor),2026-08-25T17:31:12.4520000Z,2026-08-25T17:31:12.4520000Z,6a8dd15f485cab4c953c0648,wenyi082526-1.stratalog.logdata.json
DialogueNodeEvent:19:32,dialogue,1,DialogueEvent,Unit 2 Prod (Refactor),2026-08-25T17:31:13.2210000Z,2026-08-25T17:31:13.2210000Z,6a8dd160485cab4c953c064c,wenyi082526-1.stratalog.logdata.json
DialogueNodeEvent:19:4,dialogue,1,DialogueEvent,Unit 2 Prod (Refactor),2026-08-25T17:13:39.4180000Z,2026-08-25T17:13:39.4180000Z,6a8dcd42485cab4c953bff7a,wenyi082526-1.stratalog.logdata.json
DialogueNodeEvent:19:46,dialogue,1,DialogueEvent,Unit 2 Prod (Refactor),2026-08-25T17:13:41.5860000Z,2026-08-25T17:13:41.5860000Z,6a8dcd44485cab4c953bff86,wenyi082526-1.stratalog.logdata.json
DialogueNodeEvent:19:47,dialogue,1,DialogueEvent,Unit 2 Prod (Refactor),2026-08-25T17:31:08.0170000Z,2026-08-25T17:31:08.0170000Z,6a8dd15b485cab4c953c0636,wenyi082526-1.stratalog.logdata.json
DialogueNodeEvent:19:48,dialogue,1,DialogueEvent,Unit 2 Prod (Refactor),2026-08-25T17:13:41.4340000Z,2026-08-25T17:13:41.4340000Z,6a8dcd44485cab4c953bff82,wenyi082526-1.stratalog.logdata.json
DialogueNodeEvent:19:49,dialogue,1,DialogueEvent,Unit 2 Prod (Refactor),2026-08-25T17:13:22.3420000Z,2026-08-25T17:13:22.3420000Z,6a8dcd31485cab4c953bff50,wenyi082526-1.stratalog.logdata.json
DialogueNodeEvent:19:5,dialogue,1,DialogueEvent,Unit 2 Prod (Refactor),2026-08-25T17:13:40.6670000Z,2026-08-25T17:13:40.6670000Z,6a8dcd43485cab4c953bff7c,wenyi082526-1.stratalog.logdata.json
DialogueNodeEvent:19:50,dialogue,1,DialogueEvent,Unit 2 Prod (Refactor),2026-08-25T17:13:23.1810000Z,2026-08-25T17:13:23.1810000Z,6a8dcd32485cab4c953bff58,wenyi082526-1.stratalog.logdata.json
DialogueNodeEvent:19:51,dialogue,1,DialogueEvent,Unit 2 Prod (Refactor),2026-08-25T17:13:27.0620000Z,2026-08-25T17:13:27.0620000Z,6a8dcd36485cab4c953bff5e,wenyi082526-1.stratalog.logdata.json
DialogueNodeEvent:19:52,dialogue,1,DialogueEvent,Unit 2 Prod (Refactor),2026-08-25T17:13:29.3800000Z,2026-08-25T17:13:29.3800000Z,6a8dcd38485cab4c953bff66,wenyi082526-1.stratalog.logdata.json
DialogueNodeEvent:19:53,dialogue,1,DialogueEvent,Unit 2 Prod (Refactor),2026-08-25T17:13:36.2990000Z,2026-08-25T17:13:36.2990000Z,6a8dcd3f485cab4c953bff6e,wenyi082526-1.stratalog.logdata.json
DialogueNodeEvent:19:54,dialogue,1,DialogueEvent,Unit 2 Prod (Refactor),2026-08-25T17:13:38.5820000Z,2026-08-25T17:13:38.5820000Z,6a8dcd41485cab4c953bff72,wenyi082526-1.stratalog.logdata.json
DialogueNodeEvent:19:56,dialogue,1,DialogueEvent,Unit 2 Prod (Refactor),2026-08-25T17:13:39.2660000Z,2026-08-25T17:13:39.2660000Z,6a8dcd42485cab4c953bff76,wenyi082526-1.stratalog.logdata.json
DialogueNodeEvent:19:58,dialogue,1,DialogueEvent,Unit 2 Prod (Refactor),2026-08-25T17:13:41.5840000Z,2026-08-25T17:13:41.5840000Z,6a8dcd44485cab4c953bff84,wenyi082526-1.stratalog.logdata.json
DialogueNodeEvent:19:59,dialogue,1,DialogueEvent,Unit 2 Prod (Refactor),2026-08-25T17:13:23.1770000Z,2026-08-25T17:13:23.1770000Z,6a8dcd32485cab4c953bff54,wenyi082526-1.stratalog.logdata.json
DialogueNodeEvent:19:60,dialogue,2,DialogueEvent,Unit 2 Prod (Refactor),2026-08-25T17:13:57.4580000Z,2026-08-25T17:15:08.8430000Z,6a8dcd54485cab4c953bff8e,wenyi082526-1.stratalog.logdata.json
DialogueNodeEvent:19:7,dialogue,1,DialogueEvent,Unit 2 Prod (Refactor),2026-08-25T17:13:41.3030000Z,2026-08-25T17:13:41.3030000Z,6a8dcd44485cab4c953bff80,wenyi082526-1.stratalog.logdata.json
DialogueNodeEvent:20:0,dialogue,1,DialogueEvent,Unit 2 Prod (Refactor),2026-08-25T17:34:32.5490000Z,2026-08-25T17:34:32.5490000Z,6a8dd227485cab4c953c097a,wenyi082526-1.stratalog.logdata.json
DialogueNodeEvent:20:1,dialogue,1,DialogueEvent,Unit 2 Prod (Refactor),2026-08-25T17:15:48.1620000Z,2026-08-25T17:15:48.1620000Z,6a8dcdc3485cab4c953bffe0,wenyi082526-1.stratalog.logdata.json
DialogueNodeEvent:20:10,dialogue,1,DialogueEvent,Unit 2 Prod (Refactor),2026-08-25T17:16:18.2920000Z,2026-08-25T17:16:18.2920000Z,6a8dcde1485cab4c953bfffa,wenyi082526-1.stratalog.logdata.json
DialogueNodeEvent:20:110,dialogue,1,DialogueEvent,Unit 2 Prod (Refactor),2026-08-25T17:34:37.7850000Z,2026-08-25T17:34:37.7850000Z,6a8dd22c485cab4c953c09aa,wenyi082526-1.stratalog.logdata.json
DialogueNodeEvent:20:111,dialogue,1,DialogueEvent,Unit 2 Prod (Refactor),2026-08-25T17:16:27.8670000Z,2026-08-25T17:16:27.8670000Z,6a8dcdeb485cab4c953c001c,wenyi082526-1.stratalog.logdata.json
DialogueNodeEvent:20:13,dialogue,1,DialogueEvent,Unit 2 Prod (Refactor),2026-08-25T17:16:18.9930000Z,2026-08-25T17:16:18.9930000Z,6a8dcde2485cab4c953bfffc,wenyi082526-1.stratalog.logdata.json
DialogueNodeEvent:20:15,dialogue,1,DialogueEvent,Unit 2 Prod (Refactor),2026-08-25T17:16:19.1600000Z,2026-08-25T17:16:19.1600000Z,6a8dcde2485cab4c953bfffe,wenyi082526-1.stratalog.logdata.json
DialogueNodeEvent:20:17,dialogue,1,DialogueEvent,Unit 2 Prod (Refactor),2026-08-25T17:16:19.3100000Z,2026-08-25T17:16:19.3100000Z,6a8dcde2485cab4c953c0000,wenyi082526-1.stratalog.logdata.json
DialogueNodeEvent:20:18,dialogue,1,DialogueEvent,Unit 2 Prod (Refactor),2026-08-25T17:16:21.3930000Z,2026-08-25T17:16:21.3930000Z,6a8dcde4485cab4c953c0004,wenyi082526-1.stratalog.logdata.json
DialogueNodeEvent:20:20,dialogue,1,DialogueEvent,Unit 2 Prod (Refactor),2026-08-25T17:16:22.0440000Z,2026-08-25T17:16:22.0440000Z,6a8dcde5485cab4c953c0006,wenyi082526-1.stratalog.logdata.json
DialogueNodeEvent:20:21,dialogue,1,DialogueEvent,Unit 2 Prod (Refactor),2026-08-25T17:16:22.1940000Z,2026-08-25T17:16:22.1940000Z,6a8dcde5485cab4c953c0008,wenyi082526-1.stratalog.logdata.json
DialogueNodeEvent:20:22,dialogue,1,DialogueEvent,Unit 2 Prod (Refactor),2026-08-25T17:16:23.5280000Z,2026-08-25T17:16:23.5280000Z,6a8dcde6485cab4c953c000a,wenyi082526-1.stratalog.logdata.json
DialogueNodeEvent:20:24,dialogue,1,DialogueEvent,Unit 2 Prod (Refactor),2026-08-25T17:16:24.3450000Z,2026-08-25T17:16:24.3450000Z,6a8dcde7485cab4c953c000c,wenyi082526-1.stratalog.logdata.json
DialogueNodeEvent:20:26,dialogue,1,DialogueEvent,Unit 2 Prod (Refactor),2026-08-25T17:16:24.4960000Z,2026-08-25T17:16:24.4960000Z,6a8dcde7485cab4c953c000e,wenyi082526-1.stratalog.logdata.json
DialogueNodeEvent:20:27,dialogue,1,DialogueEvent,Unit 2 Prod (Refactor),2026-08-25T17:16:24.6530000Z,2026-08-25T17:16:24.6530000Z,6a8dcde7485cab4c953c0010,wenyi082526-1.stratalog.logdata.json
DialogueNodeEvent:20:28,dialogue,1,DialogueEvent,Unit 2 Prod (Refactor),2026-08-25T17:16:26.1290000Z,2026-08-25T17:16:26.1290000Z,6a8dcde9485cab4c953c0012,wenyi082526-1.stratalog.logdata.json
DialogueNodeEvent:20:30,dialogue,1,DialogueEvent,Unit 2 Prod (Refactor),2026-08-25T17:16:26.9130000Z,2026-08-25T17:16:26.9130000Z,6a8dcdea485cab4c953c0014,wenyi082526-1.stratalog.logdata.json
DialogueNodeEvent:20:31,dialogue,1,DialogueEvent,Unit 2 Prod (Refactor),2026-08-25T17:16:27.3970000Z,2026-08-25T17:16:27.3970000Z,6a8dcdea485cab4c953c0016,wenyi082526-1.stratalog.logdata.json
DialogueNodeEvent:20:33,dialogue,1,DialogueEvent,Unit 2 Prod (Refactor),2026-08-25T17:16:27.8680000Z,2026-08-25T17:16:27.8680000Z,6a8dcdeb485cab4c953c001e,wenyi082526-1.stratalog.logdata.json
DialogueNodeEvent:20:35,dialogue,1,DialogueEvent,Unit 2 Prod (Refactor),2026-08-25T17:34:32.5520000Z,2026-08-25T17:34:32.5520000Z,6a8dd227485cab4c953c097e,wenyi082526-1.stratalog.logdata.json
DialogueNodeEvent:20:36,dialogue,1,DialogueEvent,Unit 2 Prod (Refactor),2026-08-25T17:34:33.7320000Z,2026-08-25T17:34:33.7320000Z,6a8dd228485cab4c953c098c,wenyi082526-1.stratalog.logdata.json
DialogueNodeEvent:20:37,dialogue,1,DialogueEvent,Unit 2 Prod (Refactor),2026-08-25T17:34:34.1490000Z,2026-08-25T17:34:34.1490000Z,6a8dd229485cab4c953c0992,wenyi082526-1.stratalog.logdata.json
DialogueNodeEvent:20:4,dialogue,1,DialogueEvent,Unit 2 Prod (Refactor),2026-08-25T17:15:59.6210000Z,2026-08-25T17:15:59.6210000Z,6a8dcdce485cab4c953bffe8,wenyi082526-1.stratalog.logdata.json
DialogueNodeEvent:20:41,dialogue,1,DialogueEvent,Unit 2 Prod (Refactor),2026-08-25T17:34:34.5830000Z,2026-08-25T17:34:34.5830000Z,6a8dd229485cab4c953c0996,wenyi082526-1.stratalog.logdata.json
DialogueNodeEvent:20:42,dialogue,1,DialogueEvent,Unit 2 Prod (Refactor),2026-08-25T17:34:35.0000000Z,2026-08-25T17:34:35.0000000Z,6a8dd22a485cab4c953c0998,wenyi082526-1.stratalog.logdata.json
DialogueNodeEvent:20:43,dialogue,1,DialogueEvent,Unit 2 Prod (Refactor),2026-08-25T17:34:36.9670000Z,2026-08-25T17:34:36.9670000Z,6a8dd22c485cab4c953c09a4,wenyi082526-1.stratalog.logdata.json
DialogueNodeEvent:20:46,dialogue,1,DialogueEvent,Unit 2 Prod (Refactor),2026-08-25T17:34:37.6180000Z,2026-08-25T17:34:37.6180000Z,6a8dd22c485cab4c953c09a6,wenyi082526-1.stratalog.logdata.json
DialogueNodeEvent:20:5,dialogue,1,DialogueEvent,Unit 2 Prod (Refactor),2026-08-25T17:16:13.0080000Z,2026-08-25T17:16:13.0080000Z,6a8dcddc485cab4c953bfff2,wenyi082526-1.stratalog.logdata.json
DialogueNodeEvent:20:50,dialogue,1,DialogueEvent,Unit 2 Prod (Refactor),2026-08-25T17:34:39.4850000Z,2026-08-25T17:34:39.4850000Z,6a8dd22e485cab4c953c09b0,wenyi082526-1.stratalog.logdata.json
DialogueNodeEvent:20:55,dialogue,2,DialogueEvent,Unit 2 Prod (Refactor),2026-08-25T17:34:40.2360000Z,2026-08-25T17:34:44.3380000Z,6a8dd22f485cab4c953c09b8,wenyi082526-1.stratalog.logdata.json
DialogueNodeEvent:20:57,dialogue,1,DialogueEvent,Unit 2 Prod (Refactor),2026-08-25T17:34:47.2050000Z,2026-08-25T17:34:47.2050000Z,6a8dd236485cab4c953c09d2,wenyi082526-1.stratalog.logdata.json
DialogueNodeEvent:20:59,dialogue,1,DialogueEvent,Unit 2 Prod (Refactor),2026-08-25T17:34:43.3870000Z,2026-08-25T17:34:43.3870000Z,6a8dd232485cab4c953c09c6,wenyi082526-1.stratalog.logdata.json
DialogueNodeEvent:20:6,dialogue,1,DialogueEvent,Unit 2 Prod (Refactor),2026-08-25T17:16:15.8410000Z,2026-08-25T17:16:15.8410000Z,6a8dcdde485cab4c953bfff6,wenyi082526-1.stratalog.logdata.json
DialogueNodeEvent:20:61,dialogue,1,DialogueEvent,Unit 2 Prod (Refactor),2026-08-25T17:34:44.1700000Z,2026-08-25T17:34:44.1700000Z,6a8dd233485cab4c953c09c8,wenyi082526-1.stratalog.logdata.json
DialogueNodeEvent:20:62,dialogue,1,DialogueEvent,Unit 2 Prod (Refactor),2026-08-25T17:34:47.8580000Z,2026-08-25T17:34:47.8580000Z,6a8dd236485cab4c953c09d8,wenyi082526-1.stratalog.logdata.json
DialogueNodeEvent:20:63,dialogue,1,DialogueEvent,Unit 2 Prod (Refactor),2026-08-25T17:34:48.0080000Z,2026-08-25T17:34:48.0080000Z,6a8dd237485cab4c953c09dc,wenyi082526-1.stratalog.logdata.json
DialogueNodeEvent:20:64,dialogue,1,DialogueEvent,Unit 2 Prod (Refactor),2026-08-25T17:35:21.4730000Z,2026-08-25T17:35:21.4730000Z,6a8dd258485cab4c953c0a4c,wenyi082526-1.stratalog.logdata.json
DialogueNodeEvent:20:65,dialogue,1,DialogueEvent,Unit 2 Prod (Refactor),2026-08-25T17:35:21.6560000Z,2026-08-25T17:35:21.6560000Z,6a8dd258485cab4c953c0a4e,wenyi082526-1.stratalog.logdata.json
DialogueNodeEvent:20:66,dialogue,1,DialogueEvent,Unit 2 Prod (Refactor),2026-08-25T17:35:21.9720000Z,2026-08-25T17:35:21.9720000Z,6a8dd259485cab4c953c0a50,wenyi082526-1.stratalog.logdata.json
DialogueNodeEvent:20:67,dialogue,1,DialogueEvent,Unit 2 Prod (Refactor),2026-08-25T17:35:22.4390000Z,2026-08-25T17:35:22.4390000Z,6a8dd259485cab4c953c0a56,wenyi082526-1.stratalog.logdata.json
DialogueNodeEvent:20:68,dialogue,1,DialogueEvent,Unit 2 Prod (Refactor),2026-08-25T17:35:22.8220000Z,2026-08-25T17:35:22.8220000Z,6a8dd259485cab4c953c0a5e,wenyi082526-1.stratalog.logdata.json
DialogueNodeEvent:20:69,dialogue,1,DialogueEvent,Unit 2 Prod (Refactor),2026-08-25T17:35:23.0060000Z,2026-08-25T17:35:23.0060000Z,6a8dd25a485cab4c953c0a60,wenyi082526-1.stratalog.logdata.json
DialogueNodeEvent:20:70,dialogue,1,DialogueEvent,Unit 2 Prod (Refactor),2026-08-25T17:35:23.1720000Z,2026-08-25T17:35:23.1720000Z,6a8dd25a485cab4c953c0a62,wenyi082526-1.stratalog.logdata.json
DialogueNodeEvent:20:71,dialogue,1,DialogueEvent,Unit 2 Prod (Refactor),2026-08-25T17:35:24.5400000Z,2026-08-25T17:35:24.5400000Z,6a8dd25b485cab4c953c0a6a,wenyi082526-1.stratalog.logdata.json
DialogueNodeEvent:20:73,dialogue,1,DialogueEvent,Unit 2 Prod (Refactor),2026-08-25T17:35:25.1900000Z,2026-08-25T17:35:25.1900000Z,6a8dd25c485cab4c953c0a6c,wenyi082526-1.stratalog.logdata.json
DialogueNodeEvent:20:74,dialogue,1,DialogueEvent,Unit 2 Prod (Refactor),2026-08-25T17:35:26.8080000Z,2026-08-25T17:35:26.8080000Z,6a8dd25d485cab4c953c0a6e,wenyi082526-1.stratalog.logdata.json
DialogueNodeEvent:20:76,dialogue,1,DialogueEvent,Unit 2 Prod (Refactor),2026-08-25T17:35:27.5510000Z,2026-08-25T17:35:27.5510000Z,6a8dd25e485cab4c953c0a72,wenyi082526-1.stratalog.logdata.json
DialogueNodeEvent:20:8,dialogue,1,DialogueEvent,Unit 2 Prod (Refactor),2026-08-25T17:16:16.7750000Z,2026-08-25T17:16:16.7750000Z,6a8dcddf485cab4c953bfff8,wenyi082526-1.stratalog.logdata.json
DialogueNodeEvent:21:0,dialogue,1,DialogueEvent,Unit 2 Prod (Refactor),2026-08-25T17:31:16.8220000Z,2026-08-25T17:31:16.8220000Z,6a8dd163485cab4c953c0656,wenyi082526-1.stratalog.logdata.json
DialogueNodeEvent:21:1,dialogue,1,DialogueEvent,Unit 2 Prod (Refactor),2026-08-25T17:17:44.0510000Z,2026-08-25T17:17:44.0510000Z,6a8dce37485cab4c953c0046,wenyi082526-1.stratalog.logdata.json
DialogueNodeEvent:21:10,dialogue,1,DialogueEvent,Unit 2 Prod (Refactor),2026-08-25T17:17:49.6030000Z,2026-08-25T17:17:49.6030000Z,6a8dce3c485cab4c953c0056,wenyi082526-1.stratalog.logdata.json
DialogueNodeEvent:21:11,dialogue,1,DialogueEvent,Unit 2 Prod (Refactor),2026-08-25T17:17:49.7700000Z,2026-08-25T17:17:49.7700000Z,6a8dce3c485cab4c953c0058,wenyi082526-1.stratalog.logdata.json
DialogueNodeEvent:21:12,dialogue,1,DialogueEvent,Unit 2 Prod (Refactor),2026-08-25T17:17:51.4030000Z,2026-08-25T17:17:51.4030000Z,6a8dce3e485cab4c953c005a,wenyi082526-1.stratalog.logdata.json
DialogueNodeEvent:21:15,dialogue,1,DialogueEvent,Unit 2 Prod (Refactor),2026-08-25T17:17:52.2900000Z,2026-08-25T17:17:52.2900000Z,6a8dce3f485cab4c953c0062,wenyi082526-1.stratalog.logdata.json
DialogueNodeEvent:21:19,dialogue,1,DialogueEvent,Unit 2 Prod (Refactor),2026-08-25T17:24:42.2690000Z,2026-08-25T17:24:42.2690000Z,6a8dcfd9485cab4c953c04a8,wenyi082526-1.stratalog.logdata.json
DialogueNodeEvent:21:2,dialogue,1,DialogueEvent,Unit 2 Prod (Refactor),2026-08-25T17:17:48.1020000Z,2026-08-25T17:17:48.1020000Z,6a8dce3b485cab4c953c004a,wenyi082526-1.stratalog.logdata.json
DialogueNodeEvent:21:20,dialogue,1,DialogueEvent,Unit 2 Prod (Refactor),2026-08-25T17:24:44.5700000Z,2026-08-25T17:24:44.5700000Z,6a8dcfdb485cab4c953c04ae,wenyi082526-1.stratalog.logdata.json
DialogueNodeEvent:21:21,dialogue,1,DialogueEvent,Unit 2 Prod (Refactor),2026-08-25T17:24:47.3690000Z,2026-08-25T17:24:47.3690000Z,6a8dcfde485cab4c953c04b2,wenyi082526-1.stratalog.logdata.json
DialogueNodeEvent:21:22,dialogue,1,DialogueEvent,Unit 2 Prod (Refactor),2026-08-25T17:25:06.1470000Z,2026-08-25T17:25:06.1470000Z,6a8dcff1485cab4c953c04be,wenyi082526-1.stratalog.logdata.json
DialogueNodeEvent:21:23,dialogue,1,DialogueEvent,Unit 2 Prod (Refactor),2026-08-25T17:25:18.0860000Z,2026-08-25T17:25:18.0860000Z,6a8dcffd485cab4c953c04c8,wenyi082526-1.stratalog.logdata.json
DialogueNodeEvent:21:24,dialogue,1,DialogueEvent,Unit 2 Prod (Refactor),2026-08-25T17:25:29.1410000Z,2026-08-25T17:25:29.1410000Z,6a8dd008485cab4c953c04d0,wenyi082526-1.stratalog.logdata.json
DialogueNodeEvent:21:25,dialogue,1,DialogueEvent,Unit 2 Prod (Refactor),2026-08-25T17:25:35.3920000Z,2026-08-25T17:25:35.3920000Z,6a8dd00e485cab4c953c04d6,wenyi082526-1.stratalog.logdata.json
DialogueNodeEvent:21:28,dialogue,1,DialogueEvent,Unit 2 Prod (Refactor),2026-08-25T17:25:47.4490000Z,2026-08-25T17:25:47.4490000Z,6a8dd01a485cab4c953c04e6,wenyi082526-1.stratalog.logdata.json
DialogueNodeEvent:21:29,dialogue,1,DialogueEvent,Unit 2 Prod (Refactor),2026-08-25T17:25:52.9330000Z,2026-08-25T17:25:52.9330000Z,6a8dd020485cab4c953c04ee,wenyi082526-1.stratalog.logdata.json
DialogueNodeEvent:21:30,dialogue,1,DialogueEvent,Unit 2 Prod (Refactor),2026-08-25T17:26:09.2440000Z,2026-08-25T17:26:09.2440000Z,6a8dd030485cab4c953c04f8,wenyi082526-1.stratalog.logdata.json
DialogueNodeEvent:21:31,dialogue,1,DialogueEvent,Unit 2 Prod (Refactor),2026-08-25T17:26:20.4320000Z,2026-08-25T17:26:20.4320000Z,6a8dd03b485cab4c953c0502,wenyi082526-1.stratalog.logdata.json
DialogueNodeEvent:21:32,dialogue,1,DialogueEvent,Unit 2 Prod (Refactor),2026-08-25T17:26:29.6380000Z,2026-08-25T17:26:29.6380000Z,6a8dd044485cab4c953c050c,wenyi082526-1.stratalog.logdata.json
DialogueNodeEvent:21:33,dialogue,1,DialogueEvent,Unit 2 Prod (Refactor),2026-08-25T17:26:41.0400000Z,2026-08-25T17:26:41.0400000Z,6a8dd050485cab4c953c0514,wenyi082526-1.stratalog.logdata.json
DialogueNodeEvent:21:34,dialogue,1,DialogueEvent,Unit 2 Prod (Refactor),2026-08-25T17:26:45.5430000Z,2026-08-25T17:26:45.5430000Z,6a8dd054485cab4c953c0516,wenyi082526-1.stratalog.logdata.json
DialogueNodeEvent:21:35,dialogue,1,DialogueEvent,Unit 2 Prod (Refactor),2026-08-25T17:26:50.4450000Z,2026-08-25T17:26:50.4450000Z,6a8dd059485cab4c953c051a,wenyi082526-1.stratalog.logdata.json
DialogueNodeEvent:21:36,dialogue,1,DialogueEvent,Unit 2 Prod (Refactor),2026-08-25T17:27:07.2860000Z,2026-08-25T17:27:07.2860000Z,6a8dd06a485cab4c953c051e,wenyi082526-1.stratalog.logdata.json
DialogueNodeEvent:21:37,dialogue,1,DialogueEvent,Unit 2 Prod (Refactor),2026-08-25T17:27:14.0390000Z,2026-08-25T17:27:14.0390000Z,6a8dd071485cab4c953c0522,wenyi082526-1.stratalog.logdata.json
DialogueNodeEvent:21:38,dialogue,1,DialogueEvent,Unit 2 Prod (Refactor),2026-08-25T17:27:22.4430000Z,2026-08-25T17:27:22.4430000Z,6a8dd079485cab4c953c052a,wenyi082526-1.stratalog.logdata.json
DialogueNodeEvent:21:39,dialogue,1,DialogueEvent,Unit 2 Prod (Refactor),2026-08-25T17:27:28.6480000Z,2026-08-25T17:27:28.6480000Z,6a8dd07f485cab4c953c0530,wenyi082526-1.stratalog.logdata.json
DialogueNodeEvent:21:4,dialogue,1,DialogueEvent,Unit 2 Prod (Refactor),2026-08-25T17:17:48.9860000Z,2026-08-25T17:17:48.9860000Z,6a8dce3c485cab4c953c004e,wenyi082526-1.stratalog.logdata.json
DialogueNodeEvent:21:40,dialogue,1,DialogueEvent,Unit 2 Prod (Refactor),2026-08-25T17:27:38.7010000Z,2026-08-25T17:27:38.7010000Z,6a8dd089485cab4c953c0536,wenyi082526-1.stratalog.logdata.json
DialogueNodeEvent:21:42,dialogue,1,DialogueEvent,Unit 2 Prod (Refactor),2026-08-25T17:27:39.5850000Z,2026-08-25T17:27:39.5850000Z,6a8dd08a485cab4c953c0538,wenyi082526-1.stratalog.logdata.json
DialogueNodeEvent:21:43,dialogue,1,DialogueEvent,Unit 2 Prod (Refactor),2026-08-25T17:27:41.1350000Z,2026-08-25T17:27:41.1350000Z,6a8dd08c485cab4c953c053a,wenyi082526-1.stratalog.logdata.json
DialogueNodeEvent:21:45,dialogue,1,DialogueEvent,Unit 2 Prod (Refactor),2026-08-25T17:27:41.7870000Z,2026-08-25T17:27:41.7870000Z,6a8dd08c485cab4c953c053e,wenyi082526-1.stratalog.logdata.json
DialogueNodeEvent:21:46,dialogue,1,DialogueEvent,Unit 2 Prod (Refactor),2026-08-25T17:27:41.9530000Z,2026-08-25T17:27:41.9530000Z,6a8dd08d485cab4c953c0540,wenyi082526-1.stratalog.logdata.json
DialogueNodeEvent:21:47,dialogue,1,DialogueEvent,Unit 2 Prod (Refactor),2026-08-25T17:27:42.0860000Z,2026-08-25T17:27:42.0860000Z,6a8dd08d485cab4c953c0542,wenyi082526-1.stratalog.logdata.json
DialogueNodeEvent:21:48,dialogue,1,DialogueEvent,Unit 2 Prod (Refactor),2026-08-25T17:27:42.2360000Z,2026-08-25T17:27:42.2360000Z,6a8dd08d485cab4c953c0544,wenyi082526-1.stratalog.logdata.json
DialogueNodeEvent:21:5,dialogue,1,DialogueEvent,Unit 2 Prod (Refactor),2026-08-25T17:17:49.1360000Z,2026-08-25T17:17:49.1360000Z,6a8dce3c485cab4c953c0050,wenyi082526-1.stratalog.logdata.json
DialogueNodeEvent:21:50,dialogue,1,DialogueEvent,Unit 2 Prod (Refactor),2026-08-25T17:27:42.3860000Z,2026-08-25T17:27:42.3860000Z,6a8dd08d485cab4c953c0546,wenyi082526-1.stratalog.logdata.json
DialogueNodeEvent:21:51,dialogue,1,DialogueEvent,Unit 2 Prod (Refactor),2026-08-25T17:27:42.7870000Z,2026-08-25T17:27:42.7870000Z,6a8dd08d485cab4c953c0548,wenyi082526-1.stratalog.logdata.json
DialogueNodeEvent:21:60,dialogue,1,DialogueEvent,Unit 2 Prod (Refactor),2026-08-25T17:31:16.8250000Z,2026-08-25T17:31:16.8250000Z,6a8dd164485cab4c953c065a,wenyi082526-1.stratalog.logdata.json
DialogueNodeEvent:21:61,dialogue,1,DialogueEvent,Unit 2 Prod (Refactor),2026-08-25T17:31:18.6060000Z,2026-08-25T17:31:18.6060000Z,6a8dd165485cab4c953c065e,wenyi082526-1.stratalog.logdata.json
DialogueNodeEvent:21:63,dialogue,1,DialogueEvent,Unit 2 Prod (Refactor),2026-08-25T17:31:19.3570000Z,2026-08-25T17:31:19.3570000Z,6a8dd166485cab4c953c0660,wenyi082526-1.stratalog.logdata.json
DialogueNodeEvent:21:65,dialogue,1,DialogueEvent,Unit 2 Prod (Refactor),2026-08-25T17:31:20.6230000Z,2026-08-25T17:31:20.6230000Z,6a8dd167485cab4c953c0662,wenyi082526-1.stratalog.logdata.json
DialogueNodeEvent:21:68,dialogue,1,DialogueEvent,Unit 2 Prod (Refactor),2026-08-25T17:31:21.3570000Z,2026-08-25T17:31:21.3570000Z,6a8dd168485cab4c953c0664,wenyi082526-1.stratalog.logdata.json
DialogueNodeEvent:21:69,dialogue,1,DialogueEvent,Unit 2 Prod (Refactor),2026-08-25T17:31:21.5240000Z,2026-08-25T17:31:21.5240000Z,6a8dd168485cab4c953c0666,wenyi082526-1.stratalog.logdata.json
DialogueNodeEvent:21:70,dialogue,1,DialogueEvent,Unit 2 Prod (Refactor),2026-08-25T17:31:23.6580000Z,2026-08-25T17:31:23.6580000Z,6a8dd16a485cab4c953c0668,wenyi082526-1.stratalog.logdata.json
DialogueNodeEvent:21:72,dialogue,1,DialogueEvent,Unit 2 Prod (Refactor),2026-08-25T17:31:24.3920000Z,2026-08-25T17:31:24.3920000Z,6a8dd16b485cab4c953c066a,wenyi082526-1.stratalog.logdata.json
DialogueNodeEvent:21:73,dialogue,1,DialogueEvent,Unit 2 Prod (Refactor),2026-08-25T17:31:25.6420000Z,2026-08-25T17:31:25.6420000Z,6a8dd16c485cab4c953c066e,wenyi082526-1.stratalog.logdata.json
DialogueNodeEvent:21:75,dialogue,1,DialogueEvent,Unit 2 Prod (Refactor),2026-08-25T17:31:26.4600000Z,2026-08-25T17:31:26.4600000Z,6a8dd16d485cab4c953c0670,wenyi082526-1.stratalog.logdata.json
DialogueNodeEvent:21:76,dialogue,1,DialogueEvent,Unit 2 Prod (Refactor),2026-08-25T17:31:26.6110000Z,2026-08-25T17:31:26.6110000Z,6a8dd16d485cab4c953c0672,wenyi082526-1.stratalog.logdata.json
DialogueNodeEvent:21:8,dialogue,1,DialogueEvent,Unit 2 Prod (Refactor),2026-08-25T17:17:49.2860000Z,2026-08-25T17:17:49.2860000Z,6a8dce3c485cab4c953c0052,wenyi082526-1.stratalog.logdata.json
DialogueNodeEvent:21:9,dialogue,1,DialogueEvent,Unit 2 Prod (Refactor),2026-08-25T17:17:49.4360000Z,2026-08-25T17:17:49.4360000Z,6a8dce3c485cab4c953c0054,wenyi082526-1.stratalog.logdata.json
DialogueNodeEvent:21:92,dialogue,1,DialogueEvent,Unit 2 Prod (Refactor),2026-08-25T17:17:52.1040000Z,2026-08-25T17:17:52.1040000Z,6a8dce3f485cab4c953c005c,wenyi082526-1.stratalog.logdata.json
DialogueNodeEvent:22:1,dialogue,1,DialogueEvent,Unit 2 Prod (Refactor),2026-08-25T17:19:10.3420000Z,2026-08-25T17:19:10.3420000Z,6a8dce8d485cab4c953c0080,wenyi082526-1.stratalog.logdata.json
DialogueNodeEvent:22:10,dialogue,1,DialogueEvent,Unit 2 Prod (Refactor),2026-08-25T17:19:36.1530000Z,2026-08-25T17:19:36.1530000Z,6a8dcea7485cab4c953c0098,wenyi082526-1.stratalog.logdata.json
DialogueNodeEvent:22:12,dialogue,1,DialogueEvent,Unit 2 Prod (Refactor),2026-08-25T17:19:36.8370000Z,2026-08-25T17:19:36.8370000Z,6a8dcea7485cab4c953c009a,wenyi082526-1.stratalog.logdata.json
DialogueNodeEvent:22:13,dialogue,1,DialogueEvent,Unit 2 Prod (Refactor),2026-08-25T17:19:38.0210000Z,2026-08-25T17:19:38.0210000Z,6a8dcea9485cab4c953c009c,wenyi082526-1.stratalog.logdata.json
DialogueNodeEvent:22:15,dialogue,1,DialogueEvent,Unit 2 Prod (Refactor),2026-08-25T17:19:38.7050000Z,2026-08-25T17:19:38.7050000Z,6a8dcea9485cab4c953c009e,wenyi082526-1.stratalog.logdata.json
DialogueNodeEvent:22:16,dialogue,1,DialogueEvent,Unit 2 Prod (Refactor),2026-08-25T17:19:38.8550000Z,2026-08-25T17:19:38.8550000Z,6a8dcea9485cab4c953c00a0,wenyi082526-1.stratalog.logdata.json
DialogueNodeEvent:22:17,dialogue,1,DialogueEvent,Unit 2 Prod (Refactor),2026-08-25T17:19:39.0050000Z,2026-08-25T17:19:39.0050000Z,6a8dceaa485cab4c953c00a2,wenyi082526-1.stratalog.logdata.json
DialogueNodeEvent:22:18,dialogue,1,DialogueEvent,Unit 2 Prod (Refactor),2026-08-25T17:19:39.1550000Z,2026-08-25T17:19:39.1550000Z,6a8dceaa485cab4c953c00a4,wenyi082526-1.stratalog.logdata.json
DialogueNodeEvent:22:19,dialogue,1,DialogueEvent,Unit 2 Prod (Refactor),2026-08-25T17:19:39.2880000Z,2026-08-25T17:19:39.2880000Z,6a8dceaa485cab4c953c00a6,wenyi082526-1.stratalog.logdata.json
DialogueNodeEvent:22:2,dialogue,1,DialogueEvent,Unit 2 Prod (Refactor),2026-08-25T17:19:12.4760000Z,2026-08-25T17:19:12.4760000Z,6a8dce8f485cab4c953c0084,wenyi082526-1.stratalog.logdata.json
DialogueNodeEvent:22:20,dialogue,1,DialogueEvent,Unit 2 Prod (Refactor),2026-08-25T17:19:40.7220000Z,2026-08-25T17:19:40.7220000Z,6a8dceab485cab4c953c00a8,wenyi082526-1.stratalog.logdata.json
DialogueNodeEvent:22:22,dialogue,1,DialogueEvent,Unit 2 Prod (Refactor),2026-08-25T17:19:41.4310000Z,2026-08-25T17:19:41.4310000Z,6a8dceac485cab4c953c00aa,wenyi082526-1.stratalog.logdata.json
DialogueNodeEvent:22:27,dialogue,1,DialogueEvent,Unit 2 Prod (Refactor),2026-08-25T17:19:43.6900000Z,2026-08-25T17:19:43.6900000Z,6a8dceae485cab4c953c00b2,wenyi082526-1.stratalog.logdata.json
DialogueNodeEvent:22:3,dialogue,1,DialogueEvent,Unit 2 Prod (Refactor),2026-08-25T17:19:14.5270000Z,2026-08-25T17:19:14.5270000Z,6a8dce91485cab4c953c0088,wenyi082526-1.stratalog.logdata.json
DialogueNodeEvent:22:4,dialogue,1,DialogueEvent,Unit 2 Prod (Refactor),2026-08-25T17:19:20.4130000Z,2026-08-25T17:19:20.4130000Z,6a8dce97485cab4c953c008c,wenyi082526-1.stratalog.logdata.json
DialogueNodeEvent:22:46,dialogue,1,DialogueEvent,Unit 2 Prod (Refactor),2026-08-25T17:19:42.8560000Z,2026-08-25T17:19:42.8560000Z,6a8dcead485cab4c953c00ac,wenyi082526-1.stratalog.logdata.json
DialogueNodeEvent:22:48,dialogue,1,DialogueEvent,Unit 2 Prod (Refactor),2026-08-25T17:19:43.5230000Z,2026-08-25T17:19:43.5230000Z,6a8dceae485cab4c953c00ae,wenyi082526-1.stratalog.logdata.json
DialogueNodeEvent:22:5,dialogue,1,DialogueEvent,Unit 2 Prod (Refactor),2026-08-25T17:19:34.0190000Z,2026-08-25T17:19:34.0190000Z,6a8dcea5485cab4c953c0094,wenyi082526-1.stratalog.logdata.json
DialogueNodeEvent:22:50,dialogue,1,DialogueEvent,Unit 2 Prod (Refactor),2026-08-25T17:19:34.8690000Z,2026-08-25T17:19:34.8690000Z,6a8dcea5485cab4c953c0096,wenyi082526-1.stratalog.logdata.json
DialogueNodeEvent:23:0,dialogue,1,DialogueEvent,Unit 2 Prod (Refactor),2026-08-25T17:31:33.6310000Z,2026-08-25T17:31:33.6310000Z,6a8dd174485cab4c953c0686,wenyi082526-1.stratalog.logdata.json
DialogueNodeEvent:23:1,dialogue,1,DialogueEvent,Unit 2 Prod (Refactor),2026-08-25T17:23:48.7920000Z,2026-08-25T17:23:48.7920000Z,6a8dcfa3485cab4c953c0446,wenyi082526-1.stratalog.logdata.json
DialogueNodeEvent:23:17,dialogue,1,DialogueEvent,Unit 2 Prod (Refactor),2026-08-25T17:24:03.5650000Z,2026-08-25T17:24:03.5650000Z,6a8dcfb2485cab4c953c0476,wenyi082526-1.stratalog.logdata.json
DialogueNodeEvent:23:18,dialogue,1,DialogueEvent,Unit 2 Prod (Refactor),2026-08-25T17:24:04.9480000Z,2026-08-25T17:24:04.9480000Z,6a8dcfb4485cab4c953c0478,wenyi082526-1.stratalog.logdata.json
DialogueNodeEvent:23:2,dialogue,1,DialogueEvent,Unit 2 Prod (Refactor),2026-08-25T17:23:50.3080000Z,2026-08-25T17:23:50.3080000Z,6a8dcfa5485cab4c953c045c,wenyi082526-1.stratalog.logdata.json
DialogueNodeEvent:23:20,dialogue,1,DialogueEvent,Unit 2 Prod (Refactor),2026-08-25T17:24:05.7820000Z,2026-08-25T17:24:05.7820000Z,6a8dcfb4485cab4c953c047a,wenyi082526-1.stratalog.logdata.json
DialogueNodeEvent:23:21,dialogue,1,DialogueEvent,Unit 2 Prod (Refactor),2026-08-25T17:24:05.9500000Z,2026-08-25T17:24:05.9500000Z,6a8dcfb5485cab4c953c047c,wenyi082526-1.stratalog.logdata.json
DialogueNodeEvent:23:22,dialogue,1,DialogueEvent,Unit 2 Prod (Refactor),2026-08-25T17:24:09.6680000Z,2026-08-25T17:24:09.6680000Z,6a8dcfb8485cab4c953c0486,wenyi082526-1.stratalog.logdata.json
DialogueNodeEvent:23:24,dialogue,1,DialogueEvent,Unit 2 Prod (Refactor),2026-08-25T17:24:10.7180000Z,2026-08-25T17:24:10.7180000Z,6a8dcfb9485cab4c953c0488,wenyi082526-1.stratalog.logdata.json
DialogueNodeEvent:23:25,dialogue,1,DialogueEvent,Unit 2 Prod (Refactor),2026-08-25T17:24:11.9020000Z,2026-08-25T17:24:11.9020000Z,6a8dcfba485cab4c953c048a,wenyi082526-1.stratalog.logdata.json
DialogueNodeEvent:23:27,dialogue,1,DialogueEvent,Unit 2 Prod (Refactor),2026-08-25T17:24:12.5380000Z,2026-08-25T17:24:12.5380000Z,6a8dcfbb485cab4c953c048c,wenyi082526-1.stratalog.logdata.json
DialogueNodeEvent:23:28,dialogue,1,DialogueEvent,Unit 2 Prod (Refactor),2026-08-25T17:31:33.6330000Z,2026-08-25T17:31:33.6330000Z,6a8dd174485cab4c953c068a,wenyi082526-1.stratalog.logdata.json
DialogueNodeEvent:23:29,dialogue,1,DialogueEvent,Unit 2 Prod (Refactor),2026-08-25T17:31:35.3470000Z,2026-08-25T17:31:35.3470000Z,6a8dd176485cab4c953c068e,wenyi082526-1.stratalog.logdata.json
DialogueNodeEvent:23:3,dialogue,1,DialogueEvent,Unit 2 Prod (Refactor),2026-08-25T17:23:50.9750000Z,2026-08-25T17:23:50.9750000Z,6a8dcfa6485cab4c953c045e,wenyi082526-1.stratalog.logdata.json
DialogueNodeEvent:23:31,dialogue,1,DialogueEvent,Unit 2 Prod (Refactor),2026-08-25T17:31:36.2810000Z,2026-08-25T17:31:36.2810000Z,6a8dd177485cab4c953c0694,wenyi082526-1.stratalog.logdata.json
DialogueNodeEvent:23:32,dialogue,1,DialogueEvent,Unit 2 Prod (Refactor),2026-08-25T17:31:38.1820000Z,2026-08-25T17:31:38.1820000Z,6a8dd179485cab4c953c069c,wenyi082526-1.stratalog.logdata.json
DialogueNodeEvent:23:34,dialogue,1,DialogueEvent,Unit 2 Prod (Refactor),2026-08-25T17:31:38.8320000Z,2026-08-25T17:31:38.8320000Z,6a8dd179485cab4c953c069e,wenyi082526-1.stratalog.logdata.json
DialogueNodeEvent:23:35,dialogue,1,DialogueEvent,Unit 2 Prod (Refactor),2026-08-25T17:31:38.9990000Z,2026-08-25T17:31:38.9990000Z,6a8dd17a485cab4c953c06a0,wenyi082526-1.stratalog.logdata.json
DialogueNodeEvent:23:36,dialogue,1,DialogueEvent,Unit 2 Prod (Refactor),2026-08-25T17:31:40.5500000Z,2026-08-25T17:31:40.5500000Z,6a8dd17b485cab4c953c06a2,wenyi082526-1.stratalog.logdata.json
DialogueNodeEvent:23:38,dialogue,1,DialogueEvent,Unit 2 Prod (Refactor),2026-08-25T17:31:41.3670000Z,2026-08-25T17:31:41.3670000Z,6a8dd17c485cab4c953c06a4,wenyi082526-1.stratalog.logdata.json
DialogueNodeEvent:23:39,dialogue,1,DialogueEvent,Unit 2 Prod (Refactor),2026-08-25T17:31:43.6180000Z,2026-08-25T17:31:43.6180000Z,6a8dd17e485cab4c953c06a6,wenyi082526-1.stratalog.logdata.json
DialogueNodeEvent:23:4,dialogue,1,DialogueEvent,Unit 2 Prod (Refactor),2026-08-25T17:23:51.1420000Z,2026-08-25T17:23:51.1420000Z,6a8dcfa6485cab4c953c0460,wenyi082526-1.stratalog.logdata.json
DialogueNodeEvent:23:41,dialogue,1,DialogueEvent,Unit 2 Prod (Refactor),2026-08-25T17:31:44.2700000Z,2026-08-25T17:31:44.2700000Z,6a8dd17f485cab4c953c06a8,wenyi082526-1.stratalog.logdata.json
DialogueNodeEvent:23:42,dialogue,1,DialogueEvent,Unit 2 Prod (Refactor),2026-08-25T17:31:44.4180000Z,2026-08-25T17:31:44.4180000Z,6a8dd17f485cab4c953c06aa,wenyi082526-1.stratalog.logdata.json
DialogueNodeEvent:23:59,dialogue,1,DialogueEvent,Unit 2 Prod (Refactor),2026-08-25T17:23:52.6260000Z,2026-08-25T17:23:52.6260000Z,6a8dcfa7485cab4c953c0462,wenyi082526-1.stratalog.logdata.json
DialogueNodeEvent:23:61,dialogue,1,DialogueEvent,Unit 2 Prod (Refactor),2026-08-25T17:23:53.3100000Z,2026-08-25T17:23:53.3100000Z,6a8dcfa8485cab4c953c0464,wenyi082526-1.stratalog.logdata.json
DialogueNodeEvent:23:63,dialogue,1,DialogueEvent,Unit 2 Prod (Refactor),2026-08-25T17:23:53.4600000Z,2026-08-25T17:23:53.4600000Z,6a8dcfa8485cab4c953c0466,wenyi082526-1.stratalog.logdata.json
DialogueNodeEvent:23:65,dialogue,1,DialogueEvent,Unit 2 Prod (Refactor),2026-08-25T17:24:02.4970000Z,2026-08-25T17:24:02.4970000Z,6a8dcfb1485cab4c953c046e,wenyi082526-1.stratalog.logdata.json
DialogueNodeEvent:23:67,dialogue,1,DialogueEvent,Unit 2 Prod (Refactor),2026-08-25T17:24:03.1310000Z,2026-08-25T17:24:03.1310000Z,6a8dcfb2485cab4c953c0470,wenyi082526-1.stratalog.logdata.json
DialogueNodeEvent:23:68,dialogue,1,DialogueEvent,Unit 2 Prod (Refactor),2026-08-25T17:24:03.2640000Z,2026-08-25T17:24:03.2640000Z,6a8dcfb2485cab4c953c0472,wenyi082526-1.stratalog.logdata.json
DialogueNodeEvent:23:69,dialogue,1,DialogueEvent,Unit 2 Prod (Refactor),2026-08-25T17:24:03.4150000Z,2026-08-25T17:24:03.4150000Z,6a8dcfb2485cab4c953c0474,wenyi082526-1.stratalog.logdata.json
DialogueNodeEvent:23:70,dialogue,1,DialogueEvent,Unit 2 Prod (Refactor),2026-08-25T17:24:06.0990000Z,2026-08-25T17:24:06.0990000Z,6a8dcfb5485cab4c953c047e,wenyi082526-1.stratalog.logdata.json
DialogueNodeEvent:23:71,dialogue,1,DialogueEvent,Unit 2 Prod (Refactor),2026-08-25T17:24:07.9000000Z,2026-08-25T17:24:07.9000000Z,6a8dcfb6485cab4c953c0482,wenyi082526-1.stratalog.logdata.json
DialogueNodeEvent:23:73,dialogue,1,DialogueEvent,Unit 2 Prod (Refactor),2026-08-25T17:24:08.4670000Z,2026-08-25T17:24:08.4670000Z,6a8dcfb7485cab4c953c0484,wenyi082526-1.stratalog.logdata.json
DialogueNodeEvent:26:0,dialogue,6,DialogueEvent,Unit 2 Prod (Refactor),2026-08-25T17:29:24.4200000Z,2026-08-25T17:30:33.6030000Z,6a8dd0f3485cab4c953c0580,wenyi082526-1.stratalog.logdata.json
DialogueNodeEvent:26:136,dialogue,1,DialogueEvent,Unit 2 Prod (Refactor),2026-08-25T17:30:34.8380000Z,2026-08-25T17:30:34.8380000Z,6a8dd139485cab4c953c05c8,wenyi082526-1.stratalog.logdata.json
DialogueNodeEvent:26:141,dialogue,6,DialogueEvent,Unit 2 Prod (Refactor),2026-08-25T17:29:28.0200000Z,2026-08-25T17:30:34.8360000Z,6a8dd0f7485cab4c953c0588,wenyi082526-1.stratalog.logdata.json
DialogueNodeEvent:26:142,dialogue,1,DialogueEvent,Unit 2 Prod (Refactor),2026-08-25T17:29:24.4350000Z,2026-08-25T17:29:24.4350000Z,6a8dd0f3485cab4c953c0584,wenyi082526-1.stratalog.logdata.json
DialogueNodeEvent:26:148,dialogue,1,DialogueEvent,Unit 2 Prod (Refactor),2026-08-25T17:30:33.6180000Z,2026-08-25T17:30:33.6180000Z,6a8dd138485cab4c953c05c4,wenyi082526-1.stratalog.logdata.json
DialogueNodeEvent:26:175,dialogue,1,DialogueEvent,Unit 2 Prod (Refactor),2026-08-25T17:30:28.2310000Z,2026-08-25T17:30:28.2310000Z,6a8dd133485cab4c953c05ba,wenyi082526-1.stratalog.logdata.json
DialogueNodeEvent:26:179,dialogue,1,DialogueEvent,Unit 2 Prod (Refactor),2026-08-25T17:30:21.7110000Z,2026-08-25T17:30:21.7110000Z,6a8dd12c485cab4c953c05ae,wenyi082526-1.stratalog.logdata.json
DialogueNodeEvent:26:181,dialogue,1,DialogueEvent,Unit 2 Prod (Refactor),2026-08-25T17:30:08.2220000Z,2026-08-25T17:30:08.2220000Z,6a8dd11f485cab4c953c05a2,wenyi082526-1.stratalog.logdata.json
DialogueNodeEvent:26:186,dialogue,1,DialogueEvent,Unit 2 Prod (Refactor),2026-08-25T17:29:33.4070000Z,2026-08-25T17:29:33.4070000Z,6a8dd0fc485cab4c953c0590,wenyi082526-1.stratalog.logdata.json
DialogueNodeEvent:27:0,dialogue,1,DialogueEvent,Unit 2 Prod (Refactor),2026-08-25T17:35:19.4750000Z,2026-08-25T17:35:19.4750000Z,6a8dd256485cab4c953c0a3c,wenyi082526-1.stratalog.logdata.json
DialogueNodeEvent:27:7,dialogue,1,DialogueEvent,Unit 2 Prod (Refactor),2026-08-25T17:35:19.4880000Z,2026-08-25T17:35:19.4880000Z,6a8dd256485cab4c953c0a41,wenyi082526-1.stratalog.logdata.json
DialogueNodeEvent:30:1,dialogue,1,DialogueEvent,Unit 1 Dev,2026-08-25T16:50:02.0270000Z,2026-08-25T16:50:02.0270000Z,6a8dc7b9485cab4c953bf279,wenyi082526-1.stratalog.logdata.json
DialogueNodeEvent:30:10,dialogue,1,DialogueEvent,Unit 1 Dev,2026-08-25T16:51:13.4900000Z,2026-08-25T16:51:13.4900000Z,6a8dc800485cab4c953bf2bc,wenyi082526-1.stratalog.logdata.json
DialogueNodeEvent:30:100,dialogue,1,DialogueEvent,Unit 1 Dev,2026-08-25T17:03:23.2410000Z,2026-08-25T17:03:23.2410000Z,6a8dcada485cab4c953bf7b4,wenyi082526-1.stratalog.logdata.json
DialogueNodeEvent:30:101,dialogue,1,DialogueEvent,Unit 1 Dev,2026-08-25T17:03:25.7240000Z,2026-08-25T17:03:25.7240000Z,6a8dcadc485cab4c953bf7b8,wenyi082526-1.stratalog.logdata.json
DialogueNodeEvent:30:102,dialogue,1,DialogueEvent,Unit 1 Dev,2026-08-25T17:03:30.9110000Z,2026-08-25T17:03:30.9110000Z,6a8dcae2485cab4c953bf7be,wenyi082526-1.stratalog.logdata.json
DialogueNodeEvent:30:103,dialogue,1,DialogueEvent,Unit 1 Dev,2026-08-25T17:03:33.4270000Z,2026-08-25T17:03:33.4270000Z,6a8dcae4485cab4c953bf7c2,wenyi082526-1.stratalog.logdata.json
DialogueNodeEvent:30:104,dialogue,1,DialogueEvent,Unit 1 Dev,2026-08-25T17:03:34.6790000Z,2026-08-25T17:03:34.6790000Z,6a8dcae5485cab4c953bf7c6,wenyi082526-1.stratalog.logdata.json
DialogueNodeEvent:30:13,dialogue,1,DialogueEvent,Unit 1 Dev,2026-08-25T16:51:50.8910000Z,2026-08-25T16:51:50.8910000Z,6a8dc826485cab4c953bf2ca,wenyi082526-1.stratalog.logdata.json
DialogueNodeEvent:30:14,dialogue,1,DialogueEvent,Unit 1 Dev,2026-08-25T16:51:54.5260000Z,2026-08-25T16:51:54.5260000Z,6a8dc829485cab4c953bf2ce,wenyi082526-1.stratalog.logdata.json
DialogueNodeEvent:30:16,dialogue,1,DialogueEvent,Unit 1 Dev,2026-08-25T16:51:55.8430000Z,2026-08-25T16:51:55.8430000Z,6a8dc82a485cab4c953bf2d2,wenyi082526-1.stratalog.logdata.json
DialogueNodeEvent:30:2,dialogue,1,DialogueEvent,Unit 1 Dev,2026-08-25T16:50:07.7420000Z,2026-08-25T16:50:07.7420000Z,6a8dc7be485cab4c953bf285,wenyi082526-1.stratalog.logdata.json
DialogueNodeEvent:30:29,dialogue,1,DialogueEvent,Unit 1 Dev,2026-08-25T16:52:07.2500000Z,2026-08-25T16:52:07.2500000Z,6a8dc836485cab4c953bf2ee,wenyi082526-1.stratalog.logdata.json
DialogueNodeEvent:30:32,dialogue,1,DialogueEvent,Unit 1 Dev,2026-08-25T16:52:21.3320000Z,2026-08-25T16:52:21.3320000Z,6a8dc844485cab4c953bf308,wenyi082526-1.stratalog.logdata.json
DialogueNodeEvent:30:33,dialogue,1,DialogueEvent,Unit 1 Dev,2026-08-25T16:52:32.6450000Z,2026-08-25T16:52:32.6450000Z,6a8dc84f485cab4c953bf320,wenyi082526-1.stratalog.logdata.json
DialogueNodeEvent:30:37,dialogue,1,DialogueEvent,Unit 1 Dev,2026-08-25T16:52:51.0710000Z,2026-08-25T16:52:51.0710000Z,6a8dc862485cab4c953bf366,wenyi082526-1.stratalog.logdata.json
DialogueNodeEvent:30:38,dialogue,1,DialogueEvent,Unit 1 Dev,2026-08-25T16:53:01.9600000Z,2026-08-25T16:53:01.9600000Z,6a8dc86d485cab4c953bf38e,wenyi082526-1.stratalog.logdata.json
DialogueNodeEvent:30:40,dialogue,1,DialogueEvent,Unit 1 Dev,2026-08-25T16:53:04.8090000Z,2026-08-25T16:53:04.8090000Z,6a8dc86f485cab4c953bf39a,wenyi082526-1.stratalog.logdata.json
DialogueNodeEvent:30:42,dialogue,1,DialogueEvent,Unit 1 Dev,2026-08-25T16:53:36.2250000Z,2026-08-25T16:53:36.2250000Z,6a8dc88f485cab4c953bf3e2,wenyi082526-1.stratalog.logdata.json
DialogueNodeEvent:30:48,dialogue,1,DialogueEvent,Unit 1 Dev,2026-08-25T16:53:37.0770000Z,2026-08-25T16:53:37.0770000Z,6a8dc890485cab4c953bf3e6,wenyi082526-1.stratalog.logdata.json
DialogueNodeEvent:30:49,dialogue,1,DialogueEvent,Unit 1 Dev,2026-08-25T16:53:49.2980000Z,2026-08-25T16:53:49.2980000Z,6a8dc89c485cab4c953bf3ee,wenyi082526-1.stratalog.logdata.json
DialogueNodeEvent:30:50,dialogue,1,DialogueEvent,Unit 1 Dev,2026-08-25T16:53:50.6150000Z,2026-08-25T16:53:50.6150000Z,6a8dc89d485cab4c953bf3f2,wenyi082526-1.stratalog.logdata.json
DialogueNodeEvent:30:56,dialogue,1,DialogueEvent,Unit 1 Dev,2026-08-25T16:53:58.7210000Z,2026-08-25T16:53:58.7210000Z,6a8dc8a5485cab4c953bf3fa,wenyi082526-1.stratalog.logdata.json
DialogueNodeEvent:30:57,dialogue,1,DialogueEvent,Unit 1 Dev,2026-08-25T16:54:01.1200000Z,2026-08-25T16:54:01.1200000Z,6a8dc8a8485cab4c953bf3fc,wenyi082526-1.stratalog.logdata.json
DialogueNodeEvent:30:6,dialogue,1,DialogueEvent,Unit 1 Dev,2026-08-25T16:51:05.1360000Z,2026-08-25T16:51:05.1360000Z,6a8dc7f8485cab4c953bf2b4,wenyi082526-1.stratalog.logdata.json
DialogueNodeEvent:30:7,dialogue,1,DialogueEvent,Unit 1 Dev,2026-08-25T16:51:06.0860000Z,2026-08-25T16:51:06.0860000Z,6a8dc7f9485cab4c953bf2b8,wenyi082526-1.stratalog.logdata.json
DialogueNodeEvent:30:77,dialogue,1,DialogueEvent,Unit 1 Dev,2026-08-25T17:03:11.2170000Z,2026-08-25T17:03:11.2170000Z,6a8dcace485cab4c953bf7aa,wenyi082526-1.stratalog.logdata.json
DialogueNodeEvent:30:86,dialogue,1,DialogueEvent,Unit 1 Dev,2026-08-25T17:04:02.9420000Z,2026-08-25T17:04:02.9420000Z,6a8dcb02485cab4c953bf7f4,wenyi082526-1.stratalog.logdata.json
DialogueNodeEvent:30:89,dialogue,1,DialogueEvent,Unit 1 Dev,2026-08-25T16:51:14.1740000Z,2026-08-25T16:51:14.1740000Z,6a8dc801485cab4c953bf2be,wenyi082526-1.stratalog.logdata.json
DialogueNodeEvent:30:9,dialogue,1,DialogueEvent,Unit 1 Dev,2026-08-25T16:51:12.8890000Z,2026-08-25T16:51:12.8890000Z,6a8dc800485cab4c953bf2ba,wenyi082526-1.stratalog.logdata.json
DialogueNodeEvent:30:90,dialogue,1,DialogueEvent,Unit 1 Dev,2026-08-25T16:51:51.3750000Z,2026-08-25T16:51:51.3750000Z,6a8dc826485cab4c953bf2cc,wenyi082526-1.stratalog.logdata.json
DialogueNodeEvent:30:91,dialogue,1,DialogueEvent,Unit 1 Dev,2026-08-25T16:51:55.3100000Z,2026-08-25T16:51:55.3100000Z,6a8dc82a485cab4c953bf2d0,wenyi082526-1.stratalog.logdata.json
DialogueNodeEvent:30:93,dialogue,1,DialogueEvent,Unit 1 Dev,2026-08-25T16:52:04.8980000Z,2026-08-25T16:52:04.8980000Z,6a8dc834485cab4c953bf2e0,wenyi082526-1.stratalog.logdata.json
DialogueNodeEvent:30:94,dialogue,1,DialogueEvent,Unit 1 Dev,2026-08-25T16:52:05.7820000Z,2026-08-25T16:52:05.7820000Z,6a8dc834485cab4c953bf2e2,wenyi082526-1.stratalog.logdata.json
DialogueNodeEvent:30:95,dialogue,1,DialogueEvent,Unit 1 Dev,2026-08-25T16:52:06.1150000Z,2026-08-25T16:52:06.1150000Z,6a8dc835485cab4c953bf2e6,wenyi082526-1.stratalog.logdata.json
DialogueNodeEvent:30:96,dialogue,1,DialogueEvent,Unit 1 Dev,2026-08-25T16:52:14.0870000Z,2026-08-25T16:52:14.0870000Z,6a8dc83d485cab4c953bf300,wenyi082526-1.stratalog.logdata.json
DialogueNodeEvent:30:97,dialogue,1,DialogueEvent,Unit 1 Dev,2026-08-25T16:53:36.6080000Z,2026-08-25T16:53:36.6080000Z,6a8dc88f485cab4c953bf3e4,wenyi082526-1.stratalog.logdata.json
DialogueNodeEvent:30:98,dialogue,1,DialogueEvent,Unit 1 Dev,2026-08-25T17:01:02.4620000Z,2026-08-25T17:01:02.4620000Z,6a8dca4d485cab4c953bf6e2,wenyi082526-1.stratalog.logdata.json
DialogueNodeEvent:30:99,dialogue,1,DialogueEvent,Unit 1 Dev,2026-08-25T17:03:21.3790000Z,2026-08-25T17:03:21.3790000Z,6a8dcad8485cab4c953bf7b0,wenyi082526-1.stratalog.logdata.json
DialogueNodeEvent:31:0,dialogue,2,DialogueEvent,Unit 1 Dev,2026-08-25T16:54:21.8990000Z,2026-08-25T17:01:24.3000000Z,6a8dc8bd485cab4c953bf41e,wenyi082526-1.stratalog.logdata.json
DialogueNodeEvent:31:1,dialogue,1,DialogueEvent,Unit 1 Dev,2026-08-25T16:54:11.4790000Z,2026-08-25T16:54:11.4790000Z,6a8dc8b2485cab4c953bf412,wenyi082526-1.stratalog.logdata.json
DialogueNodeEvent:31:13,dialogue,1,DialogueEvent,Unit 1 Dev,2026-08-25T16:54:31.6010000Z,2026-08-25T16:54:31.6010000Z,6a8dc8c6485cab4c953bf430,wenyi082526-1.stratalog.logdata.json
DialogueNodeEvent:31:2,dialogue,1,DialogueEvent,Unit 1 Dev,2026-08-25T16:54:21.9010000Z,2026-08-25T16:54:21.9010000Z,6a8dc8bd485cab4c953bf422,wenyi082526-1.stratalog.logdata.json
DialogueNodeEvent:31:21,dialogue,1,DialogueEvent,Unit 1 Dev,2026-08-25T16:54:31.9850000Z,2026-08-25T16:54:31.9850000Z,6a8dc8c7485cab4c953bf432,wenyi082526-1.stratalog.logdata.json
DialogueNodeEvent:31:23,dialogue,1,DialogueEvent,Unit 1 Dev,2026-08-25T16:54:32.4180000Z,2026-08-25T16:54:32.4180000Z,6a8dc8c7485cab4c953bf434,wenyi082526-1.stratalog.logdata.json
DialogueNodeEvent:31:24,dialogue,1,DialogueEvent,Unit 1 Dev,2026-08-25T16:56:39.5960000Z,2026-08-25T16:56:39.5960000Z,6a8dc946485cab4c953bf450,wenyi082526-1.stratalog.logdata.json
DialogueNodeEvent:31:29,dialogue,1,DialogueEvent,Unit 1 Dev,2026-08-25T16:56:40.0290000Z,2026-08-25T16:56:40.0290000Z,6a8dc947485cab4c953bf452,wenyi082526-1.stratalog.logdata.json
DialogueNodeEvent:31:32,dialogue,1,DialogueEvent,Unit 1 Dev,2026-08-25T16:56:41.6170000Z,2026-08-25T16:56:41.6170000Z,6a8dc948485cab4c953bf458,wenyi082526-1.stratalog.logdata.json
DialogueNodeEvent:31:35,dialogue,1,DialogueEvent,Unit 1 Dev,2026-08-25T17:01:24.3030000Z,2026-08-25T17:01:24.3030000Z,6a8dca63485cab4c953bf6fe,wenyi082526-1.stratalog.logdata.json
DialogueNodeEvent:31:38,dialogue,1,DialogueEvent,Unit 1 Dev,2026-08-25T17:01:25.4990000Z,2026-08-25T17:01:25.4990000Z,6a8dca64485cab4c953bf700,wenyi082526-1.stratalog.logdata.json
DialogueNodeEvent:31:39,dialogue,1,DialogueEvent,Unit 1 Dev,2026-08-25T17:01:25.8660000Z,2026-08-25T17:01:25.8660000Z,6a8dca64485cab4c953bf702,wenyi082526-1.stratalog.logdata.json
DialogueNodeEvent:31:41,dialogue,1,DialogueEvent,Unit 1 Dev,2026-08-25T17:01:26.4660000Z,2026-08-25T17:01:26.4660000Z,6a8dca65485cab4c953bf706,wenyi082526-1.stratalog.logdata.json
DialogueNodeEvent:31:45,dialogue,1,DialogueEvent,Unit 1 Dev,2026-08-25T17:01:26.4850000Z,2026-08-25T17:01:26.4850000Z,6a8dca65485cab4c953bf708,wenyi082526-1.stratalog.logdata.json
DialogueNodeEvent:31:48,dialogue,1,DialogueEvent,Unit 1 Dev,2026-08-25T17:01:28.4000000Z,2026-08-25T17:01:28.4000000Z,6a8dca67485cab4c953bf70a,wenyi082526-1.stratalog.logdata.json
DialogueNodeEvent:31:5,dialogue,1,DialogueEvent,Unit 1 Dev,2026-08-25T16:54:22.8800000Z,2026-08-25T16:54:22.8800000Z,6a8dc8bd485cab4c953bf424,wenyi082526-1.stratalog.logdata.json
DialogueNodeEvent:31:51,dialogue,1,DialogueEvent,Unit 1 Dev,2026-08-25T17:01:32.4370000Z,2026-08-25T17:01:32.4370000Z,6a8dca6b485cab4c953bf716,wenyi082526-1.stratalog.logdata.json
DialogueNodeEvent:31:55,dialogue,1,DialogueEvent,Unit 1 Dev,2026-08-25T17:02:07.3020000Z,2026-08-25T17:02:07.3020000Z,6a8dca8e485cab4c953bf780,wenyi082526-1.stratalog.logdata.json
DialogueNodeEvent:31:56,dialogue,1,DialogueEvent,Unit 1 Dev,2026-08-25T17:02:10.7730000Z,2026-08-25T17:02:10.7730000Z,6a8dca91485cab4c953bf784,wenyi082526-1.stratalog.logdata.json
DialogueNodeEvent:31:59,dialogue,1,DialogueEvent,Unit 1 Dev,2026-08-25T17:02:13.2720000Z,2026-08-25T17:02:13.2720000Z,6a8dca94485cab4c953bf788,wenyi082526-1.stratalog.logdata.json
DialogueNodeEvent:31:6,dialogue,1,DialogueEvent,Unit 1 Dev,2026-08-25T16:54:24.8140000Z,2026-08-25T16:54:24.8140000Z,6a8dc8bf485cab4c953bf426,wenyi082526-1.stratalog.logdata.json
DialogueNodeEvent:31:60,dialogue,1,DialogueEvent,Unit 1 Dev,2026-08-25T17:02:21.6440000Z,2026-08-25T17:02:21.6440000Z,6a8dca9c485cab4c953bf792,wenyi082526-1.stratalog.logdata.json
DialogueNodeEvent:31:61,dialogue,1,DialogueEvent,Unit 1 Dev,2026-08-25T16:54:25.4650000Z,2026-08-25T16:54:25.4650000Z,6a8dc8c0485cab4c953bf428,wenyi082526-1.stratalog.logdata.json
DialogueNodeEvent:31:64,dialogue,1,DialogueEvent,Unit 1 Dev,2026-08-25T16:54:30.4000000Z,2026-08-25T16:54:30.4000000Z,6a8dc8c5485cab4c953bf42e,wenyi082526-1.stratalog.logdata.json
DialogueNodeEvent:31:65,dialogue,1,DialogueEvent,Unit 1 Dev,2026-08-25T17:02:09.8530000Z,2026-08-25T17:02:09.8530000Z,6a8dca90485cab4c953bf782,wenyi082526-1.stratalog.logdata.json
DialogueNodeEvent:31:67,dialogue,1,DialogueEvent,Unit 1 Dev,2026-08-25T17:01:34.5540000Z,2026-08-25T17:01:34.5540000Z,6a8dca6d485cab4c953bf724,wenyi082526-1.stratalog.logdata.json
DialogueNodeEvent:31:68,dialogue,1,DialogueEvent,Unit 1 Dev,2026-08-25T17:01:28.8510000Z,2026-08-25T17:01:28.8510000Z,6a8dca67485cab4c953bf70c,wenyi082526-1.stratalog.logdata.json
DialogueNodeEvent:31:69,dialogue,1,DialogueEvent,Unit 1 Dev,2026-08-25T17:01:36.3380000Z,2026-08-25T17:01:36.3380000Z,6a8dca6f485cab4c953bf732,wenyi082526-1.stratalog.logdata.json
DialogueNodeEvent:31:70,dialogue,1,DialogueEvent,Unit 1 Dev,2026-08-25T17:01:37.4050000Z,2026-08-25T17:01:37.4050000Z,6a8dca70485cab4c953bf73a,wenyi082526-1.stratalog.logdata.json
DialogueNodeEvent:31:71,dialogue,1,DialogueEvent,Unit 1 Dev,2026-08-25T17:01:39.2230000Z,2026-08-25T17:01:39.2230000Z,6a8dca72485cab4c953bf742,wenyi082526-1.stratalog.logdata.json
DialogueNodeEvent:31:72,dialogue,1,DialogueEvent,Unit 1 Dev,2026-08-25T17:01:42.5400000Z,2026-08-25T17:01:42.5400000Z,6a8dca75485cab4c953bf744,wenyi082526-1.stratalog.logdata.json
DialogueNodeEvent:31:73,dialogue,1,DialogueEvent,Unit 1 Dev,2026-08-25T17:01:50.1270000Z,2026-08-25T17:01:50.1270000Z,6a8dca7d485cab4c953bf74a,wenyi082526-1.stratalog.logdata.json
DialogueNodeEvent:31:74,dialogue,1,DialogueEvent,Unit 1 Dev,2026-08-25T17:01:50.7610000Z,2026-08-25T17:01:50.7610000Z,6a8dca7d485cab4c953bf74c,wenyi082526-1.stratalog.logdata.json
DialogueNodeEvent:31:78,dialogue,1,DialogueEvent,Unit 1 Dev,2026-08-25T17:01:53.1470000Z,2026-08-25T17:01:53.1470000Z,6a8dca80485cab4c953bf750,wenyi082526-1.stratalog.logdata.json
DialogueNodeEvent:31:8,dialogue,1,DialogueEvent,Unit 1 Dev,2026-08-25T16:54:26.0490000Z,2026-08-25T16:54:26.0490000Z,6a8dc8c1485cab4c953bf42a,wenyi082526-1.stratalog.logdata.json
DialogueNodeEvent:31:82,dialogue,1,DialogueEvent,Unit 1 Dev,2026-08-25T17:01:53.9470000Z,2026-08-25T17:01:53.9470000Z,6a8dca81485cab4c953bf754,wenyi082526-1.stratalog.logdata.json
DialogueNodeEvent:31:83,dialogue,1,DialogueEvent,Unit 1 Dev,2026-08-25T17:01:29.6340000Z,2026-08-25T17:01:29.6340000Z,6a8dca68485cab4c953bf70e,wenyi082526-1.stratalog.logdata.json
DialogueNodeEvent:31:84,dialogue,1,DialogueEvent,Unit 1 Dev,2026-08-25T17:01:31.2860000Z,2026-08-25T17:01:31.2860000Z,6a8dca6a485cab4c953bf712,wenyi082526-1.stratalog.logdata.json
DialogueNodeEvent:32:0,dialogue,1,DialogueEvent,Unit 1 Dev,2026-08-25T16:58:52.6280000Z,2026-08-25T16:58:52.6280000Z,6a8dc9cb485cab4c953bf610,wenyi082526-1.stratalog.logdata.json
DialogueNodeEvent:32:101,dialogue,1,DialogueEvent,Unit 1 Dev,2026-08-25T16:58:58.0780000Z,2026-08-25T16:58:58.0780000Z,6a8dc9d1485cab4c953bf630,wenyi082526-1.stratalog.logdata.json
DialogueNodeEvent:32:69,dialogue,1,DialogueEvent,Unit 1 Dev,2026-08-25T16:58:52.6300000Z,2026-08-25T16:58:52.6300000Z,6a8dc9cb485cab4c953bf614,wenyi082526-1.stratalog.logdata.json
DialogueNodeEvent:32:73,dialogue,1,DialogueEvent,Unit 1 Dev,2026-08-25T16:58:55.2940000Z,2026-08-25T16:58:55.2940000Z,6a8dc9ce485cab4c953bf61c,wenyi082526-1.stratalog.logdata.json
DialogueNodeEvent:32:75,dialogue,1,DialogueEvent,Unit 1 Dev,2026-08-25T16:58:56.0780000Z,2026-08-25T16:58:56.0780000Z,6a8dc9cf485cab4c953bf61e,wenyi082526-1.stratalog.logdata.json
DialogueNodeEvent:32:77,dialogue,1,DialogueEvent,Unit 1 Dev,2026-08-25T16:58:56.4780000Z,2026-08-25T16:58:56.4780000Z,6a8dc9cf485cab4c953bf626,wenyi082526-1.stratalog.logdata.json
DialogueNodeEvent:32:87,dialogue,1,DialogueEvent,Unit 1 Dev,2026-08-25T16:58:58.7790000Z,2026-08-25T16:58:58.7790000Z,6a8dc9d1485cab4c953bf632,wenyi082526-1.stratalog.logdata.json
DialogueNodeEvent:32:88,dialogue,1,DialogueEvent,Unit 1 Dev,2026-08-25T16:58:59.0960000Z,2026-08-25T16:58:59.0960000Z,6a8dc9d2485cab4c953bf636,wenyi082526-1.stratalog.logdata.json
DialogueNodeEvent:32:91,dialogue,1,DialogueEvent,Unit 1 Dev,2026-08-25T16:58:59.4960000Z,2026-08-25T16:58:59.4960000Z,6a8dc9d2485cab4c953bf63c,wenyi082526-1.stratalog.logdata.json
DialogueNodeEvent:32:95,dialogue,1,DialogueEvent,Unit 1 Dev,2026-08-25T16:59:01.0630000Z,2026-08-25T16:59:01.0630000Z,6a8dc9d4485cab4c953bf644,wenyi082526-1.stratalog.logdata.json
DialogueNodeEvent:32:96,dialogue,1,DialogueEvent,Unit 1 Dev,2026-08-25T16:59:01.8640000Z,2026-08-25T16:59:01.8640000Z,6a8dc9d4485cab4c953bf648,wenyi082526-1.stratalog.logdata.json
DialogueNodeEvent:33:1,dialogue,1,DialogueEvent,Unit 1 Dev,2026-08-25T17:03:44.9500000Z,2026-08-25T17:03:44.9500000Z,6a8dcaf0485cab4c953bf7d2,wenyi082526-1.stratalog.logdata.json
DialogueNodeEvent:33:12,dialogue,1,DialogueEvent,Unit 1 Dev,2026-08-25T17:04:21.9010000Z,2026-08-25T17:04:21.9010000Z,6a8dcb15485cab4c953bf818,wenyi082526-1.stratalog.logdata.json
DialogueNodeEvent:33:15,dialogue,1,DialogueEvent,Unit 1 Dev,2026-08-25T17:04:25.1200000Z,2026-08-25T17:04:25.1200000Z,6a8dcb18485cab4c953bf81e,wenyi082526-1.stratalog.logdata.json
DialogueNodeEvent:33:16,dialogue,1,DialogueEvent,Unit 1 Dev,2026-08-25T17:04:34.0400000Z,2026-08-25T17:04:34.0400000Z,6a8dcb21485cab4c953bf826,wenyi082526-1.stratalog.logdata.json
DialogueNodeEvent:33:19,dialogue,1,DialogueEvent,Unit 1 Dev,2026-08-25T17:04:41.3110000Z,2026-08-25T17:04:41.3110000Z,6a8dcb28485cab4c953bf82e,wenyi082526-1.stratalog.logdata.json
DialogueNodeEvent:33:3,dialogue,1,DialogueEvent,Unit 1 Dev,2026-08-25T17:03:46.7830000Z,2026-08-25T17:03:46.7830000Z,6a8dcaf1485cab4c953bf7d8,wenyi082526-1.stratalog.logdata.json
DialogueNodeEvent:33:5,dialogue,1,DialogueEvent,Unit 1 Dev,2026-08-25T17:03:49.9200000Z,2026-08-25T17:03:49.9200000Z,6a8dcaf5485cab4c953bf7dc,wenyi082526-1.stratalog.logdata.json
DialogueNodeEvent:33:8,dialogue,1,DialogueEvent,Unit 1 Dev,2026-08-25T17:04:14.7040000Z,2026-08-25T17:04:14.7040000Z,6a8dcb0d485cab4c953bf80a,wenyi082526-1.stratalog.logdata.json
DialogueNodeEvent:33:9,dialogue,1,DialogueEvent,Unit 1 Dev,2026-08-25T17:04:18.5820000Z,2026-08-25T17:04:18.5820000Z,6a8dcb11485cab4c953bf812,wenyi082526-1.stratalog.logdata.json
DialogueNodeEvent:35:0,dialogue,1,DialogueEvent,Unit 1 Dev,2026-08-25T16:59:09.3190000Z,2026-08-25T16:59:09.3190000Z,6a8dc9dc485cab4c953bf686,wenyi082526-1.stratalog.logdata.json
DialogueNodeEvent:35:1,dialogue,1,DialogueEvent,Unit 1 Dev,2026-08-25T16:59:09.3210000Z,2026-08-25T16:59:09.3210000Z,6a8dc9dc485cab4c953bf68a,wenyi082526-1.stratalog.logdata.json
DialogueNodeEvent:35:20,dialogue,1,DialogueEvent,Unit 1 Dev,2026-08-25T17:00:58.6360000Z,2026-08-25T17:00:58.6360000Z,6a8dca49485cab4c953bf6d8,wenyi082526-1.stratalog.logdata.json
DialogueNodeEvent:35:21,dialogue,1,DialogueEvent,Unit 1 Dev,2026-08-25T17:00:59.0530000Z,2026-08-25T17:00:59.0530000Z,6a8dca4a485cab4c953bf6da,wenyi082526-1.stratalog.logdata.json
DialogueNodeEvent:35:24,dialogue,1,DialogueEvent,Unit 1 Dev,2026-08-25T17:00:59.5200000Z,2026-08-25T17:00:59.5200000Z,6a8dca4a485cab4c953bf6dc,wenyi082526-1.stratalog.logdata.json
DialogueNodeEvent:35:28,dialogue,1,DialogueEvent,Unit 1 Dev,2026-08-25T17:01:01.3040000Z,2026-08-25T17:01:01.3040000Z,6a8dca4c485cab4c953bf6de,wenyi082526-1.stratalog.logdata.json
DialogueNodeEvent:35:29,dialogue,1,DialogueEvent,Unit 1 Dev,2026-08-25T17:01:02.0720000Z,2026-08-25T17:01:02.0720000Z,6a8dca4d485cab4c953bf6e0,wenyi082526-1.stratalog.logdata.json
DialogueNodeEvent:35:33,dialogue,1,DialogueEvent,Unit 1 Dev,2026-08-25T16:59:12.8020000Z,2026-08-25T16:59:12.8020000Z,6a8dc9df485cab4c953bf69e,wenyi082526-1.stratalog.logdata.json
DialogueNodeEvent:35:34,dialogue,1,DialogueEvent,Unit 1 Dev,2026-08-25T16:59:16.1030000Z,2026-08-25T16:59:16.1030000Z,6a8dc9e3485cab4c953bf6bc,wenyi082526-1.stratalog.logdata.json
DialogueNodeEvent:35:40,dialogue,1,DialogueEvent,Unit 1 Dev,2026-08-25T17:00:57.5520000Z,2026-08-25T17:00:57.5520000Z,6a8dca48485cab4c953bf6d6,wenyi082526-1.stratalog.logdata.json
DialogueNodeEvent:35:7,dialogue,1,DialogueEvent,Unit 1 Dev,2026-08-25T16:59:13.4860000Z,2026-08-25T16:59:13.4860000Z,6a8dc9e0485cab4c953bf6a9,wenyi082526-1.stratalog.logdata.json
DialogueNodeEvent:35:8,dialogue,1,DialogueEvent,Unit 1 Dev,2026-08-25T16:59:16.4880000Z,2026-08-25T16:59:16.4880000Z,6a8dc9e3485cab4c953bf6c0,wenyi082526-1.stratalog.logdata.json
DialogueNodeEvent:36:0,dialogue,1,DialogueEvent,Unit 1 Dev,2026-08-25T16:56:51.8700000Z,2026-08-25T16:56:51.8700000Z,6a8dc953485cab4c953bf470,wenyi082526-1.stratalog.logdata.json
DialogueNodeEvent:36:32,dialogue,1,DialogueEvent,Unit 1 Dev,2026-08-25T16:56:51.8720000Z,2026-08-25T16:56:51.8720000Z,6a8dc953485cab4c953bf474,wenyi082526-1.stratalog.logdata.json
DialogueNodeEvent:36:33,dialogue,1,DialogueEvent,Unit 1 Dev,2026-08-25T16:56:54.8370000Z,2026-08-25T16:56:54.8370000Z,6a8dc955485cab4c953bf476,wenyi082526-1.stratalog.logdata.json
DialogueNodeEvent:36:35,dialogue,1,DialogueEvent,Unit 1 Dev,2026-08-25T16:56:55.6030000Z,2026-08-25T16:56:55.6030000Z,6a8dc956485cab4c953bf478,wenyi082526-1.stratalog.logdata.json
DialogueNodeEvent:36:36,dialogue,1,DialogueEvent,Unit 1 Dev,2026-08-25T16:56:55.9870000Z,2026-08-25T16:56:55.9870000Z,6a8dc957485cab4c953bf47a,wenyi082526-1.stratalog.logdata.json
DialogueNodeEvent:36:50,dialogue,1,DialogueEvent,Unit 1 Dev,2026-08-25T16:56:58.4880000Z,2026-08-25T16:56:58.4880000Z,6a8dc959485cab4c953bf480,wenyi082526-1.stratalog.logdata.json
DialogueNodeEvent:36:52,dialogue,1,DialogueEvent,Unit 1 Dev,2026-08-25T16:56:58.9220000Z,2026-08-25T16:56:58.9220000Z,6a8dc95a485cab4c953bf482,wenyi082526-1.stratalog.logdata.json
DialogueNodeEvent:36:55,dialogue,1,DialogueEvent,Unit 1 Dev,2026-08-25T16:56:59.9720000Z,2026-08-25T16:56:59.9720000Z,6a8dc95b485cab4c953bf484,wenyi082526-1.stratalog.logdata.json
DialogueNodeEvent:36:59,dialogue,1,DialogueEvent,Unit 1 Dev,2026-08-25T16:57:02.5230000Z,2026-08-25T16:57:02.5230000Z,6a8dc95d485cab4c953bf486,wenyi082526-1.stratalog.logdata.json
DialogueNodeEvent:36:60,dialogue,1,DialogueEvent,Unit 1 Dev,2026-08-25T16:57:03.2580000Z,2026-08-25T16:57:03.2580000Z,6a8dc95e485cab4c953bf488,wenyi082526-1.stratalog.logdata.json
DialogueNodeEvent:36:65,dialogue,1,DialogueEvent,Unit 1 Dev,2026-08-25T16:56:57.7540000Z,2026-08-25T16:56:57.7540000Z,6a8dc958485cab4c953bf47e,wenyi082526-1.stratalog.logdata.json
DialogueNodeEvent:37:0,dialogue,1,DialogueEvent,Unit 1 Dev,2026-08-25T16:58:37.8220000Z,2026-08-25T16:58:37.8220000Z,6a8dc9bc485cab4c953bf5aa,wenyi082526-1.stratalog.logdata.json
DialogueNodeEvent:37:64,dialogue,1,DialogueEvent,Unit 1 Dev,2026-08-25T16:58:37.8240000Z,2026-08-25T16:58:37.8240000Z,6a8dc9bd485cab4c953bf5ae,wenyi082526-1.stratalog.logdata.json
DialogueNodeEvent:37:65,dialogue,1,DialogueEvent,Unit 1 Dev,2026-08-25T16:58:40.0030000Z,2026-08-25T16:58:40.0030000Z,6a8dc9bf485cab4c953bf5b7,wenyi082526-1.stratalog.logdata.json
DialogueNodeEvent:37:67,dialogue,1,DialogueEvent,Unit 1 Dev,2026-08-25T16:58:40.6530000Z,2026-08-25T16:58:40.6530000Z,6a8dc9bf485cab4c953bf5c4,wenyi082526-1.stratalog.logdata.json
DialogueNodeEvent:37:97,dialogue,1,DialogueEvent,Unit 1 Dev,2026-08-25T16:58:40.9880000Z,2026-08-25T16:58:40.9880000Z,6a8dc9c0485cab4c953bf5c6,wenyi082526-1.stratalog.logdata.json
DialogueNodeEvent:68:29,dialogue,1,DialogueEvent,Unit 2 Prod (Refactor),2026-08-25T17:10:26.7920000Z,2026-08-25T17:10:26.7920000Z,6a8dcc81485cab4c953bfe88,wenyi082526-1.stratalog.logdata.json
DialogueNodeEvent:70:0,dialogue,1,DialogueEvent,Unit 1 Dev,2026-08-25T17:02:05.1050000Z,2026-08-25T17:02:05.1050000Z,6a8dca8c485cab4c953bf778,wenyi082526-1.stratalog.logdata.json
DialogueNodeEvent:70:7,dialogue,1,DialogueEvent,Unit 1 Dev,2026-08-25T17:02:05.1180000Z,2026-08-25T17:02:05.1180000Z,6a8dca8c485cab4c953bf77c,wenyi082526-1.stratalog.logdata.json
DialogueNodeEvent:73:163,dialogue,4,DialogueEvent,Unit 3 Dev,2026-08-25T18:09:00.7870000Z,2026-08-25T18:10:23.2260000Z,6a8dda3b485cab4c953c163e,wenyi082526-1.stratalog.logdata.json
DialogueNodeEvent:73:174,dialogue,1,DialogueEvent,Unit 3 Dev,2026-08-25T18:10:24.4090000Z,2026-08-25T18:10:24.4090000Z,6a8dda8f485cab4c953c16a6,wenyi082526-1.stratalog.logdata.json
DialogueNodeEvent:73:175,dialogue,1,DialogueEvent,Unit 3 Dev,2026-08-25T18:10:26.1280000Z,2026-08-25T18:10:26.1280000Z,6a8dda91485cab4c953c16a8,wenyi082526-1.stratalog.logdata.json
DialogueNodeEvent:73:200,dialogue,1,DialogueEvent,Unit 3 Dev,2026-08-25T18:08:03.3590000Z,2026-08-25T18:08:03.3590000Z,6a8dda02485cab4c953c15fe,wenyi082526-1.stratalog.logdata.json
DialogueNodeEvent:73:204,dialogue,1,DialogueEvent,Unit 3 Dev,2026-08-25T18:08:06.2430000Z,2026-08-25T18:08:06.2430000Z,6a8dda05485cab4c953c1606,wenyi082526-1.stratalog.logdata.json
DialogueNodeEvent:73:208,dialogue,1,DialogueEvent,Unit 3 Dev,2026-08-25T18:08:07.1270000Z,2026-08-25T18:08:07.1270000Z,6a8dda06485cab4c953c1608,wenyi082526-1.stratalog.logdata.json
DialogueNodeEvent:73:209,dialogue,1,DialogueEvent,Unit 3 Dev,2026-08-25T18:08:07.5370000Z,2026-08-25T18:08:07.5370000Z,6a8dda06485cab4c953c160c,wenyi082526-1.stratalog.logdata.json
DialogueNodeEvent:73:210,dialogue,1,DialogueEvent,Unit 3 Dev,2026-08-25T18:08:08.2440000Z,2026-08-25T18:08:08.2440000Z,6a8dda07485cab4c953c160e,wenyi082526-1.stratalog.logdata.json
DialogueNodeEvent:73:211,dialogue,1,DialogueEvent,Unit 3 Dev,2026-08-25T18:08:08.7470000Z,2026-08-25T18:08:08.7470000Z,6a8dda07485cab4c953c1612,wenyi082526-1.stratalog.logdata.json
DialogueNodeEvent:73:212,dialogue,1,DialogueEvent,Unit 3 Dev,2026-08-25T18:08:08.7470000Z,2026-08-25T18:08:08.7470000Z,6a8dda07485cab4c953c1614,wenyi082526-1.stratalog.logdata.json
DialogueNodeEvent:73:213,dialogue,1,DialogueEvent,Unit 3 Dev,2026-08-25T18:10:27.0440000Z,2026-08-25T18:10:27.0440000Z,6a8dda92485cab4c953c16aa,wenyi082526-1.stratalog.logdata.json
DialogueNodeEvent:74:21,dialogue,1,DialogueEvent,Unit 2 Prod (Refactor),2026-08-25T17:23:47.9240000Z,2026-08-25T17:23:47.9240000Z,6a8dcfa3485cab4c953c0428,wenyi082526-1.stratalog.logdata.json
DialogueNodeEvent:75:1,dialogue,1,DialogueEvent,Unit 3 Dev,2026-08-25T17:55:14.5780000Z,2026-08-25T17:55:14.5780000Z,6a8dd701485cab4c953c0f80,wenyi082526-1.stratalog.logdata.json
DialogueNodeEvent:75:2,dialogue,1,DialogueEvent,Unit 3 Dev,2026-08-25T17:55:18.5110000Z,2026-08-25T17:55:18.5110000Z,6a8dd705485cab4c953c0f88,wenyi082526-1.stratalog.logdata.json
DialogueNodeEvent:75:3,dialogue,1,DialogueEvent,Unit 3 Dev,2026-08-25T17:55:21.0130000Z,2026-08-25T17:55:21.0130000Z,6a8dd708485cab4c953c0f8e,wenyi082526-1.stratalog.logdata.json
DialogueNodeEvent:75:4,dialogue,1,DialogueEvent,Unit 3 Dev,2026-08-25T17:55:29.8670000Z,2026-08-25T17:55:29.8670000Z,6a8dd710485cab4c953c0f9c,wenyi082526-1.stratalog.logdata.json
DialogueNodeEvent:75:5,dialogue,1,DialogueEvent,Unit 3 Dev,2026-08-25T17:55:31.8340000Z,2026-08-25T17:55:31.8340000Z,6a8dd712485cab4c953c0fa2,wenyi082526-1.stratalog.logdata.json
DialogueNodeEvent:75:6,dialogue,1,DialogueEvent,Unit 3 Dev,2026-08-25T17:55:43.1570000Z,2026-08-25T17:55:43.1570000Z,6a8dd71e485cab4c953c0faa,wenyi082526-1.stratalog.logdata.json
DialogueNodeEvent:78:24,dialogue,1,DialogueEvent,Unit 3 Dungeon Dev,2026-08-25T17:58:54.3810000Z,2026-08-25T17:58:54.3810000Z,6a8dd7dd485cab4c953c1164,wenyi082526-1.stratalog.logdata.json
DialogueNodeEvent:79:0,dialogue,2,DialogueEvent,Unit 3 Dungeon Dev,2026-08-25T18:06:00.3000000Z,2026-08-25T18:06:00.3030000Z,6a8dd987485cab4c953c151e,wenyi082526-1.stratalog.logdata.json
DialogueNodeEvent:79:101,dialogue,1,DialogueEvent,Unit 3 Dungeon Dev,2026-08-25T18:00:02.4470000Z,2026-08-25T18:00:02.4470000Z,6a8dd821485cab4c953c12fc,wenyi082526-1.stratalog.logdata.json
DialogueNodeEvent:79:102,dialogue,1,DialogueEvent,Unit 3 Dungeon Dev,2026-08-25T17:59:08.0030000Z,2026-08-25T17:59:08.0030000Z,6a8dd7eb485cab4c953c121e,wenyi082526-1.stratalog.logdata.json
DialogueNodeEvent:79:103,dialogue,1,DialogueEvent,Unit 3 Dungeon Dev,2026-08-25T17:59:11.9550000Z,2026-08-25T17:59:11.9550000Z,6a8dd7ef485cab4c953c122a,wenyi082526-1.stratalog.logdata.json
DialogueNodeEvent:79:104,dialogue,1,DialogueEvent,Unit 3 Dungeon Dev,2026-08-25T17:59:09.4200000Z,2026-08-25T17:59:09.4200000Z,6a8dd7ec485cab4c953c1226,wenyi082526-1.stratalog.logdata.json
DialogueNodeEvent:79:108,dialogue,1,DialogueEvent,Unit 3 Dungeon Dev,2026-08-25T18:03:32.4970000Z,2026-08-25T18:03:32.4970000Z,6a8dd8f3485cab4c953c13b6,wenyi082526-1.stratalog.logdata.json
DialogueNodeEvent:79:109,dialogue,2,DialogueEvent,Unit 3 Dungeon Dev,2026-08-25T18:04:41.4120000Z,2026-08-25T18:04:45.8640000Z,6a8dd938485cab4c953c1464,wenyi082526-1.stratalog.logdata.json
DialogueNodeEvent:79:110,dialogue,1,DialogueEvent,Unit 3 Dungeon Dev,2026-08-25T18:04:45.1140000Z,2026-08-25T18:04:45.1140000Z,6a8dd93c485cab4c953c1468,wenyi082526-1.stratalog.logdata.json
DialogueNodeEvent:79:111,dialogue,1,DialogueEvent,Unit 3 Dungeon Dev,2026-08-25T18:04:48.4650000Z,2026-08-25T18:04:48.4650000Z,6a8dd93f485cab4c953c1470,wenyi082526-1.stratalog.logdata.json
DialogueNodeEvent:79:112,dialogue,1,DialogueEvent,Unit 3 Dungeon Dev,2026-08-25T18:04:45.7140000Z,2026-08-25T18:04:45.7140000Z,6a8dd93c485cab4c953c146a,wenyi082526-1.stratalog.logdata.json
DialogueNodeEvent:79:113,dialogue,1,DialogueEvent,Unit 3 Dungeon Dev,2026-08-25T18:04:49.3830000Z,2026-08-25T18:04:49.3830000Z,6a8dd940485cab4c953c1472,wenyi082526-1.stratalog.logdata.json
DialogueNodeEvent:79:114,dialogue,1,DialogueEvent,Unit 3 Dungeon Dev,2026-08-25T18:04:10.2970000Z,2026-08-25T18:04:10.2970000Z,6a8dd919485cab4c953c141e,wenyi082526-1.stratalog.logdata.json
DialogueNodeEvent:79:115,dialogue,1,DialogueEvent,Unit 3 Dungeon Dev,2026-08-25T18:03:55.1570000Z,2026-08-25T18:03:55.1570000Z,6a8dd90a485cab4c953c13de,wenyi082526-1.stratalog.logdata.json
DialogueNodeEvent:79:116,dialogue,1,DialogueEvent,Unit 3 Dungeon Dev,2026-08-25T18:00:24.3750000Z,2026-08-25T18:00:24.3750000Z,6a8dd837485cab4c953c1328,wenyi082526-1.stratalog.logdata.json
DialogueNodeEvent:79:117,dialogue,1,DialogueEvent,Unit 3 Dungeon Dev,2026-08-25T18:00:25.9730000Z,2026-08-25T18:00:25.9730000Z,6a8dd839485cab4c953c132c,wenyi082526-1.stratalog.logdata.json
DialogueNodeEvent:79:118,dialogue,1,DialogueEvent,Unit 3 Dungeon Dev,2026-08-25T18:00:26.4400000Z,2026-08-25T18:00:26.4400000Z,6a8dd839485cab4c953c132e,wenyi082526-1.stratalog.logdata.json
DialogueNodeEvent:79:119,dialogue,1,DialogueEvent,Unit 3 Dungeon Dev,2026-08-25T18:04:34.8270000Z,2026-08-25T18:04:34.8270000Z,6a8dd931485cab4c953c1452,wenyi082526-1.stratalog.logdata.json
DialogueNodeEvent:79:120,dialogue,1,DialogueEvent,Unit 3 Dungeon Dev,2026-08-25T18:04:37.0440000Z,2026-08-25T18:04:37.0440000Z,6a8dd934485cab4c953c1456,wenyi082526-1.stratalog.logdata.json
DialogueNodeEvent:79:126,dialogue,1,DialogueEvent,Unit 3 Dungeon Dev,2026-08-25T18:05:30.7540000Z,2026-08-25T18:05:30.7540000Z,6a8dd969485cab4c953c14f6,wenyi082526-1.stratalog.logdata.json
DialogueNodeEvent:79:127,dialogue,1,DialogueEvent,Unit 3 Dungeon Dev,2026-08-25T18:05:51.0800000Z,2026-08-25T18:05:51.0800000Z,6a8dd97e485cab4c953c150a,wenyi082526-1.stratalog.logdata.json
DialogueNodeEvent:79:128,dialogue,1,DialogueEvent,Unit 3 Dungeon Dev,2026-08-25T18:05:52.4630000Z,2026-08-25T18:05:52.4630000Z,6a8dd97f485cab4c953c1510,wenyi082526-1.stratalog.logdata.json
DialogueNodeEvent:79:134,dialogue,1,DialogueEvent,Unit 3 Dungeon Dev,2026-08-25T18:06:00.3050000Z,2026-08-25T18:06:00.3050000Z,6a8dd987485cab4c953c1528,wenyi082526-1.stratalog.logdata.json
DialogueNodeEvent:79:135,dialogue,1,DialogueEvent,Unit 3 Dungeon Dev,2026-08-25T18:06:01.1500000Z,2026-08-25T18:06:01.1500000Z,6a8dd988485cab4c953c152a,wenyi082526-1.stratalog.logdata.json
DialogueNodeEvent:79:136,dialogue,1,DialogueEvent,Unit 3 Dungeon Dev,2026-08-25T18:06:01.6510000Z,2026-08-25T18:06:01.6510000Z,6a8dd988485cab4c953c152c,wenyi082526-1.stratalog.logdata.json
DialogueNodeEvent:79:137,dialogue,1,DialogueEvent,Unit 3 Dungeon Dev,2026-08-25T18:06:02.1510000Z,2026-08-25T18:06:02.1510000Z,6a8dd989485cab4c953c152e,wenyi082526-1.stratalog.logdata.json
DialogueNodeEvent:79:138,dialogue,1,DialogueEvent,Unit 3 Dungeon Dev,2026-08-25T18:06:02.6520000Z,2026-08-25T18:06:02.6520000Z,6a8dd989485cab4c953c1530,wenyi082526-1.stratalog.logdata.json
DialogueNodeEvent:79:140,dialogue,1,DialogueEvent,Unit 3 Dungeon Dev,2026-08-25T18:07:00.3960000Z,2026-08-25T18:07:00.3960000Z,6a8dd9c3485cab4c953c157c,wenyi082526-1.stratalog.logdata.json
DialogueNodeEvent:79:141,dialogue,1,DialogueEvent,Unit 3 Dungeon Dev,2026-08-25T17:59:11.0210000Z,2026-08-25T17:59:11.0210000Z,6a8dd7ee485cab4c953c1228,wenyi082526-1.stratalog.logdata.json
DialogueNodeEvent:79:143,dialogue,1,DialogueEvent,Unit 3 Dungeon Dev,2026-08-25T18:07:01.8120000Z,2026-08-25T18:07:01.8120000Z,6a8dd9c4485cab4c953c1580,wenyi082526-1.stratalog.logdata.json
DialogueNodeEvent:79:144,dialogue,1,DialogueEvent,Unit 3 Dungeon Dev,2026-08-25T18:07:03.6460000Z,2026-08-25T18:07:03.6460000Z,6a8dd9c6485cab4c953c1582,wenyi082526-1.stratalog.logdata.json
DialogueNodeEvent:79:146,dialogue,1,DialogueEvent,Unit 3 Dungeon Dev,2026-08-25T18:07:04.2470000Z,2026-08-25T18:07:04.2470000Z,6a8dd9c7485cab4c953c1584,wenyi082526-1.stratalog.logdata.json
DialogueNodeEvent:79:147,dialogue,1,DialogueEvent,Unit 3 Dungeon Dev,2026-08-25T18:07:05.5310000Z,2026-08-25T18:07:05.5310000Z,6a8dd9c8485cab4c953c1586,wenyi082526-1.stratalog.logdata.json
DialogueNodeEvent:79:148,dialogue,1,DialogueEvent,Unit 3 Dungeon Dev,2026-08-25T18:07:06.2150000Z,2026-08-25T18:07:06.2150000Z,6a8dd9c9485cab4c953c1588,wenyi082526-1.stratalog.logdata.json
DialogueNodeEvent:79:149,dialogue,1,DialogueEvent,Unit 3 Dungeon Dev,2026-08-25T18:07:06.5660000Z,2026-08-25T18:07:06.5660000Z,6a8dd9c9485cab4c953c158a,wenyi082526-1.stratalog.logdata.json
DialogueNodeEvent:79:70,dialogue,1,DialogueEvent,Unit 3 Dungeon Dev,2026-08-25T18:02:57.4120000Z,2026-08-25T18:02:57.4120000Z,6a8dd8d0485cab4c953c1366,wenyi082526-1.stratalog.logdata.json
DialogueNodeEvent:79:71,dialogue,1,DialogueEvent,Unit 3 Dungeon Dev,2026-08-25T18:03:01.7980000Z,2026-08-25T18:03:01.7980000Z,6a8dd8d4485cab4c953c1370,wenyi082526-1.stratalog.logdata.json
DialogueNodeEvent:79:74,dialogue,1,DialogueEvent,Unit 3 Dungeon Dev,2026-08-25T18:03:17.0240000Z,2026-08-25T18:03:17.0240000Z,6a8dd8e4485cab4c953c139c,wenyi082526-1.stratalog.logdata.json
DialogueNodeEvent:79:75,dialogue,1,DialogueEvent,Unit 3 Dungeon Dev,2026-08-25T18:03:18.6220000Z,2026-08-25T18:03:18.6220000Z,6a8dd8e5485cab4c953c13a2,wenyi082526-1.stratalog.logdata.json
DialogueNodeEvent:79:76,dialogue,1,DialogueEvent,Unit 3 Dungeon Dev,2026-08-25T18:03:19.0570000Z,2026-08-25T18:03:19.0570000Z,6a8dd8e6485cab4c953c13a4,wenyi082526-1.stratalog.logdata.json
DialogueNodeEvent:79:79,dialogue,1,DialogueEvent,Unit 3 Dungeon Dev,2026-08-25T18:04:00.2760000Z,2026-08-25T18:04:00.2760000Z,6a8dd90f485cab4c953c13f4,wenyi082526-1.stratalog.logdata.json
DialogueNodeEvent:79:80,dialogue,1,DialogueEvent,Unit 3 Dungeon Dev,2026-08-25T18:04:01.6770000Z,2026-08-25T18:04:01.6770000Z,6a8dd910485cab4c953c13f8,wenyi082526-1.stratalog.logdata.json
DialogueNodeEvent:79:81,dialogue,1,DialogueEvent,Unit 3 Dungeon Dev,2026-08-25T18:04:03.4100000Z,2026-08-25T18:04:03.4100000Z,6a8dd912485cab4c953c13fa,wenyi082526-1.stratalog.logdata.json
DialogueNodeEvent:79:83,dialogue,1,DialogueEvent,Unit 3 Dungeon Dev,2026-08-25T18:04:06.9960000Z,2026-08-25T18:04:06.9960000Z,6a8dd916485cab4c953c1404,wenyi082526-1.stratalog.logdata.json
DialogueNodeEvent:79:86,dialogue,1,DialogueEvent,Unit 3 Dungeon Dev,2026-08-25T18:04:18.1370000Z,2026-08-25T18:04:18.1370000Z,6a8dd921485cab4c953c143c,wenyi082526-1.stratalog.logdata.json
DialogueNodeEvent:79:87,dialogue,1,DialogueEvent,Unit 3 Dungeon Dev,2026-08-25T18:04:19.1510000Z,2026-08-25T18:04:19.1510000Z,6a8dd922485cab4c953c1440,wenyi082526-1.stratalog.logdata.json
DialogueNodeEvent:82:0,dialogue,5,DialogueEvent,Unit 4 Dev;Unit 4 Dev - Anderson Base,2026-08-25T18:27:07.5560000Z,2026-08-25T18:29:47.1650000Z,6a8dde7a485cab4c953c1e7a,wenyi082526-1.stratalog.logdata.json
DialogueNodeEvent:82:1,dialogue,1,DialogueEvent,Unit 4 Dev,2026-08-25T18:27:12.5910000Z,2026-08-25T18:27:12.5910000Z,6a8dde7f485cab4c953c1e7e,wenyi082526-1.stratalog.logdata.json
DialogueNodeEvent:82:10,dialogue,1,DialogueEvent,Unit 4 Dev,2026-08-25T18:27:18.7100000Z,2026-08-25T18:27:18.7100000Z,6a8dde85485cab4c953c1e8e,wenyi082526-1.stratalog.logdata.json
DialogueNodeEvent:82:100,dialogue,1,DialogueEvent,Unit 4 Dev,2026-08-25T18:37:38.2900000Z,2026-08-25T18:37:38.2900000Z,6a8de0f1485cab4c953c2088,wenyi082526-1.stratalog.logdata.json
DialogueNodeEvent:82:101,dialogue,1,DialogueEvent,Unit 4 Dev,2026-08-25T18:37:38.7060000Z,2026-08-25T18:37:38.7060000Z,6a8de0f1485cab4c953c208a,wenyi082526-1.stratalog.logdata.json
DialogueNodeEvent:82:102,dialogue,2,DialogueEvent,Unit 4 Dev,2026-08-25T18:37:39.1400000Z,2026-08-25T18:37:39.6750000Z,6a8de0f2485cab4c953c208c,wenyi082526-1.stratalog.logdata.json
DialogueNodeEvent:82:104,dialogue,1,DialogueEvent,Unit 4 Dev,2026-08-25T18:37:39.5750000Z,2026-08-25T18:37:39.5750000Z,6a8de0f2485cab4c953c208e,wenyi082526-1.stratalog.logdata.json
DialogueNodeEvent:82:106,dialogue,1,DialogueEvent,Unit 4 Dev - Anderson Base,2026-08-25T18:30:24.4010000Z,2026-08-25T18:30:24.4010000Z,6a8ddf3f485cab4c953c1faa,wenyi082526-1.stratalog.logdata.json
DialogueNodeEvent:82:12,dialogue,1,DialogueEvent,Unit 4 Dev,2026-08-25T18:27:19.8110000Z,2026-08-25T18:27:19.8110000Z,6a8dde86485cab4c953c1e90,wenyi082526-1.stratalog.logdata.json
DialogueNodeEvent:82:14,dialogue,1,DialogueEvent,Unit 4 Dev,2026-08-25T18:27:19.9790000Z,2026-08-25T18:27:19.9790000Z,6a8dde87485cab4c953c1e92,wenyi082526-1.stratalog.logdata.json
DialogueNodeEvent:82:15,dialogue,1,DialogueEvent,Unit 4 Dev,2026-08-25T18:25:56.1890000Z,2026-08-25T18:25:56.1890000Z,6a8dde33485cab4c953c1dda,wenyi082526-1.stratalog.logdata.json
DialogueNodeEvent:82:16,dialogue,1,DialogueEvent,Unit 4 Dev,2026-08-25T18:25:56.6050000Z,2026-08-25T18:25:56.6050000Z,6a8dde33485cab4c953c1ddc,wenyi082526-1.stratalog.logdata.json
DialogueNodeEvent:82:17,dialogue,1,DialogueEvent,Unit 4 Dev,2026-08-25T18:25:57.0720000Z,2026-08-25T18:25:57.0720000Z,6a8dde34485cab4c953c1dde,wenyi082526-1.stratalog.logdata.json
DialogueNodeEvent:82:18,dialogue,1,DialogueEvent,Unit 4 Dev,2026-08-25T18:25:59.4220000Z,2026-08-25T18:25:59.4220000Z,6a8dde36485cab4c953c1de0,wenyi082526-1.stratalog.logdata.json
DialogueNodeEvent:82:20,dialogue,1,DialogueEvent,Unit 4 Dev,2026-08-25T18:26:00.0900000Z,2026-08-25T18:26:00.0900000Z,6a8dde37485cab4c953c1de2,wenyi082526-1.stratalog.logdata.json
DialogueNodeEvent:82:22,dialogue,1,DialogueEvent,Unit 4 Dev,2026-08-25T18:26:01.3230000Z,2026-08-25T18:26:01.3230000Z,6a8dde38485cab4c953c1de4,wenyi082526-1.stratalog.logdata.json
DialogueNodeEvent:82:24,dialogue,1,DialogueEvent,Unit 4 Dev,2026-08-25T18:26:02.1090000Z,2026-08-25T18:26:02.1090000Z,6a8dde39485cab4c953c1de8,wenyi082526-1.stratalog.logdata.json
DialogueNodeEvent:82:26,dialogue,1,DialogueEvent,Unit 4 Dev,2026-08-25T18:27:33.8710000Z,2026-08-25T18:27:33.8710000Z,6a8dde95485cab4c953c1ea6,wenyi082526-1.stratalog.logdata.json
DialogueNodeEvent:82:27,dialogue,1,DialogueEvent,Unit 4 Dev,2026-08-25T18:27:35.1350000Z,2026-08-25T18:27:35.1350000Z,6a8dde96485cab4c953c1ea8,wenyi082526-1.stratalog.logdata.json
DialogueNodeEvent:82:28,dialogue,1,DialogueEvent,Unit 4 Dev,2026-08-25T18:27:35.5530000Z,2026-08-25T18:27:35.5530000Z,6a8dde96485cab4c953c1eaa,wenyi082526-1.stratalog.logdata.json
DialogueNodeEvent:82:29,dialogue,1,DialogueEvent,Unit 4 Dev,2026-08-25T18:27:50.9790000Z,2026-08-25T18:27:50.9790000Z,6a8ddea6485cab4c953c1ebe,wenyi082526-1.stratalog.logdata.json
DialogueNodeEvent:82:3,dialogue,1,DialogueEvent,Unit 4 Dev,2026-08-25T18:27:13.6410000Z,2026-08-25T18:27:13.6410000Z,6a8dde80485cab4c953c1e82,wenyi082526-1.stratalog.logdata.json
DialogueNodeEvent:82:30,dialogue,1,DialogueEvent,Unit 4 Dev,2026-08-25T18:27:51.9930000Z,2026-08-25T18:27:51.9930000Z,6a8ddea7485cab4c953c1ec0,wenyi082526-1.stratalog.logdata.json
DialogueNodeEvent:82:31,dialogue,1,DialogueEvent,Unit 4 Dev,2026-08-25T18:27:52.3930000Z,2026-08-25T18:27:52.3930000Z,6a8ddea7485cab4c953c1ec2,wenyi082526-1.stratalog.logdata.json
DialogueNodeEvent:82:32,dialogue,1,DialogueEvent,Unit 4 Dev,2026-08-25T18:27:52.8770000Z,2026-08-25T18:27:52.8770000Z,6a8ddea7485cab4c953c1ec4,wenyi082526-1.stratalog.logdata.json
DialogueNodeEvent:82:33,dialogue,1,DialogueEvent,Unit 4 Dev,2026-08-25T18:27:53.3600000Z,2026-08-25T18:27:53.3600000Z,6a8ddea8485cab4c953c1ec8,wenyi082526-1.stratalog.logdata.json
DialogueNodeEvent:82:34,dialogue,1,DialogueEvent,Unit 4 Dev,2026-08-25T18:27:53.8270000Z,2026-08-25T18:27:53.8270000Z,6a8ddea8485cab4c953c1eca,wenyi082526-1.stratalog.logdata.json
DialogueNodeEvent:82:35,dialogue,1,DialogueEvent,Unit 4 Dev,2026-08-25T18:27:54.2940000Z,2026-08-25T18:27:54.2940000Z,6a8ddea9485cab4c953c1ecc,wenyi082526-1.stratalog.logdata.json
DialogueNodeEvent:82:36,dialogue,1,DialogueEvent,Unit 4 Dev,2026-08-25T18:27:54.7110000Z,2026-08-25T18:27:54.7110000Z,6a8ddea9485cab4c953c1ece,wenyi082526-1.stratalog.logdata.json
DialogueNodeEvent:82:37,dialogue,1,DialogueEvent,Unit 4 Dev,2026-08-25T18:27:58.3960000Z,2026-08-25T18:27:58.3960000Z,6a8ddead485cab4c953c1ed0,wenyi082526-1.stratalog.logdata.json
DialogueNodeEvent:82:39,dialogue,1,DialogueEvent,Unit 4 Dev,2026-08-25T18:27:59.1130000Z,2026-08-25T18:27:59.1130000Z,6a8ddeae485cab4c953c1ed2,wenyi082526-1.stratalog.logdata.json
DialogueNodeEvent:82:40,dialogue,1,DialogueEvent,Unit 4 Dev,2026-08-25T18:27:59.4980000Z,2026-08-25T18:27:59.4980000Z,6a8ddeae485cab4c953c1ed4,wenyi082526-1.stratalog.logdata.json
DialogueNodeEvent:82:41,dialogue,1,DialogueEvent,Unit 4 Dev - Anderson Base,2026-08-25T18:28:14.0990000Z,2026-08-25T18:28:14.0990000Z,6a8ddebd485cab4c953c1ee8,wenyi082526-1.stratalog.logdata.json
DialogueNodeEvent:82:42,dialogue,1,DialogueEvent,Unit 4 Dev - Anderson Base,2026-08-25T18:28:17.3900000Z,2026-08-25T18:28:17.3900000Z,6a8ddec0485cab4c953c1eec,wenyi082526-1.stratalog.logdata.json
DialogueNodeEvent:82:43,dialogue,1,DialogueEvent,Unit 4 Dev - Anderson Base,2026-08-25T18:28:43.4510000Z,2026-08-25T18:28:43.4510000Z,6a8ddeda485cab4c953c1efa,wenyi082526-1.stratalog.logdata.json
DialogueNodeEvent:82:44,dialogue,1,DialogueEvent,Unit 4 Dev - Anderson Base,2026-08-25T18:28:45.0850000Z,2026-08-25T18:28:45.0850000Z,6a8ddedc485cab4c953c1efe,wenyi082526-1.stratalog.logdata.json
DialogueNodeEvent:82:45,dialogue,1,DialogueEvent,Unit 4 Dev - Anderson Base,2026-08-25T18:28:53.1900000Z,2026-08-25T18:28:53.1900000Z,6a8ddee4485cab4c953c1f08,wenyi082526-1.stratalog.logdata.json
DialogueNodeEvent:82:46,dialogue,1,DialogueEvent,Unit 4 Dev - Anderson Base,2026-08-25T18:29:20.0200000Z,2026-08-25T18:29:20.0200000Z,6a8ddeff485cab4c953c1f34,wenyi082526-1.stratalog.logdata.json
DialogueNodeEvent:82:47,dialogue,1,DialogueEvent,Unit 4 Dev - Anderson Base,2026-08-25T18:29:29.1570000Z,2026-08-25T18:29:29.1570000Z,6a8ddf08485cab4c953c1f44,wenyi082526-1.stratalog.logdata.json
DialogueNodeEvent:82:48,dialogue,1,DialogueEvent,Unit 4 Dev - Anderson Base,2026-08-25T18:29:40.4800000Z,2026-08-25T18:29:40.4800000Z,6a8ddf13485cab4c953c1f56,wenyi082526-1.stratalog.logdata.json
DialogueNodeEvent:82:49,dialogue,1,DialogueEvent,Unit 4 Dev - Anderson Base,2026-08-25T18:29:47.1680000Z,2026-08-25T18:29:47.1680000Z,6a8ddf1a485cab4c953c1f64,wenyi082526-1.stratalog.logdata.json
DialogueNodeEvent:82:5,dialogue,1,DialogueEvent,Unit 4 Dev,2026-08-25T18:27:13.8080000Z,2026-08-25T18:27:13.8080000Z,6a8dde80485cab4c953c1e84,wenyi082526-1.stratalog.logdata.json
DialogueNodeEvent:82:50,dialogue,1,DialogueEvent,Unit 4 Dev - Anderson Base,2026-08-25T18:29:15.0370000Z,2026-08-25T18:29:15.0370000Z,6a8ddefa485cab4c953c1f30,wenyi082526-1.stratalog.logdata.json
DialogueNodeEvent:82:51,dialogue,1,DialogueEvent,Unit 4 Dev - Anderson Base,2026-08-25T18:29:52.1510000Z,2026-08-25T18:29:52.1510000Z,6a8ddf1f485cab4c953c1f68,wenyi082526-1.stratalog.logdata.json
DialogueNodeEvent:82:52,dialogue,1,DialogueEvent,Unit 4 Dev - Anderson Base,2026-08-25T18:30:04.7080000Z,2026-08-25T18:30:04.7080000Z,6a8ddf2b485cab4c953c1f7c,wenyi082526-1.stratalog.logdata.json
DialogueNodeEvent:82:53,dialogue,1,DialogueEvent,Unit 4 Dev - Anderson Base,2026-08-25T18:30:06.2900000Z,2026-08-25T18:30:06.2900000Z,6a8ddf2d485cab4c953c1f80,wenyi082526-1.stratalog.logdata.json
DialogueNodeEvent:82:54,dialogue,1,DialogueEvent,Unit 4 Dev - Anderson Base,2026-08-25T18:30:09.0920000Z,2026-08-25T18:30:09.0920000Z,6a8ddf30485cab4c953c1f82,wenyi082526-1.stratalog.logdata.json
DialogueNodeEvent:82:56,dialogue,1,DialogueEvent,Unit 4 Dev - Anderson Base,2026-08-25T18:30:10.5590000Z,2026-08-25T18:30:10.5590000Z,6a8ddf31485cab4c953c1f84,wenyi082526-1.stratalog.logdata.json
DialogueNodeEvent:82:58,dialogue,1,DialogueEvent,Unit 4 Dev - Anderson Base,2026-08-25T18:30:11.0430000Z,2026-08-25T18:30:11.0430000Z,6a8ddf32485cab4c953c1f86,wenyi082526-1.stratalog.logdata.json
DialogueNodeEvent:82:59,dialogue,1,DialogueEvent,Unit 4 Dev - Anderson Base,2026-08-25T18:30:11.5100000Z,2026-08-25T18:30:11.5100000Z,6a8ddf32485cab4c953c1f88,wenyi082526-1.stratalog.logdata.json
DialogueNodeEvent:82:6,dialogue,1,DialogueEvent,Unit 4 Dev,2026-08-25T18:27:14.0580000Z,2026-08-25T18:27:14.0580000Z,6a8dde81485cab4c953c1e86,wenyi082526-1.stratalog.logdata.json
DialogueNodeEvent:82:60,dialogue,1,DialogueEvent,Unit 4 Dev - Anderson Base,2026-08-25T18:30:12.0430000Z,2026-08-25T18:30:12.0430000Z,6a8ddf33485cab4c953c1f8a,wenyi082526-1.stratalog.logdata.json
DialogueNodeEvent:82:61,dialogue,1,DialogueEvent,Unit 4 Dev - Anderson Base,2026-08-25T18:30:12.5440000Z,2026-08-25T18:30:12.5440000Z,6a8ddf33485cab4c953c1f8c,wenyi082526-1.stratalog.logdata.json
DialogueNodeEvent:82:62,dialogue,1,DialogueEvent,Unit 4 Dev - Anderson Base,2026-08-25T18:30:13.0100000Z,2026-08-25T18:30:13.0100000Z,6a8ddf34485cab4c953c1f8e,wenyi082526-1.stratalog.logdata.json
DialogueNodeEvent:82:63,dialogue,1,DialogueEvent,Unit 4 Dev - Anderson Base,2026-08-25T18:30:13.4940000Z,2026-08-25T18:30:13.4940000Z,6a8ddf34485cab4c953c1f92,wenyi082526-1.stratalog.logdata.json
DialogueNodeEvent:82:64,dialogue,1,DialogueEvent,Unit 4 Dev - Anderson Base,2026-08-25T18:30:14.0450000Z,2026-08-25T18:30:14.0450000Z,6a8ddf35485cab4c953c1f94,wenyi082526-1.stratalog.logdata.json
DialogueNodeEvent:82:65,dialogue,1,DialogueEvent,Unit 4 Dev - Anderson Base,2026-08-25T18:30:14.5110000Z,2026-08-25T18:30:14.5110000Z,6a8ddf35485cab4c953c1f96,wenyi082526-1.stratalog.logdata.json
DialogueNodeEvent:82:69,dialogue,1,DialogueEvent,Unit 4 Dev - Anderson Base,2026-08-25T18:30:17.0290000Z,2026-08-25T18:30:17.0290000Z,6a8ddf38485cab4c953c1f98,wenyi082526-1.stratalog.logdata.json
DialogueNodeEvent:82:7,dialogue,1,DialogueEvent,Unit 4 Dev,2026-08-25T18:27:14.4590000Z,2026-08-25T18:27:14.4590000Z,6a8dde81485cab4c953c1e88,wenyi082526-1.stratalog.logdata.json
DialogueNodeEvent:82:73,dialogue,1,DialogueEvent,Unit 4 Dev - Anderson Base,2026-08-25T18:30:17.8120000Z,2026-08-25T18:30:17.8120000Z,6a8ddf38485cab4c953c1f9a,wenyi082526-1.stratalog.logdata.json
DialogueNodeEvent:82:77,dialogue,1,DialogueEvent,Unit 4 Dev - Anderson Base,2026-08-25T18:30:20.5640000Z,2026-08-25T18:30:20.5640000Z,6a8ddf3b485cab4c953c1f9c,wenyi082526-1.stratalog.logdata.json
DialogueNodeEvent:82:8,dialogue,1,DialogueEvent,Unit 4 Dev,2026-08-25T18:27:14.8250000Z,2026-08-25T18:27:14.8250000Z,6a8dde81485cab4c953c1e8a,wenyi082526-1.stratalog.logdata.json
DialogueNodeEvent:82:80,dialogue,1,DialogueEvent,Unit 4 Dev - Anderson Base,2026-08-25T18:30:21.5480000Z,2026-08-25T18:30:21.5480000Z,6a8ddf3c485cab4c953c1f9e,wenyi082526-1.stratalog.logdata.json
DialogueNodeEvent:82:82,dialogue,1,DialogueEvent,Unit 4 Dev - Anderson Base,2026-08-25T18:30:23.3820000Z,2026-08-25T18:30:23.3820000Z,6a8ddf3e485cab4c953c1fa2,wenyi082526-1.stratalog.logdata.json
DialogueNodeEvent:82:84,dialogue,1,DialogueEvent,Unit 4 Dev - Anderson Base,2026-08-25T18:30:24.2180000Z,2026-08-25T18:30:24.2180000Z,6a8ddf3f485cab4c953c1fa6,wenyi082526-1.stratalog.logdata.json
DialogueNodeEvent:82:85,dialogue,1,DialogueEvent,Unit 4 Dev - Anderson Base,2026-08-25T18:31:14.8400000Z,2026-08-25T18:31:14.8400000Z,6a8ddf71485cab4c953c200c,wenyi082526-1.stratalog.logdata.json
DialogueNodeEvent:82:86,dialogue,1,DialogueEvent,Unit 4 Dev - Anderson Base,2026-08-25T18:31:15.3400000Z,2026-08-25T18:31:15.3400000Z,6a8ddf72485cab4c953c200e,wenyi082526-1.stratalog.logdata.json
DialogueNodeEvent:82:87,dialogue,1,DialogueEvent,Unit 4 Dev - Anderson Base,2026-08-25T18:31:20.4920000Z,2026-08-25T18:31:20.4920000Z,6a8ddf77485cab4c953c2010,wenyi082526-1.stratalog.logdata.json
DialogueNodeEvent:82:9,dialogue,1,DialogueEvent,Unit 4 Dev,2026-08-25T18:27:15.2260000Z,2026-08-25T18:27:15.2260000Z,6a8dde82485cab4c953c1e8c,wenyi082526-1.stratalog.logdata.json
DialogueNodeEvent:82:90,dialogue,1,DialogueEvent,Unit 4 Dev - Anderson Base,2026-08-25T18:31:21.3310000Z,2026-08-25T18:31:21.3310000Z,6a8ddf78485cab4c953c2014,wenyi082526-1.stratalog.logdata.json
DialogueNodeEvent:82:91,dialogue,1,DialogueEvent,Unit 4 Dev - Anderson Base,2026-08-25T18:31:30.1980000Z,2026-08-25T18:31:30.1980000Z,6a8ddf81485cab4c953c201a,wenyi082526-1.stratalog.logdata.json
DialogueNodeEvent:82:92,dialogue,1,DialogueEvent,Unit 4 Dev - Anderson Base,2026-08-25T18:31:35.0010000Z,2026-08-25T18:31:35.0010000Z,6a8ddf86485cab4c953c2022,wenyi082526-1.stratalog.logdata.json
DialogueNodeEvent:82:93,dialogue,1,DialogueEvent,Unit 4 Dev - Anderson Base,2026-08-25T18:31:35.6680000Z,2026-08-25T18:31:35.6680000Z,6a8ddf86485cab4c953c2028,wenyi082526-1.stratalog.logdata.json
DialogueNodeEvent:82:94,dialogue,1,DialogueEvent,Unit 4 Dev,2026-08-25T18:31:50.0580000Z,2026-08-25T18:31:50.0580000Z,6a8ddf95485cab4c953c2038,wenyi082526-1.stratalog.logdata.json
DialogueNodeEvent:82:95,dialogue,1,DialogueEvent,Unit 4 Dev,2026-08-25T18:37:36.6220000Z,2026-08-25T18:37:36.6220000Z,6a8de0ef485cab4c953c2082,wenyi082526-1.stratalog.logdata.json
DialogueNodeEvent:82:97,dialogue,1,DialogueEvent,Unit 4 Dev,2026-08-25T18:37:37.4730000Z,2026-08-25T18:37:37.4730000Z,6a8de0f0485cab4c953c2084,wenyi082526-1.stratalog.logdata.json
DialogueNodeEvent:82:99,dialogue,1,DialogueEvent,Unit 4 Dev,2026-08-25T18:37:37.8390000Z,2026-08-25T18:37:37.8390000Z,6a8de0f0485cab4c953c2086,wenyi082526-1.stratalog.logdata.json
DialogueNodeEvent:83:10,dialogue,1,DialogueEvent,Unit 3 Dev,2026-08-25T18:07:53.5720000Z,2026-08-25T18:07:53.5720000Z,6a8dd9f8485cab4c953c15cc,wenyi082526-1.stratalog.logdata.json
DialogueNodeEvent:83:11,dialogue,1,DialogueEvent,Unit 3 Dev,2026-08-25T18:07:54.5720000Z,2026-08-25T18:07:54.5720000Z,6a8dd9f9485cab4c953c15d4,wenyi082526-1.stratalog.logdata.json
DialogueNodeEvent:83:9,dialogue,1,DialogueEvent,Unit 3 Dev,2026-08-25T18:07:49.6530000Z,2026-08-25T18:07:49.6530000Z,6a8dd9f4485cab4c953c15c2,wenyi082526-1.stratalog.logdata.json
DialogueNodeEvent:84:0,dialogue,1,DialogueEvent,Unit 3 Dev,2026-08-25T17:55:06.1080000Z,2026-08-25T17:55:06.1080000Z,6a8dd6f9485cab4c953c0f70,wenyi082526-1.stratalog.logdata.json
DialogueNodeEvent:84:36,dialogue,1,DialogueEvent,Unit 3 Dev,2026-08-25T17:55:06.1210000Z,2026-08-25T17:55:06.1210000Z,6a8dd6f9485cab4c953c0f76,wenyi082526-1.stratalog.logdata.json
DialogueNodeEvent:88:0,dialogue,1,DialogueEvent,Unit 4 Dev,2026-08-25T18:13:20.1450000Z,2026-08-25T18:13:20.1450000Z,6a8ddb3f485cab4c953c1758,wenyi082526-1.stratalog.logdata.json
DialogueNodeEvent:88:1,dialogue,1,DialogueEvent,Unit 4 Dev,2026-08-25T18:16:15.6270000Z,2026-08-25T18:16:15.6270000Z,6a8ddbee485cab4c953c1780,wenyi082526-1.stratalog.logdata.json
DialogueNodeEvent:88:10,dialogue,1,DialogueEvent,Unit 4 Dev,2026-08-25T18:18:45.9990000Z,2026-08-25T18:18:45.9990000Z,6a8ddc85485cab4c953c181e,wenyi082526-1.stratalog.logdata.json
DialogueNodeEvent:88:19,dialogue,1,DialogueEvent,Unit 4 Dev,2026-08-25T18:13:20.1600000Z,2026-08-25T18:13:20.1600000Z,6a8ddb3f485cab4c953c175c,wenyi082526-1.stratalog.logdata.json
DialogueNodeEvent:88:2,dialogue,1,DialogueEvent,Unit 4 Dev,2026-08-25T18:16:16.0550000Z,2026-08-25T18:16:16.0550000Z,6a8ddbef485cab4c953c1786,wenyi082526-1.stratalog.logdata.json
DialogueNodeEvent:88:3,dialogue,1,DialogueEvent,Unit 4 Dev,2026-08-25T18:16:35.8870000Z,2026-08-25T18:16:35.8870000Z,6a8ddc02485cab4c953c1798,wenyi082526-1.stratalog.logdata.json
DialogueNodeEvent:88:4,dialogue,1,DialogueEvent,Unit 4 Dev,2026-08-25T18:16:48.2440000Z,2026-08-25T18:16:48.2440000Z,6a8ddc0f485cab4c953c17ac,wenyi082526-1.stratalog.logdata.json
DialogueNodeEvent:88:5,dialogue,1,DialogueEvent,Unit 4 Dev,2026-08-25T18:17:35.1650000Z,2026-08-25T18:17:35.1650000Z,6a8ddc3e485cab4c953c17b8,wenyi082526-1.stratalog.logdata.json
DialogueNodeEvent:88:8,dialogue,1,DialogueEvent,Unit 4 Dev,2026-08-25T18:17:36.0150000Z,2026-08-25T18:17:36.0150000Z,6a8ddc3f485cab4c953c17bc,wenyi082526-1.stratalog.logdata.json
DialogueNodeEvent:88:9,dialogue,1,DialogueEvent,Unit 4 Dev,2026-08-25T18:18:13.7510000Z,2026-08-25T18:18:13.7510000Z,6a8ddc64485cab4c953c17cc,wenyi082526-1.stratalog.logdata.json
DialogueNodeEvent:8:11,dialogue,1,DialogueEvent,Unit 2 Prod (Refactor),2026-08-25T17:27:44.5540000Z,2026-08-25T17:27:44.5540000Z,6a8dd08f485cab4c953c0552,wenyi082526-1.stratalog.logdata.json
DialogueNodeEvent:8:12,dialogue,1,DialogueEvent,Unit 2 Prod (Refactor),2026-08-25T17:27:45.3700000Z,2026-08-25T17:27:45.3700000Z,6a8dd090485cab4c953c0558,wenyi082526-1.stratalog.logdata.json
DialogueNodeEvent:8:2,dialogue,1,DialogueEvent,Unit 2 Prod (Refactor),2026-08-25T17:27:43.6710000Z,2026-08-25T17:27:43.6710000Z,6a8dd08e485cab4c953c054a,wenyi082526-1.stratalog.logdata.json
DialogueNodeEvent:8:4,dialogue,1,DialogueEvent,Unit 2 Prod (Refactor),2026-08-25T17:27:44.0870000Z,2026-08-25T17:27:44.0870000Z,6a8dd08f485cab4c953c054c,wenyi082526-1.stratalog.logdata.json
DialogueNodeEvent:8:5,dialogue,1,DialogueEvent,Unit 2 Prod (Refactor),2026-08-25T17:27:44.2370000Z,2026-08-25T17:27:44.2370000Z,6a8dd08f485cab4c953c054e,wenyi082526-1.stratalog.logdata.json
DialogueNodeEvent:8:6,dialogue,1,DialogueEvent,Unit 2 Prod (Refactor),2026-08-25T17:27:44.4040000Z,2026-08-25T17:27:44.4040000Z,6a8dd08f485cab4c953c0550,wenyi082526-1.stratalog.logdata.json
DialogueNodeEvent:8:7,dialogue,1,DialogueEvent,Unit 2 Prod (Refactor),2026-08-25T17:27:44.7210000Z,2026-08-25T17:27:44.7210000Z,6a8dd08f485cab4c953c0554,wenyi082526-1.stratalog.logdata.json
DialogueNodeEvent:8:8,dialogue,1,DialogueEvent,Unit 2 Prod (Refactor),2026-08-25T17:27:44.9040000Z,2026-08-25T17:27:44.9040000Z,6a8dd08f485cab4c953c0556,wenyi082526-1.stratalog.logdata.json
DialogueNodeEvent:90:0,dialogue,1,DialogueEvent,Unit 4 Dev - Anderson Base,2026-08-25T18:31:12.7270000Z,2026-08-25T18:31:12.7270000Z,6a8ddf6f485cab4c953c2002,wenyi082526-1.stratalog.logdata.json
DialogueNodeEvent:90:50,dialogue,1,DialogueEvent,Unit 4 Dev - Anderson Base,2026-08-25T18:31:12.7390000Z,2026-08-25T18:31:12.7390000Z,6a8ddf70485cab4c953c2008,wenyi082526-1.stratalog.logdata.json
DialogueNodeEvent:91:0,dialogue,1,DialogueEvent,Unit 4 Dev - Dungeon,2026-08-25T18:19:02.6410000Z,2026-08-25T18:19:02.6410000Z,6a8ddc96485cab4c953c1890,wenyi082526-1.stratalog.logdata.json
DialogueNodeEvent:91:1,dialogue,1,DialogueEvent,Unit 4 Dev - Dungeon,2026-08-25T18:19:21.7330000Z,2026-08-25T18:19:21.7330000Z,6a8ddca8485cab4c953c18ae,wenyi082526-1.stratalog.logdata.json
DialogueNodeEvent:91:10,dialogue,1,DialogueEvent,Unit 4 Dev - Dungeon,2026-08-25T18:19:27.2350000Z,2026-08-25T18:19:27.2350000Z,6a8ddcae485cab4c953c18b6,wenyi082526-1.stratalog.logdata.json
DialogueNodeEvent:91:100,dialogue,1,DialogueEvent,Unit 4 Dev - Dungeon,2026-08-25T18:24:55.4590000Z,2026-08-25T18:24:55.4590000Z,6a8dddf6485cab4c953c1cec,wenyi082526-1.stratalog.logdata.json
DialogueNodeEvent:91:101,dialogue,1,DialogueEvent,Unit 4 Dev - Dungeon,2026-08-25T18:24:59.1430000Z,2026-08-25T18:24:59.1430000Z,6a8dddfa485cab4c953c1cf0,wenyi082526-1.stratalog.logdata.json
DialogueNodeEvent:91:103,dialogue,1,DialogueEvent,Unit 4 Dev - Dungeon,2026-08-25T18:24:59.8950000Z,2026-08-25T18:24:59.8950000Z,6a8dddfa485cab4c953c1cf2,wenyi082526-1.stratalog.logdata.json
DialogueNodeEvent:91:105,dialogue,1,DialogueEvent,Unit 4 Dev,2026-08-25T18:25:18.1780000Z,2026-08-25T18:25:18.1780000Z,6a8dde0d485cab4c953c1d36,wenyi082526-1.stratalog.logdata.json
DialogueNodeEvent:91:106,dialogue,1,DialogueEvent,Unit 4 Dev,2026-08-25T18:25:44.5660000Z,2026-08-25T18:25:44.5660000Z,6a8dde27485cab4c953c1dc8,wenyi082526-1.stratalog.logdata.json
DialogueNodeEvent:91:107,dialogue,1,DialogueEvent,Unit 4 Dev,2026-08-25T18:25:45.0670000Z,2026-08-25T18:25:45.0670000Z,6a8dde28485cab4c953c1dca,wenyi082526-1.stratalog.logdata.json
DialogueNodeEvent:91:108,dialogue,1,DialogueEvent,Unit 4 Dev,2026-08-25T18:25:48.8340000Z,2026-08-25T18:25:48.8340000Z,6a8dde2b485cab4c953c1dcc,wenyi082526-1.stratalog.logdata.json
DialogueNodeEvent:91:110,dialogue,1,DialogueEvent,Unit 4 Dev,2026-08-25T18:25:49.6180000Z,2026-08-25T18:25:49.6180000Z,6a8dde2c485cab4c953c1dce,wenyi082526-1.stratalog.logdata.json
DialogueNodeEvent:91:112,dialogue,1,DialogueEvent,Unit 4 Dev,2026-08-25T18:25:55.2370000Z,2026-08-25T18:25:55.2370000Z,6a8dde32485cab4c953c1dd2,wenyi082526-1.stratalog.logdata.json
DialogueNodeEvent:91:114,dialogue,1,DialogueEvent,Unit 4 Dev,2026-08-25T18:25:55.8710000Z,2026-08-25T18:25:55.8710000Z,6a8dde32485cab4c953c1dd4,wenyi082526-1.stratalog.logdata.json
DialogueNodeEvent:91:115,dialogue,1,DialogueEvent,Unit 4 Dev,2026-08-25T18:25:56.0390000Z,2026-08-25T18:25:56.0390000Z,6a8dde33485cab4c953c1dd8,wenyi082526-1.stratalog.logdata.json
DialogueNodeEvent:91:116,dialogue,1,DialogueEvent,Unit 4 Dev - Dungeon,2026-08-25T18:20:33.2170000Z,2026-08-25T18:20:33.2170000Z,6a8ddcf0485cab4c953c199a,wenyi082526-1.stratalog.logdata.json
DialogueNodeEvent:91:117,dialogue,1,DialogueEvent,Unit 4 Dev - Dungeon,2026-08-25T18:21:37.2820000Z,2026-08-25T18:21:37.2820000Z,6a8ddd30485cab4c953c1a6a,wenyi082526-1.stratalog.logdata.json
DialogueNodeEvent:91:118,dialogue,1,DialogueEvent,Unit 4 Dev - Dungeon,2026-08-25T18:22:49.6830000Z,2026-08-25T18:22:49.6830000Z,6a8ddd78485cab4c953c1b56,wenyi082526-1.stratalog.logdata.json
DialogueNodeEvent:91:119,dialogue,1,DialogueEvent,Unit 4 Dev,2026-08-25T18:25:35.6120000Z,2026-08-25T18:25:35.6120000Z,6a8dde1e485cab4c953c1da6,wenyi082526-1.stratalog.logdata.json
DialogueNodeEvent:91:12,dialogue,1,DialogueEvent,Unit 4 Dev - Dungeon,2026-08-25T18:19:28.0360000Z,2026-08-25T18:19:28.0360000Z,6a8ddcaf485cab4c953c18b8,wenyi082526-1.stratalog.logdata.json
DialogueNodeEvent:91:120,dialogue,1,DialogueEvent,Unit 4 Dev - Dungeon,2026-08-25T18:19:07.6090000Z,2026-08-25T18:19:07.6090000Z,6a8ddc9a485cab4c953c1896,wenyi082526-1.stratalog.logdata.json
DialogueNodeEvent:91:122,dialogue,1,DialogueEvent,Unit 4 Dev - Dungeon,2026-08-25T18:19:08.7600000Z,2026-08-25T18:19:08.7600000Z,6a8ddc9b485cab4c953c1898,wenyi082526-1.stratalog.logdata.json
DialogueNodeEvent:91:125,dialogue,1,DialogueEvent,Unit 4 Dev - Dungeon,2026-08-25T18:19:09.2120000Z,2026-08-25T18:19:09.2120000Z,6a8ddc9c485cab4c953c189a,wenyi082526-1.stratalog.logdata.json
DialogueNodeEvent:91:13,dialogue,1,DialogueEvent,Unit 4 Dev - Dungeon,2026-08-25T18:19:28.2450000Z,2026-08-25T18:19:28.2450000Z,6a8ddcaf485cab4c953c18bc,wenyi082526-1.stratalog.logdata.json
DialogueNodeEvent:91:19,dialogue,1,DialogueEvent,Unit 4 Dev - Dungeon,2026-08-25T18:19:32.6550000Z,2026-08-25T18:19:32.6550000Z,6a8ddcb3485cab4c953c18ce,wenyi082526-1.stratalog.logdata.json
DialogueNodeEvent:91:20,dialogue,1,DialogueEvent,Unit 4 Dev - Dungeon,2026-08-25T18:19:33.4390000Z,2026-08-25T18:19:33.4390000Z,6a8ddcb4485cab4c953c18d4,wenyi082526-1.stratalog.logdata.json
DialogueNodeEvent:91:21,dialogue,1,DialogueEvent,Unit 4 Dev - Dungeon,2026-08-25T18:19:41.6460000Z,2026-08-25T18:19:41.6460000Z,6a8ddcbc485cab4c953c18ee,wenyi082526-1.stratalog.logdata.json
DialogueNodeEvent:91:29,dialogue,1,DialogueEvent,Unit 4 Dev - Dungeon,2026-08-25T18:20:10.1240000Z,2026-08-25T18:20:10.1240000Z,6a8ddcd9485cab4c953c1958,wenyi082526-1.stratalog.logdata.json
DialogueNodeEvent:91:30,dialogue,1,DialogueEvent,Unit 4 Dev - Dungeon,2026-08-25T18:20:23.9460000Z,2026-08-25T18:20:23.9460000Z,6a8ddce6485cab4c953c1976,wenyi082526-1.stratalog.logdata.json
DialogueNodeEvent:91:31,dialogue,1,DialogueEvent,Unit 4 Dev - Dungeon,2026-08-25T18:20:25.0630000Z,2026-08-25T18:20:25.0630000Z,6a8ddce8485cab4c953c197a,wenyi082526-1.stratalog.logdata.json
DialogueNodeEvent:91:32,dialogue,1,DialogueEvent,Unit 4 Dev - Dungeon,2026-08-25T18:20:26.8470000Z,2026-08-25T18:20:26.8470000Z,6a8ddce9485cab4c953c197c,wenyi082526-1.stratalog.logdata.json
DialogueNodeEvent:91:34,dialogue,1,DialogueEvent,Unit 4 Dev - Dungeon,2026-08-25T18:20:27.5970000Z,2026-08-25T18:20:27.5970000Z,6a8ddcea485cab4c953c197e,wenyi082526-1.stratalog.logdata.json
DialogueNodeEvent:91:36,dialogue,1,DialogueEvent,Unit 4 Dev - Dungeon,2026-08-25T18:20:27.7490000Z,2026-08-25T18:20:27.7490000Z,6a8ddcea485cab4c953c1984,wenyi082526-1.stratalog.logdata.json
DialogueNodeEvent:91:42,dialogue,2,DialogueEvent,Unit 4 Dev - Dungeon,2026-08-25T18:20:32.4010000Z,2026-08-25T18:20:33.4840000Z,6a8ddcef485cab4c953c1994,wenyi082526-1.stratalog.logdata.json
DialogueNodeEvent:91:43,dialogue,1,DialogueEvent,Unit 4 Dev - Dungeon,2026-08-25T18:20:37.8200000Z,2026-08-25T18:20:37.8200000Z,6a8ddcf4485cab4c953c19b0,wenyi082526-1.stratalog.logdata.json
DialogueNodeEvent:91:44,dialogue,1,DialogueEvent,Unit 4 Dev - Dungeon,2026-08-25T18:20:58.0300000Z,2026-08-25T18:20:58.0300000Z,6a8ddd09485cab4c953c19ee,wenyi082526-1.stratalog.logdata.json
DialogueNodeEvent:91:45,dialogue,1,DialogueEvent,Unit 4 Dev - Dungeon,2026-08-25T18:21:01.2300000Z,2026-08-25T18:21:01.2300000Z,6a8ddd0c485cab4c953c19f2,wenyi082526-1.stratalog.logdata.json
DialogueNodeEvent:91:47,dialogue,1,DialogueEvent,Unit 4 Dev - Dungeon,2026-08-25T18:21:02.2310000Z,2026-08-25T18:21:02.2310000Z,6a8ddd0d485cab4c953c19f4,wenyi082526-1.stratalog.logdata.json
DialogueNodeEvent:91:49,dialogue,1,DialogueEvent,Unit 4 Dev - Dungeon,2026-08-25T18:21:14.3710000Z,2026-08-25T18:21:14.3710000Z,6a8ddd19485cab4c953c1a28,wenyi082526-1.stratalog.logdata.json
DialogueNodeEvent:91:5,dialogue,1,DialogueEvent,Unit 4 Dev - Dungeon,2026-08-25T18:19:22.9500000Z,2026-08-25T18:19:22.9500000Z,6a8ddca9485cab4c953c18b4,wenyi082526-1.stratalog.logdata.json
DialogueNodeEvent:91:50,dialogue,1,DialogueEvent,Unit 4 Dev - Dungeon,2026-08-25T18:21:26.5430000Z,2026-08-25T18:21:26.5430000Z,6a8ddd25485cab4c953c1a48,wenyi082526-1.stratalog.logdata.json
DialogueNodeEvent:91:51,dialogue,1,DialogueEvent,Unit 4 Dev - Dungeon,2026-08-25T18:21:30.3600000Z,2026-08-25T18:21:30.3600000Z,6a8ddd29485cab4c953c1a4c,wenyi082526-1.stratalog.logdata.json
DialogueNodeEvent:91:53,dialogue,1,DialogueEvent,Unit 4 Dev - Dungeon,2026-08-25T18:21:31.2610000Z,2026-08-25T18:21:31.2610000Z,6a8ddd2a485cab4c953c1a4e,wenyi082526-1.stratalog.logdata.json
DialogueNodeEvent:91:55,dialogue,1,DialogueEvent,Unit 4 Dev - Dungeon,2026-08-25T18:21:31.7210000Z,2026-08-25T18:21:31.7210000Z,6a8ddd2a485cab4c953c1a54,wenyi082526-1.stratalog.logdata.json
DialogueNodeEvent:91:61,dialogue,1,DialogueEvent,Unit 4 Dev - Dungeon,2026-08-25T18:21:36.5310000Z,2026-08-25T18:21:36.5310000Z,6a8ddd2f485cab4c953c1a66,wenyi082526-1.stratalog.logdata.json
DialogueNodeEvent:91:62,dialogue,1,DialogueEvent,Unit 4 Dev - Dungeon,2026-08-25T18:22:06.3130000Z,2026-08-25T18:22:06.3130000Z,6a8ddd4d485cab4c953c1ad0,wenyi082526-1.stratalog.logdata.json
DialogueNodeEvent:91:63,dialogue,1,DialogueEvent,Unit 4 Dev - Dungeon,2026-08-25T18:22:09.4120000Z,2026-08-25T18:22:09.4120000Z,6a8ddd50485cab4c953c1ad4,wenyi082526-1.stratalog.logdata.json
DialogueNodeEvent:91:65,dialogue,1,DialogueEvent,Unit 4 Dev - Dungeon,2026-08-25T18:22:10.1140000Z,2026-08-25T18:22:10.1140000Z,6a8ddd51485cab4c953c1ad6,wenyi082526-1.stratalog.logdata.json
DialogueNodeEvent:91:67,dialogue,1,DialogueEvent,Unit 4 Dev - Dungeon,2026-08-25T18:22:26.4060000Z,2026-08-25T18:22:26.4060000Z,6a8ddd61485cab4c953c1b1a,wenyi082526-1.stratalog.logdata.json
DialogueNodeEvent:91:68,dialogue,1,DialogueEvent,Unit 4 Dev - Dungeon,2026-08-25T18:22:39.8280000Z,2026-08-25T18:22:39.8280000Z,6a8ddd6e485cab4c953c1b32,wenyi082526-1.stratalog.logdata.json
DialogueNodeEvent:91:70,dialogue,1,DialogueEvent,Unit 4 Dev - Dungeon,2026-08-25T18:22:44.0460000Z,2026-08-25T18:22:44.0460000Z,6a8ddd73485cab4c953c1b38,wenyi082526-1.stratalog.logdata.json
DialogueNodeEvent:91:72,dialogue,1,DialogueEvent,Unit 4 Dev - Dungeon,2026-08-25T18:22:44.8960000Z,2026-08-25T18:22:44.8960000Z,6a8ddd73485cab4c953c1b3a,wenyi082526-1.stratalog.logdata.json
DialogueNodeEvent:91:73,dialogue,1,DialogueEvent,Unit 4 Dev - Dungeon,2026-08-25T18:22:45.0490000Z,2026-08-25T18:22:45.0490000Z,6a8ddd74485cab4c953c1b40,wenyi082526-1.stratalog.logdata.json
DialogueNodeEvent:91:79,dialogue,1,DialogueEvent,Unit 4 Dev - Dungeon,2026-08-25T18:22:49.0490000Z,2026-08-25T18:22:49.0490000Z,6a8ddd78485cab4c953c1b52,wenyi082526-1.stratalog.logdata.json
DialogueNodeEvent:91:80,dialogue,1,DialogueEvent,Unit 4 Dev - Dungeon,2026-08-25T18:23:33.0370000Z,2026-08-25T18:23:33.0370000Z,6a8ddda4485cab4c953c1bec,wenyi082526-1.stratalog.logdata.json
DialogueNodeEvent:91:82,dialogue,1,DialogueEvent,Unit 4 Dev - Dungeon,2026-08-25T18:23:37.6390000Z,2026-08-25T18:23:37.6390000Z,6a8ddda8485cab4c953c1c00,wenyi082526-1.stratalog.logdata.json
DialogueNodeEvent:91:83,dialogue,1,DialogueEvent,Unit 4 Dev - Dungeon,2026-08-25T18:23:39.8560000Z,2026-08-25T18:23:39.8560000Z,6a8dddaa485cab4c953c1c04,wenyi082526-1.stratalog.logdata.json
DialogueNodeEvent:91:85,dialogue,1,DialogueEvent,Unit 4 Dev - Dungeon,2026-08-25T18:23:40.7580000Z,2026-08-25T18:23:40.7580000Z,6a8dddab485cab4c953c1c06,wenyi082526-1.stratalog.logdata.json
DialogueNodeEvent:91:87,dialogue,1,DialogueEvent,Unit 4 Dev - Dungeon,2026-08-25T18:23:53.0630000Z,2026-08-25T18:23:53.0630000Z,6a8dddb8485cab4c953c1c20,wenyi082526-1.stratalog.logdata.json
DialogueNodeEvent:91:88,dialogue,1,DialogueEvent,Unit 4 Dev - Dungeon,2026-08-25T18:23:56.3640000Z,2026-08-25T18:23:56.3640000Z,6a8dddbb485cab4c953c1c24,wenyi082526-1.stratalog.logdata.json
DialogueNodeEvent:91:90,dialogue,1,DialogueEvent,Unit 4 Dev - Dungeon,2026-08-25T18:23:57.1980000Z,2026-08-25T18:23:57.1980000Z,6a8dddbc485cab4c953c1c26,wenyi082526-1.stratalog.logdata.json
DialogueNodeEvent:91:92,dialogue,1,DialogueEvent,Unit 4 Dev - Dungeon,2026-08-25T18:23:57.3670000Z,2026-08-25T18:23:57.3670000Z,6a8dddbc485cab4c953c1c2c,wenyi082526-1.stratalog.logdata.json
DialogueNodeEvent:91:98,dialogue,2,DialogueEvent,Unit 4 Dev - Dungeon,2026-08-25T18:24:01.9180000Z,2026-08-25T18:24:03.4390000Z,6a8dddc0485cab4c953c1c3c,wenyi082526-1.stratalog.logdata.json
DialogueNodeEvent:91:99,dialogue,1,DialogueEvent,Unit 4 Dev - Dungeon,2026-08-25T18:24:03.2180000Z,2026-08-25T18:24:03.2180000Z,6a8dddc2485cab4c953c1c42,wenyi082526-1.stratalog.logdata.json
DialogueNodeEvent:92:0,dialogue,8,DialogueEvent,Unit 4 Dev,2026-08-25T18:38:34.9180000Z,2026-08-25T18:40:48.9160000Z,6a8de129485cab4c953c20ec,wenyi082526-1.stratalog.logdata.json
DialogueNodeEvent:92:1,dialogue,1,DialogueEvent,Unit 4 Dev,2026-08-25T18:38:03.0530000Z,2026-08-25T18:38:03.0530000Z,6a8de10a485cab4c953c20ba,wenyi082526-1.stratalog.logdata.json
DialogueNodeEvent:92:10,dialogue,1,DialogueEvent,Unit 4 Dev,2026-08-25T18:38:25.4790000Z,2026-08-25T18:38:25.4790000Z,6a8de120485cab4c953c20ce,wenyi082526-1.stratalog.logdata.json
DialogueNodeEvent:92:12,dialogue,1,DialogueEvent,Unit 4 Dev,2026-08-25T18:38:25.8960000Z,2026-08-25T18:38:25.8960000Z,6a8de120485cab4c953c20d0,wenyi082526-1.stratalog.logdata.json
DialogueNodeEvent:92:13,dialogue,1,DialogueEvent,Unit 4 Dev,2026-08-25T18:38:26.3630000Z,2026-08-25T18:38:26.3630000Z,6a8de121485cab4c953c20d2,wenyi082526-1.stratalog.logdata.json
DialogueNodeEvent:92:14,dialogue,1,DialogueEvent,Unit 4 Dev,2026-08-25T18:38:26.7460000Z,2026-08-25T18:38:26.7460000Z,6a8de121485cab4c953c20d4,wenyi082526-1.stratalog.logdata.json
DialogueNodeEvent:92:15,dialogue,1,DialogueEvent,Unit 4 Dev,2026-08-25T18:38:27.1800000Z,2026-08-25T18:38:27.1800000Z,6a8de122485cab4c953c20d6,wenyi082526-1.stratalog.logdata.json
DialogueNodeEvent:92:16,dialogue,1,DialogueEvent,Unit 4 Dev,2026-08-25T18:38:27.6130000Z,2026-08-25T18:38:27.6130000Z,6a8de122485cab4c953c20d8,wenyi082526-1.stratalog.logdata.json
DialogueNodeEvent:92:17,dialogue,1,DialogueEvent,Unit 4 Dev,2026-08-25T18:38:28.0720000Z,2026-08-25T18:38:28.0720000Z,6a8de123485cab4c953c20dc,wenyi082526-1.stratalog.logdata.json
DialogueNodeEvent:92:19,dialogue,1,DialogueEvent,Unit 4 Dev,2026-08-25T18:38:34.9210000Z,2026-08-25T18:38:34.9210000Z,6a8de12a485cab4c953c20f0,wenyi082526-1.stratalog.logdata.json
DialogueNodeEvent:92:2,dialogue,1,DialogueEvent,Unit 4 Dev,2026-08-25T18:38:21.1600000Z,2026-08-25T18:38:21.1600000Z,6a8de11c485cab4c953c20c2,wenyi082526-1.stratalog.logdata.json
DialogueNodeEvent:92:20,dialogue,1,DialogueEvent,Unit 4 Dev,2026-08-25T18:38:41.9080000Z,2026-08-25T18:38:41.9080000Z,6a8de131485cab4c953c20fe,wenyi082526-1.stratalog.logdata.json
DialogueNodeEvent:92:21,dialogue,1,DialogueEvent,Unit 4 Dev,2026-08-25T18:38:45.4430000Z,2026-08-25T18:38:45.4430000Z,6a8de134485cab4c953c210a,wenyi082526-1.stratalog.logdata.json
DialogueNodeEvent:92:22,dialogue,1,DialogueEvent,Unit 4 Dev,2026-08-25T18:38:48.8780000Z,2026-08-25T18:38:48.8780000Z,6a8de138485cab4c953c2114,wenyi082526-1.stratalog.logdata.json
DialogueNodeEvent:92:23,dialogue,1,DialogueEvent,Unit 4 Dev,2026-08-25T18:38:51.6910000Z,2026-08-25T18:38:51.6910000Z,6a8de13a485cab4c953c2118,wenyi082526-1.stratalog.logdata.json
DialogueNodeEvent:92:25,dialogue,1,DialogueEvent,Unit 4 Dev,2026-08-25T18:38:52.2920000Z,2026-08-25T18:38:52.2920000Z,6a8de13b485cab4c953c211a,wenyi082526-1.stratalog.logdata.json
DialogueNodeEvent:92:26,dialogue,1,DialogueEvent,Unit 4 Dev,2026-08-25T18:39:24.9940000Z,2026-08-25T18:39:24.9940000Z,6a8de15c485cab4c953c2170,wenyi082526-1.stratalog.logdata.json
DialogueNodeEvent:92:27,dialogue,1,DialogueEvent,Unit 4 Dev,2026-08-25T18:39:33.8490000Z,2026-08-25T18:39:33.8490000Z,6a8de164485cab4c953c2186,wenyi082526-1.stratalog.logdata.json
DialogueNodeEvent:92:29,dialogue,1,DialogueEvent,Unit 4 Dev,2026-08-25T18:39:45.4370000Z,2026-08-25T18:39:45.4370000Z,6a8de170485cab4c953c21b4,wenyi082526-1.stratalog.logdata.json
DialogueNodeEvent:92:30,dialogue,1,DialogueEvent,Unit 4 Dev,2026-08-25T18:39:55.3430000Z,2026-08-25T18:39:55.3430000Z,6a8de17a485cab4c953c21f2,wenyi082526-1.stratalog.logdata.json
DialogueNodeEvent:92:32,dialogue,1,DialogueEvent,Unit 4 Dev,2026-08-25T18:40:09.1950000Z,2026-08-25T18:40:09.1950000Z,6a8de188485cab4c953c220c,wenyi082526-1.stratalog.logdata.json
DialogueNodeEvent:92:33,dialogue,1,DialogueEvent,Unit 4 Dev,2026-08-25T18:40:12.6990000Z,2026-08-25T18:40:12.6990000Z,6a8de18b485cab4c953c2210,wenyi082526-1.stratalog.logdata.json
DialogueNodeEvent:92:38,dialogue,1,DialogueEvent,Unit 4 Dev,2026-08-25T18:40:42.6800000Z,2026-08-25T18:40:42.6800000Z,6a8de1a9485cab4c953c2260,wenyi082526-1.stratalog.logdata.json
DialogueNodeEvent:92:39,dialogue,1,DialogueEvent,Unit 4 Dev,2026-08-25T18:40:43.1780000Z,2026-08-25T18:40:43.1780000Z,6a8de1aa485cab4c953c2268,wenyi082526-1.stratalog.logdata.json
DialogueNodeEvent:92:4,dialogue,1,DialogueEvent,Unit 4 Dev,2026-08-25T18:38:22.0440000Z,2026-08-25T18:38:22.0440000Z,6a8de11d485cab4c953c20c4,wenyi082526-1.stratalog.logdata.json
DialogueNodeEvent:92:41,dialogue,1,DialogueEvent,Unit 4 Dev,2026-08-25T18:40:43.6800000Z,2026-08-25T18:40:43.6800000Z,6a8de1aa485cab4c953c226c,wenyi082526-1.stratalog.logdata.json
DialogueNodeEvent:92:42,dialogue,1,DialogueEvent,Unit 4 Dev,2026-08-25T18:40:48.9180000Z,2026-08-25T18:40:48.9180000Z,6a8de1b0485cab4c953c228e,wenyi082526-1.stratalog.logdata.json
DialogueNodeEvent:92:44,dialogue,1,DialogueEvent,Unit 4 Dev,2026-08-25T18:40:51.8150000Z,2026-08-25T18:40:51.8150000Z,6a8de1b2485cab4c953c2292,wenyi082526-1.stratalog.logdata.json
DialogueNodeEvent:92:46,dialogue,1,DialogueEvent,Unit 4 Dev,2026-08-25T18:40:52.9330000Z,2026-08-25T18:40:52.9330000Z,6a8de1b3485cab4c953c2294,wenyi082526-1.stratalog.logdata.json
DialogueNodeEvent:92:47,dialogue,1,DialogueEvent,Unit 4 Dev,2026-08-25T18:40:53.3500000Z,2026-08-25T18:40:53.3500000Z,6a8de1b4485cab4c953c2296,wenyi082526-1.stratalog.logdata.json
DialogueNodeEvent:92:48,dialogue,1,DialogueEvent,Unit 4 Dev,2026-08-25T18:40:53.8330000Z,2026-08-25T18:40:53.8330000Z,6a8de1b4485cab4c953c2298,wenyi082526-1.stratalog.logdata.json
DialogueNodeEvent:92:49,dialogue,1,DialogueEvent,Unit 4 Dev,2026-08-25T18:40:54.2830000Z,2026-08-25T18:40:54.2830000Z,6a8de1b5485cab4c953c229a,wenyi082526-1.stratalog.logdata.json
DialogueNodeEvent:92:50,dialogue,1,DialogueEvent,Unit 4 Dev,2026-08-25T18:40:59.6520000Z,2026-08-25T18:40:59.6520000Z,6a8de1ba485cab4c953c229e,wenyi082526-1.stratalog.logdata.json
DialogueNodeEvent:92:52,dialogue,1,DialogueEvent,Unit 4 Dev,2026-08-25T18:41:00.4690000Z,2026-08-25T18:41:00.4690000Z,6a8de1bb485cab4c953c22a2,wenyi082526-1.stratalog.logdata.json
DialogueNodeEvent:92:53,dialogue,1,DialogueEvent,Unit 4 Dev,2026-08-25T18:41:00.8360000Z,2026-08-25T18:41:00.8360000Z,6a8de1bb485cab4c953c22a4,wenyi082526-1.stratalog.logdata.json
DialogueNodeEvent:92:54,dialogue,1,DialogueEvent,Unit 4 Dev,2026-08-25T18:41:01.2530000Z,2026-08-25T18:41:01.2530000Z,6a8de1bc485cab4c953c22a6,wenyi082526-1.stratalog.logdata.json
DialogueNodeEvent:92:55,dialogue,1,DialogueEvent,Unit 4 Dev,2026-08-25T18:41:02.9370000Z,2026-08-25T18:41:02.9370000Z,6a8de1bd485cab4c953c22a8,wenyi082526-1.stratalog.logdata.json
DialogueNodeEvent:92:57,dialogue,1,DialogueEvent,Unit 4 Dev,2026-08-25T18:41:04.2710000Z,2026-08-25T18:41:04.2710000Z,6a8de1bf485cab4c953c22aa,wenyi082526-1.stratalog.logdata.json
DialogueNodeEvent:92:58,dialogue,1,DialogueEvent,Unit 4 Dev,2026-08-25T18:41:04.6720000Z,2026-08-25T18:41:04.6720000Z,6a8de1bf485cab4c953c22ac,wenyi082526-1.stratalog.logdata.json
DialogueNodeEvent:92:59,dialogue,1,DialogueEvent,Unit 4 Dev,2026-08-25T18:41:05.0720000Z,2026-08-25T18:41:05.0720000Z,6a8de1c0485cab4c953c22ae,wenyi082526-1.stratalog.logdata.json
DialogueNodeEvent:92:6,dialogue,1,DialogueEvent,Unit 4 Dev,2026-08-25T18:38:22.5110000Z,2026-08-25T18:38:22.5110000Z,6a8de11d485cab4c953c20c6,wenyi082526-1.stratalog.logdata.json
DialogueNodeEvent:92:60,dialogue,1,DialogueEvent,Unit 4 Dev,2026-08-25T18:41:05.5270000Z,2026-08-25T18:41:05.5270000Z,6a8de1c0485cab4c953c22b4,wenyi082526-1.stratalog.logdata.json
DialogueNodeEvent:92:61,dialogue,3,DialogueEvent,Unit 4 Dev,2026-08-25T18:40:18.2830000Z,2026-08-25T18:40:35.9080000Z,6a8de191485cab4c953c221e,wenyi082526-1.stratalog.logdata.json
DialogueNodeEvent:92:64,dialogue,1,DialogueEvent,Unit 4 Dev,2026-08-25T18:40:42.6820000Z,2026-08-25T18:40:42.6820000Z,6a8de1a9485cab4c953c2264,wenyi082526-1.stratalog.logdata.json
DialogueNodeEvent:92:65,dialogue,1,DialogueEvent,Unit 4 Dev,2026-08-25T18:38:52.7590000Z,2026-08-25T18:38:52.7590000Z,6a8de13b485cab4c953c211c,wenyi082526-1.stratalog.logdata.json
DialogueNodeEvent:92:66,dialogue,1,DialogueEvent,Unit 4 Dev,2026-08-25T18:39:35.1790000Z,2026-08-25T18:39:35.1790000Z,6a8de166485cab4c953c2188,wenyi082526-1.stratalog.logdata.json
DialogueNodeEvent:92:67,dialogue,1,DialogueEvent,Unit 4 Dev,2026-08-25T18:39:57.3570000Z,2026-08-25T18:39:57.3570000Z,6a8de17c485cab4c953c21f6,wenyi082526-1.stratalog.logdata.json
DialogueNodeEvent:92:7,dialogue,1,DialogueEvent,Unit 4 Dev,2026-08-25T18:38:22.9280000Z,2026-08-25T18:38:22.9280000Z,6a8de11d485cab4c953c20c8,wenyi082526-1.stratalog.logdata.json
DialogueNodeEvent:92:8,dialogue,1,DialogueEvent,Unit 4 Dev,2026-08-25T18:38:23.3450000Z,2026-08-25T18:38:23.3450000Z,6a8de11e485cab4c953c20ca,wenyi082526-1.stratalog.logdata.json
DialogueNodeEvent:92:9,dialogue,1,DialogueEvent,Unit 4 Dev,2026-08-25T18:38:23.7450000Z,2026-08-25T18:38:23.7450000Z,6a8de11e485cab4c953c20cc,wenyi082526-1.stratalog.logdata.json
DialogueNodeEvent:95:1,dialogue,1,DialogueEvent,Unit 5 Dev - Dungeon,2026-08-25T18:44:37.8580000Z,2026-08-25T18:44:37.8580000Z,6a8de294485cab4c953c239a,wenyi082526-1.stratalog.logdata.json
DialogueNodeEvent:95:11,dialogue,1,DialogueEvent,Unit 5 Dev - Dungeon,2026-08-25T18:47:45.1960000Z,2026-08-25T18:47:45.1960000Z,6a8de350485cab4c953c256c,wenyi082526-1.stratalog.logdata.json
DialogueNodeEvent:95:32,dialogue,1,DialogueEvent,Unit 5 Dev - Dungeon,2026-08-25T18:47:48.7160000Z,2026-08-25T18:47:48.7160000Z,6a8de353485cab4c953c257c,wenyi082526-1.stratalog.logdata.json
DialogueNodeEvent:95:35,dialogue,2,DialogueEvent,Unit 5 Dev - Dungeon,2026-08-25T18:48:18.3300000Z,2026-08-25T18:48:22.4510000Z,6a8de371485cab4c953c2684,wenyi082526-1.stratalog.logdata.json
DialogueNodeEvent:95:4,dialogue,1,DialogueEvent,Unit 5 Dev - Dungeon,2026-08-25T18:44:43.8930000Z,2026-08-25T18:44:43.8930000Z,6a8de29a485cab4c953c23a0,wenyi082526-1.stratalog.logdata.json
DialogueNodeEvent:95:41,dialogue,1,DialogueEvent,Unit 5 Dev - Dungeon,2026-08-25T18:49:18.9930000Z,2026-08-25T18:49:18.9930000Z,6a8de3ae485cab4c953c27c6,wenyi082526-1.stratalog.logdata.json
DialogueNodeEvent:95:42,dialogue,1,DialogueEvent,Unit 5 Dev - Dungeon,2026-08-25T18:48:35.1050000Z,2026-08-25T18:48:35.1050000Z,6a8de382485cab4c953c2762,wenyi082526-1.stratalog.logdata.json
DialogueNodeEvent:95:5,dialogue,1,DialogueEvent,Unit 5 Dev - Dungeon,2026-08-25T18:44:44.6030000Z,2026-08-25T18:44:44.6030000Z,6a8de29b485cab4c953c23a2,wenyi082526-1.stratalog.logdata.json
DialogueNodeEvent:95:76,dialogue,1,DialogueEvent,Unit 5 Dev - Dungeon,2026-08-25T18:44:49.1960000Z,2026-08-25T18:44:49.1960000Z,6a8de2a0485cab4c953c23b6,wenyi082526-1.stratalog.logdata.json
DialogueNodeEvent:95:77,dialogue,1,DialogueEvent,Unit 5 Dev - Dungeon,2026-08-25T18:44:51.6970000Z,2026-08-25T18:44:51.6970000Z,6a8de2a2485cab4c953c23c4,wenyi082526-1.stratalog.logdata.json
DialogueNodeEvent:95:78,dialogue,1,DialogueEvent,Unit 5 Dev - Dungeon,2026-08-25T18:47:00.4250000Z,2026-08-25T18:47:00.4250000Z,6a8de323485cab4c953c250c,wenyi082526-1.stratalog.logdata.json
DialogueNodeEvent:95:79,dialogue,1,DialogueEvent,Unit 5 Dev - Dungeon,2026-08-25T18:48:30.9560000Z,2026-08-25T18:48:30.9560000Z,6a8de37e485cab4c953c2752,wenyi082526-1.stratalog.logdata.json
DialogueNodeEvent:95:8,dialogue,1,DialogueEvent,Unit 5 Dev - Dungeon,2026-08-25T18:47:41.6950000Z,2026-08-25T18:47:41.6950000Z,6a8de34c485cab4c953c2564,wenyi082526-1.stratalog.logdata.json
DialogueNodeEvent:95:80,dialogue,2,DialogueEvent,Unit 5 Dev - Dungeon,2026-08-25T18:47:37.7100000Z,2026-08-25T18:50:25.0740000Z,6a8de348485cab4c953c2558,wenyi082526-1.stratalog.logdata.json
DialogueNodeEvent:95:81,dialogue,1,DialogueEvent,Unit 5 Dev - Dungeon,2026-08-25T18:48:00.0880000Z,2026-08-25T18:48:00.0880000Z,6a8de35f485cab4c953c2598,wenyi082526-1.stratalog.logdata.json
DialogueNodeEvent:95:82,dialogue,1,DialogueEvent,Unit 5 Dev - Dungeon,2026-08-25T18:48:10.9590000Z,2026-08-25T18:48:10.9590000Z,6a8de369485cab4c953c25e0,wenyi082526-1.stratalog.logdata.json
DialogueNodeEvent:95:83,dialogue,1,DialogueEvent,Unit 5 Dev - Dungeon,2026-08-25T18:48:30.9520000Z,2026-08-25T18:48:30.9520000Z,6a8de37d485cab4c953c274c,wenyi082526-1.stratalog.logdata.json
DialogueNodeEvent:95:86,dialogue,1,DialogueEvent,Unit 5 Dev - Dungeon,2026-08-25T18:51:20.7340000Z,2026-08-25T18:51:20.7340000Z,6a8de427485cab4c953c28ee,wenyi082526-1.stratalog.logdata.json
DialogueNodeEvent:95:9,dialogue,1,DialogueEvent,Unit 5 Dev - Dungeon,2026-08-25T18:47:44.2120000Z,2026-08-25T18:47:44.2120000Z,6a8de34f485cab4c953c256a,wenyi082526-1.stratalog.logdata.json
DialogueNodeEvent:96:1,dialogue,1,DialogueEvent,Unit 5 Dev,2026-08-25T18:54:26.6900000Z,2026-08-25T18:54:26.6900000Z,6a8de4e1485cab4c953c2a36,wenyi082526-1.stratalog.logdata.json
DialogueNodeEvent:96:10,dialogue,1,DialogueEvent,Unit 5 Dev,2026-08-25T18:54:39.4610000Z,2026-08-25T18:54:39.4610000Z,6a8de4ee485cab4c953c2a48,wenyi082526-1.stratalog.logdata.json
DialogueNodeEvent:96:11,dialogue,1,DialogueEvent,Unit 5 Dev,2026-08-25T18:54:41.8450000Z,2026-08-25T18:54:41.8450000Z,6a8de4f0485cab4c953c2a4c,wenyi082526-1.stratalog.logdata.json
DialogueNodeEvent:96:13,dialogue,1,DialogueEvent,Unit 5 Dev,2026-08-25T18:54:42.6290000Z,2026-08-25T18:54:42.6290000Z,6a8de4f1485cab4c953c2a4e,wenyi082526-1.stratalog.logdata.json
DialogueNodeEvent:96:14,dialogue,1,DialogueEvent,Unit 5 Dev,2026-08-25T18:54:42.9960000Z,2026-08-25T18:54:42.9960000Z,6a8de4f2485cab4c953c2a50,wenyi082526-1.stratalog.logdata.json
DialogueNodeEvent:96:16,dialogue,1,DialogueEvent,Unit 5 Dev,2026-08-25T18:54:45.2130000Z,2026-08-25T18:54:45.2130000Z,6a8de4f4485cab4c953c2a52,wenyi082526-1.stratalog.logdata.json
DialogueNodeEvent:96:17,dialogue,1,DialogueEvent,Unit 5 Dev,2026-08-25T18:54:45.8470000Z,2026-08-25T18:54:45.8470000Z,6a8de4f4485cab4c953c2a54,wenyi082526-1.stratalog.logdata.json
DialogueNodeEvent:96:18,dialogue,1,DialogueEvent,Unit 5 Dev,2026-08-25T18:54:46.1810000Z,2026-08-25T18:54:46.1810000Z,6a8de4f5485cab4c953c2a56,wenyi082526-1.stratalog.logdata.json
DialogueNodeEvent:96:19,dialogue,1,DialogueEvent,Unit 5 Dev,2026-08-25T18:54:46.5980000Z,2026-08-25T18:54:46.5980000Z,6a8de4f5485cab4c953c2a58,wenyi082526-1.stratalog.logdata.json
DialogueNodeEvent:96:2,dialogue,1,DialogueEvent,Unit 5 Dev,2026-08-25T18:54:28.7390000Z,2026-08-25T18:54:28.7390000Z,6a8de4e3485cab4c953c2a3a,wenyi082526-1.stratalog.logdata.json
DialogueNodeEvent:96:20,dialogue,1,DialogueEvent,Unit 5 Dev,2026-08-25T18:54:47.0310000Z,2026-08-25T18:54:47.0310000Z,6a8de4f6485cab4c953c2a5a,wenyi082526-1.stratalog.logdata.json
DialogueNodeEvent:96:21,dialogue,1,DialogueEvent,Unit 5 Dev,2026-08-25T18:54:49.5490000Z,2026-08-25T18:54:49.5490000Z,6a8de4f8485cab4c953c2a5c,wenyi082526-1.stratalog.logdata.json
DialogueNodeEvent:96:23,dialogue,1,DialogueEvent,Unit 5 Dev,2026-08-25T18:54:50.3230000Z,2026-08-25T18:54:50.3230000Z,6a8de4f9485cab4c953c2a60,wenyi082526-1.stratalog.logdata.json
DialogueNodeEvent:96:3,dialogue,1,DialogueEvent,Unit 5 Dev,2026-08-25T18:54:31.3060000Z,2026-08-25T18:54:31.3060000Z,6a8de4e6485cab4c953c2a3e,wenyi082526-1.stratalog.logdata.json
DialogueNodeEvent:96:5,dialogue,1,DialogueEvent,Unit 5 Dev,2026-08-25T18:54:32.0740000Z,2026-08-25T18:54:32.0740000Z,6a8de4e7485cab4c953c2a40,wenyi082526-1.stratalog.logdata.json
DialogueNodeEvent:96:6,dialogue,1,DialogueEvent,Unit 5 Dev,2026-08-25T18:54:34.5580000Z,2026-08-25T18:54:34.5580000Z,6a8de4e9485cab4c953c2a42,wenyi082526-1.stratalog.logdata.json
DialogueNodeEvent:96:8,dialogue,1,DialogueEvent,Unit 5 Dev,2026-08-25T18:54:38.5100000Z,2026-08-25T18:54:38.5100000Z,6a8de4ed485cab4c953c2a44,wenyi082526-1.stratalog.logdata.json
DialogueNodeEvent:96:9,dialogue,1,DialogueEvent,Unit 5 Dev,2026-08-25T18:54:38.9600000Z,2026-08-25T18:54:38.9600000Z,6a8de4ed485cab4c953c2a46,wenyi082526-1.stratalog.logdata.json
DialogueNodeEvent:98:31,dialogue,1,DialogueEvent,Unit 5 Dev,2026-08-25T18:55:11.4940000Z,2026-08-25T18:55:11.4940000Z,6a8de50e485cab4c953c2a72,wenyi082526-1.stratalog.logdata.json
DialogueNodeEvent:98:32,dialogue,1,DialogueEvent,Unit 5 Dev,2026-08-25T18:55:16.1630000Z,2026-08-25T18:55:16.1630000Z,6a8de513485cab4c953c2a7a,wenyi082526-1.stratalog.logdata.json
DialogueNodeEvent:98:33,dialogue,1,DialogueEvent,Unit 5 Dev,2026-08-25T18:55:26.2840000Z,2026-08-25T18:55:26.2840000Z,6a8de51d485cab4c953c2a94,wenyi082526-1.stratalog.logdata.json
DialogueNodeEvent:98:34,dialogue,1,DialogueEvent,Unit 5 Dev,2026-08-25T18:55:35.4380000Z,2026-08-25T18:55:35.4380000Z,6a8de526485cab4c953c2aa8,wenyi082526-1.stratalog.logdata.json
DialogueNodeEvent:98:35,dialogue,1,DialogueEvent,Unit 5 Dev,2026-08-25T18:55:39.4730000Z,2026-08-25T18:55:39.4730000Z,6a8de52a485cab4c953c2aac,wenyi082526-1.stratalog.logdata.json
DialogueNodeEvent:98:37,dialogue,1,DialogueEvent,Unit 5 Dev,2026-08-25T18:55:44.0420000Z,2026-08-25T18:55:44.0420000Z,6a8de52f485cab4c953c2ab8,wenyi082526-1.stratalog.logdata.json
DialogueNodeEvent:98:38,dialogue,1,DialogueEvent,Unit 5 Dev,2026-08-25T18:55:45.5430000Z,2026-08-25T18:55:45.5430000Z,6a8de530485cab4c953c2abc,wenyi082526-1.stratalog.logdata.json
DialogueNodeEvent:98:39,dialogue,2,DialogueEvent,Unit 5 Dev,2026-08-25T18:55:59.0830000Z,2026-08-25T18:55:59.0870000Z,6a8de53e485cab4c953c2ada,wenyi082526-1.stratalog.logdata.json
DialogueNodeEvent:98:40,dialogue,1,DialogueEvent,Unit 5 Dev,2026-08-25T18:56:00.5660000Z,2026-08-25T18:56:00.5660000Z,6a8de53f485cab4c953c2ae4,wenyi082526-1.stratalog.logdata.json
DialogueNodeEvent:98:41,dialogue,1,DialogueEvent,Unit 5 Dev,2026-08-25T18:56:01.0500000Z,2026-08-25T18:56:01.0500000Z,6a8de540485cab4c953c2ae8,wenyi082526-1.stratalog.logdata.json
DialogueNodeEvent:98:45,dialogue,1,DialogueEvent,Unit 5 Dev,2026-08-25T18:56:03.3670000Z,2026-08-25T18:56:03.3670000Z,6a8de542485cab4c953c2aea,wenyi082526-1.stratalog.logdata.json
DialogueNodeEvent:98:49,dialogue,1,DialogueEvent,Unit 5 Dev,2026-08-25T18:56:04.3180000Z,2026-08-25T18:56:04.3180000Z,6a8de543485cab4c953c2aec,wenyi082526-1.stratalog.logdata.json
DialogueNodeEvent:98:55,dialogue,1,DialogueEvent,Unit 5 Dev,2026-08-25T18:56:08.2860000Z,2026-08-25T18:56:08.2860000Z,6a8de547485cab4c953c2aee,wenyi082526-1.stratalog.logdata.json
DialogueNodeEvent:98:56,dialogue,1,DialogueEvent,Unit 5 Dev,2026-08-25T18:56:09.0370000Z,2026-08-25T18:56:09.0370000Z,6a8de548485cab4c953c2af0,wenyi082526-1.stratalog.logdata.json
DialogueNodeEvent:98:57,dialogue,1,DialogueEvent,Unit 5 Dev,2026-08-25T18:56:11.3060000Z,2026-08-25T18:56:11.3060000Z,6a8de54a485cab4c953c2af6,wenyi082526-1.stratalog.logdata.json
DialogueNodeEvent:98:59,dialogue,1,DialogueEvent,Unit 5 Dev,2026-08-25T18:57:26.9450000Z,2026-08-25T18:57:26.9450000Z,6a8de596485cab4c953c2b62,wenyi082526-1.stratalog.logdata.json
DialogueNodeEvent:98:60,dialogue,1,DialogueEvent,Unit 5 Dev,2026-08-25T18:57:37.7620000Z,2026-08-25T18:57:37.7620000Z,6a8de5a0485cab4c953c2b6a,wenyi082526-1.stratalog.logdata.json
DialogueNodeEvent:98:62,dialogue,1,DialogueEvent,Unit 5 Dev,2026-08-25T18:57:38.4320000Z,2026-08-25T18:57:38.4320000Z,6a8de5a1485cab4c953c2b6e,wenyi082526-1.stratalog.logdata.json
DialogueNodeEvent:98:63,dialogue,1,DialogueEvent,Unit 5 Dev,2026-08-25T18:56:12.1390000Z,2026-08-25T18:56:12.1390000Z,6a8de54b485cab4c953c2afa,wenyi082526-1.stratalog.logdata.json
DialogueNodeEvent:98:64,dialogue,1,DialogueEvent,Unit 5 Dev,2026-08-25T18:57:38.8140000Z,2026-08-25T18:57:38.8140000Z,6a8de5a1485cab4c953c2b70,wenyi082526-1.stratalog.logdata.json
DialogueNodeEvent:99:1,dialogue,1,DialogueEvent,Unit 5 Dev,2026-08-25T18:58:26.0780000Z,2026-08-25T18:58:26.0780000Z,6a8de5d1485cab4c953c2bc4,wenyi082526-1.stratalog.logdata.json
DialogueNodeEvent:99:13,dialogue,1,DialogueEvent,Unit 5 Dev,2026-08-25T18:59:25.0300000Z,2026-08-25T18:59:25.0300000Z,6a8de60c485cab4c953c2bee,wenyi082526-1.stratalog.logdata.json
DialogueNodeEvent:99:17,dialogue,1,DialogueEvent,Unit 5 Dev,2026-08-25T18:59:25.6490000Z,2026-08-25T18:59:25.6490000Z,6a8de60c485cab4c953c2bf0,wenyi082526-1.stratalog.logdata.json
DialogueNodeEvent:99:18,dialogue,1,DialogueEvent,Unit 5 Dev,2026-08-25T18:59:29.2330000Z,2026-08-25T18:59:29.2330000Z,6a8de610485cab4c953c2bfa,wenyi082526-1.stratalog.logdata.json
DialogueNodeEvent:99:19,dialogue,1,DialogueEvent,Unit 5 Dev,2026-08-25T18:59:30.7160000Z,2026-08-25T18:59:30.7160000Z,6a8de611485cab4c953c2bfe,wenyi082526-1.stratalog.logdata.json
DialogueNodeEvent:99:2,dialogue,2,DialogueEvent,Unit 5 Dev,2026-08-25T18:59:08.7240000Z,2026-08-25T18:59:08.7280000Z,6a8de5fb485cab4c953c2bd6,wenyi082526-1.stratalog.logdata.json
DialogueNodeEvent:99:20,dialogue,1,DialogueEvent,Unit 5 Dev,2026-08-25T18:59:31.1500000Z,2026-08-25T18:59:31.1500000Z,6a8de612485cab4c953c2c02,wenyi082526-1.stratalog.logdata.json
DialogueNodeEvent:99:21,dialogue,1,DialogueEvent,Unit 5 Dev,2026-08-25T18:59:31.6510000Z,2026-08-25T18:59:31.6510000Z,6a8de612485cab4c953c2c04,wenyi082526-1.stratalog.logdata.json
DialogueNodeEvent:99:22,dialogue,1,DialogueEvent,Unit 5 Dev,2026-08-25T18:59:35.5880000Z,2026-08-25T18:59:35.5880000Z,6a8de616485cab4c953c2c0c,wenyi082526-1.stratalog.logdata.json
DialogueNodeEvent:99:23,dialogue,1,DialogueEvent,Unit 5 Dev,2026-08-25T18:59:37.0190000Z,2026-08-25T18:59:37.0190000Z,6a8de618485cab4c953c2c10,wenyi082526-1.stratalog.logdata.json
DialogueNodeEvent:99:24,dialogue,1,DialogueEvent,Unit 5 Dev,2026-08-25T18:59:37.4360000Z,2026-08-25T18:59:37.4360000Z,6a8de618485cab4c953c2c12,wenyi082526-1.stratalog.logdata.json
DialogueNodeEvent:99:25,dialogue,2,DialogueEvent,Unit 5 Dev,2026-08-25T18:59:37.8700000Z,2026-08-25T18:59:41.7050000Z,6a8de618485cab4c953c2c14,wenyi082526-1.stratalog.logdata.json
DialogueNodeEvent:99:26,dialogue,1,DialogueEvent,Unit 5 Dev,2026-08-25T18:59:40.1710000Z,2026-08-25T18:59:40.1710000Z,6a8de61b485cab4c953c2c16,wenyi082526-1.stratalog.logdata.json
DialogueNodeEvent:99:28,dialogue,1,DialogueEvent,Unit 5 Dev,2026-08-25T18:59:44.7230000Z,2026-08-25T18:59:44.7230000Z,6a8de61f485cab4c953c2c20,wenyi082526-1.stratalog.logdata.json
DialogueNodeEvent:99:29,dialogue,1,DialogueEvent,Unit 5 Dev,2026-08-25T18:59:40.9550000Z,2026-08-25T18:59:40.9550000Z,6a8de61b485cab4c953c2c18,wenyi082526-1.stratalog.logdata.json
DialogueNodeEvent:99:3,dialogue,1,DialogueEvent,Unit 5 Dev,2026-08-25T18:59:12.2070000Z,2026-08-25T18:59:12.2070000Z,6a8de5ff485cab4c953c2be2,wenyi082526-1.stratalog.logdata.json
DialogueNodeEvent:99:31,dialogue,1,DialogueEvent,Unit 5 Dev,2026-08-25T18:59:41.3220000Z,2026-08-25T18:59:41.3220000Z,6a8de61c485cab4c953c2c1c,wenyi082526-1.stratalog.logdata.json
DialogueNodeEvent:99:33,dialogue,1,DialogueEvent,Unit 5 Dev,2026-08-25T18:59:45.3910000Z,2026-08-25T18:59:45.3910000Z,6a8de620485cab4c953c2c22,wenyi082526-1.stratalog.logdata.json
DialogueNodeEvent:99:34,dialogue,1,DialogueEvent,Unit 5 Dev,2026-08-25T19:03:48.4900000Z,2026-08-25T19:03:48.4900000Z,6a8de713485cab4c953c2c54,wenyi082526-1.stratalog.logdata.json
DialogueNodeEvent:99:5,dialogue,1,DialogueEvent,Unit 5 Dev,2026-08-25T18:59:12.9580000Z,2026-08-25T18:59:12.9580000Z,6a8de5ff485cab4c953c2be4,wenyi082526-1.stratalog.logdata.json
DialogueNodeEvent:99:53,dialogue,1,DialogueEvent,Unit 5 Dev,2026-08-25T19:05:08.8630000Z,2026-08-25T19:05:08.8630000Z,6a8de764485cab4c953c2ccc,wenyi082526-1.stratalog.logdata.json
DialogueNodeEvent:99:54,dialogue,1,DialogueEvent,Unit 5 Dev,2026-08-25T19:05:34.6240000Z,2026-08-25T19:05:34.6240000Z,6a8de77d485cab4c953c2cd6,wenyi082526-1.stratalog.logdata.json
DialogueNodeEvent:99:56,dialogue,1,DialogueEvent,Unit 5 Dev,2026-08-25T19:05:35.5070000Z,2026-08-25T19:05:35.5070000Z,6a8de77e485cab4c953c2cd8,wenyi082526-1.stratalog.logdata.json
DialogueNodeEvent:99:58,dialogue,1,DialogueEvent,Unit 5 Dev,2026-08-25T19:05:35.8740000Z,2026-08-25T19:05:35.8740000Z,6a8de77e485cab4c953c2cda,wenyi082526-1.stratalog.logdata.json
DialogueNodeEvent:99:61,dialogue,1,DialogueEvent,Unit 5 Dev,2026-08-25T19:05:37.3750000Z,2026-08-25T19:05:37.3750000Z,6a8de780485cab4c953c2cdc,wenyi082526-1.stratalog.logdata.json
DialogueNodeEvent:99:64,dialogue,1,DialogueEvent,Unit 5 Dev,2026-08-25T19:05:38.2750000Z,2026-08-25T19:05:38.2750000Z,6a8de781485cab4c953c2cde,wenyi082526-1.stratalog.logdata.json
DialogueNodeEvent:99:65,dialogue,1,DialogueEvent,Unit 5 Dev,2026-08-25T19:05:38.6420000Z,2026-08-25T19:05:38.6420000Z,6a8de781485cab4c953c2ce0,wenyi082526-1.stratalog.logdata.json
DialogueNodeEvent:99:66,dialogue,1,DialogueEvent,Unit 5 Dev,2026-08-25T19:05:39.1090000Z,2026-08-25T19:05:39.1090000Z,6a8de782485cab4c953c2ce2,wenyi082526-1.stratalog.logdata.json
DialogueNodeEvent:99:67,dialogue,1,DialogueEvent,Unit 5 Dev,2026-08-25T19:05:39.5930000Z,2026-08-25T19:05:39.5930000Z,6a8de782485cab4c953c2ce4,wenyi082526-1.stratalog.logdata.json
DialogueNodeEvent:99:69,dialogue,1,DialogueEvent,Unit 5 Dev,2026-08-25T19:05:40.1430000Z,2026-08-25T19:05:40.1430000Z,6a8de783485cab4c953c2ce6,wenyi082526-1.stratalog.logdata.json
DialogueNodeEvent:99:7,dialogue,1,DialogueEvent,Unit 5 Dev,2026-08-25T18:59:13.3580000Z,2026-08-25T18:59:13.3580000Z,6a8de600485cab4c953c2be6,wenyi082526-1.stratalog.logdata.json
DialogueNodeEvent:99:72,dialogue,1,DialogueEvent,Unit 5 Dev,2026-08-25T19:05:40.6600000Z,2026-08-25T19:05:40.6600000Z,6a8de783485cab4c953c2ce8,wenyi082526-1.stratalog.logdata.json
DialogueNodeEvent:99:73,dialogue,1,DialogueEvent,Unit 5 Dev,2026-08-25T19:05:41.0980000Z,2026-08-25T19:05:41.0980000Z,6a8de784485cab4c953c2cec,wenyi082526-1.stratalog.logdata.json
DialogueNodeEvent:99:8,dialogue,1,DialogueEvent,Unit 5 Dev,2026-08-25T18:59:15.7590000Z,2026-08-25T18:59:15.7590000Z,6a8de602485cab4c953c2be8,wenyi082526-1.stratalog.logdata.json
DialogueNodeEvent:99:9,dialogue,1,DialogueEvent,Unit 5 Dev,2026-08-25T18:59:16.3430000Z,2026-08-25T18:59:16.3430000Z,6a8de603485cab4c953c2bea,wenyi082526-1.stratalog.logdata.json
questActiveEvent:16,quest,1,questEvent,Unit 3 Dev,2026-08-25T17:48:06.9040000Z,2026-08-25T17:48:06.9040000Z,6a8dd555485cab4c953c0c54,wenyi082526-1.stratalog.logdata.json
questActiveEvent:17,quest,1,questEvent,Unit 3 Dev,2026-08-25T17:52:14.2060000Z,2026-08-25T17:52:14.2060000Z,6a8dd64d485cab4c953c0d72,wenyi082526-1.stratalog.logdata.json
questActiveEvent:18,quest,2,questEvent,Unit 3 Dev;Unit 3 Dungeon Dev,2026-08-25T17:56:13.1190000Z,2026-08-25T17:58:37.4880000Z,6a8dd73c485cab4c953c0fc6,wenyi082526-1.stratalog.logdata.json
questActiveEvent:19,quest,1,questEvent,Unit 3 Dev,2026-08-25T18:08:07.5270000Z,2026-08-25T18:08:07.5270000Z,6a8dda06485cab4c953c160a,wenyi082526-1.stratalog.logdata.json
questActiveEvent:21,quest,1,questEvent,Unit 2 Prod (Refactor),2026-08-25T17:07:30.6730000Z,2026-08-25T17:07:30.6730000Z,6a8dcbd1485cab4c953bf86e,wenyi082526-1.stratalog.logdata.json
questActiveEvent:22,quest,1,questEvent,Unit 2 Prod (Refactor),2026-08-25T17:13:41.3010000Z,2026-08-25T17:13:41.3010000Z,6a8dcd44485cab4c953bff7e,wenyi082526-1.stratalog.logdata.json
questActiveEvent:23,quest,1,questEvent,Unit 2 Prod (Refactor),2026-08-25T17:12:33.6190000Z,2026-08-25T17:12:33.6190000Z,6a8dcd00485cab4c953bff28,wenyi082526-1.stratalog.logdata.json
questActiveEvent:24,quest,1,questEvent,Unit 2 Prod (Refactor),2026-08-25T17:20:51.8730000Z,2026-08-25T17:20:51.8730000Z,6a8dcef2485cab4c953c00de,wenyi082526-1.stratalog.logdata.json
questActiveEvent:25,quest,1,questEvent,Unit 2 Prod (Refactor),2026-08-25T17:27:41.7860000Z,2026-08-25T17:27:41.7860000Z,6a8dd08c485cab4c953c053c,wenyi082526-1.stratalog.logdata.json
questActiveEvent:28,quest,1,questEvent,Unit 1 Dev,2026-08-25T16:50:02.0230000Z,2026-08-25T16:50:02.0230000Z,6a8dc7b9485cab4c953bf277,wenyi082526-1.stratalog.logdata.json
questActiveEvent:29,quest,1,questEvent,Unit 1 Dev,2026-08-25T16:52:21.3220000Z,2026-08-25T16:52:21.3220000Z,6a8dc844485cab4c953bf306,wenyi082526-1.stratalog.logdata.json
questActiveEvent:31,quest,1,questEvent,Unit 1 Dev,2026-08-25T16:53:58.7210000Z,2026-08-25T16:53:58.7210000Z,6a8dc8a5485cab4c953bf3f8,wenyi082526-1.stratalog.logdata.json
questActiveEvent:32,quest,1,questEvent,Unit 1 Dev,2026-08-25T16:56:41.6150000Z,2026-08-25T16:56:41.6150000Z,6a8dc948485cab4c953bf456,wenyi082526-1.stratalog.logdata.json
questActiveEvent:33,quest,1,questEvent,Unit 1 Dev,2026-08-25T17:01:24.3020000Z,2026-08-25T17:01:24.3020000Z,6a8dca63485cab4c953bf6fc,wenyi082526-1.stratalog.logdata.json
questActiveEvent:34,quest,1,questEvent,Unit 1 Dev,2026-08-25T17:02:27.0780000Z,2026-08-25T17:02:27.0780000Z,6a8dcaa2485cab4c953bf79a,wenyi082526-1.stratalog.logdata.json
questActiveEvent:36,quest,2,questEvent,Unit 4 Dev;Unit 4 Dev - Anderson Base,2026-08-25T18:26:02.1070000Z,2026-08-25T18:28:14.0860000Z,6a8dde39485cab4c953c1de6,wenyi082526-1.stratalog.logdata.json
questActiveEvent:39,quest,1,questEvent,Unit 4 Dev,2026-08-25T18:16:16.0450000Z,2026-08-25T18:16:16.0450000Z,6a8ddbef485cab4c953c1784,wenyi082526-1.stratalog.logdata.json
questActiveEvent:40,quest,1,questEvent,Unit 4 Dev,2026-08-25T18:25:18.1690000Z,2026-08-25T18:25:18.1690000Z,6a8dde0d485cab4c953c1d34,wenyi082526-1.stratalog.logdata.json
questActiveEvent:41,quest,1,questEvent,Unit 4 Dev,2026-08-25T18:38:28.0640000Z,2026-08-25T18:38:28.0640000Z,6a8de123485cab4c953c20da,wenyi082526-1.stratalog.logdata.json
questActiveEvent:43,quest,1,questEvent,Unit 5 Dev - Dungeon,2026-08-25T18:44:28.6410000Z,2026-08-25T18:44:28.6410000Z,6a8de28b485cab4c953c2394,wenyi082526-1.stratalog.logdata.json
questActiveEvent:44,quest,1,questEvent,Unit 5 Dev,2026-08-25T18:54:50.3160000Z,2026-08-25T18:54:50.3160000Z,6a8de4f9485cab4c953c2a5e,wenyi082526-1.stratalog.logdata.json
questActiveEvent:45,quest,2,questEvent,Unit 5 Dev,2026-08-25T18:58:26.0700000Z,2026-08-25T18:58:26.0710000Z,6a8de5d1485cab4c953c2bc0,wenyi082526-1.stratalog.logdata.json
questActiveEvent:46,quest,1,questEvent,Unit 4 Dev - Dungeon,2026-08-25T18:19:28.2370000Z,2026-08-25T18:19:28.2370000Z,6a8ddcaf485cab4c953c18ba,wenyi082526-1.stratalog.logdata.json
questActiveEvent:47,quest,1,questEvent,Unit 4 Dev - Dungeon,2026-08-25T18:20:27.7490000Z,2026-08-25T18:20:27.7490000Z,6a8ddcea485cab4c953c1982,wenyi082526-1.stratalog.logdata.json
questActiveEvent:48,quest,1,questEvent,Unit 4 Dev - Dungeon,2026-08-25T18:21:31.7130000Z,2026-08-25T18:21:31.7130000Z,6a8ddd2a485cab4c953c1a52,wenyi082526-1.stratalog.logdata.json
questActiveEvent:49,quest,1,questEvent,Unit 4 Dev - Dungeon,2026-08-25T18:22:45.0480000Z,2026-08-25T18:22:45.0480000Z,6a8ddd74485cab4c953c1b3e,wenyi082526-1.stratalog.logdata.json
questActiveEvent:50,quest,1,questEvent,Unit 4 Dev - Dungeon,2026-08-25T18:23:57.3660000Z,2026-08-25T18:23:57.3660000Z,6a8dddbc485cab4c953c1c2a,wenyi082526-1.stratalog.logdata.json
questActiveEvent:51,quest,1,questEvent,Unit 5 Dev - Dungeon,2026-08-25T18:48:23.9850000Z,2026-08-25T18:48:23.9850000Z,6a8de377485cab4c953c2720,wenyi082526-1.stratalog.logdata.json
questActiveEvent:52,quest,1,questEvent,Unit 5 Dev - Dungeon,2026-08-25T18:49:39.6540000Z,2026-08-25T18:49:39.6540000Z,6a8de3c2485cab4c953c282e,wenyi082526-1.stratalog.logdata.json
questActiveEvent:53,quest,1,questEvent,Unit 5 Dev - Dungeon,2026-08-25T18:51:51.9680000Z,2026-08-25T18:51:51.9680000Z,6a8de447485cab4c953c2956,wenyi082526-1.stratalog.logdata.json
questActiveEvent:54,quest,1,questEvent,Unit 2 Prod (Refactor),2026-08-25T17:35:27.5410000Z,2026-08-25T17:35:27.5410000Z,6a8dd25e485cab4c953c0a70,wenyi082526-1.stratalog.logdata.json
questActiveEvent:55,quest,1,questEvent,Unit 3 Dev,2026-08-25T18:10:55.1750000Z,2026-08-25T18:10:55.1750000Z,6a8ddaae485cab4c953c16e2,wenyi082526-1.stratalog.logdata.json
questActiveEvent:56,quest,1,questEvent,Unit 4 Dev,2026-08-25T18:41:05.5250000Z,2026-08-25T18:41:05.5250000Z,6a8de1c0485cab4c953c22b2,wenyi082526-1.stratalog.logdata.json
questActiveEvent:57,quest,1,questEvent,Unit 5 Dev,2026-08-25T19:05:41.0940000Z,2026-08-25T19:05:41.0940000Z,6a8de784485cab4c953c2cea,wenyi082526-1.stratalog.logdata.json
questFinishEvent:16,quest,1,questEvent,Unit 3 Dev,2026-08-25T17:52:05.9180000Z,2026-08-25T17:52:05.9180000Z,6a8dd644485cab4c953c0d60,wenyi082526-1.stratalog.logdata.json
questFinishEvent:17,quest,1,questEvent,Unit 3 Dev,2026-08-25T17:55:07.7380000Z,2026-08-25T17:55:07.7380000Z,6a8dd6fa485cab4c953c0f78,wenyi082526-1.stratalog.logdata.json
questFinishEvent:18,quest,1,questEvent,Unit 3 Dungeon Dev,2026-08-25T18:06:14.2910000Z,2026-08-25T18:06:14.2910000Z,6a8dd995485cab4c953c1544,wenyi082526-1.stratalog.logdata.json
questFinishEvent:19,quest,1,questEvent,Unit 3 Dev,2026-08-25T18:10:39.7040000Z,2026-08-25T18:10:39.7040000Z,6a8dda9e485cab4c953c16c2,wenyi082526-1.stratalog.logdata.json
questFinishEvent:21,quest,1,questEvent,Unit 2 Prod (Refactor),2026-08-25T17:11:26.8700000Z,2026-08-25T17:11:26.8700000Z,6a8dccbd485cab4c953bfed0,wenyi082526-1.stratalog.logdata.json
questFinishEvent:22,quest,1,questEvent,Unit 2 Prod (Refactor),2026-08-25T17:24:42.2670000Z,2026-08-25T17:24:42.2670000Z,6a8dcfd9485cab4c953c04a6,wenyi082526-1.stratalog.logdata.json
questFinishEvent:23,quest,1,questEvent,Unit 2 Prod (Refactor),2026-08-25T17:13:39.4170000Z,2026-08-25T17:13:39.4170000Z,6a8dcd42485cab4c953bff78,wenyi082526-1.stratalog.logdata.json
questFinishEvent:24,quest,1,questEvent,Unit 2 Prod (Refactor),2026-08-25T17:23:48.7910000Z,2026-08-25T17:23:48.7910000Z,6a8dcfa3485cab4c953c0444,wenyi082526-1.stratalog.logdata.json
questFinishEvent:25,quest,1,questEvent,Unit 2 Prod (Refactor),2026-08-25T17:35:21.4720000Z,2026-08-25T17:35:21.4720000Z,6a8dd258485cab4c953c0a4a,wenyi082526-1.stratalog.logdata.json
questFinishEvent:28,quest,1,questEvent,Unit 1 Dev,2026-08-25T16:52:14.0860000Z,2026-08-25T16:52:14.0860000Z,6a8dc83d485cab4c953bf2fe,wenyi082526-1.stratalog.logdata.json
questFinishEvent:29,quest,1,questEvent,Unit 1 Dev,2026-08-25T16:53:58.7190000Z,2026-08-25T16:53:58.7190000Z,6a8dc8a5485cab4c953bf3f6,wenyi082526-1.stratalog.logdata.json
questFinishEvent:31,quest,1,questEvent,Unit 1 Dev,2026-08-25T16:56:41.6130000Z,2026-08-25T16:56:41.6130000Z,6a8dc948485cab4c953bf454,wenyi082526-1.stratalog.logdata.json
questFinishEvent:32,quest,1,questEvent,Unit 1 Dev,2026-08-25T17:01:24.3020000Z,2026-08-25T17:01:24.3020000Z,6a8dca63485cab4c953bf6fa,wenyi082526-1.stratalog.logdata.json
questFinishEvent:33,quest,1,questEvent,Unit 1 Dev,2026-08-25T17:02:21.6420000Z,2026-08-25T17:02:21.6420000Z,6a8dca9c485cab4c953bf790,wenyi082526-1.stratalog.logdata.json
questFinishEvent:34,quest,1,questEvent,Unit 1 Dev,2026-08-25T17:04:14.6970000Z,2026-08-25T17:04:14.6970000Z,6a8dcb0d485cab4c953bf808,wenyi082526-1.stratalog.logdata.json
questFinishEvent:36,quest,1,questEvent,Unit 4 Dev - Anderson Base,2026-08-25T18:31:21.3270000Z,2026-08-25T18:31:21.3270000Z,6a8ddf78485cab4c953c2012,wenyi082526-1.stratalog.logdata.json
questFinishEvent:40,quest,1,questEvent,Unit 4 Dev,2026-08-25T18:25:56.0380000Z,2026-08-25T18:25:56.0380000Z,6a8dde33485cab4c953c1dd6,wenyi082526-1.stratalog.logdata.json
questFinishEvent:41,quest,1,questEvent,Unit 4 Dev,2026-08-25T18:41:05.5220000Z,2026-08-25T18:41:05.5220000Z,6a8de1c0485cab4c953c22b0,wenyi082526-1.stratalog.logdata.json
questFinishEvent:43,quest,1,questEvent,Unit 5 Dev - Dungeon,2026-08-25T18:48:23.9840000Z,2026-08-25T18:48:23.9840000Z,6a8de377485cab4c953c271e,wenyi082526-1.stratalog.logdata.json
questFinishEvent:44,quest,1,questEvent,Unit 5 Dev,2026-08-25T18:57:38.4310000Z,2026-08-25T18:57:38.4310000Z,6a8de5a1485cab4c953c2b6c,wenyi082526-1.stratalog.logdata.json
questFinishEvent:45,quest,2,questEvent,Unit 5 Dev,2026-08-25T19:05:08.8610000Z,2026-08-25T19:05:08.8620000Z,6a8de763485cab4c953c2cc6,wenyi082526-1.stratalog.logdata.json
questFinishEvent:46,quest,1,questEvent,Unit 4 Dev - Dungeon,2026-08-25T18:20:27.7480000Z,2026-08-25T18:20:27.7480000Z,6a8ddcea485cab4c953c1980,wenyi082526-1.stratalog.logdata.json
questFinishEvent:47,quest,1,questEvent,Unit 4 Dev - Dungeon,2026-08-25T18:21:31.7120000Z,2026-08-25T18:21:31.7120000Z,6a8ddd2a485cab4c953c1a50,wenyi082526-1.stratalog.logdata.json
questFinishEvent:48,quest,1,questEvent,Unit 4 Dev - Dungeon,2026-08-25T18:22:45.0470000Z,2026-08-25T18:22:45.0470000Z,6a8ddd74485cab4c953c1b3c,wenyi082526-1.stratalog.logdata.json
questFinishEvent:49,quest,1,questEvent,Unit 4 Dev - Dungeon,2026-08-25T18:23:57.3650000Z,2026-08-25T18:23:57.3650000Z,6a8dddbc485cab4c953c1c28,wenyi082526-1.stratalog.logdata.json
questFinishEvent:51,quest,1,questEvent,Unit 5 Dev - Dungeon,2026-08-25T18:49:39.6530000Z,2026-08-25T18:49:39.6530000Z,6a8de3c2485cab4c953c282c,wenyi082526-1.stratalog.logdata.json
questFinishEvent:52,quest,1,questEvent,Unit 5 Dev - Dungeon,2026-08-25T18:51:51.9660000Z,2026-08-25T18:51:51.9660000Z,6a8de446485cab4c953c2954,wenyi082526-1.stratalog.logdata.json
questFinishEvent:54,quest,1,questEvent,Unit 2 Prod (Refactor),2026-08-25T17:36:05.4930000Z,2026-08-25T17:36:05.4930000Z,6a8dd284485cab4c953c0adc,wenyi082526-1.stratalog.logdata.json
questFinishEvent:55,quest,1,questEvent,Unit 3 Dev,2026-08-25T18:11:54.9360000Z,2026-08-25T18:11:54.9360000Z,6a8ddae9485cab4c953c173e,wenyi082526-1.stratalog.logdata.json
questFinishEvent:56,quest,1,questEvent,Unit 4 Dev,2026-08-25T18:44:16.2140000Z,2026-08-25T18:44:16.2140000Z,6a8de27f485cab4c953c2380,wenyi082526-1.stratalog.logdata.json
