eventKey,kind,count,eventTypes,scenes,first_ts,last_ts,example_id,example_src
DialogueNodeEvent:100:0,dialogue,5,DialogueEvent,Unit 5 Dev - Dungeon,2026-09-05T23:41:31.7460000Z,2026-09-05T23:43:04.2900000Z,6a9ca8ab485cab4c954047bc,wenyi090326-3.stratalog.logdata.json
DialogueNodeEvent:100:34,dialogue,1,DialogueEvent,Unit 5 Dev - Dungeon,2026-09-05T23:41:31.7790000Z,2026-09-05T23:41:31.7790000Z,6a9ca8ab485cab4c954047c0,wenyi090326-3.stratalog.logdata.json
DialogueNodeEvent:100:35,dialogue,1,DialogueEvent,Unit 5 Dev - Dungeon,2026-09-05T23:41:56.4900000Z,2026-09-05T23:41:56.4900000Z,6a9ca8c4485cab4c9540488a,wenyi090326-3.stratalog.logdata.json
DialogueNodeEvent:100:37,dialogue,1,DialogueEvent,Unit 5 Dev - Dungeon,2026-09-05T23:42:18.8340000Z,2026-09-05T23:42:18.8340000Z,6a9ca8da485cab4c95404958,wenyi090326-3.stratalog.logdata.json
DialogueNodeEvent:100:39,dialogue,1,DialogueEvent,Unit 5 Dev - Dungeon,2026-09-05T23:42:39.9110000Z,2026-09-05T23:42:39.9110000Z,6a9ca8ef485cab4c95404a40,wenyi090326-3.stratalog.logdata.json
DialogueNodeEvent:100:40,dialogue,1,DialogueEvent,Unit 5 Dev - Dungeon,2026-09-05T23:42:43.5450000Z,2026-09-05T23:42:43.5450000Z,6a9ca8f3485cab4c95404a4a,wenyi090326-3.stratalog.logdata.json
DialogueNodeEvent:100:41,dialogue,1,DialogueEvent,Unit 5 Dev - Dungeon,2026-09-05T23:42:44.2790000Z,2026-09-05T23:42:44.2790000Z,6a9ca8f4485cab4c95404a4c,wenyi090326-3.stratalog.logdata.json
DialogueNodeEvent:100:43,dialogue,1,DialogueEvent,Unit 5 Dev - Dungeon,2026-09-05T23:43:04.3210000Z,2026-09-05T23:43:04.3210000Z,6a9ca908485cab4c95404ae4,wenyi090326-3.stratalog.logdata.json
DialogueNodeEvent:100:44,dialogue,1,DialogueEvent,Unit 5 Dev - Dungeon,2026-09-05T23:43:23.7660000Z,2026-09-05T23:43:23.7660000Z,6a9ca91b485cab4c95404b80,wenyi090326-3.stratalog.logdata.json
DialogueNodeEvent:100:46,dialogue,2,DialogueEvent,Unit 5 Dev - Dungeon,2026-09-05T23:42:44.7470000Z,2026-09-05T23:43:06.8570000Z,6a9ca8f4485cab4c95404a4e,wenyi090326-3.stratalog.logdata.json
DialogueNodeEvent:101:0,dialogue,3,DialogueEvent,Unit 4 Dev - Anderson Base;Unit 3 Dev,2026-09-05T22:30:50.2630000Z,2026-09-05T23:28:31.9950000Z,6a9c981a485cab4c95402600,wenyi090326-3.stratalog.logdata.json
DialogueNodeEvent:101:1,dialogue,3,DialogueEvent,Unit 4 Dev - Anderson Base;Unit 3 Dev,2026-09-05T22:30:50.2970000Z,2026-09-05T23:28:32.0280000Z,6a9c981a485cab4c95402604,wenyi090326-3.stratalog.logdata.json
DialogueNodeEvent:102:0,dialogue,5,DialogueEvent,Unit 4 Dev,2026-09-05T22:59:59.0470000Z,2026-09-05T23:01:31.1900000Z,6a9c9eee485cab4c95403104,wenyi090326-3.stratalog.logdata.json
DialogueNodeEvent:102:10,dialogue,1,DialogueEvent,Unit 4 Dev,2026-09-05T23:00:54.0040000Z,2026-09-05T23:00:54.0040000Z,6a9c9f25485cab4c95403404,wenyi090326-3.stratalog.logdata.json
DialogueNodeEvent:102:12,dialogue,1,DialogueEvent,Unit 4 Dev,2026-09-05T23:01:17.6490000Z,2026-09-05T23:01:17.6490000Z,6a9c9f3d485cab4c95403554,wenyi090326-3.stratalog.logdata.json
DialogueNodeEvent:102:14,dialogue,1,DialogueEvent,Unit 4 Dev,2026-09-05T23:00:05.7210000Z,2026-09-05T23:00:05.7210000Z,6a9c9ef8485cab4c9540315c,wenyi090326-3.stratalog.logdata.json
DialogueNodeEvent:102:15,dialogue,1,DialogueEvent,Unit 4 Dev,2026-09-05T23:00:35.7300000Z,2026-09-05T23:00:35.7300000Z,6a9c9f13485cab4c954032e0,wenyi090326-3.stratalog.logdata.json
DialogueNodeEvent:102:16,dialogue,1,DialogueEvent,Unit 4 Dev,2026-09-05T23:00:05.7170000Z,2026-09-05T23:00:05.7170000Z,6a9c9ef7485cab4c95403156,wenyi090326-3.stratalog.logdata.json
DialogueNodeEvent:102:23,dialogue,1,DialogueEvent,Unit 4 Dev,2026-09-05T23:01:31.2230000Z,2026-09-05T23:01:31.2230000Z,6a9c9f4b485cab4c95403612,wenyi090326-3.stratalog.logdata.json
DialogueNodeEvent:102:3,dialogue,1,DialogueEvent,Unit 4 Dev,2026-09-05T22:59:59.0800000Z,2026-09-05T22:59:59.0800000Z,6a9c9eee485cab4c95403108,wenyi090326-3.stratalog.logdata.json
DialogueNodeEvent:102:7,dialogue,1,DialogueEvent,Unit 4 Dev,2026-09-05T23:00:27.4590000Z,2026-09-05T23:00:27.4590000Z,6a9c9f0b485cab4c95403296,wenyi090326-3.stratalog.logdata.json
DialogueNodeEvent:103:0,dialogue,4,DialogueEvent,Unit 2 Prod (Refactor),2026-09-05T22:13:50.1240000Z,2026-09-05T22:14:13.6690000Z,6a9c941d485cab4c95401d30,wenyi090326-3.stratalog.logdata.json
DialogueNodeEvent:103:1,dialogue,1,DialogueEvent,Unit 2 Prod (Refactor),2026-09-05T22:13:50.1270000Z,2026-09-05T22:13:50.1270000Z,6a9c941e485cab4c95401d34,wenyi090326-3.stratalog.logdata.json
DialogueNodeEvent:103:12,dialogue,1,DialogueEvent,Unit 2 Prod (Refactor),2026-09-05T22:14:04.5640000Z,2026-09-05T22:14:04.5640000Z,6a9c942c485cab4c95401d50,wenyi090326-3.stratalog.logdata.json
DialogueNodeEvent:103:15,dialogue,1,DialogueEvent,Unit 2 Prod (Refactor),2026-09-05T22:14:05.2640000Z,2026-09-05T22:14:05.2640000Z,6a9c942d485cab4c95401d52,wenyi090326-3.stratalog.logdata.json
DialogueNodeEvent:103:16,dialogue,1,DialogueEvent,Unit 2 Prod (Refactor),2026-09-05T22:14:05.5670000Z,2026-09-05T22:14:05.5670000Z,6a9c942d485cab4c95401d54,wenyi090326-3.stratalog.logdata.json
DialogueNodeEvent:103:17,dialogue,1,DialogueEvent,Unit 2 Prod (Refactor),2026-09-05T22:14:08.0360000Z,2026-09-05T22:14:08.0360000Z,6a9c942f485cab4c95401d64,wenyi090326-3.stratalog.logdata.json
DialogueNodeEvent:103:19,dialogue,1,DialogueEvent,Unit 2 Prod (Refactor),2026-09-05T22:14:11.0670000Z,2026-09-05T22:14:11.0670000Z,6a9c9432485cab4c95401d68,wenyi090326-3.stratalog.logdata.json
DialogueNodeEvent:103:2,dialogue,1,DialogueEvent,Unit 2 Prod (Refactor),2026-09-05T22:13:52.2580000Z,2026-09-05T22:13:52.2580000Z,6a9c9420485cab4c95401d36,wenyi090326-3.stratalog.logdata.json
DialogueNodeEvent:103:22,dialogue,1,DialogueEvent,Unit 2 Prod (Refactor),2026-09-05T22:14:11.6680000Z,2026-09-05T22:14:11.6680000Z,6a9c9433485cab4c95401d6a,wenyi090326-3.stratalog.logdata.json
DialogueNodeEvent:103:24,dialogue,1,DialogueEvent,Unit 2 Prod (Refactor),2026-09-05T22:14:11.9350000Z,2026-09-05T22:14:11.9350000Z,6a9c9433485cab4c95401d6c,wenyi090326-3.stratalog.logdata.json
DialogueNodeEvent:103:25,dialogue,1,DialogueEvent,Unit 2 Prod (Refactor),2026-09-05T22:14:13.6720000Z,2026-09-05T22:14:13.6720000Z,6a9c9435485cab4c95401d7a,wenyi090326-3.stratalog.logdata.json
DialogueNodeEvent:103:26,dialogue,1,DialogueEvent,Unit 2 Prod (Refactor),2026-09-05T22:14:14.8020000Z,2026-09-05T22:14:14.8020000Z,6a9c9436485cab4c95401d7c,wenyi090326-3.stratalog.logdata.json
DialogueNodeEvent:103:27,dialogue,1,DialogueEvent,Unit 2 Prod (Refactor),2026-09-05T22:14:15.1690000Z,2026-09-05T22:14:15.1690000Z,6a9c9436485cab4c95401d7e,wenyi090326-3.stratalog.logdata.json
DialogueNodeEvent:103:28,dialogue,1,DialogueEvent,Unit 2 Prod (Refactor),2026-09-05T22:14:17.7460000Z,2026-09-05T22:14:17.7460000Z,6a9c9439485cab4c95401d82,wenyi090326-3.stratalog.logdata.json
DialogueNodeEvent:103:31,dialogue,1,DialogueEvent,Unit 2 Prod (Refactor),2026-09-05T22:14:18.6400000Z,2026-09-05T22:14:18.6400000Z,6a9c943a485cab4c95401d88,wenyi090326-3.stratalog.logdata.json
DialogueNodeEvent:103:32,dialogue,1,DialogueEvent,Unit 2 Prod (Refactor),2026-09-05T22:14:18.3370000Z,2026-09-05T22:14:18.3370000Z,6a9c943a485cab4c95401d84,wenyi090326-3.stratalog.logdata.json
DialogueNodeEvent:103:4,dialogue,1,DialogueEvent,Unit 2 Prod (Refactor),2026-09-05T22:13:52.9920000Z,2026-09-05T22:13:52.9920000Z,6a9c9420485cab4c95401d38,wenyi090326-3.stratalog.logdata.json
DialogueNodeEvent:103:5,dialogue,1,DialogueEvent,Unit 2 Prod (Refactor),2026-09-05T22:13:54.7930000Z,2026-09-05T22:13:54.7930000Z,6a9c9422485cab4c95401d3a,wenyi090326-3.stratalog.logdata.json
DialogueNodeEvent:103:7,dialogue,1,DialogueEvent,Unit 2 Prod (Refactor),2026-09-05T22:13:55.4940000Z,2026-09-05T22:13:55.4940000Z,6a9c9423485cab4c95401d3c,wenyi090326-3.stratalog.logdata.json
DialogueNodeEvent:103:8,dialogue,1,DialogueEvent,Unit 2 Prod (Refactor),2026-09-05T22:13:58.2980000Z,2026-09-05T22:13:58.2980000Z,6a9c9426485cab4c95401d4a,wenyi090326-3.stratalog.logdata.json
DialogueNodeEvent:103:9,dialogue,1,DialogueEvent,Unit 2 Prod (Refactor),2026-09-05T22:14:00.2620000Z,2026-09-05T22:14:00.2620000Z,6a9c9428485cab4c95401d4e,wenyi090326-3.stratalog.logdata.json
DialogueNodeEvent:104:1,dialogue,1,DialogueEvent,Unit 3 Dev,2026-09-05T22:50:34.6710000Z,2026-09-05T22:50:34.6710000Z,6a9c9cba485cab4c95402d5e,wenyi090326-3.stratalog.logdata.json
DialogueNodeEvent:104:10,dialogue,1,DialogueEvent,Unit 3 Dev,2026-09-05T22:50:55.6790000Z,2026-09-05T22:50:55.6790000Z,6a9c9ccf485cab4c95402d72,wenyi090326-3.stratalog.logdata.json
DialogueNodeEvent:104:12,dialogue,1,DialogueEvent,Unit 3 Dev,2026-09-05T22:50:56.0130000Z,2026-09-05T22:50:56.0130000Z,6a9c9ccf485cab4c95402d74,wenyi090326-3.stratalog.logdata.json
DialogueNodeEvent:104:13,dialogue,1,DialogueEvent,Unit 3 Dev,2026-09-05T22:50:20.2300000Z,2026-09-05T22:50:20.2300000Z,6a9c9cac485cab4c95402d40,wenyi090326-3.stratalog.logdata.json
DialogueNodeEvent:104:14,dialogue,1,DialogueEvent,Unit 3 Dev,2026-09-05T22:50:21.5300000Z,2026-09-05T22:50:21.5300000Z,6a9c9cad485cab4c95402d44,wenyi090326-3.stratalog.logdata.json
DialogueNodeEvent:104:15,dialogue,1,DialogueEvent,Unit 3 Dev,2026-09-05T22:50:24.2310000Z,2026-09-05T22:50:24.2310000Z,6a9c9cb0485cab4c95402d48,wenyi090326-3.stratalog.logdata.json
DialogueNodeEvent:104:17,dialogue,1,DialogueEvent,Unit 3 Dev,2026-09-05T22:50:25.9320000Z,2026-09-05T22:50:25.9320000Z,6a9c9cb1485cab4c95402d4a,wenyi090326-3.stratalog.logdata.json
DialogueNodeEvent:104:18,dialogue,1,DialogueEvent,Unit 3 Dev,2026-09-05T22:50:28.3000000Z,2026-09-05T22:50:28.3000000Z,6a9c9cb4485cab4c95402d4c,wenyi090326-3.stratalog.logdata.json
DialogueNodeEvent:104:2,dialogue,1,DialogueEvent,Unit 3 Dev,2026-09-05T22:50:37.9710000Z,2026-09-05T22:50:37.9710000Z,6a9c9cbd485cab4c95402d62,wenyi090326-3.stratalog.logdata.json
DialogueNodeEvent:104:20,dialogue,1,DialogueEvent,Unit 3 Dev,2026-09-05T22:50:29.1670000Z,2026-09-05T22:50:29.1670000Z,6a9c9cb5485cab4c95402d4e,wenyi090326-3.stratalog.logdata.json
DialogueNodeEvent:104:22,dialogue,1,DialogueEvent,Unit 3 Dev,2026-09-05T22:50:29.5010000Z,2026-09-05T22:50:29.5010000Z,6a9c9cb5485cab4c95402d50,wenyi090326-3.stratalog.logdata.json
DialogueNodeEvent:104:23,dialogue,2,DialogueEvent,Unit 3 Dev,2026-09-05T22:51:00.4480000Z,2026-09-05T22:51:10.2530000Z,6a9c9cd4485cab4c95402d80,wenyi090326-3.stratalog.logdata.json
DialogueNodeEvent:104:24,dialogue,1,DialogueEvent,Unit 3 Dev,2026-09-05T22:51:04.8830000Z,2026-09-05T22:51:04.8830000Z,6a9c9cd8485cab4c95402d88,wenyi090326-3.stratalog.logdata.json
DialogueNodeEvent:104:25,dialogue,1,DialogueEvent,Unit 3 Dev,2026-09-05T22:51:12.2280000Z,2026-09-05T22:51:12.2280000Z,6a9c9ce0485cab4c95402da6,wenyi090326-3.stratalog.logdata.json
DialogueNodeEvent:104:26,dialogue,1,DialogueEvent,Unit 3 Dev,2026-09-05T22:51:12.8530000Z,2026-09-05T22:51:12.8530000Z,6a9c9ce0485cab4c95402da8,wenyi090326-3.stratalog.logdata.json
DialogueNodeEvent:104:27,dialogue,1,DialogueEvent,Unit 3 Dev,2026-09-05T22:51:13.1890000Z,2026-09-05T22:51:13.1890000Z,6a9c9ce1485cab4c95402dac,wenyi090326-3.stratalog.logdata.json
DialogueNodeEvent:104:28,dialogue,1,DialogueEvent,Unit 3 Dev,2026-09-05T22:51:05.6170000Z,2026-09-05T22:51:05.6170000Z,6a9c9cd9485cab4c95402d8a,wenyi090326-3.stratalog.logdata.json
DialogueNodeEvent:104:4,dialogue,1,DialogueEvent,Unit 3 Dev,2026-09-05T22:50:38.8710000Z,2026-09-05T22:50:38.8710000Z,6a9c9cbe485cab4c95402d64,wenyi090326-3.stratalog.logdata.json
DialogueNodeEvent:104:5,dialogue,1,DialogueEvent,Unit 3 Dev,2026-09-05T22:50:39.3040000Z,2026-09-05T22:50:39.3040000Z,6a9c9cbf485cab4c95402d66,wenyi090326-3.stratalog.logdata.json
DialogueNodeEvent:104:6,dialogue,1,DialogueEvent,Unit 3 Dev,2026-09-05T22:50:39.8040000Z,2026-09-05T22:50:39.8040000Z,6a9c9cbf485cab4c95402d68,wenyi090326-3.stratalog.logdata.json
DialogueNodeEvent:104:7,dialogue,1,DialogueEvent,Unit 3 Dev,2026-09-05T22:50:52.0110000Z,2026-09-05T22:50:52.0110000Z,6a9c9ccb485cab4c95402d6e,wenyi090326-3.stratalog.logdata.json
DialogueNodeEvent:104:8,dialogue,1,DialogueEvent,Unit 3 Dev,2026-09-05T22:50:54.8780000Z,2026-09-05T22:50:54.8780000Z,6a9c9cce485cab4c95402d70,wenyi090326-3.stratalog.logdata.json
DialogueNodeEvent:105:1,dialogue,1,DialogueEvent,Unit 4 Dev,2026-09-05T23:34:51.4890000Z,2026-09-05T23:34:51.4890000Z,6a9ca71b485cab4c954045e2,wenyi090326-3.stratalog.logdata.json
DialogueNodeEvent:105:10,dialogue,1,DialogueEvent,Unit 4 Dev,2026-09-05T23:35:01.8270000Z,2026-09-05T23:35:01.8270000Z,6a9ca725485cab4c954045f4,wenyi090326-3.stratalog.logdata.json
DialogueNodeEvent:105:12,dialogue,1,DialogueEvent,Unit 4 Dev,2026-09-05T23:35:01.9940000Z,2026-09-05T23:35:01.9940000Z,6a9ca725485cab4c954045f6,wenyi090326-3.stratalog.logdata.json
DialogueNodeEvent:105:14,dialogue,1,DialogueEvent,Unit 4 Dev,2026-09-05T23:35:02.1940000Z,2026-09-05T23:35:02.1940000Z,6a9ca726485cab4c954045f8,wenyi090326-3.stratalog.logdata.json
DialogueNodeEvent:105:15,dialogue,1,DialogueEvent,Unit 4 Dev,2026-09-05T23:34:11.8710000Z,2026-09-05T23:34:11.8710000Z,6a9ca6f3485cab4c954045a6,wenyi090326-3.stratalog.logdata.json
DialogueNodeEvent:105:16,dialogue,1,DialogueEvent,Unit 4 Dev,2026-09-05T23:34:12.7370000Z,2026-09-05T23:34:12.7370000Z,6a9ca6f4485cab4c954045aa,wenyi090326-3.stratalog.logdata.json
DialogueNodeEvent:105:17,dialogue,1,DialogueEvent,Unit 4 Dev,2026-09-05T23:34:14.4050000Z,2026-09-05T23:34:14.4050000Z,6a9ca6f6485cab4c954045ac,wenyi090326-3.stratalog.logdata.json
DialogueNodeEvent:105:19,dialogue,1,DialogueEvent,Unit 4 Dev,2026-09-05T23:34:15.1050000Z,2026-09-05T23:34:15.1050000Z,6a9ca6f6485cab4c954045ae,wenyi090326-3.stratalog.logdata.json
DialogueNodeEvent:105:2,dialogue,1,DialogueEvent,Unit 4 Dev,2026-09-05T23:34:53.5900000Z,2026-09-05T23:34:53.5900000Z,6a9ca71d485cab4c954045e6,wenyi090326-3.stratalog.logdata.json
DialogueNodeEvent:105:21,dialogue,1,DialogueEvent,Unit 4 Dev,2026-09-05T23:34:20.1070000Z,2026-09-05T23:34:20.1070000Z,6a9ca6fb485cab4c954045b2,wenyi090326-3.stratalog.logdata.json
DialogueNodeEvent:105:24,dialogue,1,DialogueEvent,Unit 4 Dev,2026-09-05T23:34:20.7740000Z,2026-09-05T23:34:20.7740000Z,6a9ca6fc485cab4c954045b4,wenyi090326-3.stratalog.logdata.json
DialogueNodeEvent:105:25,dialogue,1,DialogueEvent,Unit 4 Dev,2026-09-05T23:34:21.4750000Z,2026-09-05T23:34:21.4750000Z,6a9ca6fd485cab4c954045b6,wenyi090326-3.stratalog.logdata.json
DialogueNodeEvent:105:26,dialogue,1,DialogueEvent,Unit 4 Dev,2026-09-05T23:34:21.8090000Z,2026-09-05T23:34:21.8090000Z,6a9ca6fd485cab4c954045b8,wenyi090326-3.stratalog.logdata.json
DialogueNodeEvent:105:27,dialogue,1,DialogueEvent,Unit 4 Dev,2026-09-05T23:34:23.1100000Z,2026-09-05T23:34:23.1100000Z,6a9ca6fe485cab4c954045c2,wenyi090326-3.stratalog.logdata.json
DialogueNodeEvent:105:28,dialogue,1,DialogueEvent,Unit 4 Dev,2026-09-05T23:34:23.9430000Z,2026-09-05T23:34:23.9430000Z,6a9ca6ff485cab4c954045c6,wenyi090326-3.stratalog.logdata.json
DialogueNodeEvent:105:29,dialogue,1,DialogueEvent,Unit 4 Dev,2026-09-05T23:34:25.6430000Z,2026-09-05T23:34:25.6430000Z,6a9ca701485cab4c954045c8,wenyi090326-3.stratalog.logdata.json
DialogueNodeEvent:105:31,dialogue,1,DialogueEvent,Unit 4 Dev,2026-09-05T23:34:26.3110000Z,2026-09-05T23:34:26.3110000Z,6a9ca702485cab4c954045ca,wenyi090326-3.stratalog.logdata.json
DialogueNodeEvent:105:34,dialogue,1,DialogueEvent,Unit 4 Dev,2026-09-05T23:34:49.3540000Z,2026-09-05T23:34:49.3540000Z,6a9ca719485cab4c954045d0,wenyi090326-3.stratalog.logdata.json
DialogueNodeEvent:105:37,dialogue,1,DialogueEvent,Unit 4 Dev,2026-09-05T23:34:50.0550000Z,2026-09-05T23:34:50.0550000Z,6a9ca719485cab4c954045d4,wenyi090326-3.stratalog.logdata.json
DialogueNodeEvent:105:38,dialogue,1,DialogueEvent,Unit 4 Dev,2026-09-05T23:34:50.1880000Z,2026-09-05T23:34:50.1880000Z,6a9ca71a485cab4c954045d6,wenyi090326-3.stratalog.logdata.json
DialogueNodeEvent:105:39,dialogue,2,DialogueEvent,Unit 4 Dev,2026-09-05T23:35:32.2090000Z,2026-09-05T23:35:32.2130000Z,6a9ca744485cab4c95404616,wenyi090326-3.stratalog.logdata.json
DialogueNodeEvent:105:4,dialogue,1,DialogueEvent,Unit 4 Dev,2026-09-05T23:34:54.2900000Z,2026-09-05T23:34:54.2900000Z,6a9ca71e485cab4c954045e8,wenyi090326-3.stratalog.logdata.json
DialogueNodeEvent:105:42,dialogue,1,DialogueEvent,Unit 4 Dev,2026-09-05T23:35:42.8540000Z,2026-09-05T23:35:42.8540000Z,6a9ca74e485cab4c95404626,wenyi090326-3.stratalog.logdata.json
DialogueNodeEvent:105:43,dialogue,1,DialogueEvent,Unit 4 Dev,2026-09-05T23:35:43.5800000Z,2026-09-05T23:35:43.5800000Z,6a9ca74f485cab4c95404628,wenyi090326-3.stratalog.logdata.json
DialogueNodeEvent:105:44,dialogue,1,DialogueEvent,Unit 4 Dev,2026-09-05T23:35:43.7490000Z,2026-09-05T23:35:43.7490000Z,6a9ca74f485cab4c9540462c,wenyi090326-3.stratalog.logdata.json
DialogueNodeEvent:105:5,dialogue,1,DialogueEvent,Unit 4 Dev,2026-09-05T23:34:54.5570000Z,2026-09-05T23:34:54.5570000Z,6a9ca71e485cab4c954045ea,wenyi090326-3.stratalog.logdata.json
DialogueNodeEvent:105:6,dialogue,1,DialogueEvent,Unit 4 Dev,2026-09-05T23:34:54.6910000Z,2026-09-05T23:34:54.6910000Z,6a9ca71e485cab4c954045ec,wenyi090326-3.stratalog.logdata.json
DialogueNodeEvent:105:7,dialogue,1,DialogueEvent,Unit 4 Dev,2026-09-05T23:34:54.8240000Z,2026-09-05T23:34:54.8240000Z,6a9ca71e485cab4c954045ee,wenyi090326-3.stratalog.logdata.json
DialogueNodeEvent:105:8,dialogue,1,DialogueEvent,Unit 4 Dev,2026-09-05T23:35:01.1270000Z,2026-09-05T23:35:01.1270000Z,6a9ca724485cab4c954045f2,wenyi090326-3.stratalog.logdata.json
DialogueNodeEvent:106:0,dialogue,1,DialogueEvent,Unit 5 Dev,2026-09-05T23:58:13.7190000Z,2026-09-05T23:58:13.7190000Z,6a9cac95485cab4c954053c2,wenyi090326-3.stratalog.logdata.json
DialogueNodeEvent:106:27,dialogue,1,DialogueEvent,Unit 5 Dev,2026-09-05T23:58:13.7520000Z,2026-09-05T23:58:13.7520000Z,6a9cac95485cab4c954053c8,wenyi090326-3.stratalog.logdata.json
DialogueNodeEvent:106:37,dialogue,1,DialogueEvent,Unit 5 Dev,2026-09-05T23:58:18.7190000Z,2026-09-05T23:58:18.7190000Z,6a9cac9a485cab4c954053cc,wenyi090326-3.stratalog.logdata.json
DialogueNodeEvent:107:0,dialogue,1,DialogueEvent,Unit 4 Dev,2026-09-05T23:21:07.1530000Z,2026-09-05T23:21:07.1530000Z,6a9ca3e3485cab4c95403ea8,wenyi090326-3.stratalog.logdata.json
DialogueNodeEvent:107:1,dialogue,8,DialogueEvent,Unit 4 Dev,2026-09-05T23:21:07.1560000Z,2026-09-05T23:21:31.9980000Z,6a9ca3e3485cab4c95403eac,wenyi090326-3.stratalog.logdata.json
DialogueNodeEvent:107:10,dialogue,2,DialogueEvent,Unit 4 Dev,2026-09-05T23:21:18.9580000Z,2026-09-05T23:21:26.8290000Z,6a9ca3ee485cab4c95403ec6,wenyi090326-3.stratalog.logdata.json
DialogueNodeEvent:107:2,dialogue,2,DialogueEvent,Unit 4 Dev,2026-09-05T23:21:11.1540000Z,2026-09-05T23:21:20.7590000Z,6a9ca3e7485cab4c95403eb8,wenyi090326-3.stratalog.logdata.json
DialogueNodeEvent:107:3,dialogue,2,DialogueEvent,Unit 4 Dev,2026-09-05T23:21:14.1890000Z,2026-09-05T23:21:22.9600000Z,6a9ca3ea485cab4c95403ebe,wenyi090326-3.stratalog.logdata.json
DialogueNodeEvent:107:4,dialogue,1,DialogueEvent,Unit 4 Dev,2026-09-05T23:21:31.1300000Z,2026-09-05T23:21:31.1300000Z,6a9ca3fa485cab4c95403ee0,wenyi090326-3.stratalog.logdata.json
DialogueNodeEvent:107:5,dialogue,1,DialogueEvent,Unit 4 Dev,2026-09-05T23:21:33.1310000Z,2026-09-05T23:21:33.1310000Z,6a9ca3fc485cab4c95403ee6,wenyi090326-3.stratalog.logdata.json
DialogueNodeEvent:107:6,dialogue,2,DialogueEvent,Unit 4 Dev,2026-09-05T23:21:18.1910000Z,2026-09-05T23:21:26.1610000Z,6a9ca3ee485cab4c95403ec4,wenyi090326-3.stratalog.logdata.json
DialogueNodeEvent:107:7,dialogue,4,DialogueEvent,Unit 4 Dev,2026-09-05T23:21:12.2550000Z,2026-09-05T23:21:23.5940000Z,6a9ca3e8485cab4c95403eba,wenyi090326-3.stratalog.logdata.json
DialogueNodeEvent:107:8,dialogue,1,DialogueEvent,Unit 4 Dev,2026-09-05T23:21:31.8310000Z,2026-09-05T23:21:31.8310000Z,6a9ca3fb485cab4c95403ee2,wenyi090326-3.stratalog.logdata.json
DialogueNodeEvent:107:9,dialogue,1,DialogueEvent,Unit 4 Dev,2026-09-05T23:21:33.9650000Z,2026-09-05T23:21:33.9650000Z,6a9ca3fd485cab4c95403ee8,wenyi090326-3.stratalog.logdata.json
DialogueNodeEvent:108:0,dialogue,11,DialogueEvent,Unit 5 Dev,2026-09-05T23:55:00.8940000Z,2026-09-05T23:56:14.6960000Z,6a9cabd4485cab4c9540515a,wenyi090326-3.stratalog.logdata.json
DialogueNodeEvent:108:32,dialogue,1,DialogueEvent,Unit 5 Dev,2026-09-05T23:55:00.9250000Z,2026-09-05T23:55:00.9250000Z,6a9cabd4485cab4c9540515e,wenyi090326-3.stratalog.logdata.json
DialogueNodeEvent:108:33,dialogue,3,DialogueEvent,Unit 5 Dev,2026-09-05T23:55:08.6970000Z,2026-09-05T23:55:19.4340000Z,6a9cabdc485cab4c95405186,wenyi090326-3.stratalog.logdata.json
DialogueNodeEvent:108:48,dialogue,6,DialogueEvent,Unit 5 Dev,2026-09-05T23:55:09.9300000Z,2026-09-05T23:55:38.7430000Z,6a9cabdd485cab4c95405188,wenyi090326-3.stratalog.logdata.json
DialogueNodeEvent:108:49,dialogue,4,DialogueEvent,Unit 5 Dev,2026-09-05T23:56:01.7210000Z,2026-09-05T23:56:15.6610000Z,6a9cac11485cab4c9540525e,wenyi090326-3.stratalog.logdata.json
DialogueNodeEvent:108:60,dialogue,2,DialogueEvent,Unit 5 Dev,2026-09-05T23:56:10.6930000Z,2026-09-05T23:56:14.7280000Z,6a9cac1a485cab4c95405296,wenyi090326-3.stratalog.logdata.json
DialogueNodeEvent:108:78,dialogue,1,DialogueEvent,Unit 5 Dev,2026-09-05T23:55:28.2730000Z,2026-09-05T23:55:28.2730000Z,6a9cabf0485cab4c954051e4,wenyi090326-3.stratalog.logdata.json
DialogueNodeEvent:108:79,dialogue,2,DialogueEvent,Unit 5 Dev,2026-09-05T23:55:33.2760000Z,2026-09-05T23:55:37.6440000Z,6a9cabf5485cab4c95405206,wenyi090326-3.stratalog.logdata.json
DialogueNodeEvent:108:80,dialogue,1,DialogueEvent,Unit 5 Dev,2026-09-05T23:56:06.4570000Z,2026-09-05T23:56:06.4570000Z,6a9cac16485cab4c95405274,wenyi090326-3.stratalog.logdata.json
DialogueNodeEvent:108:83,dialogue,1,DialogueEvent,Unit 5 Dev,2026-09-05T23:55:59.4870000Z,2026-09-05T23:55:59.4870000Z,6a9cac0f485cab4c9540525c,wenyi090326-3.stratalog.logdata.json
DialogueNodeEvent:109:1,dialogue,1,DialogueEvent,Unit 5 Dev,2026-09-05T23:59:50.2460000Z,2026-09-05T23:59:50.2460000Z,6a9cacf6485cab4c954054ac,wenyi090326-3.stratalog.logdata.json
DialogueNodeEvent:109:11,dialogue,1,DialogueEvent,Unit 5 Dev,2026-09-06T00:00:01.1170000Z,2026-09-06T00:00:01.1170000Z,6a9cad00485cab4c954054c0,wenyi090326-3.stratalog.logdata.json
DialogueNodeEvent:109:13,dialogue,1,DialogueEvent,Unit 5 Dev,2026-09-06T00:00:01.5840000Z,2026-09-06T00:00:01.5840000Z,6a9cad01485cab4c954054c2,wenyi090326-3.stratalog.logdata.json
DialogueNodeEvent:109:14,dialogue,1,DialogueEvent,Unit 5 Dev,2026-09-06T00:00:02.2180000Z,2026-09-06T00:00:02.2180000Z,6a9cad02485cab4c954054c4,wenyi090326-3.stratalog.logdata.json
DialogueNodeEvent:109:15,dialogue,1,DialogueEvent,Unit 5 Dev,2026-09-05T23:59:41.9760000Z,2026-09-05T23:59:41.9760000Z,6a9caced485cab4c9540548a,wenyi090326-3.stratalog.logdata.json
DialogueNodeEvent:109:16,dialogue,1,DialogueEvent,Unit 5 Dev,2026-09-05T23:59:44.0760000Z,2026-09-05T23:59:44.0760000Z,6a9cacef485cab4c9540548e,wenyi090326-3.stratalog.logdata.json
DialogueNodeEvent:109:17,dialogue,1,DialogueEvent,Unit 5 Dev,2026-09-05T23:59:44.4760000Z,2026-09-05T23:59:44.4760000Z,6a9cacf0485cab4c95405490,wenyi090326-3.stratalog.logdata.json
DialogueNodeEvent:109:18,dialogue,1,DialogueEvent,Unit 5 Dev,2026-09-05T23:59:44.8770000Z,2026-09-05T23:59:44.8770000Z,6a9cacf0485cab4c95405492,wenyi090326-3.stratalog.logdata.json
DialogueNodeEvent:109:19,dialogue,1,DialogueEvent,Unit 5 Dev,2026-09-05T23:59:45.3100000Z,2026-09-05T23:59:45.3100000Z,6a9cacf1485cab4c95405494,wenyi090326-3.stratalog.logdata.json
DialogueNodeEvent:109:2,dialogue,1,DialogueEvent,Unit 5 Dev,2026-09-05T23:59:51.7460000Z,2026-09-05T23:59:51.7460000Z,6a9cacf7485cab4c954054b0,wenyi090326-3.stratalog.logdata.json
DialogueNodeEvent:109:20,dialogue,1,DialogueEvent,Unit 5 Dev,2026-09-05T23:59:45.7440000Z,2026-09-05T23:59:45.7440000Z,6a9cacf1485cab4c95405496,wenyi090326-3.stratalog.logdata.json
DialogueNodeEvent:109:21,dialogue,1,DialogueEvent,Unit 5 Dev,2026-09-05T23:59:47.3450000Z,2026-09-05T23:59:47.3450000Z,6a9cacf3485cab4c9540549a,wenyi090326-3.stratalog.logdata.json
DialogueNodeEvent:109:23,dialogue,1,DialogueEvent,Unit 5 Dev,2026-09-05T23:59:31.9380000Z,2026-09-05T23:59:31.9380000Z,6a9cace3485cab4c9540545a,wenyi090326-3.stratalog.logdata.json
DialogueNodeEvent:109:24,dialogue,1,DialogueEvent,Unit 5 Dev,2026-09-05T23:59:32.0030000Z,2026-09-05T23:59:32.0030000Z,6a9cace3485cab4c9540545e,wenyi090326-3.stratalog.logdata.json
DialogueNodeEvent:109:25,dialogue,1,DialogueEvent,Unit 5 Dev,2026-09-05T23:59:33.2040000Z,2026-09-05T23:59:33.2040000Z,6a9cace5485cab4c95405460,wenyi090326-3.stratalog.logdata.json
DialogueNodeEvent:109:26,dialogue,1,DialogueEvent,Unit 5 Dev,2026-09-05T23:59:33.6380000Z,2026-09-05T23:59:33.6380000Z,6a9cace5485cab4c95405462,wenyi090326-3.stratalog.logdata.json
DialogueNodeEvent:109:27,dialogue,1,DialogueEvent,Unit 5 Dev,2026-09-05T23:59:34.0050000Z,2026-09-05T23:59:34.0050000Z,6a9cace5485cab4c95405464,wenyi090326-3.stratalog.logdata.json
DialogueNodeEvent:109:28,dialogue,1,DialogueEvent,Unit 5 Dev,2026-09-05T23:59:34.3380000Z,2026-09-05T23:59:34.3380000Z,6a9cace6485cab4c95405466,wenyi090326-3.stratalog.logdata.json
DialogueNodeEvent:109:29,dialogue,1,DialogueEvent,Unit 5 Dev,2026-09-05T23:59:34.6720000Z,2026-09-05T23:59:34.6720000Z,6a9cace6485cab4c95405468,wenyi090326-3.stratalog.logdata.json
DialogueNodeEvent:109:3,dialogue,1,DialogueEvent,Unit 5 Dev,2026-09-05T23:59:54.2470000Z,2026-09-05T23:59:54.2470000Z,6a9cacfa485cab4c954054b2,wenyi090326-3.stratalog.logdata.json
DialogueNodeEvent:109:30,dialogue,1,DialogueEvent,Unit 5 Dev,2026-09-05T23:59:35.0380000Z,2026-09-05T23:59:35.0380000Z,6a9cace6485cab4c9540546a,wenyi090326-3.stratalog.logdata.json
DialogueNodeEvent:109:31,dialogue,1,DialogueEvent,Unit 5 Dev,2026-09-05T23:59:35.3720000Z,2026-09-05T23:59:35.3720000Z,6a9cace7485cab4c9540546c,wenyi090326-3.stratalog.logdata.json
DialogueNodeEvent:109:32,dialogue,1,DialogueEvent,Unit 5 Dev,2026-09-05T23:59:35.6720000Z,2026-09-05T23:59:35.6720000Z,6a9cace7485cab4c9540546e,wenyi090326-3.stratalog.logdata.json
DialogueNodeEvent:109:33,dialogue,1,DialogueEvent,Unit 5 Dev,2026-09-05T23:59:36.1060000Z,2026-09-05T23:59:36.1060000Z,6a9cace7485cab4c95405472,wenyi090326-3.stratalog.logdata.json
DialogueNodeEvent:109:34,dialogue,1,DialogueEvent,Unit 5 Dev,2026-09-05T23:59:38.0730000Z,2026-09-05T23:59:38.0730000Z,6a9cace9485cab4c95405474,wenyi090326-3.stratalog.logdata.json
DialogueNodeEvent:109:36,dialogue,1,DialogueEvent,Unit 5 Dev,2026-09-05T23:59:38.8070000Z,2026-09-05T23:59:38.8070000Z,6a9cacea485cab4c95405476,wenyi090326-3.stratalog.logdata.json
DialogueNodeEvent:109:38,dialogue,1,DialogueEvent,Unit 5 Dev,2026-09-06T00:00:03.0520000Z,2026-09-06T00:00:03.0520000Z,6a9cad03485cab4c954054c6,wenyi090326-3.stratalog.logdata.json
DialogueNodeEvent:109:5,dialogue,1,DialogueEvent,Unit 5 Dev,2026-09-05T23:59:55.0480000Z,2026-09-05T23:59:55.0480000Z,6a9cacfa485cab4c954054b4,wenyi090326-3.stratalog.logdata.json
DialogueNodeEvent:109:6,dialogue,1,DialogueEvent,Unit 5 Dev,2026-09-05T23:59:55.4810000Z,2026-09-05T23:59:55.4810000Z,6a9cacfb485cab4c954054b6,wenyi090326-3.stratalog.logdata.json
DialogueNodeEvent:109:7,dialogue,1,DialogueEvent,Unit 5 Dev,2026-09-05T23:59:55.8820000Z,2026-09-05T23:59:55.8820000Z,6a9cacfb485cab4c954054ba,wenyi090326-3.stratalog.logdata.json
DialogueNodeEvent:109:8,dialogue,1,DialogueEvent,Unit 5 Dev,2026-09-05T23:59:56.2820000Z,2026-09-05T23:59:56.2820000Z,6a9cacfc485cab4c954054bc,wenyi090326-3.stratalog.logdata.json
DialogueNodeEvent:109:9,dialogue,1,DialogueEvent,Unit 5 Dev,2026-09-05T23:59:58.7490000Z,2026-09-05T23:59:58.7490000Z,6a9cacfe485cab4c954054be,wenyi090326-3.stratalog.logdata.json
DialogueNodeEvent:10:0,dialogue,2,DialogueEvent,Unit 3 Dev,2026-09-05T22:20:11.3940000Z,2026-09-05T22:49:45.6800000Z,6a9c959b485cab4c95401e88,wenyi090326-3.stratalog.logdata.json
DialogueNodeEvent:10:1,dialogue,1,DialogueEvent,Unit 3 Dev,2026-09-05T22:15:11.6620000Z,2026-09-05T22:15:11.6620000Z,6a9c946f485cab4c95401d94,wenyi090326-3.stratalog.logdata.json
DialogueNodeEvent:10:101,dialogue,1,DialogueEvent,Unit 3 Dev,2026-09-05T22:28:25.3980000Z,2026-09-05T22:28:25.3980000Z,6a9c9789485cab4c954024d2,wenyi090326-3.stratalog.logdata.json
DialogueNodeEvent:10:102,dialogue,1,DialogueEvent,Unit 3 Dev,2026-09-05T22:28:26.1660000Z,2026-09-05T22:28:26.1660000Z,6a9c978a485cab4c954024d4,wenyi090326-3.stratalog.logdata.json
DialogueNodeEvent:10:103,dialogue,1,DialogueEvent,Unit 3 Dev,2026-09-05T22:33:56.3170000Z,2026-09-05T22:33:56.3170000Z,6a9c98d4485cab4c9540268c,wenyi090326-3.stratalog.logdata.json
DialogueNodeEvent:10:114,dialogue,1,DialogueEvent,Unit 3 Dev,2026-09-05T22:35:58.8390000Z,2026-09-05T22:35:58.8390000Z,6a9c994e485cab4c954026fe,wenyi090326-3.stratalog.logdata.json
DialogueNodeEvent:10:115,dialogue,1,DialogueEvent,Unit 3 Dev,2026-09-05T22:35:59.3050000Z,2026-09-05T22:35:59.3050000Z,6a9c994f485cab4c95402704,wenyi090326-3.stratalog.logdata.json
DialogueNodeEvent:10:122,dialogue,1,DialogueEvent,Unit 3 Dungeon Dev,2026-09-05T22:38:20.9680000Z,2026-09-05T22:38:20.9680000Z,6a9c99dc485cab4c95402936,wenyi090326-3.stratalog.logdata.json
DialogueNodeEvent:10:123,dialogue,1,DialogueEvent,Unit 3 Dungeon Dev,2026-09-05T22:38:28.9730000Z,2026-09-05T22:38:28.9730000Z,6a9c99e4485cab4c9540293c,wenyi090326-3.stratalog.logdata.json
DialogueNodeEvent:10:124,dialogue,1,DialogueEvent,Unit 3 Dungeon Dev,2026-09-05T22:38:31.6410000Z,2026-09-05T22:38:31.6410000Z,6a9c99e7485cab4c95402944,wenyi090326-3.stratalog.logdata.json
DialogueNodeEvent:10:125,dialogue,1,DialogueEvent,Unit 3 Dungeon Dev,2026-09-05T22:38:32.8430000Z,2026-09-05T22:38:32.8430000Z,6a9c99e8485cab4c9540294a,wenyi090326-3.stratalog.logdata.json
DialogueNodeEvent:10:126,dialogue,1,DialogueEvent,Unit 3 Dungeon Dev,2026-09-05T22:38:37.7090000Z,2026-09-05T22:38:37.7090000Z,6a9c99ed485cab4c95402950,wenyi090326-3.stratalog.logdata.json
DialogueNodeEvent:10:13,dialogue,1,DialogueEvent,Unit 3 Dev,2026-09-05T22:16:32.6630000Z,2026-09-05T22:16:32.6630000Z,6a9c94c0485cab4c95401dbc,wenyi090326-3.stratalog.logdata.json
DialogueNodeEvent:10:15,dialogue,1,DialogueEvent,Unit 3 Dev,2026-09-05T22:16:33.3310000Z,2026-09-05T22:16:33.3310000Z,6a9c94c1485cab4c95401dbe,wenyi090326-3.stratalog.logdata.json
DialogueNodeEvent:10:154,dialogue,1,DialogueEvent,Unit 3 Dungeon Dev,2026-09-05T22:42:48.2390000Z,2026-09-05T22:42:48.2390000Z,6a9c9ae8485cab4c95402b6a,wenyi090326-3.stratalog.logdata.json
DialogueNodeEvent:10:155,dialogue,1,DialogueEvent,Unit 3 Dungeon Dev,2026-09-05T22:42:49.4070000Z,2026-09-05T22:42:49.4070000Z,6a9c9ae9485cab4c95402b70,wenyi090326-3.stratalog.logdata.json
DialogueNodeEvent:10:156,dialogue,1,DialogueEvent,Unit 3 Dungeon Dev,2026-09-05T22:42:54.7430000Z,2026-09-05T22:42:54.7430000Z,6a9c9aee485cab4c95402b7a,wenyi090326-3.stratalog.logdata.json
DialogueNodeEvent:10:157,dialogue,1,DialogueEvent,Unit 3 Dev,2026-09-05T22:45:39.0000000Z,2026-09-05T22:45:39.0000000Z,6a9c9b92485cab4c95402bba,wenyi090326-3.stratalog.logdata.json
DialogueNodeEvent:10:158,dialogue,1,DialogueEvent,Unit 3 Dev,2026-09-05T22:45:42.6690000Z,2026-09-05T22:45:42.6690000Z,6a9c9b96485cab4c95402bc0,wenyi090326-3.stratalog.logdata.json
DialogueNodeEvent:10:159,dialogue,1,DialogueEvent,Unit 3 Dev,2026-09-05T22:45:44.7540000Z,2026-09-05T22:45:44.7540000Z,6a9c9b98485cab4c95402bca,wenyi090326-3.stratalog.logdata.json
DialogueNodeEvent:10:16,dialogue,1,DialogueEvent,Unit 3 Dev,2026-09-05T22:16:33.7080000Z,2026-09-05T22:16:33.7080000Z,6a9c94c1485cab4c95401dc4,wenyi090326-3.stratalog.logdata.json
DialogueNodeEvent:10:160,dialogue,1,DialogueEvent,Unit 3 Dev,2026-09-05T22:45:53.0910000Z,2026-09-05T22:45:53.0910000Z,6a9c9ba0485cab4c95402bd2,wenyi090326-3.stratalog.logdata.json
DialogueNodeEvent:10:162,dialogue,1,DialogueEvent,Unit 3 Dev,2026-09-05T22:45:58.2270000Z,2026-09-05T22:45:58.2270000Z,6a9c9ba6485cab4c95402bd8,wenyi090326-3.stratalog.logdata.json
DialogueNodeEvent:10:176,dialogue,1,DialogueEvent,Unit 3 Dev,2026-09-05T22:49:45.6830000Z,2026-09-05T22:49:45.6830000Z,6a9c9c89485cab4c95402d10,wenyi090326-3.stratalog.logdata.json
DialogueNodeEvent:10:177,dialogue,1,DialogueEvent,Unit 3 Dev,2026-09-05T22:49:47.0140000Z,2026-09-05T22:49:47.0140000Z,6a9c9c8a485cab4c95402d12,wenyi090326-3.stratalog.logdata.json
DialogueNodeEvent:10:178,dialogue,1,DialogueEvent,Unit 3 Dev,2026-09-05T22:49:47.4140000Z,2026-09-05T22:49:47.4140000Z,6a9c9c8b485cab4c95402d14,wenyi090326-3.stratalog.logdata.json
DialogueNodeEvent:10:179,dialogue,1,DialogueEvent,Unit 3 Dev,2026-09-05T22:50:02.8550000Z,2026-09-05T22:50:02.8550000Z,6a9c9c9a485cab4c95402d1a,wenyi090326-3.stratalog.logdata.json
DialogueNodeEvent:10:181,dialogue,1,DialogueEvent,Unit 3 Dev,2026-09-05T22:50:03.6550000Z,2026-09-05T22:50:03.6550000Z,6a9c9c9b485cab4c95402d1c,wenyi090326-3.stratalog.logdata.json
DialogueNodeEvent:10:182,dialogue,1,DialogueEvent,Unit 3 Dev,2026-09-05T22:50:03.9220000Z,2026-09-05T22:50:03.9220000Z,6a9c9c9b485cab4c95402d1e,wenyi090326-3.stratalog.logdata.json
DialogueNodeEvent:10:183,dialogue,1,DialogueEvent,Unit 3 Dev,2026-09-05T22:50:04.2550000Z,2026-09-05T22:50:04.2550000Z,6a9c9c9c485cab4c95402d20,wenyi090326-3.stratalog.logdata.json
DialogueNodeEvent:10:184,dialogue,1,DialogueEvent,Unit 3 Dev,2026-09-05T22:50:05.7890000Z,2026-09-05T22:50:05.7890000Z,6a9c9c9d485cab4c95402d22,wenyi090326-3.stratalog.logdata.json
DialogueNodeEvent:10:187,dialogue,1,DialogueEvent,Unit 3 Dev,2026-09-05T22:50:06.4560000Z,2026-09-05T22:50:06.4560000Z,6a9c9c9e485cab4c95402d24,wenyi090326-3.stratalog.logdata.json
DialogueNodeEvent:10:188,dialogue,1,DialogueEvent,Unit 3 Dev,2026-09-05T22:50:08.9900000Z,2026-09-05T22:50:08.9900000Z,6a9c9ca0485cab4c95402d26,wenyi090326-3.stratalog.logdata.json
DialogueNodeEvent:10:190,dialogue,1,DialogueEvent,Unit 3 Dev,2026-09-05T22:50:11.1920000Z,2026-09-05T22:50:11.1920000Z,6a9c9ca3485cab4c95402d28,wenyi090326-3.stratalog.logdata.json
DialogueNodeEvent:10:191,dialogue,1,DialogueEvent,Unit 3 Dev,2026-09-05T22:50:12.7590000Z,2026-09-05T22:50:12.7590000Z,6a9c9ca4485cab4c95402d2c,wenyi090326-3.stratalog.logdata.json
DialogueNodeEvent:10:193,dialogue,1,DialogueEvent,Unit 3 Dev,2026-09-05T22:50:13.9930000Z,2026-09-05T22:50:13.9930000Z,6a9c9ca5485cab4c95402d2e,wenyi090326-3.stratalog.logdata.json
DialogueNodeEvent:10:194,dialogue,1,DialogueEvent,Unit 3 Dev,2026-09-05T22:50:14.7290000Z,2026-09-05T22:50:14.7290000Z,6a9c9ca6485cab4c95402d32,wenyi090326-3.stratalog.logdata.json
DialogueNodeEvent:10:195,dialogue,1,DialogueEvent,Unit 3 Dev,2026-09-05T22:19:03.5040000Z,2026-09-05T22:19:03.5040000Z,6a9c9557485cab4c95401e5e,wenyi090326-3.stratalog.logdata.json
DialogueNodeEvent:10:196,dialogue,1,DialogueEvent,Unit 3 Dev,2026-09-05T22:28:26.7000000Z,2026-09-05T22:28:26.7000000Z,6a9c978a485cab4c954024d8,wenyi090326-3.stratalog.logdata.json
DialogueNodeEvent:10:199,dialogue,1,DialogueEvent,Unit 3 Dev,2026-09-05T22:20:11.3970000Z,2026-09-05T22:20:11.3970000Z,6a9c959b485cab4c95401e8c,wenyi090326-3.stratalog.logdata.json
DialogueNodeEvent:10:2,dialogue,1,DialogueEvent,Unit 3 Dev,2026-09-05T22:15:15.1640000Z,2026-09-05T22:15:15.1640000Z,6a9c9473485cab4c95401d9c,wenyi090326-3.stratalog.logdata.json
DialogueNodeEvent:10:200,dialogue,1,DialogueEvent,Unit 3 Dev,2026-09-05T22:20:15.8290000Z,2026-09-05T22:20:15.8290000Z,6a9c959f485cab4c95401e8e,wenyi090326-3.stratalog.logdata.json
DialogueNodeEvent:10:202,dialogue,1,DialogueEvent,Unit 3 Dev,2026-09-05T22:20:16.9960000Z,2026-09-05T22:20:16.9960000Z,6a9c95a0485cab4c95401e90,wenyi090326-3.stratalog.logdata.json
DialogueNodeEvent:10:204,dialogue,1,DialogueEvent,Unit 3 Dev,2026-09-05T22:20:17.3310000Z,2026-09-05T22:20:17.3310000Z,6a9c95a1485cab4c95401e96,wenyi090326-3.stratalog.logdata.json
DialogueNodeEvent:10:205,dialogue,1,DialogueEvent,Unit 3 Dev,2026-09-05T22:16:48.5040000Z,2026-09-05T22:16:48.5040000Z,6a9c94d0485cab4c95401dda,wenyi090326-3.stratalog.logdata.json
DialogueNodeEvent:10:211,dialogue,1,DialogueEvent,Unit 3 Dev,2026-09-05T22:20:19.9300000Z,2026-09-05T22:20:19.9300000Z,6a9c95a3485cab4c95401e9c,wenyi090326-3.stratalog.logdata.json
DialogueNodeEvent:10:217,dialogue,1,DialogueEvent,Unit 3 Dev,2026-09-05T22:20:20.4980000Z,2026-09-05T22:20:20.4980000Z,6a9c95a4485cab4c95401e9e,wenyi090326-3.stratalog.logdata.json
DialogueNodeEvent:10:218,dialogue,1,DialogueEvent,Unit 3 Dev,2026-09-05T22:20:20.7310000Z,2026-09-05T22:20:20.7310000Z,6a9c95a4485cab4c95401ea0,wenyi090326-3.stratalog.logdata.json
DialogueNodeEvent:10:224,dialogue,1,DialogueEvent,Unit 3 Dev,2026-09-05T22:15:19.3660000Z,2026-09-05T22:15:19.3660000Z,6a9c9477485cab4c95401da2,wenyi090326-3.stratalog.logdata.json
DialogueNodeEvent:10:3,dialogue,1,DialogueEvent,Unit 3 Dev,2026-09-05T22:16:28.5950000Z,2026-09-05T22:16:28.5950000Z,6a9c94bc485cab4c95401db4,wenyi090326-3.stratalog.logdata.json
DialogueNodeEvent:10:31,dialogue,3,DialogueEvent,Unit 3 Dev,2026-09-05T22:17:46.4620000Z,2026-09-05T22:36:57.2760000Z,6a9c950a485cab4c95401e20,wenyi090326-3.stratalog.logdata.json
DialogueNodeEvent:10:32,dialogue,1,DialogueEvent,Unit 3 Dev,2026-09-05T22:18:59.8950000Z,2026-09-05T22:18:59.8950000Z,6a9c9553485cab4c95401e58,wenyi090326-3.stratalog.logdata.json
DialogueNodeEvent:10:33,dialogue,1,DialogueEvent,Unit 3 Dev,2026-09-05T22:19:01.7290000Z,2026-09-05T22:19:01.7290000Z,6a9c9555485cab4c95401e5c,wenyi090326-3.stratalog.logdata.json
DialogueNodeEvent:10:38,dialogue,1,DialogueEvent,Unit 3 Dev,2026-09-05T22:20:17.6630000Z,2026-09-05T22:20:17.6630000Z,6a9c95a1485cab4c95401e98,wenyi090326-3.stratalog.logdata.json
DialogueNodeEvent:10:39,dialogue,1,DialogueEvent,Unit 3 Dev,2026-09-05T22:20:18.0300000Z,2026-09-05T22:20:18.0300000Z,6a9c95a1485cab4c95401e9a,wenyi090326-3.stratalog.logdata.json
DialogueNodeEvent:10:4,dialogue,1,DialogueEvent,Unit 3 Dev,2026-09-05T22:16:29.9620000Z,2026-09-05T22:16:29.9620000Z,6a9c94bd485cab4c95401db6,wenyi090326-3.stratalog.logdata.json
DialogueNodeEvent:10:6,dialogue,1,DialogueEvent,Unit 3 Dev,2026-09-05T22:16:30.5630000Z,2026-09-05T22:16:30.5630000Z,6a9c94be485cab4c95401db8,wenyi090326-3.stratalog.logdata.json
DialogueNodeEvent:10:64,dialogue,1,DialogueEvent,Unit 3 Dev,2026-09-05T22:27:53.7840000Z,2026-09-05T22:27:53.7840000Z,6a9c9769485cab4c954024a6,wenyi090326-3.stratalog.logdata.json
DialogueNodeEvent:10:65,dialogue,1,DialogueEvent,Unit 3 Dev,2026-09-05T22:28:01.5530000Z,2026-09-05T22:28:01.5530000Z,6a9c9771485cab4c954024aa,wenyi090326-3.stratalog.logdata.json
DialogueNodeEvent:10:67,dialogue,1,DialogueEvent,Unit 3 Dev,2026-09-05T22:28:02.3870000Z,2026-09-05T22:28:02.3870000Z,6a9c9772485cab4c954024ac,wenyi090326-3.stratalog.logdata.json
DialogueNodeEvent:10:68,dialogue,1,DialogueEvent,Unit 3 Dev,2026-09-05T22:28:09.6900000Z,2026-09-05T22:28:09.6900000Z,6a9c9779485cab4c954024b0,wenyi090326-3.stratalog.logdata.json
DialogueNodeEvent:10:7,dialogue,1,DialogueEvent,Unit 3 Dev,2026-09-05T22:16:30.8630000Z,2026-09-05T22:16:30.8630000Z,6a9c94be485cab4c95401dba,wenyi090326-3.stratalog.logdata.json
DialogueNodeEvent:10:70,dialogue,1,DialogueEvent,Unit 3 Dev,2026-09-05T22:28:10.9910000Z,2026-09-05T22:28:10.9910000Z,6a9c977a485cab4c954024b2,wenyi090326-3.stratalog.logdata.json
DialogueNodeEvent:10:74,dialogue,1,DialogueEvent,Unit 3 Dev,2026-09-05T22:28:11.3910000Z,2026-09-05T22:28:11.3910000Z,6a9c977b485cab4c954024b4,wenyi090326-3.stratalog.logdata.json
DialogueNodeEvent:10:75,dialogue,1,DialogueEvent,Unit 3 Dev,2026-09-05T22:28:11.7920000Z,2026-09-05T22:28:11.7920000Z,6a9c977b485cab4c954024b6,wenyi090326-3.stratalog.logdata.json
DialogueNodeEvent:10:76,dialogue,1,DialogueEvent,Unit 3 Dev,2026-09-05T22:28:12.2580000Z,2026-09-05T22:28:12.2580000Z,6a9c977c485cab4c954024b8,wenyi090326-3.stratalog.logdata.json
DialogueNodeEvent:10:78,dialogue,1,DialogueEvent,Unit 3 Dev,2026-09-05T22:28:14.4250000Z,2026-09-05T22:28:14.4250000Z,6a9c977e485cab4c954024ba,wenyi090326-3.stratalog.logdata.json
DialogueNodeEvent:10:79,dialogue,1,DialogueEvent,Unit 3 Dev,2026-09-05T22:28:15.0600000Z,2026-09-05T22:28:15.0600000Z,6a9c977e485cab4c954024bc,wenyi090326-3.stratalog.logdata.json
DialogueNodeEvent:10:80,dialogue,1,DialogueEvent,Unit 3 Dev,2026-09-05T22:28:15.3600000Z,2026-09-05T22:28:15.3600000Z,6a9c977f485cab4c954024be,wenyi090326-3.stratalog.logdata.json
DialogueNodeEvent:10:81,dialogue,1,DialogueEvent,Unit 3 Dev,2026-09-05T22:28:16.7600000Z,2026-09-05T22:28:16.7600000Z,6a9c9780485cab4c954024c0,wenyi090326-3.stratalog.logdata.json
DialogueNodeEvent:10:82,dialogue,1,DialogueEvent,Unit 3 Dev,2026-09-05T22:28:17.4270000Z,2026-09-05T22:28:17.4270000Z,6a9c9781485cab4c954024c4,wenyi090326-3.stratalog.logdata.json
DialogueNodeEvent:10:83,dialogue,1,DialogueEvent,Unit 3 Dev,2026-09-05T22:28:17.6940000Z,2026-09-05T22:28:17.6940000Z,6a9c9781485cab4c954024c6,wenyi090326-3.stratalog.logdata.json
DialogueNodeEvent:10:90,dialogue,1,DialogueEvent,Unit 3 Dev,2026-09-05T22:28:19.1950000Z,2026-09-05T22:28:19.1950000Z,6a9c9783485cab4c954024c8,wenyi090326-3.stratalog.logdata.json
DialogueNodeEvent:10:91,dialogue,1,DialogueEvent,Unit 3 Dev,2026-09-05T22:28:19.8620000Z,2026-09-05T22:28:19.8620000Z,6a9c9783485cab4c954024ca,wenyi090326-3.stratalog.logdata.json
DialogueNodeEvent:10:94,dialogue,1,DialogueEvent,Unit 3 Dev,2026-09-05T22:28:20.2290000Z,2026-09-05T22:28:20.2290000Z,6a9c9784485cab4c954024cc,wenyi090326-3.stratalog.logdata.json
DialogueNodeEvent:10:98,dialogue,1,DialogueEvent,Unit 3 Dev,2026-09-05T22:28:22.5630000Z,2026-09-05T22:28:22.5630000Z,6a9c9786485cab4c954024ce,wenyi090326-3.stratalog.logdata.json
DialogueNodeEvent:10:99,dialogue,1,DialogueEvent,Unit 3 Dev,2026-09-05T22:28:23.4630000Z,2026-09-05T22:28:23.4630000Z,6a9c9787485cab4c954024d0,wenyi090326-3.stratalog.logdata.json
DialogueNodeEvent:111:1,dialogue,1,DialogueEvent,Unit 4 Dev - Dungeon,2026-09-05T23:02:43.7740000Z,2026-09-05T23:02:43.7740000Z,6a9c9f93485cab4c95403844,wenyi090326-3.stratalog.logdata.json
DialogueNodeEvent:114:1,dialogue,1,DialogueEvent,Unit 4 Dev,2026-09-05T23:31:37.7990000Z,2026-09-05T23:31:37.7990000Z,6a9ca659485cab4c95404406,wenyi090326-3.stratalog.logdata.json
DialogueNodeEvent:114:2,dialogue,1,DialogueEvent,Unit 4 Dev,2026-09-05T23:31:42.2350000Z,2026-09-05T23:31:42.2350000Z,6a9ca65e485cab4c9540440e,wenyi090326-3.stratalog.logdata.json
DialogueNodeEvent:114:3,dialogue,1,DialogueEvent,Unit 4 Dev,2026-09-05T23:31:44.1030000Z,2026-09-05T23:31:44.1030000Z,6a9ca660485cab4c95404414,wenyi090326-3.stratalog.logdata.json
DialogueNodeEvent:114:4,dialogue,1,DialogueEvent,Unit 4 Dev,2026-09-05T23:31:45.3360000Z,2026-09-05T23:31:45.3360000Z,6a9ca661485cab4c9540441a,wenyi090326-3.stratalog.logdata.json
DialogueNodeEvent:116:1,dialogue,1,DialogueEvent,Unit 5 Dev - Dungeon,2026-09-05T23:52:48.2970000Z,2026-09-05T23:52:48.2970000Z,6a9cab50485cab4c95405026,wenyi090326-3.stratalog.logdata.json
DialogueNodeEvent:116:2,dialogue,1,DialogueEvent,Unit 5 Dev - Dungeon,2026-09-05T23:52:50.0650000Z,2026-09-05T23:52:50.0650000Z,6a9cab51485cab4c9540502c,wenyi090326-3.stratalog.logdata.json
DialogueNodeEvent:116:3,dialogue,1,DialogueEvent,Unit 5 Dev - Dungeon,2026-09-05T23:52:52.0330000Z,2026-09-05T23:52:52.0330000Z,6a9cab53485cab4c95405032,wenyi090326-3.stratalog.logdata.json
DialogueNodeEvent:116:4,dialogue,1,DialogueEvent,Unit 5 Dev - Dungeon,2026-09-05T23:52:53.6510000Z,2026-09-05T23:52:53.6510000Z,6a9cab55485cab4c9540503a,wenyi090326-3.stratalog.logdata.json
DialogueNodeEvent:117:1,dialogue,1,DialogueEvent,Unit 5 Dev,2026-09-05T23:56:57.2140000Z,2026-09-05T23:56:57.2140000Z,6a9cac49485cab4c9540530c,wenyi090326-3.stratalog.logdata.json
DialogueNodeEvent:117:10,dialogue,1,DialogueEvent,Unit 5 Dev,2026-09-05T23:57:03.9850000Z,2026-09-05T23:57:03.9850000Z,6a9cac4f485cab4c95405314,wenyi090326-3.stratalog.logdata.json
DialogueNodeEvent:117:11,dialogue,1,DialogueEvent,Unit 5 Dev,2026-09-05T23:57:08.2530000Z,2026-09-05T23:57:08.2530000Z,6a9cac54485cab4c9540531a,wenyi090326-3.stratalog.logdata.json
DialogueNodeEvent:117:2,dialogue,1,DialogueEvent,Unit 5 Dev,2026-09-05T23:57:10.3550000Z,2026-09-05T23:57:10.3550000Z,6a9cac56485cab4c95405322,wenyi090326-3.stratalog.logdata.json
DialogueNodeEvent:117:3,dialogue,1,DialogueEvent,Unit 5 Dev,2026-09-05T23:57:15.7240000Z,2026-09-05T23:57:15.7240000Z,6a9cac5b485cab4c95405328,wenyi090326-3.stratalog.logdata.json
DialogueNodeEvent:117:5,dialogue,1,DialogueEvent,Unit 5 Dev,2026-09-05T23:57:20.3270000Z,2026-09-05T23:57:20.3270000Z,6a9cac60485cab4c95405338,wenyi090326-3.stratalog.logdata.json
DialogueNodeEvent:117:6,dialogue,1,DialogueEvent,Unit 5 Dev,2026-09-05T23:57:22.3270000Z,2026-09-05T23:57:22.3270000Z,6a9cac62485cab4c9540533e,wenyi090326-3.stratalog.logdata.json
DialogueNodeEvent:117:7,dialogue,2,DialogueEvent,Unit 5 Dev,2026-09-05T23:57:17.7250000Z,2026-09-05T23:57:25.1290000Z,6a9cac5d485cab4c9540532e,wenyi090326-3.stratalog.logdata.json
DialogueNodeEvent:117:8,dialogue,1,DialogueEvent,Unit 5 Dev,2026-09-05T23:57:28.6300000Z,2026-09-05T23:57:28.6300000Z,6a9cac68485cab4c9540534c,wenyi090326-3.stratalog.logdata.json
DialogueNodeEvent:117:9,dialogue,1,DialogueEvent,Unit 5 Dev,2026-09-05T23:57:31.4320000Z,2026-09-05T23:57:31.4320000Z,6a9cac6b485cab4c95405352,wenyi090326-3.stratalog.logdata.json
DialogueNodeEvent:118:1,dialogue,1,DialogueEvent,Unit 5 Dev,2026-09-05T23:58:41.6800000Z,2026-09-05T23:58:41.6800000Z,6a9cacb1485cab4c954053f0,wenyi090326-3.stratalog.logdata.json
DialogueNodeEvent:118:10,dialogue,1,DialogueEvent,Unit 5 Dev,2026-09-05T23:59:14.9630000Z,2026-09-05T23:59:14.9630000Z,6a9cacd2485cab4c9540542c,wenyi090326-3.stratalog.logdata.json
DialogueNodeEvent:118:2,dialogue,1,DialogueEvent,Unit 5 Dev,2026-09-05T23:58:47.7840000Z,2026-09-05T23:58:47.7840000Z,6a9cacb7485cab4c954053f8,wenyi090326-3.stratalog.logdata.json
DialogueNodeEvent:118:3,dialogue,1,DialogueEvent,Unit 5 Dev,2026-09-05T23:58:54.4210000Z,2026-09-05T23:58:54.4210000Z,6a9cacbe485cab4c954053fe,wenyi090326-3.stratalog.logdata.json
DialogueNodeEvent:118:4,dialogue,1,DialogueEvent,Unit 5 Dev,2026-09-05T23:58:55.7880000Z,2026-09-05T23:58:55.7880000Z,6a9cacbf485cab4c95405406,wenyi090326-3.stratalog.logdata.json
DialogueNodeEvent:118:5,dialogue,1,DialogueEvent,Unit 5 Dev,2026-09-05T23:58:58.1220000Z,2026-09-05T23:58:58.1220000Z,6a9cacc1485cab4c9540540c,wenyi090326-3.stratalog.logdata.json
DialogueNodeEvent:118:6,dialogue,1,DialogueEvent,Unit 5 Dev,2026-09-05T23:59:00.5230000Z,2026-09-05T23:59:00.5230000Z,6a9cacc4485cab4c95405412,wenyi090326-3.stratalog.logdata.json
DialogueNodeEvent:118:7,dialogue,1,DialogueEvent,Unit 5 Dev,2026-09-05T23:59:04.2580000Z,2026-09-05T23:59:04.2580000Z,6a9cacc8485cab4c95405418,wenyi090326-3.stratalog.logdata.json
DialogueNodeEvent:118:8,dialogue,1,DialogueEvent,Unit 5 Dev,2026-09-05T23:59:07.2930000Z,2026-09-05T23:59:07.2930000Z,6a9caccb485cab4c95405420,wenyi090326-3.stratalog.logdata.json
DialogueNodeEvent:118:9,dialogue,1,DialogueEvent,Unit 5 Dev,2026-09-05T23:59:14.1630000Z,2026-09-05T23:59:14.1630000Z,6a9cacd2485cab4c95405426,wenyi090326-3.stratalog.logdata.json
DialogueNodeEvent:11:0,dialogue,1,DialogueEvent,Unit 3 Dev,2026-09-05T22:16:57.9420000Z,2026-09-05T22:16:57.9420000Z,6a9c94d9485cab4c95401de4,wenyi090326-3.stratalog.logdata.json
DialogueNodeEvent:11:1,dialogue,1,DialogueEvent,Unit 3 Dev,2026-09-05T22:16:57.9740000Z,2026-09-05T22:16:57.9740000Z,6a9c94d9485cab4c95401de8,wenyi090326-3.stratalog.logdata.json
DialogueNodeEvent:11:10,dialogue,1,DialogueEvent,Unit 3 Dev,2026-09-05T22:17:06.4110000Z,2026-09-05T22:17:06.4110000Z,6a9c94e2485cab4c95401df6,wenyi090326-3.stratalog.logdata.json
DialogueNodeEvent:11:11,dialogue,1,DialogueEvent,Unit 3 Dev,2026-09-05T22:17:06.5800000Z,2026-09-05T22:17:06.5800000Z,6a9c94e2485cab4c95401dfa,wenyi090326-3.stratalog.logdata.json
DialogueNodeEvent:11:12,dialogue,1,DialogueEvent,Unit 3 Dev,2026-09-05T22:19:04.8630000Z,2026-09-05T22:19:04.8630000Z,6a9c9558485cab4c95401e60,wenyi090326-3.stratalog.logdata.json
DialogueNodeEvent:11:13,dialogue,1,DialogueEvent,Unit 3 Dev,2026-09-05T22:19:05.3640000Z,2026-09-05T22:19:05.3640000Z,6a9c9559485cab4c95401e62,wenyi090326-3.stratalog.logdata.json
DialogueNodeEvent:11:14,dialogue,1,DialogueEvent,Unit 3 Dev,2026-09-05T22:19:05.8970000Z,2026-09-05T22:19:05.8970000Z,6a9c9559485cab4c95401e64,wenyi090326-3.stratalog.logdata.json
DialogueNodeEvent:11:15,dialogue,1,DialogueEvent,Unit 3 Dev,2026-09-05T22:19:07.8650000Z,2026-09-05T22:19:07.8650000Z,6a9c955b485cab4c95401e68,wenyi090326-3.stratalog.logdata.json
DialogueNodeEvent:11:18,dialogue,1,DialogueEvent,Unit 3 Dev,2026-09-05T22:19:08.4990000Z,2026-09-05T22:19:08.4990000Z,6a9c955c485cab4c95401e6a,wenyi090326-3.stratalog.logdata.json
DialogueNodeEvent:11:19,dialogue,1,DialogueEvent,Unit 3 Dev,2026-09-05T22:19:16.0020000Z,2026-09-05T22:19:16.0020000Z,6a9c9563485cab4c95401e6c,wenyi090326-3.stratalog.logdata.json
DialogueNodeEvent:11:2,dialogue,1,DialogueEvent,Unit 3 Dev,2026-09-05T22:17:01.0750000Z,2026-09-05T22:17:01.0750000Z,6a9c94dc485cab4c95401dea,wenyi090326-3.stratalog.logdata.json
DialogueNodeEvent:11:21,dialogue,1,DialogueEvent,Unit 3 Dev,2026-09-05T22:19:16.5690000Z,2026-09-05T22:19:16.5690000Z,6a9c9564485cab4c95401e6e,wenyi090326-3.stratalog.logdata.json
DialogueNodeEvent:11:22,dialogue,1,DialogueEvent,Unit 3 Dev,2026-09-05T22:19:16.8430000Z,2026-09-05T22:19:16.8430000Z,6a9c9564485cab4c95401e70,wenyi090326-3.stratalog.logdata.json
DialogueNodeEvent:11:224,dialogue,1,DialogueEvent,Unit 3 Dev,2026-09-05T22:20:21.0650000Z,2026-09-05T22:20:21.0650000Z,6a9c95a4485cab4c95401ea2,wenyi090326-3.stratalog.logdata.json
DialogueNodeEvent:11:226,dialogue,1,DialogueEvent,Unit 3 Dev,2026-09-05T22:20:21.4370000Z,2026-09-05T22:20:21.4370000Z,6a9c95a5485cab4c95401ea6,wenyi090326-3.stratalog.logdata.json
DialogueNodeEvent:11:227,dialogue,1,DialogueEvent,Unit 3 Dev,2026-09-05T22:36:13.1430000Z,2026-09-05T22:36:13.1430000Z,6a9c995c485cab4c9540271a,wenyi090326-3.stratalog.logdata.json
DialogueNodeEvent:11:228,dialogue,1,DialogueEvent,Unit 3 Dev,2026-09-05T22:36:14.1440000Z,2026-09-05T22:36:14.1440000Z,6a9c995d485cab4c9540271e,wenyi090326-3.stratalog.logdata.json
DialogueNodeEvent:11:229,dialogue,1,DialogueEvent,Unit 3 Dev,2026-09-05T22:36:14.5430000Z,2026-09-05T22:36:14.5430000Z,6a9c995e485cab4c95402720,wenyi090326-3.stratalog.logdata.json
DialogueNodeEvent:11:23,dialogue,1,DialogueEvent,Unit 3 Dev,2026-09-05T22:20:37.6240000Z,2026-09-05T22:20:37.6240000Z,6a9c95b5485cab4c95401ed8,wenyi090326-3.stratalog.logdata.json
DialogueNodeEvent:11:230,dialogue,6,DialogueEvent,Unit 3 Dev,2026-09-05T22:21:34.8480000Z,2026-09-05T22:26:54.6890000Z,6a9c95ee485cab4c95401f8c,wenyi090326-3.stratalog.logdata.json
DialogueNodeEvent:11:24,dialogue,1,DialogueEvent,Unit 3 Dev,2026-09-05T22:21:05.0700000Z,2026-09-05T22:21:05.0700000Z,6a9c95d0485cab4c95401f34,wenyi090326-3.stratalog.logdata.json
DialogueNodeEvent:11:25,dialogue,13,DialogueEvent,Unit 3 Dev,2026-09-05T22:22:55.4150000Z,2026-09-05T22:27:12.6980000Z,6a9c963f485cab4c9540208e,wenyi090326-3.stratalog.logdata.json
DialogueNodeEvent:11:26,dialogue,8,DialogueEvent,Unit 3 Dev,2026-09-05T22:21:25.6770000Z,2026-09-05T22:26:50.1200000Z,6a9c95e5485cab4c95401f72,wenyi090326-3.stratalog.logdata.json
DialogueNodeEvent:11:27,dialogue,13,DialogueEvent,Unit 3 Dev,2026-09-05T22:22:08.5950000Z,2026-09-05T22:27:02.1930000Z,6a9c9610485cab4c95401ffc,wenyi090326-3.stratalog.logdata.json
DialogueNodeEvent:11:28,dialogue,2,DialogueEvent,Unit 3 Dev,2026-09-05T22:23:03.3530000Z,2026-09-05T22:27:16.8000000Z,6a9c9647485cab4c954020aa,wenyi090326-3.stratalog.logdata.json
DialogueNodeEvent:11:29,dialogue,16,DialogueEvent,Unit 3 Dev,2026-09-05T22:21:49.0190000Z,2026-09-05T22:26:03.2660000Z,6a9c95fc485cab4c95401fb8,wenyi090326-3.stratalog.logdata.json
DialogueNodeEvent:11:31,dialogue,1,DialogueEvent,Unit 3 Dev,2026-09-05T22:26:12.3710000Z,2026-09-05T22:26:12.3710000Z,6a9c9704485cab4c9540235e,wenyi090326-3.stratalog.logdata.json
DialogueNodeEvent:11:34,dialogue,1,DialogueEvent,Unit 3 Dev,2026-09-05T22:27:40.4800000Z,2026-09-05T22:27:40.4800000Z,6a9c975c485cab4c9540249c,wenyi090326-3.stratalog.logdata.json
DialogueNodeEvent:11:35,dialogue,1,DialogueEvent,Unit 3 Dev,2026-09-05T22:36:07.7400000Z,2026-09-05T22:36:07.7400000Z,6a9c9957485cab4c9540270c,wenyi090326-3.stratalog.logdata.json
DialogueNodeEvent:11:36,dialogue,1,DialogueEvent,Unit 3 Dev,2026-09-05T22:36:09.3740000Z,2026-09-05T22:36:09.3740000Z,6a9c9959485cab4c95402710,wenyi090326-3.stratalog.logdata.json
DialogueNodeEvent:11:4,dialogue,1,DialogueEvent,Unit 3 Dev,2026-09-05T22:17:01.6420000Z,2026-09-05T22:17:01.6420000Z,6a9c94dd485cab4c95401dec,wenyi090326-3.stratalog.logdata.json
DialogueNodeEvent:11:6,dialogue,1,DialogueEvent,Unit 3 Dev,2026-09-05T22:17:03.9430000Z,2026-09-05T22:17:03.9430000Z,6a9c94df485cab4c95401df0,wenyi090326-3.stratalog.logdata.json
DialogueNodeEvent:11:7,dialogue,1,DialogueEvent,Unit 3 Dev,2026-09-05T22:17:04.4430000Z,2026-09-05T22:17:04.4430000Z,6a9c94e0485cab4c95401df2,wenyi090326-3.stratalog.logdata.json
DialogueNodeEvent:11:8,dialogue,1,DialogueEvent,Unit 3 Dev,2026-09-05T22:17:05.6440000Z,2026-09-05T22:17:05.6440000Z,6a9c94e1485cab4c95401df4,wenyi090326-3.stratalog.logdata.json
DialogueNodeEvent:12:11,dialogue,1,DialogueEvent,Unit 3 Dev,2026-09-05T22:34:35.5040000Z,2026-09-05T22:34:35.5040000Z,6a9c98fb485cab4c954026c4,wenyi090326-3.stratalog.logdata.json
DialogueNodeEvent:13:1,dialogue,1,DialogueEvent,Unit 3 Dev,2026-09-05T22:34:16.3910000Z,2026-09-05T22:34:16.3910000Z,6a9c98e8485cab4c954026a8,wenyi090326-3.stratalog.logdata.json
DialogueNodeEvent:15:13,dialogue,1,DialogueEvent,Unit 3 Dev,2026-09-05T22:34:54.1070000Z,2026-09-05T22:34:54.1070000Z,6a9c990d485cab4c954026d8,wenyi090326-3.stratalog.logdata.json
DialogueNodeEvent:15:14,dialogue,1,DialogueEvent,Unit 3 Dev,2026-09-05T22:34:54.4400000Z,2026-09-05T22:34:54.4400000Z,6a9c990e485cab4c954026da,wenyi090326-3.stratalog.logdata.json
DialogueNodeEvent:15:15,dialogue,1,DialogueEvent,Unit 3 Dev,2026-09-05T22:34:54.8160000Z,2026-09-05T22:34:54.8160000Z,6a9c990e485cab4c954026de,wenyi090326-3.stratalog.logdata.json
DialogueNodeEvent:15:3,dialogue,2,DialogueEvent,Unit 3 Dev,2026-09-05T22:34:38.5340000Z,2026-09-05T22:34:49.5060000Z,6a9c98fe485cab4c954026ca,wenyi090326-3.stratalog.logdata.json
DialogueNodeEvent:15:7,dialogue,1,DialogueEvent,Unit 3 Dev,2026-09-05T22:34:52.9400000Z,2026-09-05T22:34:52.9400000Z,6a9c990c485cab4c954026d6,wenyi090326-3.stratalog.logdata.json
DialogueNodeEvent:16:3,dialogue,1,DialogueEvent,Unit 2 Prod (Refactor),2026-09-05T21:35:54.5440000Z,2026-09-05T21:35:54.5440000Z,6a9c8b3a485cab4c954001c4,wenyi090326-3.stratalog.logdata.json
DialogueNodeEvent:17:17,dialogue,1,DialogueEvent,Unit 2 Prod (Refactor),2026-09-05T21:36:50.9810000Z,2026-09-05T21:36:50.9810000Z,6a9c8b72485cab4c9540020e,wenyi090326-3.stratalog.logdata.json
DialogueNodeEvent:17:19,dialogue,1,DialogueEvent,Unit 2 Prod (Refactor),2026-09-05T21:36:53.1500000Z,2026-09-05T21:36:53.1500000Z,6a9c8b74485cab4c95400214,wenyi090326-3.stratalog.logdata.json
DialogueNodeEvent:17:20,dialogue,1,DialogueEvent,Unit 2 Prod (Refactor),2026-09-05T21:36:59.7190000Z,2026-09-05T21:36:59.7190000Z,6a9c8b7b485cab4c9540021e,wenyi090326-3.stratalog.logdata.json
DialogueNodeEvent:17:22,dialogue,1,DialogueEvent,Unit 2 Prod (Refactor),2026-09-05T21:37:00.8520000Z,2026-09-05T21:37:00.8520000Z,6a9c8b7c485cab4c95400222,wenyi090326-3.stratalog.logdata.json
DialogueNodeEvent:17:26,dialogue,1,DialogueEvent,Unit 2 Prod (Refactor),2026-09-05T21:37:02.2530000Z,2026-09-05T21:37:02.2530000Z,6a9c8b7d485cab4c95400224,wenyi090326-3.stratalog.logdata.json
DialogueNodeEvent:18:1,dialogue,1,DialogueEvent,Unit 2 Prod (Refactor),2026-09-05T21:36:28.4590000Z,2026-09-05T21:36:28.4590000Z,6a9c8b5c485cab4c954001dc,wenyi090326-3.stratalog.logdata.json
DialogueNodeEvent:18:10,dialogue,1,DialogueEvent,Unit 2 Prod (Refactor),2026-09-05T21:36:35.6060000Z,2026-09-05T21:36:35.6060000Z,6a9c8b63485cab4c954001ee,wenyi090326-3.stratalog.logdata.json
DialogueNodeEvent:18:102,dialogue,1,DialogueEvent,Unit 2 Prod (Refactor),2026-09-05T21:52:38.8230000Z,2026-09-05T21:52:38.8230000Z,6a9c8f26485cab4c95400b82,wenyi090326-3.stratalog.logdata.json
DialogueNodeEvent:18:103,dialogue,1,DialogueEvent,Unit 2 Prod (Refactor),2026-09-05T21:52:42.3570000Z,2026-09-05T21:52:42.3570000Z,6a9c8f2a485cab4c95400b88,wenyi090326-3.stratalog.logdata.json
DialogueNodeEvent:18:105,dialogue,1,DialogueEvent,Unit 2 Prod (Refactor),2026-09-05T21:52:43.0590000Z,2026-09-05T21:52:43.0590000Z,6a9c8f2a485cab4c95400b8c,wenyi090326-3.stratalog.logdata.json
DialogueNodeEvent:18:109,dialogue,1,DialogueEvent,Unit 2 Prod (Refactor),2026-09-05T21:53:05.2680000Z,2026-09-05T21:53:05.2680000Z,6a9c8f41485cab4c95400bca,wenyi090326-3.stratalog.logdata.json
DialogueNodeEvent:18:110,dialogue,1,DialogueEvent,Unit 2 Prod (Refactor),2026-09-05T21:53:07.4700000Z,2026-09-05T21:53:07.4700000Z,6a9c8f43485cab4c95400bce,wenyi090326-3.stratalog.logdata.json
DialogueNodeEvent:18:112,dialogue,1,DialogueEvent,Unit 2 Prod (Refactor),2026-09-05T21:53:11.2710000Z,2026-09-05T21:53:11.2710000Z,6a9c8f47485cab4c95400bda,wenyi090326-3.stratalog.logdata.json
DialogueNodeEvent:18:113,dialogue,1,DialogueEvent,Unit 2 Prod (Refactor),2026-09-05T21:53:26.4790000Z,2026-09-05T21:53:26.4790000Z,6a9c8f56485cab4c95400bea,wenyi090326-3.stratalog.logdata.json
DialogueNodeEvent:18:114,dialogue,1,DialogueEvent,Unit 2 Prod (Refactor),2026-09-05T21:53:30.4140000Z,2026-09-05T21:53:30.4140000Z,6a9c8f5a485cab4c95400bf0,wenyi090326-3.stratalog.logdata.json
DialogueNodeEvent:18:116,dialogue,1,DialogueEvent,Unit 2 Prod (Refactor),2026-09-05T21:53:51.9950000Z,2026-09-05T21:53:51.9950000Z,6a9c8f6f485cab4c95400c10,wenyi090326-3.stratalog.logdata.json
DialogueNodeEvent:18:117,dialogue,1,DialogueEvent,Unit 2 Prod (Refactor),2026-09-05T21:53:55.8900000Z,2026-09-05T21:53:55.8900000Z,6a9c8f73485cab4c95400c38,wenyi090326-3.stratalog.logdata.json
DialogueNodeEvent:18:118,dialogue,1,DialogueEvent,Unit 2 Prod (Refactor),2026-09-05T21:55:00.1500000Z,2026-09-05T21:55:00.1500000Z,6a9c8fb3485cab4c95400c5e,wenyi090326-3.stratalog.logdata.json
DialogueNodeEvent:18:120,dialogue,1,DialogueEvent,Unit 2 Prod (Refactor),2026-09-05T22:05:28.1890000Z,2026-09-05T22:05:28.1890000Z,6a9c9228485cab4c954019a0,wenyi090326-3.stratalog.logdata.json
DialogueNodeEvent:18:121,dialogue,1,DialogueEvent,Unit 2 Prod (Refactor),2026-09-05T22:05:31.3900000Z,2026-09-05T22:05:31.3900000Z,6a9c922b485cab4c954019a4,wenyi090326-3.stratalog.logdata.json
DialogueNodeEvent:18:122,dialogue,1,DialogueEvent,Unit 2 Prod (Refactor),2026-09-05T22:05:40.5910000Z,2026-09-05T22:05:40.5910000Z,6a9c9234485cab4c954019a8,wenyi090326-3.stratalog.logdata.json
DialogueNodeEvent:18:124,dialogue,1,DialogueEvent,Unit 2 Prod (Refactor),2026-09-05T22:05:41.4920000Z,2026-09-05T22:05:41.4920000Z,6a9c9235485cab4c954019aa,wenyi090326-3.stratalog.logdata.json
DialogueNodeEvent:18:125,dialogue,1,DialogueEvent,Unit 2 Prod (Refactor),2026-09-05T22:05:41.8920000Z,2026-09-05T22:05:41.8920000Z,6a9c9235485cab4c954019ac,wenyi090326-3.stratalog.logdata.json
DialogueNodeEvent:18:127,dialogue,1,DialogueEvent,Unit 2 Prod (Refactor),2026-09-05T22:05:42.3620000Z,2026-09-05T22:05:42.3620000Z,6a9c9236485cab4c954019b0,wenyi090326-3.stratalog.logdata.json
DialogueNodeEvent:18:128,dialogue,1,DialogueEvent,Unit 2 Prod (Refactor),2026-09-05T22:05:45.5620000Z,2026-09-05T22:05:45.5620000Z,6a9c9239485cab4c954019b6,wenyi090326-3.stratalog.logdata.json
DialogueNodeEvent:18:130,dialogue,1,DialogueEvent,Unit 2 Prod (Refactor),2026-09-05T22:05:46.1360000Z,2026-09-05T22:05:46.1360000Z,6a9c9239485cab4c954019b8,wenyi090326-3.stratalog.logdata.json
DialogueNodeEvent:18:136,dialogue,1,DialogueEvent,Unit 2 Prod (Refactor),2026-09-05T22:06:52.3250000Z,2026-09-05T22:06:52.3250000Z,6a9c927c485cab4c95401a42,wenyi090326-3.stratalog.logdata.json
DialogueNodeEvent:18:137,dialogue,1,DialogueEvent,Unit 2 Prod (Refactor),2026-09-05T22:06:55.1240000Z,2026-09-05T22:06:55.1240000Z,6a9c927e485cab4c95401a46,wenyi090326-3.stratalog.logdata.json
DialogueNodeEvent:18:139,dialogue,1,DialogueEvent,Unit 2 Prod (Refactor),2026-09-05T22:06:56.2580000Z,2026-09-05T22:06:56.2580000Z,6a9c9280485cab4c95401a48,wenyi090326-3.stratalog.logdata.json
DialogueNodeEvent:18:141,dialogue,1,DialogueEvent,Unit 2 Prod (Refactor),2026-09-05T22:06:56.6260000Z,2026-09-05T22:06:56.6260000Z,6a9c9280485cab4c95401a4a,wenyi090326-3.stratalog.logdata.json
DialogueNodeEvent:18:142,dialogue,1,DialogueEvent,Unit 2 Prod (Refactor),2026-09-05T22:07:03.0950000Z,2026-09-05T22:07:03.0950000Z,6a9c9286485cab4c95401a5e,wenyi090326-3.stratalog.logdata.json
DialogueNodeEvent:18:143,dialogue,1,DialogueEvent,Unit 2 Prod (Refactor),2026-09-05T22:07:05.3950000Z,2026-09-05T22:07:05.3950000Z,6a9c9289485cab4c95401a62,wenyi090326-3.stratalog.logdata.json
DialogueNodeEvent:18:145,dialogue,1,DialogueEvent,Unit 2 Prod (Refactor),2026-09-05T22:07:05.9960000Z,2026-09-05T22:07:05.9960000Z,6a9c9289485cab4c95401a64,wenyi090326-3.stratalog.logdata.json
DialogueNodeEvent:18:146,dialogue,1,DialogueEvent,Unit 2 Prod (Refactor),2026-09-05T22:07:07.5650000Z,2026-09-05T22:07:07.5650000Z,6a9c928b485cab4c95401a70,wenyi090326-3.stratalog.logdata.json
DialogueNodeEvent:18:147,dialogue,1,DialogueEvent,Unit 2 Prod (Refactor),2026-09-05T22:07:09.6980000Z,2026-09-05T22:07:09.6980000Z,6a9c928d485cab4c95401a76,wenyi090326-3.stratalog.logdata.json
DialogueNodeEvent:18:149,dialogue,1,DialogueEvent,Unit 2 Prod (Refactor),2026-09-05T22:07:10.4660000Z,2026-09-05T22:07:10.4660000Z,6a9c928e485cab4c95401a78,wenyi090326-3.stratalog.logdata.json
DialogueNodeEvent:18:150,dialogue,1,DialogueEvent,Unit 2 Prod (Refactor),2026-09-05T22:07:18.4020000Z,2026-09-05T22:07:18.4020000Z,6a9c9296485cab4c95401a7e,wenyi090326-3.stratalog.logdata.json
DialogueNodeEvent:18:151,dialogue,1,DialogueEvent,Unit 2 Prod (Refactor),2026-09-05T22:07:21.7030000Z,2026-09-05T22:07:21.7030000Z,6a9c9299485cab4c95401a84,wenyi090326-3.stratalog.logdata.json
DialogueNodeEvent:18:153,dialogue,1,DialogueEvent,Unit 2 Prod (Refactor),2026-09-05T22:07:22.4070000Z,2026-09-05T22:07:22.4070000Z,6a9c929a485cab4c95401a86,wenyi090326-3.stratalog.logdata.json
DialogueNodeEvent:18:154,dialogue,1,DialogueEvent,Unit 2 Prod (Refactor),2026-09-05T22:07:32.9280000Z,2026-09-05T22:07:32.9280000Z,6a9c92a4485cab4c95401aaa,wenyi090326-3.stratalog.logdata.json
DialogueNodeEvent:18:155,dialogue,1,DialogueEvent,Unit 2 Prod (Refactor),2026-09-05T22:07:33.9260000Z,2026-09-05T22:07:33.9260000Z,6a9c92a5485cab4c95401aae,wenyi090326-3.stratalog.logdata.json
DialogueNodeEvent:18:156,dialogue,1,DialogueEvent,Unit 2 Prod (Refactor),2026-09-05T22:07:35.4930000Z,2026-09-05T22:07:35.4930000Z,6a9c92a7485cab4c95401ab0,wenyi090326-3.stratalog.logdata.json
DialogueNodeEvent:18:158,dialogue,1,DialogueEvent,Unit 2 Prod (Refactor),2026-09-05T22:07:37.2960000Z,2026-09-05T22:07:37.2960000Z,6a9c92a9485cab4c95401ab2,wenyi090326-3.stratalog.logdata.json
DialogueNodeEvent:18:159,dialogue,1,DialogueEvent,Unit 2 Prod (Refactor),2026-09-05T22:08:11.7740000Z,2026-09-05T22:08:11.7740000Z,6a9c92cb485cab4c95401af4,wenyi090326-3.stratalog.logdata.json
DialogueNodeEvent:18:160,dialogue,1,DialogueEvent,Unit 2 Prod (Refactor),2026-09-05T22:08:14.2090000Z,2026-09-05T22:08:14.2090000Z,6a9c92ce485cab4c95401af8,wenyi090326-3.stratalog.logdata.json
DialogueNodeEvent:18:162,dialogue,1,DialogueEvent,Unit 2 Prod (Refactor),2026-09-05T22:08:18.7780000Z,2026-09-05T22:08:18.7780000Z,6a9c92d2485cab4c95401afa,wenyi090326-3.stratalog.logdata.json
DialogueNodeEvent:18:163,dialogue,1,DialogueEvent,Unit 2 Prod (Refactor),2026-09-05T22:08:20.2800000Z,2026-09-05T22:08:20.2800000Z,6a9c92d4485cab4c95401b06,wenyi090326-3.stratalog.logdata.json
DialogueNodeEvent:18:164,dialogue,1,DialogueEvent,Unit 2 Prod (Refactor),2026-09-05T22:08:22.9130000Z,2026-09-05T22:08:22.9130000Z,6a9c92d6485cab4c95401b0a,wenyi090326-3.stratalog.logdata.json
DialogueNodeEvent:18:166,dialogue,1,DialogueEvent,Unit 2 Prod (Refactor),2026-09-05T22:08:23.5810000Z,2026-09-05T22:08:23.5810000Z,6a9c92d7485cab4c95401b0c,wenyi090326-3.stratalog.logdata.json
DialogueNodeEvent:18:167,dialogue,1,DialogueEvent,Unit 2 Prod (Refactor),2026-09-05T22:08:31.7200000Z,2026-09-05T22:08:31.7200000Z,6a9c92df485cab4c95401b1c,wenyi090326-3.stratalog.logdata.json
DialogueNodeEvent:18:169,dialogue,1,DialogueEvent,Unit 2 Prod (Refactor),2026-09-05T22:08:45.3910000Z,2026-09-05T22:08:45.3910000Z,6a9c92ed485cab4c95401b46,wenyi090326-3.stratalog.logdata.json
DialogueNodeEvent:18:170,dialogue,1,DialogueEvent,Unit 2 Prod (Refactor),2026-09-05T22:08:46.6220000Z,2026-09-05T22:08:46.6220000Z,6a9c92ee485cab4c95401b4a,wenyi090326-3.stratalog.logdata.json
DialogueNodeEvent:18:173,dialogue,1,DialogueEvent,Unit 2 Prod (Refactor),2026-09-05T22:08:47.0230000Z,2026-09-05T22:08:47.0230000Z,6a9c92ee485cab4c95401b4c,wenyi090326-3.stratalog.logdata.json
DialogueNodeEvent:18:174,dialogue,1,DialogueEvent,Unit 2 Prod (Refactor),2026-09-05T22:08:47.6230000Z,2026-09-05T22:08:47.6230000Z,6a9c92ef485cab4c95401b4e,wenyi090326-3.stratalog.logdata.json
DialogueNodeEvent:18:175,dialogue,1,DialogueEvent,Unit 2 Prod (Refactor),2026-09-05T22:08:49.3910000Z,2026-09-05T22:08:49.3910000Z,6a9c92f1485cab4c95401b50,wenyi090326-3.stratalog.logdata.json
DialogueNodeEvent:18:176,dialogue,1,DialogueEvent,Unit 2 Prod (Refactor),2026-09-05T22:08:50.0320000Z,2026-09-05T22:08:50.0320000Z,6a9c92f1485cab4c95401b54,wenyi090326-3.stratalog.logdata.json
DialogueNodeEvent:18:179,dialogue,1,DialogueEvent,Unit 2 Prod (Refactor),2026-09-05T21:37:48.6370000Z,2026-09-05T21:37:48.6370000Z,6a9c8bac485cab4c95400288,wenyi090326-3.stratalog.logdata.json
DialogueNodeEvent:18:2,dialogue,1,DialogueEvent,Unit 2 Prod (Refactor),2026-09-05T21:36:30.8250000Z,2026-09-05T21:36:30.8250000Z,6a9c8b5e485cab4c954001e0,wenyi090326-3.stratalog.logdata.json
DialogueNodeEvent:18:209,dialogue,1,DialogueEvent,Unit 2 Prod (Refactor),2026-09-05T21:41:16.8080000Z,2026-09-05T21:41:16.8080000Z,6a9c8c7c485cab4c95400870,wenyi090326-3.stratalog.logdata.json
DialogueNodeEvent:18:21,dialogue,1,DialogueEvent,Unit 2 Prod (Refactor),2026-09-05T21:37:06.0230000Z,2026-09-05T21:37:06.0230000Z,6a9c8b81485cab4c9540023e,wenyi090326-3.stratalog.logdata.json
DialogueNodeEvent:18:210,dialogue,1,DialogueEvent,Unit 2 Prod (Refactor),2026-09-05T21:41:18.2090000Z,2026-09-05T21:41:18.2090000Z,6a9c8c7d485cab4c95400872,wenyi090326-3.stratalog.logdata.json
DialogueNodeEvent:18:22,dialogue,1,DialogueEvent,Unit 2 Prod (Refactor),2026-09-05T21:37:08.0890000Z,2026-09-05T21:37:08.0890000Z,6a9c8b83485cab4c95400242,wenyi090326-3.stratalog.logdata.json
DialogueNodeEvent:18:231,dialogue,1,DialogueEvent,Unit 2 Prod (Refactor),2026-09-05T21:48:10.6110000Z,2026-09-05T21:48:10.6110000Z,6a9c8e1a485cab4c95400aee,wenyi090326-3.stratalog.logdata.json
DialogueNodeEvent:18:24,dialogue,1,DialogueEvent,Unit 2 Prod (Refactor),2026-09-05T21:37:12.1570000Z,2026-09-05T21:37:12.1570000Z,6a9c8b87485cab4c9540024c,wenyi090326-3.stratalog.logdata.json
DialogueNodeEvent:18:243,dialogue,1,DialogueEvent,Unit 2 Prod (Refactor),2026-09-05T21:53:57.0230000Z,2026-09-05T21:53:57.0230000Z,6a9c8f74485cab4c95400c3e,wenyi090326-3.stratalog.logdata.json
DialogueNodeEvent:18:25,dialogue,1,DialogueEvent,Unit 2 Prod (Refactor),2026-09-05T21:37:14.4920000Z,2026-09-05T21:37:14.4920000Z,6a9c8b8a485cab4c95400252,wenyi090326-3.stratalog.logdata.json
DialogueNodeEvent:18:269,dialogue,1,DialogueEvent,Unit 2 Prod (Refactor),2026-09-05T21:37:39.8000000Z,2026-09-05T21:37:39.8000000Z,6a9c8ba3485cab4c95400270,wenyi090326-3.stratalog.logdata.json
DialogueNodeEvent:18:271,dialogue,1,DialogueEvent,Unit 2 Prod (Refactor),2026-09-05T21:37:40.4330000Z,2026-09-05T21:37:40.4330000Z,6a9c8ba4485cab4c95400272,wenyi090326-3.stratalog.logdata.json
DialogueNodeEvent:18:273,dialogue,1,DialogueEvent,Unit 2 Prod (Refactor),2026-09-05T21:37:40.7670000Z,2026-09-05T21:37:40.7670000Z,6a9c8ba4485cab4c95400274,wenyi090326-3.stratalog.logdata.json
DialogueNodeEvent:18:274,dialogue,1,DialogueEvent,Unit 2 Prod (Refactor),2026-09-05T21:53:08.4360000Z,2026-09-05T21:53:08.4360000Z,6a9c8f44485cab4c95400bd0,wenyi090326-3.stratalog.logdata.json
DialogueNodeEvent:18:276,dialogue,1,DialogueEvent,Unit 2 Prod (Refactor),2026-09-05T21:53:31.1800000Z,2026-09-05T21:53:31.1800000Z,6a9c8f5a485cab4c95400bf2,wenyi090326-3.stratalog.logdata.json
DialogueNodeEvent:18:277,dialogue,1,DialogueEvent,Unit 2 Prod (Refactor),2026-09-05T21:53:32.5800000Z,2026-09-05T21:53:32.5800000Z,6a9c8f5c485cab4c95400bf4,wenyi090326-3.stratalog.logdata.json
DialogueNodeEvent:18:279,dialogue,1,DialogueEvent,Unit 2 Prod (Refactor),2026-09-05T21:53:33.7140000Z,2026-09-05T21:53:33.7140000Z,6a9c8f5d485cab4c95400bf6,wenyi090326-3.stratalog.logdata.json
DialogueNodeEvent:18:280,dialogue,1,DialogueEvent,Unit 2 Prod (Refactor),2026-09-05T21:41:07.0710000Z,2026-09-05T21:41:07.0710000Z,6a9c8c72485cab4c95400854,wenyi090326-3.stratalog.logdata.json
DialogueNodeEvent:18:281,dialogue,1,DialogueEvent,Unit 2 Prod (Refactor),2026-09-05T21:41:14.1410000Z,2026-09-05T21:41:14.1410000Z,6a9c8c79485cab4c9540086c,wenyi090326-3.stratalog.logdata.json
DialogueNodeEvent:18:282,dialogue,1,DialogueEvent,Unit 2 Prod (Refactor),2026-09-05T21:41:13.7070000Z,2026-09-05T21:41:13.7070000Z,6a9c8c79485cab4c9540086a,wenyi090326-3.stratalog.logdata.json
DialogueNodeEvent:18:283,dialogue,1,DialogueEvent,Unit 2 Prod (Refactor),2026-09-05T21:41:47.9620000Z,2026-09-05T21:41:47.9620000Z,6a9c8c9b485cab4c9540089a,wenyi090326-3.stratalog.logdata.json
DialogueNodeEvent:18:284,dialogue,1,DialogueEvent,Unit 2 Prod (Refactor),2026-09-05T22:08:50.2600000Z,2026-09-05T22:08:50.2600000Z,6a9c92f2485cab4c95401b56,wenyi090326-3.stratalog.logdata.json
DialogueNodeEvent:18:287,dialogue,1,DialogueEvent,Unit 2 Prod (Refactor),2026-09-05T21:46:27.8700000Z,2026-09-05T21:46:27.8700000Z,6a9c8db3485cab4c95400a9a,wenyi090326-3.stratalog.logdata.json
DialogueNodeEvent:18:289,dialogue,1,DialogueEvent,Unit 2 Prod (Refactor),2026-09-05T21:46:30.3040000Z,2026-09-05T21:46:30.3040000Z,6a9c8db6485cab4c95400aa2,wenyi090326-3.stratalog.logdata.json
DialogueNodeEvent:18:290,dialogue,1,DialogueEvent,Unit 2 Prod (Refactor),2026-09-05T22:05:44.1270000Z,2026-09-05T22:05:44.1270000Z,6a9c9237485cab4c954019b2,wenyi090326-3.stratalog.logdata.json
DialogueNodeEvent:18:33,dialogue,1,DialogueEvent,Unit 2 Prod (Refactor),2026-09-05T21:37:31.6340000Z,2026-09-05T21:37:31.6340000Z,6a9c8b9b485cab4c9540025a,wenyi090326-3.stratalog.logdata.json
DialogueNodeEvent:18:34,dialogue,1,DialogueEvent,Unit 2 Prod (Refactor),2026-09-05T21:37:34.6690000Z,2026-09-05T21:37:34.6690000Z,6a9c8b9e485cab4c95400260,wenyi090326-3.stratalog.logdata.json
DialogueNodeEvent:18:35,dialogue,1,DialogueEvent,Unit 2 Prod (Refactor),2026-09-05T21:37:35.0350000Z,2026-09-05T21:37:35.0350000Z,6a9c8b9e485cab4c95400264,wenyi090326-3.stratalog.logdata.json
DialogueNodeEvent:18:36,dialogue,1,DialogueEvent,Unit 2 Prod (Refactor),2026-09-05T21:37:36.0020000Z,2026-09-05T21:37:36.0020000Z,6a9c8b9f485cab4c95400266,wenyi090326-3.stratalog.logdata.json
DialogueNodeEvent:18:37,dialogue,1,DialogueEvent,Unit 2 Prod (Refactor),2026-09-05T21:37:37.4030000Z,2026-09-05T21:37:37.4030000Z,6a9c8ba1485cab4c95400268,wenyi090326-3.stratalog.logdata.json
DialogueNodeEvent:18:38,dialogue,1,DialogueEvent,Unit 2 Prod (Refactor),2026-09-05T21:37:38.0330000Z,2026-09-05T21:37:38.0330000Z,6a9c8ba1485cab4c9540026a,wenyi090326-3.stratalog.logdata.json
DialogueNodeEvent:18:39,dialogue,1,DialogueEvent,Unit 2 Prod (Refactor),2026-09-05T21:37:38.0340000Z,2026-09-05T21:37:38.0340000Z,6a9c8ba1485cab4c9540026c,wenyi090326-3.stratalog.logdata.json
DialogueNodeEvent:18:4,dialogue,1,DialogueEvent,Unit 2 Prod (Refactor),2026-09-05T21:36:31.4580000Z,2026-09-05T21:36:31.4580000Z,6a9c8b5f485cab4c954001e2,wenyi090326-3.stratalog.logdata.json
DialogueNodeEvent:18:41,dialogue,1,DialogueEvent,Unit 2 Prod (Refactor),2026-09-05T21:39:43.8870000Z,2026-09-05T21:39:43.8870000Z,6a9c8c1f485cab4c95400808,wenyi090326-3.stratalog.logdata.json
DialogueNodeEvent:18:47,dialogue,1,DialogueEvent,Unit 2 Prod (Refactor),2026-09-05T21:39:49.9040000Z,2026-09-05T21:39:49.9040000Z,6a9c8c25485cab4c9540080e,wenyi090326-3.stratalog.logdata.json
DialogueNodeEvent:18:5,dialogue,1,DialogueEvent,Unit 2 Prod (Refactor),2026-09-05T21:36:32.9590000Z,2026-09-05T21:36:32.9590000Z,6a9c8b60485cab4c954001e4,wenyi090326-3.stratalog.logdata.json
DialogueNodeEvent:18:56,dialogue,1,DialogueEvent,Unit 2 Prod (Refactor),2026-09-05T21:40:44.0950000Z,2026-09-05T21:40:44.0950000Z,6a9c8c5b485cab4c95400844,wenyi090326-3.stratalog.logdata.json
DialogueNodeEvent:18:59,dialogue,1,DialogueEvent,Unit 2 Prod (Refactor),2026-09-05T21:41:00.5680000Z,2026-09-05T21:41:00.5680000Z,6a9c8c6c485cab4c9540084c,wenyi090326-3.stratalog.logdata.json
DialogueNodeEvent:18:60,dialogue,1,DialogueEvent,Unit 2 Prod (Refactor),2026-09-05T21:41:07.3370000Z,2026-09-05T21:41:07.3370000Z,6a9c8c73485cab4c95400858,wenyi090326-3.stratalog.logdata.json
DialogueNodeEvent:18:62,dialogue,1,DialogueEvent,Unit 2 Prod (Refactor),2026-09-05T21:41:09.1380000Z,2026-09-05T21:41:09.1380000Z,6a9c8c74485cab4c9540085a,wenyi090326-3.stratalog.logdata.json
DialogueNodeEvent:18:64,dialogue,1,DialogueEvent,Unit 2 Prod (Refactor),2026-09-05T21:41:09.5050000Z,2026-09-05T21:41:09.5050000Z,6a9c8c75485cab4c9540085c,wenyi090326-3.stratalog.logdata.json
DialogueNodeEvent:18:65,dialogue,1,DialogueEvent,Unit 2 Prod (Refactor),2026-09-05T21:41:09.9050000Z,2026-09-05T21:41:09.9050000Z,6a9c8c75485cab4c9540085e,wenyi090326-3.stratalog.logdata.json
DialogueNodeEvent:18:67,dialogue,1,DialogueEvent,Unit 2 Prod (Refactor),2026-09-05T21:41:11.7060000Z,2026-09-05T21:41:11.7060000Z,6a9c8c77485cab4c95400860,wenyi090326-3.stratalog.logdata.json
DialogueNodeEvent:18:68,dialogue,1,DialogueEvent,Unit 2 Prod (Refactor),2026-09-05T21:41:12.3730000Z,2026-09-05T21:41:12.3730000Z,6a9c8c78485cab4c95400862,wenyi090326-3.stratalog.logdata.json
DialogueNodeEvent:18:69,dialogue,1,DialogueEvent,Unit 2 Prod (Refactor),2026-09-05T21:41:12.7070000Z,2026-09-05T21:41:12.7070000Z,6a9c8c78485cab4c95400864,wenyi090326-3.stratalog.logdata.json
DialogueNodeEvent:18:7,dialogue,1,DialogueEvent,Unit 2 Prod (Refactor),2026-09-05T21:36:33.7930000Z,2026-09-05T21:36:33.7930000Z,6a9c8b61485cab4c954001e8,wenyi090326-3.stratalog.logdata.json
DialogueNodeEvent:18:71,dialogue,1,DialogueEvent,Unit 2 Prod (Refactor),2026-09-05T21:41:13.2730000Z,2026-09-05T21:41:13.2730000Z,6a9c8c79485cab4c95400866,wenyi090326-3.stratalog.logdata.json
DialogueNodeEvent:18:72,dialogue,1,DialogueEvent,Unit 2 Prod (Refactor),2026-09-05T21:41:16.1410000Z,2026-09-05T21:41:16.1410000Z,6a9c8c7b485cab4c9540086e,wenyi090326-3.stratalog.logdata.json
DialogueNodeEvent:18:75,dialogue,1,DialogueEvent,Unit 2 Prod (Refactor),2026-09-05T21:41:18.7100000Z,2026-09-05T21:41:18.7100000Z,6a9c8c7e485cab4c95400874,wenyi090326-3.stratalog.logdata.json
DialogueNodeEvent:18:76,dialogue,1,DialogueEvent,Unit 2 Prod (Refactor),2026-09-05T21:41:19.0100000Z,2026-09-05T21:41:19.0100000Z,6a9c8c7e485cab4c95400876,wenyi090326-3.stratalog.logdata.json
DialogueNodeEvent:18:77,dialogue,1,DialogueEvent,Unit 2 Prod (Refactor),2026-09-05T21:41:19.3430000Z,2026-09-05T21:41:19.3430000Z,6a9c8c7f485cab4c95400878,wenyi090326-3.stratalog.logdata.json
DialogueNodeEvent:18:79,dialogue,1,DialogueEvent,Unit 2 Prod (Refactor),2026-09-05T21:41:19.7430000Z,2026-09-05T21:41:19.7430000Z,6a9c8c7f485cab4c9540087a,wenyi090326-3.stratalog.logdata.json
DialogueNodeEvent:18:8,dialogue,1,DialogueEvent,Unit 2 Prod (Refactor),2026-09-05T21:36:35.0930000Z,2026-09-05T21:36:35.0930000Z,6a9c8b62485cab4c954001ea,wenyi090326-3.stratalog.logdata.json
DialogueNodeEvent:18:80,dialogue,1,DialogueEvent,Unit 2 Prod (Refactor),2026-09-05T21:41:21.1770000Z,2026-09-05T21:41:21.1770000Z,6a9c8c80485cab4c9540087c,wenyi090326-3.stratalog.logdata.json
DialogueNodeEvent:18:82,dialogue,1,DialogueEvent,Unit 2 Prod (Refactor),2026-09-05T21:41:21.8440000Z,2026-09-05T21:41:21.8440000Z,6a9c8c81485cab4c9540087e,wenyi090326-3.stratalog.logdata.json
DialogueNodeEvent:18:87,dialogue,1,DialogueEvent,Unit 2 Prod (Refactor),2026-09-05T21:41:23.8450000Z,2026-09-05T21:41:23.8450000Z,6a9c8c83485cab4c95400882,wenyi090326-3.stratalog.logdata.json
DialogueNodeEvent:18:89,dialogue,1,DialogueEvent,Unit 2 Prod (Refactor),2026-09-05T21:41:24.8140000Z,2026-09-05T21:41:24.8140000Z,6a9c8c84485cab4c95400884,wenyi090326-3.stratalog.logdata.json
DialogueNodeEvent:18:91,dialogue,1,DialogueEvent,Unit 2 Prod (Refactor),2026-09-05T21:41:43.9200000Z,2026-09-05T21:41:43.9200000Z,6a9c8c97485cab4c9540088c,wenyi090326-3.stratalog.logdata.json
DialogueNodeEvent:18:92,dialogue,1,DialogueEvent,Unit 2 Prod (Refactor),2026-09-05T21:41:44.9180000Z,2026-09-05T21:41:44.9180000Z,6a9c8c98485cab4c95400890,wenyi090326-3.stratalog.logdata.json
DialogueNodeEvent:18:93,dialogue,1,DialogueEvent,Unit 2 Prod (Refactor),2026-09-05T21:41:46.4180000Z,2026-09-05T21:41:46.4180000Z,6a9c8c9a485cab4c95400892,wenyi090326-3.stratalog.logdata.json
DialogueNodeEvent:18:95,dialogue,1,DialogueEvent,Unit 2 Prod (Refactor),2026-09-05T21:41:47.1850000Z,2026-09-05T21:41:47.1850000Z,6a9c8c9a485cab4c95400894,wenyi090326-3.stratalog.logdata.json
DialogueNodeEvent:18:98,dialogue,1,DialogueEvent,Unit 2 Prod (Refactor),2026-09-05T21:41:47.5190000Z,2026-09-05T21:41:47.5190000Z,6a9c8c9b485cab4c95400896,wenyi090326-3.stratalog.logdata.json
DialogueNodeEvent:19:0,dialogue,2,DialogueEvent,Unit 2 Prod (Refactor),2026-09-05T21:42:31.4750000Z,2026-09-05T22:05:50.9300000Z,6a9c8cc7485cab4c954008b6,wenyi090326-3.stratalog.logdata.json
DialogueNodeEvent:19:1,dialogue,1,DialogueEvent,Unit 2 Prod (Refactor),2026-09-05T21:42:31.4770000Z,2026-09-05T21:42:31.4770000Z,6a9c8cc7485cab4c954008ba,wenyi090326-3.stratalog.logdata.json
DialogueNodeEvent:19:16,dialogue,1,DialogueEvent,Unit 2 Prod (Refactor),2026-09-05T22:05:50.9330000Z,2026-09-05T22:05:50.9330000Z,6a9c923e485cab4c954019cc,wenyi090326-3.stratalog.logdata.json
DialogueNodeEvent:19:17,dialogue,1,DialogueEvent,Unit 2 Prod (Refactor),2026-09-05T22:05:52.4300000Z,2026-09-05T22:05:52.4300000Z,6a9c9240485cab4c954019ce,wenyi090326-3.stratalog.logdata.json
DialogueNodeEvent:19:19,dialogue,1,DialogueEvent,Unit 2 Prod (Refactor),2026-09-05T22:05:53.3640000Z,2026-09-05T22:05:53.3640000Z,6a9c9241485cab4c954019d0,wenyi090326-3.stratalog.logdata.json
DialogueNodeEvent:19:2,dialogue,1,DialogueEvent,Unit 2 Prod (Refactor),2026-09-05T21:42:32.9080000Z,2026-09-05T21:42:32.9080000Z,6a9c8cc8485cab4c954008be,wenyi090326-3.stratalog.logdata.json
DialogueNodeEvent:19:20,dialogue,1,DialogueEvent,Unit 2 Prod (Refactor),2026-09-05T22:05:53.7640000Z,2026-09-05T22:05:53.7640000Z,6a9c9241485cab4c954019d2,wenyi090326-3.stratalog.logdata.json
DialogueNodeEvent:19:21,dialogue,1,DialogueEvent,Unit 2 Prod (Refactor),2026-09-05T22:05:54.1980000Z,2026-09-05T22:05:54.1980000Z,6a9c9242485cab4c954019d4,wenyi090326-3.stratalog.logdata.json
DialogueNodeEvent:19:26,dialogue,1,DialogueEvent,Unit 2 Prod (Refactor),2026-09-05T22:05:56.1990000Z,2026-09-05T22:05:56.1990000Z,6a9c9244485cab4c954019d8,wenyi090326-3.stratalog.logdata.json
DialogueNodeEvent:19:29,dialogue,1,DialogueEvent,Unit 2 Prod (Refactor),2026-09-05T22:05:57.1990000Z,2026-09-05T22:05:57.1990000Z,6a9c9245485cab4c954019da,wenyi090326-3.stratalog.logdata.json
DialogueNodeEvent:19:30,dialogue,1,DialogueEvent,Unit 2 Prod (Refactor),2026-09-05T22:05:57.5330000Z,2026-09-05T22:05:57.5330000Z,6a9c9245485cab4c954019dc,wenyi090326-3.stratalog.logdata.json
DialogueNodeEvent:19:31,dialogue,1,DialogueEvent,Unit 2 Prod (Refactor),2026-09-05T22:05:59.7000000Z,2026-09-05T22:05:59.7000000Z,6a9c9247485cab4c954019e0,wenyi090326-3.stratalog.logdata.json
DialogueNodeEvent:19:32,dialogue,1,DialogueEvent,Unit 2 Prod (Refactor),2026-09-05T22:06:00.3690000Z,2026-09-05T22:06:00.3690000Z,6a9c9248485cab4c954019e2,wenyi090326-3.stratalog.logdata.json
DialogueNodeEvent:19:4,dialogue,1,DialogueEvent,Unit 2 Prod (Refactor),2026-09-05T21:42:58.3010000Z,2026-09-05T21:42:58.3010000Z,6a9c8ce2485cab4c954008e8,wenyi090326-3.stratalog.logdata.json
DialogueNodeEvent:19:46,dialogue,1,DialogueEvent,Unit 2 Prod (Refactor),2026-09-05T21:43:01.2690000Z,2026-09-05T21:43:01.2690000Z,6a9c8ce5485cab4c954008f4,wenyi090326-3.stratalog.logdata.json
DialogueNodeEvent:19:47,dialogue,1,DialogueEvent,Unit 2 Prod (Refactor),2026-09-05T22:05:54.5980000Z,2026-09-05T22:05:54.5980000Z,6a9c9242485cab4c954019d6,wenyi090326-3.stratalog.logdata.json
DialogueNodeEvent:19:48,dialogue,1,DialogueEvent,Unit 2 Prod (Refactor),2026-09-05T21:43:00.8000000Z,2026-09-05T21:43:00.8000000Z,6a9c8ce4485cab4c954008f0,wenyi090326-3.stratalog.logdata.json
DialogueNodeEvent:19:49,dialogue,1,DialogueEvent,Unit 2 Prod (Refactor),2026-09-05T21:42:32.4740000Z,2026-09-05T21:42:32.4740000Z,6a9c8cc8485cab4c954008bc,wenyi090326-3.stratalog.logdata.json
DialogueNodeEvent:19:5,dialogue,1,DialogueEvent,Unit 2 Prod (Refactor),2026-09-05T21:42:59.8660000Z,2026-09-05T21:42:59.8660000Z,6a9c8ce3485cab4c954008ea,wenyi090326-3.stratalog.logdata.json
DialogueNodeEvent:19:50,dialogue,1,DialogueEvent,Unit 2 Prod (Refactor),2026-09-05T21:42:33.3470000Z,2026-09-05T21:42:33.3470000Z,6a9c8cc9485cab4c954008c6,wenyi090326-3.stratalog.logdata.json
DialogueNodeEvent:19:51,dialogue,1,DialogueEvent,Unit 2 Prod (Refactor),2026-09-05T21:42:37.2270000Z,2026-09-05T21:42:37.2270000Z,6a9c8ccd485cab4c954008cc,wenyi090326-3.stratalog.logdata.json
DialogueNodeEvent:19:52,dialogue,1,DialogueEvent,Unit 2 Prod (Refactor),2026-09-05T21:42:39.5580000Z,2026-09-05T21:42:39.5580000Z,6a9c8ccf485cab4c954008d2,wenyi090326-3.stratalog.logdata.json
DialogueNodeEvent:19:53,dialogue,1,DialogueEvent,Unit 2 Prod (Refactor),2026-09-05T21:42:46.4600000Z,2026-09-05T21:42:46.4600000Z,6a9c8cd6485cab4c954008dc,wenyi090326-3.stratalog.logdata.json
DialogueNodeEvent:19:54,dialogue,1,DialogueEvent,Unit 2 Prod (Refactor),2026-09-05T21:42:55.6640000Z,2026-09-05T21:42:55.6640000Z,6a9c8cdf485cab4c954008e2,wenyi090326-3.stratalog.logdata.json
DialogueNodeEvent:19:56,dialogue,1,DialogueEvent,Unit 2 Prod (Refactor),2026-09-05T21:42:57.8320000Z,2026-09-05T21:42:57.8320000Z,6a9c8ce1485cab4c954008e4,wenyi090326-3.stratalog.logdata.json
DialogueNodeEvent:19:58,dialogue,1,DialogueEvent,Unit 2 Prod (Refactor),2026-09-05T21:43:01.2670000Z,2026-09-05T21:43:01.2670000Z,6a9c8ce5485cab4c954008f2,wenyi090326-3.stratalog.logdata.json
DialogueNodeEvent:19:59,dialogue,1,DialogueEvent,Unit 2 Prod (Refactor),2026-09-05T21:42:33.3430000Z,2026-09-05T21:42:33.3430000Z,6a9c8cc9485cab4c954008c2,wenyi090326-3.stratalog.logdata.json
DialogueNodeEvent:19:60,dialogue,1,DialogueEvent,Unit 2 Prod (Refactor),2026-09-05T21:43:13.3750000Z,2026-09-05T21:43:13.3750000Z,6a9c8cf1485cab4c95400904,wenyi090326-3.stratalog.logdata.json
DialogueNodeEvent:19:7,dialogue,1,DialogueEvent,Unit 2 Prod (Refactor),2026-09-05T21:43:00.4690000Z,2026-09-05T21:43:00.4690000Z,6a9c8ce4485cab4c954008ee,wenyi090326-3.stratalog.logdata.json
DialogueNodeEvent:20:0,dialogue,1,DialogueEvent,Unit 2 Prod (Refactor),2026-09-05T22:08:54.8270000Z,2026-09-05T22:08:54.8270000Z,6a9c92f6485cab4c95401b60,wenyi090326-3.stratalog.logdata.json
DialogueNodeEvent:20:1,dialogue,1,DialogueEvent,Unit 2 Prod (Refactor),2026-09-05T21:45:27.0130000Z,2026-09-05T21:45:27.0130000Z,6a9c8d76485cab4c95400a36,wenyi090326-3.stratalog.logdata.json
DialogueNodeEvent:20:10,dialogue,1,DialogueEvent,Unit 2 Prod (Refactor),2026-09-05T21:45:58.1890000Z,2026-09-05T21:45:58.1890000Z,6a9c8d95485cab4c95400a50,wenyi090326-3.stratalog.logdata.json
DialogueNodeEvent:20:110,dialogue,1,DialogueEvent,Unit 2 Prod (Refactor),2026-09-05T22:09:02.6300000Z,2026-09-05T22:09:02.6300000Z,6a9c92fe485cab4c95401b74,wenyi090326-3.stratalog.logdata.json
DialogueNodeEvent:20:111,dialogue,1,DialogueEvent,Unit 2 Prod (Refactor),2026-09-05T21:46:08.7650000Z,2026-09-05T21:46:08.7650000Z,6a9c8da0485cab4c95400a70,wenyi090326-3.stratalog.logdata.json
DialogueNodeEvent:20:13,dialogue,1,DialogueEvent,Unit 2 Prod (Refactor),2026-09-05T21:45:58.9230000Z,2026-09-05T21:45:58.9230000Z,6a9c8d96485cab4c95400a52,wenyi090326-3.stratalog.logdata.json
DialogueNodeEvent:20:15,dialogue,1,DialogueEvent,Unit 2 Prod (Refactor),2026-09-05T21:45:59.2910000Z,2026-09-05T21:45:59.2910000Z,6a9c8d97485cab4c95400a54,wenyi090326-3.stratalog.logdata.json
DialogueNodeEvent:20:17,dialogue,1,DialogueEvent,Unit 2 Prod (Refactor),2026-09-05T21:45:59.6900000Z,2026-09-05T21:45:59.6900000Z,6a9c8d97485cab4c95400a56,wenyi090326-3.stratalog.logdata.json
DialogueNodeEvent:20:18,dialogue,1,DialogueEvent,Unit 2 Prod (Refactor),2026-09-05T21:46:01.7910000Z,2026-09-05T21:46:01.7910000Z,6a9c8d99485cab4c95400a58,wenyi090326-3.stratalog.logdata.json
DialogueNodeEvent:20:20,dialogue,1,DialogueEvent,Unit 2 Prod (Refactor),2026-09-05T21:46:02.5580000Z,2026-09-05T21:46:02.5580000Z,6a9c8d9a485cab4c95400a5a,wenyi090326-3.stratalog.logdata.json
DialogueNodeEvent:20:21,dialogue,1,DialogueEvent,Unit 2 Prod (Refactor),2026-09-05T21:46:02.8920000Z,2026-09-05T21:46:02.8920000Z,6a9c8d9a485cab4c95400a5c,wenyi090326-3.stratalog.logdata.json
DialogueNodeEvent:20:22,dialogue,1,DialogueEvent,Unit 2 Prod (Refactor),2026-09-05T21:46:04.5920000Z,2026-09-05T21:46:04.5920000Z,6a9c8d9c485cab4c95400a5e,wenyi090326-3.stratalog.logdata.json
DialogueNodeEvent:20:24,dialogue,1,DialogueEvent,Unit 2 Prod (Refactor),2026-09-05T21:46:05.2590000Z,2026-09-05T21:46:05.2590000Z,6a9c8d9d485cab4c95400a62,wenyi090326-3.stratalog.logdata.json
DialogueNodeEvent:20:26,dialogue,1,DialogueEvent,Unit 2 Prod (Refactor),2026-09-05T21:46:05.6270000Z,2026-09-05T21:46:05.6270000Z,6a9c8d9d485cab4c95400a64,wenyi090326-3.stratalog.logdata.json
DialogueNodeEvent:20:27,dialogue,1,DialogueEvent,Unit 2 Prod (Refactor),2026-09-05T21:46:06.0680000Z,2026-09-05T21:46:06.0680000Z,6a9c8d9d485cab4c95400a66,wenyi090326-3.stratalog.logdata.json
DialogueNodeEvent:20:28,dialogue,1,DialogueEvent,Unit 2 Prod (Refactor),2026-09-05T21:46:07.6940000Z,2026-09-05T21:46:07.6940000Z,6a9c8d9f485cab4c95400a68,wenyi090326-3.stratalog.logdata.json
DialogueNodeEvent:20:30,dialogue,1,DialogueEvent,Unit 2 Prod (Refactor),2026-09-05T21:46:08.3940000Z,2026-09-05T21:46:08.3940000Z,6a9c8da0485cab4c95400a6a,wenyi090326-3.stratalog.logdata.json
DialogueNodeEvent:20:31,dialogue,1,DialogueEvent,Unit 2 Prod (Refactor),2026-09-05T21:46:08.5620000Z,2026-09-05T21:46:08.5620000Z,6a9c8da0485cab4c95400a6c,wenyi090326-3.stratalog.logdata.json
DialogueNodeEvent:20:33,dialogue,1,DialogueEvent,Unit 2 Prod (Refactor),2026-09-05T21:46:08.7650000Z,2026-09-05T21:46:08.7650000Z,6a9c8da0485cab4c95400a72,wenyi090326-3.stratalog.logdata.json
DialogueNodeEvent:20:35,dialogue,1,DialogueEvent,Unit 2 Prod (Refactor),2026-09-05T22:08:54.8300000Z,2026-09-05T22:08:54.8300000Z,6a9c92f6485cab4c95401b64,wenyi090326-3.stratalog.logdata.json
DialogueNodeEvent:20:36,dialogue,1,DialogueEvent,Unit 2 Prod (Refactor),2026-09-05T22:08:56.6270000Z,2026-09-05T22:08:56.6270000Z,6a9c92f8485cab4c95401b66,wenyi090326-3.stratalog.logdata.json
DialogueNodeEvent:20:37,dialogue,1,DialogueEvent,Unit 2 Prod (Refactor),2026-09-05T22:08:57.2280000Z,2026-09-05T22:08:57.2280000Z,6a9c92f9485cab4c95401b68,wenyi090326-3.stratalog.logdata.json
DialogueNodeEvent:20:4,dialogue,1,DialogueEvent,Unit 2 Prod (Refactor),2026-09-05T21:45:38.4840000Z,2026-09-05T21:45:38.4840000Z,6a9c8d82485cab4c95400a3e,wenyi090326-3.stratalog.logdata.json
DialogueNodeEvent:20:41,dialogue,1,DialogueEvent,Unit 2 Prod (Refactor),2026-09-05T22:08:57.6610000Z,2026-09-05T22:08:57.6610000Z,6a9c92f9485cab4c95401b6a,wenyi090326-3.stratalog.logdata.json
DialogueNodeEvent:20:42,dialogue,1,DialogueEvent,Unit 2 Prod (Refactor),2026-09-05T22:08:58.2610000Z,2026-09-05T22:08:58.2610000Z,6a9c92fa485cab4c95401b6c,wenyi090326-3.stratalog.logdata.json
DialogueNodeEvent:20:44,dialogue,1,DialogueEvent,Unit 2 Prod (Refactor),2026-09-05T22:09:00.9290000Z,2026-09-05T22:09:00.9290000Z,6a9c92fc485cab4c95401b70,wenyi090326-3.stratalog.logdata.json
DialogueNodeEvent:20:46,dialogue,1,DialogueEvent,Unit 2 Prod (Refactor),2026-09-05T22:09:02.1630000Z,2026-09-05T22:09:02.1630000Z,6a9c92fd485cab4c95401b72,wenyi090326-3.stratalog.logdata.json
DialogueNodeEvent:20:48,dialogue,1,DialogueEvent,Unit 2 Prod (Refactor),2026-09-05T22:09:14.3350000Z,2026-09-05T22:09:14.3350000Z,6a9c930a485cab4c95401b78,wenyi090326-3.stratalog.logdata.json
DialogueNodeEvent:20:5,dialogue,1,DialogueEvent,Unit 2 Prod (Refactor),2026-09-05T21:45:51.8550000Z,2026-09-05T21:45:51.8550000Z,6a9c8d8f485cab4c95400a46,wenyi090326-3.stratalog.logdata.json
DialogueNodeEvent:20:50,dialogue,1,DialogueEvent,Unit 2 Prod (Refactor),2026-09-05T22:09:16.6700000Z,2026-09-05T22:09:16.6700000Z,6a9c930c485cab4c95401b7e,wenyi090326-3.stratalog.logdata.json
DialogueNodeEvent:20:52,dialogue,1,DialogueEvent,Unit 2 Prod (Refactor),2026-09-05T22:09:15.1050000Z,2026-09-05T22:09:15.1050000Z,6a9c930a485cab4c95401b7a,wenyi090326-3.stratalog.logdata.json
DialogueNodeEvent:20:54,dialogue,1,DialogueEvent,Unit 2 Prod (Refactor),2026-09-05T22:09:15.3030000Z,2026-09-05T22:09:15.3030000Z,6a9c930b485cab4c95401b7c,wenyi090326-3.stratalog.logdata.json
DialogueNodeEvent:20:55,dialogue,2,DialogueEvent,Unit 2 Prod (Refactor),2026-09-05T22:09:17.6370000Z,2026-09-05T22:09:25.4750000Z,6a9c930d485cab4c95401b80,wenyi090326-3.stratalog.logdata.json
DialogueNodeEvent:20:57,dialogue,1,DialogueEvent,Unit 2 Prod (Refactor),2026-09-05T22:09:29.7430000Z,2026-09-05T22:09:29.7430000Z,6a9c9319485cab4c95401b8c,wenyi090326-3.stratalog.logdata.json
DialogueNodeEvent:20:59,dialogue,1,DialogueEvent,Unit 2 Prod (Refactor),2026-09-05T22:09:24.2730000Z,2026-09-05T22:09:24.2730000Z,6a9c9314485cab4c95401b84,wenyi090326-3.stratalog.logdata.json
DialogueNodeEvent:20:6,dialogue,1,DialogueEvent,Unit 2 Prod (Refactor),2026-09-05T21:45:55.7880000Z,2026-09-05T21:45:55.7880000Z,6a9c8d93485cab4c95400a4c,wenyi090326-3.stratalog.logdata.json
DialogueNodeEvent:20:61,dialogue,1,DialogueEvent,Unit 2 Prod (Refactor),2026-09-05T22:09:25.1080000Z,2026-09-05T22:09:25.1080000Z,6a9c9314485cab4c95401b86,wenyi090326-3.stratalog.logdata.json
DialogueNodeEvent:20:62,dialogue,1,DialogueEvent,Unit 2 Prod (Refactor),2026-09-05T22:09:30.4770000Z,2026-09-05T22:09:30.4770000Z,6a9c931a485cab4c95401b8e,wenyi090326-3.stratalog.logdata.json
DialogueNodeEvent:20:63,dialogue,1,DialogueEvent,Unit 2 Prod (Refactor),2026-09-05T22:09:30.8790000Z,2026-09-05T22:09:30.8790000Z,6a9c931a485cab4c95401b92,wenyi090326-3.stratalog.logdata.json
DialogueNodeEvent:20:64,dialogue,1,DialogueEvent,Unit 2 Prod (Refactor),2026-09-05T22:13:39.9210000Z,2026-09-05T22:13:39.9210000Z,6a9c9413485cab4c95401d10,wenyi090326-3.stratalog.logdata.json
DialogueNodeEvent:20:65,dialogue,1,DialogueEvent,Unit 2 Prod (Refactor),2026-09-05T22:13:40.3530000Z,2026-09-05T22:13:40.3530000Z,6a9c9414485cab4c95401d12,wenyi090326-3.stratalog.logdata.json
DialogueNodeEvent:20:66,dialogue,1,DialogueEvent,Unit 2 Prod (Refactor),2026-09-05T22:13:40.7190000Z,2026-09-05T22:13:40.7190000Z,6a9c9414485cab4c95401d14,wenyi090326-3.stratalog.logdata.json
DialogueNodeEvent:20:67,dialogue,1,DialogueEvent,Unit 2 Prod (Refactor),2026-09-05T22:13:41.1200000Z,2026-09-05T22:13:41.1200000Z,6a9c9414485cab4c95401d16,wenyi090326-3.stratalog.logdata.json
DialogueNodeEvent:20:68,dialogue,1,DialogueEvent,Unit 2 Prod (Refactor),2026-09-05T22:13:41.6200000Z,2026-09-05T22:13:41.6200000Z,6a9c9415485cab4c95401d18,wenyi090326-3.stratalog.logdata.json
DialogueNodeEvent:20:69,dialogue,1,DialogueEvent,Unit 2 Prod (Refactor),2026-09-05T22:13:42.0200000Z,2026-09-05T22:13:42.0200000Z,6a9c9415485cab4c95401d1a,wenyi090326-3.stratalog.logdata.json
DialogueNodeEvent:20:70,dialogue,1,DialogueEvent,Unit 2 Prod (Refactor),2026-09-05T22:13:42.4210000Z,2026-09-05T22:13:42.4210000Z,6a9c9416485cab4c95401d1c,wenyi090326-3.stratalog.logdata.json
DialogueNodeEvent:20:71,dialogue,1,DialogueEvent,Unit 2 Prod (Refactor),2026-09-05T22:13:44.1870000Z,2026-09-05T22:13:44.1870000Z,6a9c9418485cab4c95401d1e,wenyi090326-3.stratalog.logdata.json
DialogueNodeEvent:20:73,dialogue,1,DialogueEvent,Unit 2 Prod (Refactor),2026-09-05T22:13:44.7880000Z,2026-09-05T22:13:44.7880000Z,6a9c9418485cab4c95401d20,wenyi090326-3.stratalog.logdata.json
DialogueNodeEvent:20:74,dialogue,1,DialogueEvent,Unit 2 Prod (Refactor),2026-09-05T22:13:46.4220000Z,2026-09-05T22:13:46.4220000Z,6a9c941a485cab4c95401d22,wenyi090326-3.stratalog.logdata.json
DialogueNodeEvent:20:76,dialogue,1,DialogueEvent,Unit 2 Prod (Refactor),2026-09-05T22:13:47.0980000Z,2026-09-05T22:13:47.0980000Z,6a9c941a485cab4c95401d26,wenyi090326-3.stratalog.logdata.json
DialogueNodeEvent:20:8,dialogue,1,DialogueEvent,Unit 2 Prod (Refactor),2026-09-05T21:45:56.7550000Z,2026-09-05T21:45:56.7550000Z,6a9c8d94485cab4c95400a4e,wenyi090326-3.stratalog.logdata.json
DialogueNodeEvent:21:0,dialogue,1,DialogueEvent,Unit 2 Prod (Refactor),2026-09-05T22:06:03.4700000Z,2026-09-05T22:06:03.4700000Z,6a9c924b485cab4c954019ea,wenyi090326-3.stratalog.logdata.json
DialogueNodeEvent:21:1,dialogue,1,DialogueEvent,Unit 2 Prod (Refactor),2026-09-05T21:47:00.2170000Z,2026-09-05T21:47:00.2170000Z,6a9c8dd3485cab4c95400ab6,wenyi090326-3.stratalog.logdata.json
DialogueNodeEvent:21:10,dialogue,1,DialogueEvent,Unit 2 Prod (Refactor),2026-09-05T21:47:21.2920000Z,2026-09-05T21:47:21.2920000Z,6a9c8de9485cab4c95400ac8,wenyi090326-3.stratalog.logdata.json
DialogueNodeEvent:21:11,dialogue,1,DialogueEvent,Unit 2 Prod (Refactor),2026-09-05T21:47:26.4610000Z,2026-09-05T21:47:26.4610000Z,6a9c8dee485cab4c95400acc,wenyi090326-3.stratalog.logdata.json
DialogueNodeEvent:21:12,dialogue,1,DialogueEvent,Unit 2 Prod (Refactor),2026-09-05T21:47:29.1290000Z,2026-09-05T21:47:29.1290000Z,6a9c8df0485cab4c95400ace,wenyi090326-3.stratalog.logdata.json
DialogueNodeEvent:21:15,dialogue,1,DialogueEvent,Unit 2 Prod (Refactor),2026-09-05T21:47:30.1660000Z,2026-09-05T21:47:30.1660000Z,6a9c8df1485cab4c95400ad4,wenyi090326-3.stratalog.logdata.json
DialogueNodeEvent:21:19,dialogue,1,DialogueEvent,Unit 2 Prod (Refactor),2026-09-05T21:59:39.2720000Z,2026-09-05T21:59:39.2720000Z,6a9c90cb485cab4c95401848,wenyi090326-3.stratalog.logdata.json
DialogueNodeEvent:21:2,dialogue,1,DialogueEvent,Unit 2 Prod (Refactor),2026-09-05T21:47:06.8520000Z,2026-09-05T21:47:06.8520000Z,6a9c8dda485cab4c95400abc,wenyi090326-3.stratalog.logdata.json
DialogueNodeEvent:21:20,dialogue,1,DialogueEvent,Unit 2 Prod (Refactor),2026-09-05T21:59:41.5720000Z,2026-09-05T21:59:41.5720000Z,6a9c90cd485cab4c95401850,wenyi090326-3.stratalog.logdata.json
DialogueNodeEvent:21:21,dialogue,1,DialogueEvent,Unit 2 Prod (Refactor),2026-09-05T21:59:44.3720000Z,2026-09-05T21:59:44.3720000Z,6a9c90d0485cab4c95401854,wenyi090326-3.stratalog.logdata.json
DialogueNodeEvent:21:22,dialogue,1,DialogueEvent,Unit 2 Prod (Refactor),2026-09-05T22:00:03.1500000Z,2026-09-05T22:00:03.1500000Z,6a9c90e3485cab4c9540185c,wenyi090326-3.stratalog.logdata.json
DialogueNodeEvent:21:23,dialogue,1,DialogueEvent,Unit 2 Prod (Refactor),2026-09-05T22:00:15.0890000Z,2026-09-05T22:00:15.0890000Z,6a9c90ee485cab4c95401864,wenyi090326-3.stratalog.logdata.json
DialogueNodeEvent:21:24,dialogue,1,DialogueEvent,Unit 2 Prod (Refactor),2026-09-05T22:00:26.1600000Z,2026-09-05T22:00:26.1600000Z,6a9c90f9485cab4c9540186c,wenyi090326-3.stratalog.logdata.json
DialogueNodeEvent:21:25,dialogue,1,DialogueEvent,Unit 2 Prod (Refactor),2026-09-05T22:00:32.3950000Z,2026-09-05T22:00:32.3950000Z,6a9c9100485cab4c95401872,wenyi090326-3.stratalog.logdata.json
DialogueNodeEvent:21:28,dialogue,1,DialogueEvent,Unit 2 Prod (Refactor),2026-09-05T22:00:44.4750000Z,2026-09-05T22:00:44.4750000Z,6a9c910c485cab4c95401878,wenyi090326-3.stratalog.logdata.json
DialogueNodeEvent:21:29,dialogue,1,DialogueEvent,Unit 2 Prod (Refactor),2026-09-05T22:00:49.9670000Z,2026-09-05T22:00:49.9670000Z,6a9c9111485cab4c9540187e,wenyi090326-3.stratalog.logdata.json
DialogueNodeEvent:21:30,dialogue,1,DialogueEvent,Unit 2 Prod (Refactor),2026-09-05T22:01:06.2430000Z,2026-09-05T22:01:06.2430000Z,6a9c9122485cab4c95401884,wenyi090326-3.stratalog.logdata.json
DialogueNodeEvent:21:31,dialogue,1,DialogueEvent,Unit 2 Prod (Refactor),2026-09-05T22:01:17.4480000Z,2026-09-05T22:01:17.4480000Z,6a9c912d485cab4c9540188c,wenyi090326-3.stratalog.logdata.json
DialogueNodeEvent:21:32,dialogue,1,DialogueEvent,Unit 2 Prod (Refactor),2026-09-05T22:01:26.6530000Z,2026-09-05T22:01:26.6530000Z,6a9c9136485cab4c95401894,wenyi090326-3.stratalog.logdata.json
DialogueNodeEvent:21:33,dialogue,1,DialogueEvent,Unit 2 Prod (Refactor),2026-09-05T22:01:38.0540000Z,2026-09-05T22:01:38.0540000Z,6a9c9141485cab4c9540189a,wenyi090326-3.stratalog.logdata.json
DialogueNodeEvent:21:34,dialogue,1,DialogueEvent,Unit 2 Prod (Refactor),2026-09-05T22:01:42.5560000Z,2026-09-05T22:01:42.5560000Z,6a9c9146485cab4c9540189e,wenyi090326-3.stratalog.logdata.json
DialogueNodeEvent:21:35,dialogue,1,DialogueEvent,Unit 2 Prod (Refactor),2026-09-05T22:01:47.4580000Z,2026-09-05T22:01:47.4580000Z,6a9c914b485cab4c954018a0,wenyi090326-3.stratalog.logdata.json
DialogueNodeEvent:21:36,dialogue,1,DialogueEvent,Unit 2 Prod (Refactor),2026-09-05T22:02:04.3000000Z,2026-09-05T22:02:04.3000000Z,6a9c915c485cab4c954018a6,wenyi090326-3.stratalog.logdata.json
DialogueNodeEvent:21:37,dialogue,1,DialogueEvent,Unit 2 Prod (Refactor),2026-09-05T22:02:11.0360000Z,2026-09-05T22:02:11.0360000Z,6a9c9162485cab4c954018aa,wenyi090326-3.stratalog.logdata.json
DialogueNodeEvent:21:38,dialogue,1,DialogueEvent,Unit 2 Prod (Refactor),2026-09-05T22:02:19.4410000Z,2026-09-05T22:02:19.4410000Z,6a9c916b485cab4c954018ae,wenyi090326-3.stratalog.logdata.json
DialogueNodeEvent:21:39,dialogue,1,DialogueEvent,Unit 2 Prod (Refactor),2026-09-05T22:02:25.6780000Z,2026-09-05T22:02:25.6780000Z,6a9c9171485cab4c954018b2,wenyi090326-3.stratalog.logdata.json
DialogueNodeEvent:21:4,dialogue,1,DialogueEvent,Unit 2 Prod (Refactor),2026-09-05T21:47:11.0870000Z,2026-09-05T21:47:11.0870000Z,6a9c8dde485cab4c95400abe,wenyi090326-3.stratalog.logdata.json
DialogueNodeEvent:21:40,dialogue,1,DialogueEvent,Unit 2 Prod (Refactor),2026-09-05T22:02:28.7110000Z,2026-09-05T22:02:28.7110000Z,6a9c9174485cab4c954018b6,wenyi090326-3.stratalog.logdata.json
DialogueNodeEvent:21:42,dialogue,1,DialogueEvent,Unit 2 Prod (Refactor),2026-09-05T22:02:29.4110000Z,2026-09-05T22:02:29.4110000Z,6a9c9175485cab4c954018b8,wenyi090326-3.stratalog.logdata.json
DialogueNodeEvent:21:43,dialogue,1,DialogueEvent,Unit 2 Prod (Refactor),2026-09-05T22:02:30.9120000Z,2026-09-05T22:02:30.9120000Z,6a9c9176485cab4c954018bc,wenyi090326-3.stratalog.logdata.json
DialogueNodeEvent:21:45,dialogue,1,DialogueEvent,Unit 2 Prod (Refactor),2026-09-05T22:02:31.5480000Z,2026-09-05T22:02:31.5480000Z,6a9c9177485cab4c954018c0,wenyi090326-3.stratalog.logdata.json
DialogueNodeEvent:21:46,dialogue,1,DialogueEvent,Unit 2 Prod (Refactor),2026-09-05T22:02:31.8470000Z,2026-09-05T22:02:31.8470000Z,6a9c9177485cab4c954018c2,wenyi090326-3.stratalog.logdata.json
DialogueNodeEvent:21:47,dialogue,1,DialogueEvent,Unit 2 Prod (Refactor),2026-09-05T22:02:32.2800000Z,2026-09-05T22:02:32.2800000Z,6a9c9178485cab4c954018c4,wenyi090326-3.stratalog.logdata.json
DialogueNodeEvent:21:48,dialogue,1,DialogueEvent,Unit 2 Prod (Refactor),2026-09-05T22:02:32.7470000Z,2026-09-05T22:02:32.7470000Z,6a9c9178485cab4c954018c6,wenyi090326-3.stratalog.logdata.json
DialogueNodeEvent:21:5,dialogue,1,DialogueEvent,Unit 2 Prod (Refactor),2026-09-05T21:47:11.6220000Z,2026-09-05T21:47:11.6220000Z,6a9c8ddf485cab4c95400ac0,wenyi090326-3.stratalog.logdata.json
DialogueNodeEvent:21:50,dialogue,1,DialogueEvent,Unit 2 Prod (Refactor),2026-09-05T22:02:33.1800000Z,2026-09-05T22:02:33.1800000Z,6a9c9178485cab4c954018c8,wenyi090326-3.stratalog.logdata.json
DialogueNodeEvent:21:51,dialogue,1,DialogueEvent,Unit 2 Prod (Refactor),2026-09-05T22:02:33.5810000Z,2026-09-05T22:02:33.5810000Z,6a9c9179485cab4c954018ca,wenyi090326-3.stratalog.logdata.json
DialogueNodeEvent:21:60,dialogue,1,DialogueEvent,Unit 2 Prod (Refactor),2026-09-05T22:06:03.4720000Z,2026-09-05T22:06:03.4720000Z,6a9c924b485cab4c954019ee,wenyi090326-3.stratalog.logdata.json
DialogueNodeEvent:21:62,dialogue,1,DialogueEvent,Unit 2 Prod (Refactor),2026-09-05T22:06:06.6030000Z,2026-09-05T22:06:06.6030000Z,6a9c924e485cab4c954019f0,wenyi090326-3.stratalog.logdata.json
DialogueNodeEvent:21:63,dialogue,1,DialogueEvent,Unit 2 Prod (Refactor),2026-09-05T22:06:07.6710000Z,2026-09-05T22:06:07.6710000Z,6a9c924f485cab4c954019f2,wenyi090326-3.stratalog.logdata.json
DialogueNodeEvent:21:65,dialogue,1,DialogueEvent,Unit 2 Prod (Refactor),2026-09-05T22:06:09.9060000Z,2026-09-05T22:06:09.9060000Z,6a9c9251485cab4c954019f6,wenyi090326-3.stratalog.logdata.json
DialogueNodeEvent:21:68,dialogue,1,DialogueEvent,Unit 2 Prod (Refactor),2026-09-05T22:06:10.8060000Z,2026-09-05T22:06:10.8060000Z,6a9c9252485cab4c954019f8,wenyi090326-3.stratalog.logdata.json
DialogueNodeEvent:21:69,dialogue,1,DialogueEvent,Unit 2 Prod (Refactor),2026-09-05T22:06:11.0390000Z,2026-09-05T22:06:11.0390000Z,6a9c9252485cab4c954019fa,wenyi090326-3.stratalog.logdata.json
DialogueNodeEvent:21:70,dialogue,1,DialogueEvent,Unit 2 Prod (Refactor),2026-09-05T22:06:12.5730000Z,2026-09-05T22:06:12.5730000Z,6a9c9254485cab4c954019fc,wenyi090326-3.stratalog.logdata.json
DialogueNodeEvent:21:72,dialogue,1,DialogueEvent,Unit 2 Prod (Refactor),2026-09-05T22:06:13.3070000Z,2026-09-05T22:06:13.3070000Z,6a9c9255485cab4c954019fe,wenyi090326-3.stratalog.logdata.json
DialogueNodeEvent:21:73,dialogue,1,DialogueEvent,Unit 2 Prod (Refactor),2026-09-05T22:06:15.0080000Z,2026-09-05T22:06:15.0080000Z,6a9c9256485cab4c95401a00,wenyi090326-3.stratalog.logdata.json
DialogueNodeEvent:21:75,dialogue,1,DialogueEvent,Unit 2 Prod (Refactor),2026-09-05T22:06:15.9090000Z,2026-09-05T22:06:15.9090000Z,6a9c9257485cab4c95401a02,wenyi090326-3.stratalog.logdata.json
DialogueNodeEvent:21:76,dialogue,1,DialogueEvent,Unit 2 Prod (Refactor),2026-09-05T22:06:16.1100000Z,2026-09-05T22:06:16.1100000Z,6a9c9257485cab4c95401a04,wenyi090326-3.stratalog.logdata.json
DialogueNodeEvent:21:8,dialogue,1,DialogueEvent,Unit 2 Prod (Refactor),2026-09-05T21:47:15.8230000Z,2026-09-05T21:47:15.8230000Z,6a9c8de3485cab4c95400ac4,wenyi090326-3.stratalog.logdata.json
DialogueNodeEvent:21:9,dialogue,1,DialogueEvent,Unit 2 Prod (Refactor),2026-09-05T21:47:20.7260000Z,2026-09-05T21:47:20.7260000Z,6a9c8de8485cab4c95400ac6,wenyi090326-3.stratalog.logdata.json
DialogueNodeEvent:21:92,dialogue,1,DialogueEvent,Unit 2 Prod (Refactor),2026-09-05T21:47:29.7960000Z,2026-09-05T21:47:29.7960000Z,6a9c8df1485cab4c95400ad0,wenyi090326-3.stratalog.logdata.json
DialogueNodeEvent:22:1,dialogue,1,DialogueEvent,Unit 2 Prod (Refactor),2026-09-05T21:49:23.1100000Z,2026-09-05T21:49:23.1100000Z,6a9c8e62485cab4c95400b28,wenyi090326-3.stratalog.logdata.json
DialogueNodeEvent:22:10,dialogue,1,DialogueEvent,Unit 2 Prod (Refactor),2026-09-05T21:51:40.7300000Z,2026-09-05T21:51:40.7300000Z,6a9c8eec485cab4c95400b56,wenyi090326-3.stratalog.logdata.json
DialogueNodeEvent:22:12,dialogue,1,DialogueEvent,Unit 2 Prod (Refactor),2026-09-05T21:51:41.4640000Z,2026-09-05T21:51:41.4640000Z,6a9c8eed485cab4c95400b58,wenyi090326-3.stratalog.logdata.json
DialogueNodeEvent:22:13,dialogue,1,DialogueEvent,Unit 2 Prod (Refactor),2026-09-05T21:51:42.7640000Z,2026-09-05T21:51:42.7640000Z,6a9c8eee485cab4c95400b5a,wenyi090326-3.stratalog.logdata.json
DialogueNodeEvent:22:15,dialogue,1,DialogueEvent,Unit 2 Prod (Refactor),2026-09-05T21:51:43.4320000Z,2026-09-05T21:51:43.4320000Z,6a9c8eef485cab4c95400b5c,wenyi090326-3.stratalog.logdata.json
DialogueNodeEvent:22:16,dialogue,1,DialogueEvent,Unit 2 Prod (Refactor),2026-09-05T21:51:43.7650000Z,2026-09-05T21:51:43.7650000Z,6a9c8eef485cab4c95400b5e,wenyi090326-3.stratalog.logdata.json
DialogueNodeEvent:22:17,dialogue,1,DialogueEvent,Unit 2 Prod (Refactor),2026-09-05T21:51:44.1320000Z,2026-09-05T21:51:44.1320000Z,6a9c8eef485cab4c95400b60,wenyi090326-3.stratalog.logdata.json
DialogueNodeEvent:22:18,dialogue,1,DialogueEvent,Unit 2 Prod (Refactor),2026-09-05T21:51:44.5320000Z,2026-09-05T21:51:44.5320000Z,6a9c8ef0485cab4c95400b62,wenyi090326-3.stratalog.logdata.json
DialogueNodeEvent:22:19,dialogue,1,DialogueEvent,Unit 2 Prod (Refactor),2026-09-05T21:51:44.9320000Z,2026-09-05T21:51:44.9320000Z,6a9c8ef0485cab4c95400b64,wenyi090326-3.stratalog.logdata.json
DialogueNodeEvent:22:2,dialogue,1,DialogueEvent,Unit 2 Prod (Refactor),2026-09-05T21:49:25.2430000Z,2026-09-05T21:49:25.2430000Z,6a9c8e65485cab4c95400b2c,wenyi090326-3.stratalog.logdata.json
DialogueNodeEvent:22:20,dialogue,1,DialogueEvent,Unit 2 Prod (Refactor),2026-09-05T21:51:46.3660000Z,2026-09-05T21:51:46.3660000Z,6a9c8ef2485cab4c95400b66,wenyi090326-3.stratalog.logdata.json
DialogueNodeEvent:22:22,dialogue,1,DialogueEvent,Unit 2 Prod (Refactor),2026-09-05T21:51:47.4080000Z,2026-09-05T21:51:47.4080000Z,6a9c8ef3485cab4c95400b68,wenyi090326-3.stratalog.logdata.json
DialogueNodeEvent:22:27,dialogue,1,DialogueEvent,Unit 2 Prod (Refactor),2026-09-05T21:51:50.5010000Z,2026-09-05T21:51:50.5010000Z,6a9c8ef6485cab4c95400b70,wenyi090326-3.stratalog.logdata.json
DialogueNodeEvent:22:3,dialogue,1,DialogueEvent,Unit 2 Prod (Refactor),2026-09-05T21:49:27.3110000Z,2026-09-05T21:49:27.3110000Z,6a9c8e67485cab4c95400b2e,wenyi090326-3.stratalog.logdata.json
DialogueNodeEvent:22:4,dialogue,1,DialogueEvent,Unit 2 Prod (Refactor),2026-09-05T21:49:33.1810000Z,2026-09-05T21:49:33.1810000Z,6a9c8e6c485cab4c95400b34,wenyi090326-3.stratalog.logdata.json
DialogueNodeEvent:22:46,dialogue,1,DialogueEvent,Unit 2 Prod (Refactor),2026-09-05T21:51:49.7010000Z,2026-09-05T21:51:49.7010000Z,6a9c8ef5485cab4c95400b6c,wenyi090326-3.stratalog.logdata.json
DialogueNodeEvent:22:48,dialogue,1,DialogueEvent,Unit 2 Prod (Refactor),2026-09-05T21:51:50.3020000Z,2026-09-05T21:51:50.3020000Z,6a9c8ef6485cab4c95400b6e,wenyi090326-3.stratalog.logdata.json
DialogueNodeEvent:22:5,dialogue,1,DialogueEvent,Unit 2 Prod (Refactor),2026-09-05T21:51:38.6620000Z,2026-09-05T21:51:38.6620000Z,6a9c8eea485cab4c95400b50,wenyi090326-3.stratalog.logdata.json
DialogueNodeEvent:22:50,dialogue,1,DialogueEvent,Unit 2 Prod (Refactor),2026-09-05T21:51:39.3300000Z,2026-09-05T21:51:39.3300000Z,6a9c8eeb485cab4c95400b52,wenyi090326-3.stratalog.logdata.json
DialogueNodeEvent:23:0,dialogue,1,DialogueEvent,Unit 2 Prod (Refactor),2026-09-05T22:06:18.2770000Z,2026-09-05T22:06:18.2770000Z,6a9c925a485cab4c95401a0a,wenyi090326-3.stratalog.logdata.json
DialogueNodeEvent:23:1,dialogue,1,DialogueEvent,Unit 2 Prod (Refactor),2026-09-05T21:58:48.9500000Z,2026-09-05T21:58:48.9500000Z,6a9c9098485cab4c954017e2,wenyi090326-3.stratalog.logdata.json
DialogueNodeEvent:23:17,dialogue,1,DialogueEvent,Unit 2 Prod (Refactor),2026-09-05T21:59:02.5220000Z,2026-09-05T21:59:02.5220000Z,6a9c90a6485cab4c954017fc,wenyi090326-3.stratalog.logdata.json
DialogueNodeEvent:23:18,dialogue,1,DialogueEvent,Unit 2 Prod (Refactor),2026-09-05T21:59:05.4890000Z,2026-09-05T21:59:05.4890000Z,6a9c90a9485cab4c954017fe,wenyi090326-3.stratalog.logdata.json
DialogueNodeEvent:23:2,dialogue,1,DialogueEvent,Unit 2 Prod (Refactor),2026-09-05T21:58:54.2170000Z,2026-09-05T21:58:54.2170000Z,6a9c909e485cab4c954017e6,wenyi090326-3.stratalog.logdata.json
DialogueNodeEvent:23:20,dialogue,1,DialogueEvent,Unit 2 Prod (Refactor),2026-09-05T21:59:06.0570000Z,2026-09-05T21:59:06.0570000Z,6a9c90a9485cab4c95401800,wenyi090326-3.stratalog.logdata.json
DialogueNodeEvent:23:21,dialogue,1,DialogueEvent,Unit 2 Prod (Refactor),2026-09-05T21:59:06.2240000Z,2026-09-05T21:59:06.2240000Z,6a9c90aa485cab4c95401802,wenyi090326-3.stratalog.logdata.json
DialogueNodeEvent:23:22,dialogue,1,DialogueEvent,Unit 2 Prod (Refactor),2026-09-05T21:59:10.1920000Z,2026-09-05T21:59:10.1920000Z,6a9c90ad485cab4c9540180c,wenyi090326-3.stratalog.logdata.json
DialogueNodeEvent:23:24,dialogue,1,DialogueEvent,Unit 2 Prod (Refactor),2026-09-05T21:59:10.8590000Z,2026-09-05T21:59:10.8590000Z,6a9c90ae485cab4c9540180e,wenyi090326-3.stratalog.logdata.json
DialogueNodeEvent:23:26,dialogue,1,DialogueEvent,Unit 2 Prod (Refactor),2026-09-05T21:59:12.3590000Z,2026-09-05T21:59:12.3590000Z,6a9c90b0485cab4c95401810,wenyi090326-3.stratalog.logdata.json
DialogueNodeEvent:23:27,dialogue,1,DialogueEvent,Unit 2 Prod (Refactor),2026-09-05T21:59:13.1290000Z,2026-09-05T21:59:13.1290000Z,6a9c90b0485cab4c95401812,wenyi090326-3.stratalog.logdata.json
DialogueNodeEvent:23:28,dialogue,1,DialogueEvent,Unit 2 Prod (Refactor),2026-09-05T22:06:18.2800000Z,2026-09-05T22:06:18.2800000Z,6a9c925a485cab4c95401a0e,wenyi090326-3.stratalog.logdata.json
DialogueNodeEvent:23:3,dialogue,1,DialogueEvent,Unit 2 Prod (Refactor),2026-09-05T21:58:55.1180000Z,2026-09-05T21:58:55.1180000Z,6a9c909e485cab4c954017e8,wenyi090326-3.stratalog.logdata.json
DialogueNodeEvent:23:30,dialogue,1,DialogueEvent,Unit 2 Prod (Refactor),2026-09-05T22:06:21.6440000Z,2026-09-05T22:06:21.6440000Z,6a9c925d485cab4c95401a12,wenyi090326-3.stratalog.logdata.json
DialogueNodeEvent:23:31,dialogue,1,DialogueEvent,Unit 2 Prod (Refactor),2026-09-05T22:06:22.3780000Z,2026-09-05T22:06:22.3780000Z,6a9c925e485cab4c95401a14,wenyi090326-3.stratalog.logdata.json
DialogueNodeEvent:23:32,dialogue,1,DialogueEvent,Unit 2 Prod (Refactor),2026-09-05T22:06:23.7780000Z,2026-09-05T22:06:23.7780000Z,6a9c925f485cab4c95401a16,wenyi090326-3.stratalog.logdata.json
DialogueNodeEvent:23:34,dialogue,1,DialogueEvent,Unit 2 Prod (Refactor),2026-09-05T22:06:24.8120000Z,2026-09-05T22:06:24.8120000Z,6a9c9260485cab4c95401a18,wenyi090326-3.stratalog.logdata.json
DialogueNodeEvent:23:35,dialogue,1,DialogueEvent,Unit 2 Prod (Refactor),2026-09-05T22:06:25.1460000Z,2026-09-05T22:06:25.1460000Z,6a9c9260485cab4c95401a1a,wenyi090326-3.stratalog.logdata.json
DialogueNodeEvent:23:37,dialogue,1,DialogueEvent,Unit 2 Prod (Refactor),2026-09-05T22:06:28.0470000Z,2026-09-05T22:06:28.0470000Z,6a9c9263485cab4c95401a1c,wenyi090326-3.stratalog.logdata.json
DialogueNodeEvent:23:38,dialogue,1,DialogueEvent,Unit 2 Prod (Refactor),2026-09-05T22:06:28.9480000Z,2026-09-05T22:06:28.9480000Z,6a9c9264485cab4c95401a1e,wenyi090326-3.stratalog.logdata.json
DialogueNodeEvent:23:39,dialogue,1,DialogueEvent,Unit 2 Prod (Refactor),2026-09-05T22:06:30.4480000Z,2026-09-05T22:06:30.4480000Z,6a9c9266485cab4c95401a22,wenyi090326-3.stratalog.logdata.json
DialogueNodeEvent:23:4,dialogue,1,DialogueEvent,Unit 2 Prod (Refactor),2026-09-05T21:58:55.6180000Z,2026-09-05T21:58:55.6180000Z,6a9c909f485cab4c954017ea,wenyi090326-3.stratalog.logdata.json
DialogueNodeEvent:23:41,dialogue,1,DialogueEvent,Unit 2 Prod (Refactor),2026-09-05T22:06:31.1170000Z,2026-09-05T22:06:31.1170000Z,6a9c9266485cab4c95401a24,wenyi090326-3.stratalog.logdata.json
DialogueNodeEvent:23:42,dialogue,1,DialogueEvent,Unit 2 Prod (Refactor),2026-09-05T22:06:31.2830000Z,2026-09-05T22:06:31.2830000Z,6a9c9267485cab4c95401a26,wenyi090326-3.stratalog.logdata.json
DialogueNodeEvent:23:59,dialogue,1,DialogueEvent,Unit 2 Prod (Refactor),2026-09-05T21:58:57.0520000Z,2026-09-05T21:58:57.0520000Z,6a9c90a0485cab4c954017ec,wenyi090326-3.stratalog.logdata.json
DialogueNodeEvent:23:61,dialogue,1,DialogueEvent,Unit 2 Prod (Refactor),2026-09-05T21:58:58.0530000Z,2026-09-05T21:58:58.0530000Z,6a9c90a1485cab4c954017ee,wenyi090326-3.stratalog.logdata.json
DialogueNodeEvent:23:63,dialogue,1,DialogueEvent,Unit 2 Prod (Refactor),2026-09-05T21:58:58.2530000Z,2026-09-05T21:58:58.2530000Z,6a9c90a2485cab4c954017f0,wenyi090326-3.stratalog.logdata.json
DialogueNodeEvent:23:66,dialogue,1,DialogueEvent,Unit 2 Prod (Refactor),2026-09-05T21:59:00.0870000Z,2026-09-05T21:59:00.0870000Z,6a9c90a3485cab4c954017f4,wenyi090326-3.stratalog.logdata.json
DialogueNodeEvent:23:67,dialogue,1,DialogueEvent,Unit 2 Prod (Refactor),2026-09-05T21:59:00.6200000Z,2026-09-05T21:59:00.6200000Z,6a9c90a4485cab4c954017f6,wenyi090326-3.stratalog.logdata.json
DialogueNodeEvent:23:68,dialogue,1,DialogueEvent,Unit 2 Prod (Refactor),2026-09-05T21:59:00.7870000Z,2026-09-05T21:59:00.7870000Z,6a9c90a4485cab4c954017f8,wenyi090326-3.stratalog.logdata.json
DialogueNodeEvent:23:69,dialogue,1,DialogueEvent,Unit 2 Prod (Refactor),2026-09-05T21:59:02.0880000Z,2026-09-05T21:59:02.0880000Z,6a9c90a5485cab4c954017fa,wenyi090326-3.stratalog.logdata.json
DialogueNodeEvent:23:70,dialogue,1,DialogueEvent,Unit 2 Prod (Refactor),2026-09-05T21:59:06.5910000Z,2026-09-05T21:59:06.5910000Z,6a9c90aa485cab4c95401804,wenyi090326-3.stratalog.logdata.json
DialogueNodeEvent:23:72,dialogue,1,DialogueEvent,Unit 2 Prod (Refactor),2026-09-05T21:59:08.1910000Z,2026-09-05T21:59:08.1910000Z,6a9c90ab485cab4c95401806,wenyi090326-3.stratalog.logdata.json
DialogueNodeEvent:23:73,dialogue,1,DialogueEvent,Unit 2 Prod (Refactor),2026-09-05T21:59:08.8910000Z,2026-09-05T21:59:08.8910000Z,6a9c90ac485cab4c95401808,wenyi090326-3.stratalog.logdata.json
DialogueNodeEvent:26:0,dialogue,16,DialogueEvent,Unit 2 Prod (Refactor),2026-09-05T22:02:48.4870000Z,2026-09-05T22:05:17.3180000Z,6a9c9188485cab4c954018e0,wenyi090326-3.stratalog.logdata.json
DialogueNodeEvent:26:136,dialogue,1,DialogueEvent,Unit 2 Prod (Refactor),2026-09-05T22:05:25.8570000Z,2026-09-05T22:05:25.8570000Z,6a9c9225485cab4c9540199e,wenyi090326-3.stratalog.logdata.json
DialogueNodeEvent:26:138,dialogue,10,DialogueEvent,Unit 2 Prod (Refactor),2026-09-05T22:02:49.7180000Z,2026-09-05T22:05:14.2480000Z,6a9c9189485cab4c954018e8,wenyi090326-3.stratalog.logdata.json
DialogueNodeEvent:26:141,dialogue,6,DialogueEvent,Unit 2 Prod (Refactor),2026-09-05T22:04:17.8580000Z,2026-09-05T22:05:25.8550000Z,6a9c91e1485cab4c95401934,wenyi090326-3.stratalog.logdata.json
DialogueNodeEvent:26:144,dialogue,1,DialogueEvent,Unit 2 Prod (Refactor),2026-09-05T22:02:48.5190000Z,2026-09-05T22:02:48.5190000Z,6a9c9188485cab4c954018e4,wenyi090326-3.stratalog.logdata.json
DialogueNodeEvent:26:145,dialogue,1,DialogueEvent,Unit 2 Prod (Refactor),2026-09-05T22:03:04.7270000Z,2026-09-05T22:03:04.7270000Z,6a9c9198485cab4c954018f2,wenyi090326-3.stratalog.logdata.json
DialogueNodeEvent:26:146,dialogue,1,DialogueEvent,Unit 2 Prod (Refactor),2026-09-05T22:04:16.4910000Z,2026-09-05T22:04:16.4910000Z,6a9c91e0485cab4c95401932,wenyi090326-3.stratalog.logdata.json
DialogueNodeEvent:26:169,dialogue,1,DialogueEvent,Unit 2 Prod (Refactor),2026-09-05T22:05:02.8760000Z,2026-09-05T22:05:02.8760000Z,6a9c920e485cab4c95401978,wenyi090326-3.stratalog.logdata.json
DialogueNodeEvent:26:179,dialogue,1,DialogueEvent,Unit 2 Prod (Refactor),2026-09-05T22:04:25.9280000Z,2026-09-05T22:04:25.9280000Z,6a9c91e9485cab4c9540193e,wenyi090326-3.stratalog.logdata.json
DialogueNodeEvent:26:180,dialogue,1,DialogueEvent,Unit 2 Prod (Refactor),2026-09-05T22:05:17.3500000Z,2026-09-05T22:05:17.3500000Z,6a9c921d485cab4c95401998,wenyi090326-3.stratalog.logdata.json
DialogueNodeEvent:26:181,dialogue,1,DialogueEvent,Unit 2 Prod (Refactor),2026-09-05T22:04:44.2350000Z,2026-09-05T22:04:44.2350000Z,6a9c91fc485cab4c95401960,wenyi090326-3.stratalog.logdata.json
DialogueNodeEvent:26:183,dialogue,1,DialogueEvent,Unit 2 Prod (Refactor),2026-09-05T22:04:35.1330000Z,2026-09-05T22:04:35.1330000Z,6a9c91f3485cab4c95401954,wenyi090326-3.stratalog.logdata.json
DialogueNodeEvent:26:189,dialogue,1,DialogueEvent,Unit 2 Prod (Refactor),2026-09-05T22:05:07.9120000Z,2026-09-05T22:05:07.9120000Z,6a9c9213485cab4c95401982,wenyi090326-3.stratalog.logdata.json
DialogueNodeEvent:26:192,dialogue,1,DialogueEvent,Unit 2 Prod (Refactor),2026-09-05T22:04:56.5400000Z,2026-09-05T22:04:56.5400000Z,6a9c9208485cab4c9540196c,wenyi090326-3.stratalog.logdata.json
DialogueNodeEvent:26:193,dialogue,1,DialogueEvent,Unit 2 Prod (Refactor),2026-09-05T22:05:13.0150000Z,2026-09-05T22:05:13.0150000Z,6a9c9218485cab4c9540198e,wenyi090326-3.stratalog.logdata.json
DialogueNodeEvent:26:196,dialogue,1,DialogueEvent,Unit 2 Prod (Refactor),2026-09-05T22:03:32.5060000Z,2026-09-05T22:03:32.5060000Z,6a9c91b4485cab4c9540190c,wenyi090326-3.stratalog.logdata.json
DialogueNodeEvent:26:199,dialogue,1,DialogueEvent,Unit 2 Prod (Refactor),2026-09-05T22:04:30.4300000Z,2026-09-05T22:04:30.4300000Z,6a9c91ee485cab4c9540194a,wenyi090326-3.stratalog.logdata.json
DialogueNodeEvent:26:201,dialogue,1,DialogueEvent,Unit 2 Prod (Refactor),2026-09-05T22:03:41.8750000Z,2026-09-05T22:03:41.8750000Z,6a9c91bd485cab4c95401918,wenyi090326-3.stratalog.logdata.json
DialogueNodeEvent:26:203,dialogue,1,DialogueEvent,Unit 2 Prod (Refactor),2026-09-05T22:03:49.4450000Z,2026-09-05T22:03:49.4450000Z,6a9c91c5485cab4c95401924,wenyi090326-3.stratalog.logdata.json
DialogueNodeEvent:26:211,dialogue,1,DialogueEvent,Unit 2 Prod (Refactor),2026-09-05T22:03:18.6990000Z,2026-09-05T22:03:18.6990000Z,6a9c91a6485cab4c954018fe,wenyi090326-3.stratalog.logdata.json
DialogueNodeEvent:27:0,dialogue,9,DialogueEvent,Unit 2 Prod (Refactor),2026-09-05T22:10:09.5960000Z,2026-09-05T22:13:31.9880000Z,6a9c9341485cab4c95401bdc,wenyi090326-3.stratalog.logdata.json
DialogueNodeEvent:27:12,dialogue,1,DialogueEvent,Unit 2 Prod (Refactor),2026-09-05T22:11:14.9570000Z,2026-09-05T22:11:14.9570000Z,6a9c9382485cab4c95401c6e,wenyi090326-3.stratalog.logdata.json
DialogueNodeEvent:27:13,dialogue,1,DialogueEvent,Unit 2 Prod (Refactor),2026-09-05T22:10:25.4340000Z,2026-09-05T22:10:25.4340000Z,6a9c9351485cab4c95401c02,wenyi090326-3.stratalog.logdata.json
DialogueNodeEvent:27:16,dialogue,1,DialogueEvent,Unit 2 Prod (Refactor),2026-09-05T22:11:03.5850000Z,2026-09-05T22:11:03.5850000Z,6a9c9377485cab4c95401c52,wenyi090326-3.stratalog.logdata.json
DialogueNodeEvent:27:17,dialogue,1,DialogueEvent,Unit 2 Prod (Refactor),2026-09-05T22:10:47.0770000Z,2026-09-05T22:10:47.0770000Z,6a9c9366485cab4c95401c20,wenyi090326-3.stratalog.logdata.json
DialogueNodeEvent:27:20,dialogue,1,DialogueEvent,Unit 2 Prod (Refactor),2026-09-05T22:10:09.6270000Z,2026-09-05T22:10:09.6270000Z,6a9c9341485cab4c95401be0,wenyi090326-3.stratalog.logdata.json
DialogueNodeEvent:27:26,dialogue,1,DialogueEvent,Unit 2 Prod (Refactor),2026-09-05T22:13:27.6500000Z,2026-09-05T22:13:27.6500000Z,6a9c9407485cab4c95401cf0,wenyi090326-3.stratalog.logdata.json
DialogueNodeEvent:27:28,dialogue,1,DialogueEvent,Unit 2 Prod (Refactor),2026-09-05T22:13:21.4130000Z,2026-09-05T22:13:21.4130000Z,6a9c9401485cab4c95401cd6,wenyi090326-3.stratalog.logdata.json
DialogueNodeEvent:27:30,dialogue,1,DialogueEvent,Unit 2 Prod (Refactor),2026-09-05T22:13:11.2080000Z,2026-09-05T22:13:11.2080000Z,6a9c93f7485cab4c95401cba,wenyi090326-3.stratalog.logdata.json
DialogueNodeEvent:27:7,dialogue,1,DialogueEvent,Unit 2 Prod (Refactor),2026-09-05T22:13:32.0180000Z,2026-09-05T22:13:32.0180000Z,6a9c940b485cab4c95401d0a,wenyi090326-3.stratalog.logdata.json
DialogueNodeEvent:28:179,dialogue,19,DialogueEvent,Unit 2 Prod (Refactor),2026-09-05T21:43:38.2140000Z,2026-09-05T21:45:01.7670000Z,6a9c8d09485cab4c95400930,wenyi090326-3.stratalog.logdata.json
DialogueNodeEvent:30:1,dialogue,2,DialogueEvent,Unit 1 Dev,2026-09-05T21:11:02.3320000Z,2026-09-05T21:21:52.7840000Z,6a9c8566485cab4c953ffac0,wenyi090326-3.stratalog.logdata.json
DialogueNodeEvent:30:10,dialogue,2,DialogueEvent,Unit 1 Dev,2026-09-05T21:11:36.5260000Z,2026-09-05T21:21:58.9490000Z,6a9c8588485cab4c953ffada,wenyi090326-3.stratalog.logdata.json
DialogueNodeEvent:30:100,dialogue,1,DialogueEvent,Unit 1 Dev,2026-09-05T21:33:15.6130000Z,2026-09-05T21:33:15.6130000Z,6a9c8a9b485cab4c9540013e,wenyi090326-3.stratalog.logdata.json
DialogueNodeEvent:30:101,dialogue,1,DialogueEvent,Unit 1 Dev,2026-09-05T21:33:18.0800000Z,2026-09-05T21:33:18.0800000Z,6a9c8a9d485cab4c95400144,wenyi090326-3.stratalog.logdata.json
DialogueNodeEvent:30:102,dialogue,1,DialogueEvent,Unit 1 Dev,2026-09-05T21:33:23.2840000Z,2026-09-05T21:33:23.2840000Z,6a9c8aa3485cab4c95400148,wenyi090326-3.stratalog.logdata.json
DialogueNodeEvent:30:103,dialogue,1,DialogueEvent,Unit 1 Dev,2026-09-05T21:33:25.7830000Z,2026-09-05T21:33:25.7830000Z,6a9c8aa5485cab4c9540014c,wenyi090326-3.stratalog.logdata.json
DialogueNodeEvent:30:104,dialogue,1,DialogueEvent,Unit 1 Dev,2026-09-05T21:33:27.0520000Z,2026-09-05T21:33:27.0520000Z,6a9c8aa6485cab4c95400152,wenyi090326-3.stratalog.logdata.json
DialogueNodeEvent:30:13,dialogue,2,DialogueEvent,Unit 1 Dev,2026-09-05T21:11:59.8630000Z,2026-09-05T21:23:57.5280000Z,6a9c859f485cab4c953ffae2,wenyi090326-3.stratalog.logdata.json
DialogueNodeEvent:30:14,dialogue,2,DialogueEvent,Unit 1 Dev,2026-09-05T21:12:02.4640000Z,2026-09-05T21:23:59.9130000Z,6a9c85a2485cab4c953ffae6,wenyi090326-3.stratalog.logdata.json
DialogueNodeEvent:30:16,dialogue,2,DialogueEvent,Unit 1 Dev,2026-09-05T21:12:03.4980000Z,2026-09-05T21:24:00.9470000Z,6a9c85a3485cab4c953ffaea,wenyi090326-3.stratalog.logdata.json
DialogueNodeEvent:30:2,dialogue,2,DialogueEvent,Unit 1 Dev,2026-09-05T21:11:24.1210000Z,2026-09-05T21:21:54.4150000Z,6a9c857b485cab4c953fface,wenyi090326-3.stratalog.logdata.json
DialogueNodeEvent:30:29,dialogue,2,DialogueEvent,Unit 1 Dev,2026-09-05T21:12:07.3510000Z,2026-09-05T21:24:08.6350000Z,6a9c85a6485cab4c953ffaf6,wenyi090326-3.stratalog.logdata.json
DialogueNodeEvent:30:32,dialogue,2,DialogueEvent,Unit 1 Dev,2026-09-05T21:12:11.7280000Z,2026-09-05T21:24:13.0460000Z,6a9c85ab485cab4c953ffb12,wenyi090326-3.stratalog.logdata.json
DialogueNodeEvent:30:33,dialogue,2,DialogueEvent,Unit 1 Dev,2026-09-05T21:12:13.3870000Z,2026-09-05T21:24:15.4710000Z,6a9c85ad485cab4c953ffb18,wenyi090326-3.stratalog.logdata.json
DialogueNodeEvent:30:37,dialogue,2,DialogueEvent,Unit 1 Dev,2026-09-05T21:12:20.0400000Z,2026-09-05T21:24:21.6570000Z,6a9c85b3485cab4c953ffb28,wenyi090326-3.stratalog.logdata.json
DialogueNodeEvent:30:38,dialogue,2,DialogueEvent,Unit 1 Dev,2026-09-05T21:12:22.4920000Z,2026-09-05T21:24:24.6930000Z,6a9c85b6485cab4c953ffb36,wenyi090326-3.stratalog.logdata.json
DialogueNodeEvent:30:39,dialogue,2,DialogueEvent,Unit 1 Dev,2026-09-05T21:12:24.9580000Z,2026-09-05T21:24:27.2260000Z,6a9c85b8485cab4c953ffb3a,wenyi090326-3.stratalog.logdata.json
DialogueNodeEvent:30:41,dialogue,2,DialogueEvent,Unit 1 Dev,2026-09-05T21:12:25.9580000Z,2026-09-05T21:24:27.9260000Z,6a9c85b9485cab4c953ffb3c,wenyi090326-3.stratalog.logdata.json
DialogueNodeEvent:30:48,dialogue,2,DialogueEvent,Unit 1 Dev,2026-09-05T21:12:26.7760000Z,2026-09-05T21:24:28.4940000Z,6a9c85ba485cab4c953ffb42,wenyi090326-3.stratalog.logdata.json
DialogueNodeEvent:30:49,dialogue,2,DialogueEvent,Unit 1 Dev,2026-09-05T21:12:39.0070000Z,2026-09-05T21:24:40.7280000Z,6a9c85c6485cab4c953ffb48,wenyi090326-3.stratalog.logdata.json
DialogueNodeEvent:30:5,dialogue,2,DialogueEvent,Unit 1 Dev,2026-09-05T21:11:25.6880000Z,2026-09-05T21:21:56.0820000Z,6a9c857d485cab4c953ffad0,wenyi090326-3.stratalog.logdata.json
DialogueNodeEvent:30:50,dialogue,2,DialogueEvent,Unit 1 Dev,2026-09-05T21:13:24.7120000Z,2026-09-05T21:24:42.9620000Z,6a9c85f4485cab4c953ffb56,wenyi090326-3.stratalog.logdata.json
DialogueNodeEvent:30:56,dialogue,2,DialogueEvent,Unit 1 Dev,2026-09-05T21:13:25.1150000Z,2026-09-05T21:24:43.3640000Z,6a9c85f4485cab4c953ffb5c,wenyi090326-3.stratalog.logdata.json
DialogueNodeEvent:30:57,dialogue,2,DialogueEvent,Unit 1 Dev,2026-09-05T21:13:26.4130000Z,2026-09-05T21:24:45.4290000Z,6a9c85f6485cab4c953ffb60,wenyi090326-3.stratalog.logdata.json
DialogueNodeEvent:30:7,dialogue,2,DialogueEvent,Unit 1 Dev,2026-09-05T21:11:34.1080000Z,2026-09-05T21:21:56.7480000Z,6a9c8585485cab4c953ffad4,wenyi090326-3.stratalog.logdata.json
DialogueNodeEvent:30:77,dialogue,1,DialogueEvent,Unit 1 Dev,2026-09-05T21:33:03.5730000Z,2026-09-05T21:33:03.5730000Z,6a9c8a8f485cab4c95400134,wenyi090326-3.stratalog.logdata.json
DialogueNodeEvent:30:8,dialogue,2,DialogueEvent,Unit 1 Dev,2026-09-05T21:11:35.6250000Z,2026-09-05T21:21:58.1820000Z,6a9c8587485cab4c953ffad6,wenyi090326-3.stratalog.logdata.json
DialogueNodeEvent:30:86,dialogue,1,DialogueEvent,Unit 1 Dev,2026-09-05T21:33:50.6910000Z,2026-09-05T21:33:50.6910000Z,6a9c8abe485cab4c95400176,wenyi090326-3.stratalog.logdata.json
DialogueNodeEvent:30:89,dialogue,2,DialogueEvent,Unit 1 Dev,2026-09-05T21:11:36.9600000Z,2026-09-05T21:21:59.3830000Z,6a9c8588485cab4c953ffadc,wenyi090326-3.stratalog.logdata.json
DialogueNodeEvent:30:90,dialogue,2,DialogueEvent,Unit 1 Dev,2026-09-05T21:12:00.4460000Z,2026-09-05T21:23:57.9620000Z,6a9c85a0485cab4c953ffae4,wenyi090326-3.stratalog.logdata.json
DialogueNodeEvent:30:91,dialogue,2,DialogueEvent,Unit 1 Dev,2026-09-05T21:12:03.1480000Z,2026-09-05T21:24:00.6130000Z,6a9c85a2485cab4c953ffae8,wenyi090326-3.stratalog.logdata.json
DialogueNodeEvent:30:93,dialogue,2,DialogueEvent,Unit 1 Dev,2026-09-05T21:12:05.6650000Z,2026-09-05T21:24:02.7140000Z,6a9c85a5485cab4c953ffaec,wenyi090326-3.stratalog.logdata.json
DialogueNodeEvent:30:94,dialogue,2,DialogueEvent,Unit 1 Dev,2026-09-05T21:12:06.3990000Z,2026-09-05T21:24:03.4810000Z,6a9c85a6485cab4c953ffaf0,wenyi090326-3.stratalog.logdata.json
DialogueNodeEvent:30:95,dialogue,2,DialogueEvent,Unit 1 Dev,2026-09-05T21:12:06.7330000Z,2026-09-05T21:24:03.7490000Z,6a9c85a6485cab4c953ffaf2,wenyi090326-3.stratalog.logdata.json
DialogueNodeEvent:30:96,dialogue,2,DialogueEvent,Unit 1 Dev,2026-09-05T21:12:10.4030000Z,2026-09-05T21:24:11.9380000Z,6a9c85aa485cab4c953ffb0c,wenyi090326-3.stratalog.logdata.json
DialogueNodeEvent:30:97,dialogue,2,DialogueEvent,Unit 1 Dev,2026-09-05T21:12:26.3590000Z,2026-09-05T21:24:28.1260000Z,6a9c85b9485cab4c953ffb3e,wenyi090326-3.stratalog.logdata.json
DialogueNodeEvent:30:98,dialogue,2,DialogueEvent,Unit 1 Dev,2026-09-05T21:18:06.2840000Z,2026-09-05T21:31:02.7830000Z,6a9c870d485cab4c953ffc8c,wenyi090326-3.stratalog.logdata.json
DialogueNodeEvent:30:99,dialogue,1,DialogueEvent,Unit 1 Dev,2026-09-05T21:33:13.7520000Z,2026-09-05T21:33:13.7520000Z,6a9c8a99485cab4c9540013a,wenyi090326-3.stratalog.logdata.json
DialogueNodeEvent:31:0,dialogue,4,DialogueEvent,Unit 1 Dev,2026-09-05T21:13:47.3510000Z,2026-09-05T21:31:20.8860000Z,6a9c860b485cab4c953ffb7c,wenyi090326-3.stratalog.logdata.json
DialogueNodeEvent:31:1,dialogue,2,DialogueEvent,Unit 1 Dev,2026-09-05T21:13:35.3210000Z,2026-09-05T21:26:09.1840000Z,6a9c85fe485cab4c953ffb6c,wenyi090326-3.stratalog.logdata.json
DialogueNodeEvent:31:13,dialogue,2,DialogueEvent,Unit 1 Dev,2026-09-05T21:13:53.6850000Z,2026-09-05T21:26:31.3910000Z,6a9c8611485cab4c953ffb8c,wenyi090326-3.stratalog.logdata.json
DialogueNodeEvent:31:2,dialogue,2,DialogueEvent,Unit 1 Dev,2026-09-05T21:13:47.3530000Z,2026-09-05T21:26:24.3920000Z,6a9c860b485cab4c953ffb80,wenyi090326-3.stratalog.logdata.json
DialogueNodeEvent:31:21,dialogue,2,DialogueEvent,Unit 1 Dev,2026-09-05T21:13:54.0190000Z,2026-09-05T21:26:31.6580000Z,6a9c8611485cab4c953ffb8e,wenyi090326-3.stratalog.logdata.json
DialogueNodeEvent:31:23,dialogue,2,DialogueEvent,Unit 1 Dev,2026-09-05T21:13:54.3860000Z,2026-09-05T21:26:32.0580000Z,6a9c8612485cab4c953ffb90,wenyi090326-3.stratalog.logdata.json
DialogueNodeEvent:31:24,dialogue,2,DialogueEvent,Unit 1 Dev,2026-09-05T21:15:10.8140000Z,2026-09-05T21:27:45.2820000Z,6a9c865e485cab4c953ffba2,wenyi090326-3.stratalog.logdata.json
DialogueNodeEvent:31:29,dialogue,2,DialogueEvent,Unit 1 Dev,2026-09-05T21:15:11.2470000Z,2026-09-05T21:27:45.6480000Z,6a9c865e485cab4c953ffba4,wenyi090326-3.stratalog.logdata.json
DialogueNodeEvent:31:32,dialogue,2,DialogueEvent,Unit 1 Dev,2026-09-05T21:15:11.7180000Z,2026-09-05T21:27:46.1190000Z,6a9c865f485cab4c953ffbaa,wenyi090326-3.stratalog.logdata.json
DialogueNodeEvent:31:35,dialogue,2,DialogueEvent,Unit 1 Dev,2026-09-05T21:18:28.9420000Z,2026-09-05T21:31:20.8890000Z,6a9c8724485cab4c953ffcce,wenyi090326-3.stratalog.logdata.json
DialogueNodeEvent:31:38,dialogue,2,DialogueEvent,Unit 1 Dev,2026-09-05T21:18:30.1890000Z,2026-09-05T21:31:22.4850000Z,6a9c8725485cab4c953ffcd0,wenyi090326-3.stratalog.logdata.json
DialogueNodeEvent:31:39,dialogue,2,DialogueEvent,Unit 1 Dev,2026-09-05T21:18:30.7890000Z,2026-09-05T21:31:22.8850000Z,6a9c8726485cab4c953ffcd2,wenyi090326-3.stratalog.logdata.json
DialogueNodeEvent:31:41,dialogue,2,DialogueEvent,Unit 1 Dev,2026-09-05T21:18:31.3730000Z,2026-09-05T21:31:23.3530000Z,6a9c8727485cab4c953ffcd4,wenyi090326-3.stratalog.logdata.json
DialogueNodeEvent:31:45,dialogue,2,DialogueEvent,Unit 1 Dev,2026-09-05T21:18:31.3920000Z,2026-09-05T21:31:23.3880000Z,6a9c8727485cab4c953ffcd6,wenyi090326-3.stratalog.logdata.json
DialogueNodeEvent:31:48,dialogue,2,DialogueEvent,Unit 1 Dev,2026-09-05T21:18:33.9070000Z,2026-09-05T21:31:27.6210000Z,6a9c8729485cab4c953ffcd8,wenyi090326-3.stratalog.logdata.json
DialogueNodeEvent:31:5,dialogue,2,DialogueEvent,Unit 1 Dev,2026-09-05T21:13:48.4330000Z,2026-09-05T21:26:26.0880000Z,6a9c860c485cab4c953ffb82,wenyi090326-3.stratalog.logdata.json
DialogueNodeEvent:31:51,dialogue,2,DialogueEvent,Unit 1 Dev,2026-09-05T21:18:36.7430000Z,2026-09-05T21:31:30.2240000Z,6a9c872c485cab4c953ffce6,wenyi090326-3.stratalog.logdata.json
DialogueNodeEvent:31:55,dialogue,2,DialogueEvent,Unit 1 Dev,2026-09-05T21:19:11.4030000Z,2026-09-05T21:32:34.3810000Z,6a9c874f485cab4c953ffd72,wenyi090326-3.stratalog.logdata.json
DialogueNodeEvent:31:56,dialogue,2,DialogueEvent,Unit 1 Dev,2026-09-05T21:19:14.5910000Z,2026-09-05T21:32:36.5520000Z,6a9c8752485cab4c953ffd76,wenyi090326-3.stratalog.logdata.json
DialogueNodeEvent:31:59,dialogue,2,DialogueEvent,Unit 1 Dev,2026-09-05T21:19:17.0890000Z,2026-09-05T21:32:39.0780000Z,6a9c8754485cab4c953ffd7c,wenyi090326-3.stratalog.logdata.json
DialogueNodeEvent:31:6,dialogue,2,DialogueEvent,Unit 1 Dev,2026-09-05T21:13:50.0330000Z,2026-09-05T21:26:27.7560000Z,6a9c860d485cab4c953ffb84,wenyi090326-3.stratalog.logdata.json
DialogueNodeEvent:31:60,dialogue,2,DialogueEvent,Unit 1 Dev,2026-09-05T21:19:25.4610000Z,2026-09-05T21:32:47.4170000Z,6a9c875d485cab4c953ffd84,wenyi090326-3.stratalog.logdata.json
DialogueNodeEvent:31:61,dialogue,2,DialogueEvent,Unit 1 Dev,2026-09-05T21:13:50.7670000Z,2026-09-05T21:26:28.4900000Z,6a9c860e485cab4c953ffb86,wenyi090326-3.stratalog.logdata.json
DialogueNodeEvent:31:64,dialogue,2,DialogueEvent,Unit 1 Dev,2026-09-05T21:13:52.8680000Z,2026-09-05T21:26:30.6240000Z,6a9c8610485cab4c953ffb8a,wenyi090326-3.stratalog.logdata.json
DialogueNodeEvent:31:65,dialogue,2,DialogueEvent,Unit 1 Dev,2026-09-05T21:19:13.0870000Z,2026-09-05T21:32:35.8150000Z,6a9c8750485cab4c953ffd74,wenyi090326-3.stratalog.logdata.json
DialogueNodeEvent:31:67,dialogue,2,DialogueEvent,Unit 1 Dev,2026-09-05T21:18:38.0880000Z,2026-09-05T21:31:33.4910000Z,6a9c872d485cab4c953ffcf0,wenyi090326-3.stratalog.logdata.json
DialogueNodeEvent:31:68,dialogue,2,DialogueEvent,Unit 1 Dev,2026-09-05T21:18:33.9910000Z,2026-09-05T21:31:27.9880000Z,6a9c8729485cab4c953ffcda,wenyi090326-3.stratalog.logdata.json
DialogueNodeEvent:31:69,dialogue,2,DialogueEvent,Unit 1 Dev,2026-09-05T21:18:39.7380000Z,2026-09-05T21:31:35.4590000Z,6a9c872f485cab4c953ffcfc,wenyi090326-3.stratalog.logdata.json
DialogueNodeEvent:31:70,dialogue,2,DialogueEvent,Unit 1 Dev,2026-09-05T21:18:40.9390000Z,2026-09-05T21:31:36.6270000Z,6a9c8730485cab4c953ffd04,wenyi090326-3.stratalog.logdata.json
DialogueNodeEvent:31:71,dialogue,2,DialogueEvent,Unit 1 Dev,2026-09-05T21:18:41.9900000Z,2026-09-05T21:31:57.3650000Z,6a9c8731485cab4c953ffd0c,wenyi090326-3.stratalog.logdata.json
DialogueNodeEvent:31:72,dialogue,2,DialogueEvent,Unit 1 Dev,2026-09-05T21:18:44.5570000Z,2026-09-05T21:32:01.4980000Z,6a9c8734485cab4c953ffd0e,wenyi090326-3.stratalog.logdata.json
DialogueNodeEvent:31:73,dialogue,2,DialogueEvent,Unit 1 Dev,2026-09-05T21:18:46.3740000Z,2026-09-05T21:32:03.9330000Z,6a9c8736485cab4c953ffd14,wenyi090326-3.stratalog.logdata.json
DialogueNodeEvent:31:74,dialogue,2,DialogueEvent,Unit 1 Dev,2026-09-05T21:18:46.8580000Z,2026-09-05T21:32:04.4000000Z,6a9c8736485cab4c953ffd16,wenyi090326-3.stratalog.logdata.json
DialogueNodeEvent:31:78,dialogue,2,DialogueEvent,Unit 1 Dev,2026-09-05T21:18:49.3090000Z,2026-09-05T21:32:09.2030000Z,6a9c8738485cab4c953ffd18,wenyi090326-3.stratalog.logdata.json
DialogueNodeEvent:31:8,dialogue,2,DialogueEvent,Unit 1 Dev,2026-09-05T21:13:51.1000000Z,2026-09-05T21:26:28.8570000Z,6a9c860e485cab4c953ffb88,wenyi090326-3.stratalog.logdata.json
DialogueNodeEvent:31:82,dialogue,2,DialogueEvent,Unit 1 Dev,2026-09-05T21:18:49.9450000Z,2026-09-05T21:32:10.3040000Z,6a9c8739485cab4c953ffd1c,wenyi090326-3.stratalog.logdata.json
DialogueNodeEvent:31:83,dialogue,2,DialogueEvent,Unit 1 Dev,2026-09-05T21:18:34.5740000Z,2026-09-05T21:31:28.3880000Z,6a9c872a485cab4c953ffcdc,wenyi090326-3.stratalog.logdata.json
DialogueNodeEvent:31:84,dialogue,2,DialogueEvent,Unit 1 Dev,2026-09-05T21:18:36.0760000Z,2026-09-05T21:31:29.5230000Z,6a9c872b485cab4c953ffce0,wenyi090326-3.stratalog.logdata.json
DialogueNodeEvent:32:0,dialogue,2,DialogueEvent,Unit 1 Dev,2026-09-05T21:15:59.2310000Z,2026-09-05T21:30:53.7740000Z,6a9c868e485cab4c953ffc2e,wenyi090326-3.stratalog.logdata.json
DialogueNodeEvent:32:101,dialogue,2,DialogueEvent,Unit 1 Dev,2026-09-05T21:16:04.5650000Z,2026-09-05T21:30:59.0410000Z,6a9c8694485cab4c953ffc3a,wenyi090326-3.stratalog.logdata.json
DialogueNodeEvent:32:69,dialogue,2,DialogueEvent,Unit 1 Dev,2026-09-05T21:15:59.2330000Z,2026-09-05T21:30:53.7750000Z,6a9c868e485cab4c953ffc32,wenyi090326-3.stratalog.logdata.json
DialogueNodeEvent:32:73,dialogue,2,DialogueEvent,Unit 1 Dev,2026-09-05T21:16:01.6970000Z,2026-09-05T21:30:56.3060000Z,6a9c8691485cab4c953ffc34,wenyi090326-3.stratalog.logdata.json
DialogueNodeEvent:32:75,dialogue,2,DialogueEvent,Unit 1 Dev,2026-09-05T21:16:02.5310000Z,2026-09-05T21:30:57.1730000Z,6a9c8692485cab4c953ffc36,wenyi090326-3.stratalog.logdata.json
DialogueNodeEvent:32:77,dialogue,2,DialogueEvent,Unit 1 Dev,2026-09-05T21:16:02.9150000Z,2026-09-05T21:30:57.5400000Z,6a9c8692485cab4c953ffc38,wenyi090326-3.stratalog.logdata.json
DialogueNodeEvent:32:87,dialogue,2,DialogueEvent,Unit 1 Dev,2026-09-05T21:16:05.8330000Z,2026-09-05T21:30:59.7080000Z,6a9c8695485cab4c953ffc3c,wenyi090326-3.stratalog.logdata.json
DialogueNodeEvent:32:88,dialogue,2,DialogueEvent,Unit 1 Dev,2026-09-05T21:16:06.1660000Z,2026-09-05T21:30:59.9750000Z,6a9c8695485cab4c953ffc3e,wenyi090326-3.stratalog.logdata.json
DialogueNodeEvent:32:91,dialogue,2,DialogueEvent,Unit 1 Dev,2026-09-05T21:16:06.6000000Z,2026-09-05T21:31:00.3750000Z,6a9c8696485cab4c953ffc42,wenyi090326-3.stratalog.logdata.json
DialogueNodeEvent:32:95,dialogue,2,DialogueEvent,Unit 1 Dev,2026-09-05T21:16:09.5010000Z,2026-09-05T21:31:01.8750000Z,6a9c8699485cab4c953ffc44,wenyi090326-3.stratalog.logdata.json
DialogueNodeEvent:32:96,dialogue,2,DialogueEvent,Unit 1 Dev,2026-09-05T21:16:10.5520000Z,2026-09-05T21:31:02.5100000Z,6a9c869a485cab4c953ffc46,wenyi090326-3.stratalog.logdata.json
DialogueNodeEvent:33:1,dialogue,1,DialogueEvent,Unit 1 Dev,2026-09-05T21:33:36.7570000Z,2026-09-05T21:33:36.7570000Z,6a9c8ab0485cab4c95400160,wenyi090326-3.stratalog.logdata.json
DialogueNodeEvent:33:12,dialogue,1,DialogueEvent,Unit 1 Dev,2026-09-05T21:34:08.9160000Z,2026-09-05T21:34:08.9160000Z,6a9c8ad0485cab4c95400196,wenyi090326-3.stratalog.logdata.json
DialogueNodeEvent:33:15,dialogue,1,DialogueEvent,Unit 1 Dev,2026-09-05T21:34:12.1520000Z,2026-09-05T21:34:12.1520000Z,6a9c8ad3485cab4c9540019c,wenyi090326-3.stratalog.logdata.json
DialogueNodeEvent:33:16,dialogue,1,DialogueEvent,Unit 1 Dev,2026-09-05T21:34:21.0560000Z,2026-09-05T21:34:21.0560000Z,6a9c8adc485cab4c954001a6,wenyi090326-3.stratalog.logdata.json
DialogueNodeEvent:33:19,dialogue,1,DialogueEvent,Unit 1 Dev,2026-09-05T21:34:28.3270000Z,2026-09-05T21:34:28.3270000Z,6a9c8ae4485cab4c954001ae,wenyi090326-3.stratalog.logdata.json
DialogueNodeEvent:33:3,dialogue,1,DialogueEvent,Unit 1 Dev,2026-09-05T21:33:38.6170000Z,2026-09-05T21:33:38.6170000Z,6a9c8ab2485cab4c95400164,wenyi090326-3.stratalog.logdata.json
DialogueNodeEvent:33:5,dialogue,1,DialogueEvent,Unit 1 Dev,2026-09-05T21:33:41.7530000Z,2026-09-05T21:33:41.7530000Z,6a9c8ab5485cab4c95400168,wenyi090326-3.stratalog.logdata.json
DialogueNodeEvent:33:8,dialogue,1,DialogueEvent,Unit 1 Dev,2026-09-05T21:34:01.7350000Z,2026-09-05T21:34:01.7350000Z,6a9c8ac9485cab4c95400188,wenyi090326-3.stratalog.logdata.json
DialogueNodeEvent:33:9,dialogue,1,DialogueEvent,Unit 1 Dev,2026-09-05T21:34:05.5970000Z,2026-09-05T21:34:05.5970000Z,6a9c8acd485cab4c9540018e,wenyi090326-3.stratalog.logdata.json
DialogueNodeEvent:35:0,dialogue,2,DialogueEvent,Unit 1 Dev,2026-09-05T21:16:16.9400000Z,2026-09-05T21:29:03.1990000Z,6a9c86a0485cab4c953ffc5e,wenyi090326-3.stratalog.logdata.json
DialogueNodeEvent:35:1,dialogue,2,DialogueEvent,Unit 1 Dev,2026-09-05T21:16:16.9410000Z,2026-09-05T21:29:03.2000000Z,6a9c86a0485cab4c953ffc62,wenyi090326-3.stratalog.logdata.json
DialogueNodeEvent:35:20,dialogue,2,DialogueEvent,Unit 1 Dev,2026-09-05T21:18:02.7420000Z,2026-09-05T21:30:39.7650000Z,6a9c870a485cab4c953ffc82,wenyi090326-3.stratalog.logdata.json
DialogueNodeEvent:35:21,dialogue,2,DialogueEvent,Unit 1 Dev,2026-09-05T21:18:03.1420000Z,2026-09-05T21:30:39.9650000Z,6a9c870a485cab4c953ffc84,wenyi090326-3.stratalog.logdata.json
DialogueNodeEvent:35:24,dialogue,2,DialogueEvent,Unit 1 Dev,2026-09-05T21:18:03.6420000Z,2026-09-05T21:30:40.1650000Z,6a9c870b485cab4c953ffc86,wenyi090326-3.stratalog.logdata.json
DialogueNodeEvent:35:28,dialogue,2,DialogueEvent,Unit 1 Dev,2026-09-05T21:18:05.3100000Z,2026-09-05T21:30:42.2000000Z,6a9c870c485cab4c953ffc88,wenyi090326-3.stratalog.logdata.json
DialogueNodeEvent:35:29,dialogue,2,DialogueEvent,Unit 1 Dev,2026-09-05T21:18:05.9780000Z,2026-09-05T21:30:42.8670000Z,6a9c870d485cab4c953ffc8a,wenyi090326-3.stratalog.logdata.json
DialogueNodeEvent:35:33,dialogue,2,DialogueEvent,Unit 1 Dev,2026-09-05T21:16:19.6890000Z,2026-09-05T21:29:05.7650000Z,6a9c86a3485cab4c953ffc64,wenyi090326-3.stratalog.logdata.json
DialogueNodeEvent:35:34,dialogue,2,DialogueEvent,Unit 1 Dev,2026-09-05T21:16:21.1900000Z,2026-09-05T21:29:07.1320000Z,6a9c86a4485cab4c953ffc68,wenyi090326-3.stratalog.logdata.json
DialogueNodeEvent:35:40,dialogue,2,DialogueEvent,Unit 1 Dev,2026-09-05T21:18:01.8920000Z,2026-09-05T21:30:39.0310000Z,6a9c8709485cab4c953ffc80,wenyi090326-3.stratalog.logdata.json
DialogueNodeEvent:35:7,dialogue,2,DialogueEvent,Unit 1 Dev,2026-09-05T21:16:20.7570000Z,2026-09-05T21:29:06.7320000Z,6a9c86a4485cab4c953ffc66,wenyi090326-3.stratalog.logdata.json
DialogueNodeEvent:35:8,dialogue,2,DialogueEvent,Unit 1 Dev,2026-09-05T21:16:21.6070000Z,2026-09-05T21:29:07.4990000Z,6a9c86a5485cab4c953ffc6a,wenyi090326-3.stratalog.logdata.json
DialogueNodeEvent:36:0,dialogue,2,DialogueEvent,Unit 1 Dev,2026-09-05T21:15:22.1050000Z,2026-09-05T21:28:13.5470000Z,6a9c8669485cab4c953ffbca,wenyi090326-3.stratalog.logdata.json
DialogueNodeEvent:36:32,dialogue,2,DialogueEvent,Unit 1 Dev,2026-09-05T21:15:22.1070000Z,2026-09-05T21:28:13.5490000Z,6a9c8669485cab4c953ffbce,wenyi090326-3.stratalog.logdata.json
DialogueNodeEvent:36:33,dialogue,2,DialogueEvent,Unit 1 Dev,2026-09-05T21:15:24.4870000Z,2026-09-05T21:28:15.8460000Z,6a9c866c485cab4c953ffbd0,wenyi090326-3.stratalog.logdata.json
DialogueNodeEvent:36:35,dialogue,2,DialogueEvent,Unit 1 Dev,2026-09-05T21:15:25.0880000Z,2026-09-05T21:28:21.8490000Z,6a9c866c485cab4c953ffbd2,wenyi090326-3.stratalog.logdata.json
DialogueNodeEvent:36:36,dialogue,2,DialogueEvent,Unit 1 Dev,2026-09-05T21:15:25.4040000Z,2026-09-05T21:28:22.2160000Z,6a9c866d485cab4c953ffbd4,wenyi090326-3.stratalog.logdata.json
DialogueNodeEvent:36:50,dialogue,2,DialogueEvent,Unit 1 Dev,2026-09-05T21:15:27.9720000Z,2026-09-05T21:28:24.5500000Z,6a9c866f485cab4c953ffbda,wenyi090326-3.stratalog.logdata.json
DialogueNodeEvent:36:52,dialogue,2,DialogueEvent,Unit 1 Dev,2026-09-05T21:15:28.3390000Z,2026-09-05T21:28:24.7840000Z,6a9c866f485cab4c953ffbdc,wenyi090326-3.stratalog.logdata.json
DialogueNodeEvent:36:55,dialogue,2,DialogueEvent,Unit 1 Dev,2026-09-05T21:15:28.7900000Z,2026-09-05T21:28:25.1840000Z,6a9c8670485cab4c953ffbde,wenyi090326-3.stratalog.logdata.json
DialogueNodeEvent:36:59,dialogue,2,DialogueEvent,Unit 1 Dev,2026-09-05T21:15:30.4070000Z,2026-09-05T21:28:26.6180000Z,6a9c8672485cab4c953ffbe0,wenyi090326-3.stratalog.logdata.json
DialogueNodeEvent:36:60,dialogue,2,DialogueEvent,Unit 1 Dev,2026-09-05T21:15:31.0250000Z,2026-09-05T21:28:28.2530000Z,6a9c8672485cab4c953ffbe2,wenyi090326-3.stratalog.logdata.json
DialogueNodeEvent:36:65,dialogue,2,DialogueEvent,Unit 1 Dev,2026-09-05T21:15:27.0880000Z,2026-09-05T21:28:23.8830000Z,6a9c866e485cab4c953ffbd8,wenyi090326-3.stratalog.logdata.json
DialogueNodeEvent:37:0,dialogue,2,DialogueEvent,Unit 1 Dev,2026-09-05T21:15:44.1080000Z,2026-09-05T21:27:58.2730000Z,6a9c867f485cab4c953ffc02,wenyi090326-3.stratalog.logdata.json
DialogueNodeEvent:37:64,dialogue,2,DialogueEvent,Unit 1 Dev,2026-09-05T21:15:44.1090000Z,2026-09-05T21:27:58.2750000Z,6a9c867f485cab4c953ffc06,wenyi090326-3.stratalog.logdata.json
DialogueNodeEvent:37:65,dialogue,1,DialogueEvent,Unit 1 Dev,2026-09-05T21:15:46.6730000Z,2026-09-05T21:15:46.6730000Z,6a9c8682485cab4c953ffc0a,wenyi090326-3.stratalog.logdata.json
DialogueNodeEvent:37:66,dialogue,1,DialogueEvent,Unit 1 Dev,2026-09-05T21:28:01.7390000Z,2026-09-05T21:28:01.7390000Z,6a9c8961485cab4c953fff38,wenyi090326-3.stratalog.logdata.json
DialogueNodeEvent:37:67,dialogue,2,DialogueEvent,Unit 1 Dev,2026-09-05T21:15:47.6400000Z,2026-09-05T21:28:02.4400000Z,6a9c8683485cab4c953ffc0c,wenyi090326-3.stratalog.logdata.json
DialogueNodeEvent:37:97,dialogue,2,DialogueEvent,Unit 1 Dev,2026-09-05T21:15:48.0250000Z,2026-09-05T21:28:02.8410000Z,6a9c8683485cab4c953ffc0e,wenyi090326-3.stratalog.logdata.json
DialogueNodeEvent:68:29,dialogue,1,DialogueEvent,Unit 2 Prod (Refactor),2026-09-05T21:39:23.1450000Z,2026-09-05T21:39:23.1450000Z,6a9c8c0a485cab4c954007e8,wenyi090326-3.stratalog.logdata.json
DialogueNodeEvent:68:4,dialogue,1,DialogueEvent,Unit 2 Prod (Refactor),2026-09-05T21:38:39.3250000Z,2026-09-05T21:38:39.3250000Z,6a9c8bdf485cab4c954006b6,wenyi090326-3.stratalog.logdata.json
DialogueNodeEvent:70:0,dialogue,6,DialogueEvent,Unit 1 Dev,2026-09-05T21:19:01.7170000Z,2026-09-05T21:32:32.5170000Z,6a9c8745485cab4c953ffd48,wenyi090326-3.stratalog.logdata.json
DialogueNodeEvent:70:25,dialogue,4,DialogueEvent,Unit 1 Dev,2026-09-05T21:19:01.7310000Z,2026-09-05T21:32:29.0790000Z,6a9c8745485cab4c953ffd4c,wenyi090326-3.stratalog.logdata.json
DialogueNodeEvent:70:7,dialogue,2,DialogueEvent,Unit 1 Dev,2026-09-05T21:19:09.9850000Z,2026-09-05T21:32:32.5480000Z,6a9c874d485cab4c953ffd70,wenyi090326-3.stratalog.logdata.json
DialogueNodeEvent:73:164,dialogue,1,DialogueEvent,Unit 3 Dev,2026-09-05T22:47:16.0470000Z,2026-09-05T22:47:16.0470000Z,6a9c9bf3485cab4c95402c42,wenyi090326-3.stratalog.logdata.json
DialogueNodeEvent:73:165,dialogue,1,DialogueEvent,Unit 3 Dev,2026-09-05T22:47:19.4790000Z,2026-09-05T22:47:19.4790000Z,6a9c9bf7485cab4c95402c46,wenyi090326-3.stratalog.logdata.json
DialogueNodeEvent:73:166,dialogue,1,DialogueEvent,Unit 3 Dev,2026-09-05T22:47:20.1130000Z,2026-09-05T22:47:20.1130000Z,6a9c9bf7485cab4c95402c48,wenyi090326-3.stratalog.logdata.json
DialogueNodeEvent:73:167,dialogue,1,DialogueEvent,Unit 3 Dev,2026-09-05T22:47:20.5800000Z,2026-09-05T22:47:20.5800000Z,6a9c9bf8485cab4c95402c4a,wenyi090326-3.stratalog.logdata.json
DialogueNodeEvent:73:168,dialogue,2,DialogueEvent,Unit 3 Dev,2026-09-05T22:48:12.5070000Z,2026-09-05T22:48:28.2810000Z,6a9c9c2c485cab4c95402c86,wenyi090326-3.stratalog.logdata.json
DialogueNodeEvent:73:169,dialogue,2,DialogueEvent,Unit 3 Dev,2026-09-05T22:48:16.2050000Z,2026-09-05T22:48:30.0120000Z,6a9c9c30485cab4c95402c8a,wenyi090326-3.stratalog.logdata.json
DialogueNodeEvent:73:170,dialogue,2,DialogueEvent,Unit 3 Dev,2026-09-05T22:48:16.9390000Z,2026-09-05T22:48:30.8130000Z,6a9c9c30485cab4c95402c8c,wenyi090326-3.stratalog.logdata.json
DialogueNodeEvent:73:171,dialogue,1,DialogueEvent,Unit 3 Dev,2026-09-05T22:49:38.4800000Z,2026-09-05T22:49:38.4800000Z,6a9c9c82485cab4c95402cf6,wenyi090326-3.stratalog.logdata.json
DialogueNodeEvent:73:172,dialogue,1,DialogueEvent,Unit 3 Dev,2026-09-05T22:49:39.9440000Z,2026-09-05T22:49:39.9440000Z,6a9c9c83485cab4c95402cfa,wenyi090326-3.stratalog.logdata.json
DialogueNodeEvent:73:173,dialogue,1,DialogueEvent,Unit 3 Dev,2026-09-05T22:49:40.3770000Z,2026-09-05T22:49:40.3770000Z,6a9c9c84485cab4c95402cfc,wenyi090326-3.stratalog.logdata.json
DialogueNodeEvent:73:175,dialogue,1,DialogueEvent,Unit 3 Dev,2026-09-05T22:49:40.7450000Z,2026-09-05T22:49:40.7450000Z,6a9c9c84485cab4c95402cfe,wenyi090326-3.stratalog.logdata.json
DialogueNodeEvent:73:198,dialogue,4,DialogueEvent,Unit 3 Dev,2026-09-05T22:47:16.0460000Z,2026-09-05T22:49:38.4790000Z,6a9c9bf3485cab4c95402c40,wenyi090326-3.stratalog.logdata.json
DialogueNodeEvent:73:199,dialogue,2,DialogueEvent,Unit 3 Dev,2026-09-05T22:48:17.4060000Z,2026-09-05T22:48:31.2460000Z,6a9c9c31485cab4c95402c8e,wenyi090326-3.stratalog.logdata.json
DialogueNodeEvent:73:200,dialogue,1,DialogueEvent,Unit 3 Dev,2026-09-05T22:46:17.3350000Z,2026-09-05T22:46:17.3350000Z,6a9c9bb9485cab4c95402bf4,wenyi090326-3.stratalog.logdata.json
DialogueNodeEvent:73:204,dialogue,1,DialogueEvent,Unit 3 Dev,2026-09-05T22:46:20.9380000Z,2026-09-05T22:46:20.9380000Z,6a9c9bbc485cab4c95402bfa,wenyi090326-3.stratalog.logdata.json
DialogueNodeEvent:73:208,dialogue,1,DialogueEvent,Unit 3 Dev,2026-09-05T22:46:21.6700000Z,2026-09-05T22:46:21.6700000Z,6a9c9bbd485cab4c95402bfc,wenyi090326-3.stratalog.logdata.json
DialogueNodeEvent:73:209,dialogue,1,DialogueEvent,Unit 3 Dev,2026-09-05T22:46:22.0120000Z,2026-09-05T22:46:22.0120000Z,6a9c9bbd485cab4c95402c00,wenyi090326-3.stratalog.logdata.json
DialogueNodeEvent:73:210,dialogue,1,DialogueEvent,Unit 3 Dev,2026-09-05T22:46:22.5200000Z,2026-09-05T22:46:22.5200000Z,6a9c9bbe485cab4c95402c02,wenyi090326-3.stratalog.logdata.json
DialogueNodeEvent:73:211,dialogue,1,DialogueEvent,Unit 3 Dev,2026-09-05T22:46:23.0890000Z,2026-09-05T22:46:23.0890000Z,6a9c9bbe485cab4c95402c06,wenyi090326-3.stratalog.logdata.json
DialogueNodeEvent:73:212,dialogue,1,DialogueEvent,Unit 3 Dev,2026-09-05T22:46:23.0890000Z,2026-09-05T22:46:23.0890000Z,6a9c9bbf485cab4c95402c08,wenyi090326-3.stratalog.logdata.json
DialogueNodeEvent:73:213,dialogue,1,DialogueEvent,Unit 3 Dev,2026-09-05T22:49:41.1110000Z,2026-09-05T22:49:41.1110000Z,6a9c9c84485cab4c95402d00,wenyi090326-3.stratalog.logdata.json
DialogueNodeEvent:74:0,dialogue,5,DialogueEvent,Unit 2 Prod (Refactor),2026-09-05T21:55:31.6990000Z,2026-09-05T21:58:30.4430000Z,6a9c8fd3485cab4c95400e90,wenyi090326-3.stratalog.logdata.json
DialogueNodeEvent:74:10,dialogue,1,DialogueEvent,Unit 2 Prod (Refactor),2026-09-05T21:56:22.3530000Z,2026-09-05T21:56:22.3530000Z,6a9c9006485cab4c9540127e,wenyi090326-3.stratalog.logdata.json
DialogueNodeEvent:74:11,dialogue,1,DialogueEvent,Unit 2 Prod (Refactor),2026-09-05T21:55:59.4760000Z,2026-09-05T21:55:59.4760000Z,6a9c8fef485cab4c95401072,wenyi090326-3.stratalog.logdata.json
DialogueNodeEvent:74:13,dialogue,1,DialogueEvent,Unit 2 Prod (Refactor),2026-09-05T21:56:25.3540000Z,2026-09-05T21:56:25.3540000Z,6a9c9009485cab4c95401298,wenyi090326-3.stratalog.logdata.json
DialogueNodeEvent:74:15,dialogue,1,DialogueEvent,Unit 2 Prod (Refactor),2026-09-05T21:57:58.3600000Z,2026-09-05T21:57:58.3600000Z,6a9c9066485cab4c9540156a,wenyi090326-3.stratalog.logdata.json
DialogueNodeEvent:74:17,dialogue,1,DialogueEvent,Unit 2 Prod (Refactor),2026-09-05T21:58:30.4750000Z,2026-09-05T21:58:30.4750000Z,6a9c9086485cab4c954017d4,wenyi090326-3.stratalog.logdata.json
DialogueNodeEvent:74:18,dialogue,1,DialogueEvent,Unit 2 Prod (Refactor),2026-09-05T21:58:34.9460000Z,2026-09-05T21:58:34.9460000Z,6a9c908a485cab4c954017d6,wenyi090326-3.stratalog.logdata.json
DialogueNodeEvent:74:21,dialogue,1,DialogueEvent,Unit 2 Prod (Refactor),2026-09-05T21:58:39.7790000Z,2026-09-05T21:58:39.7790000Z,6a9c908f485cab4c954017dc,wenyi090326-3.stratalog.logdata.json
DialogueNodeEvent:74:23,dialogue,1,DialogueEvent,Unit 2 Prod (Refactor),2026-09-05T21:56:00.0760000Z,2026-09-05T21:56:00.0760000Z,6a9c8fef485cab4c95401074,wenyi090326-3.stratalog.logdata.json
DialogueNodeEvent:74:24,dialogue,1,DialogueEvent,Unit 2 Prod (Refactor),2026-09-05T21:56:26.4220000Z,2026-09-05T21:56:26.4220000Z,6a9c900a485cab4c9540129a,wenyi090326-3.stratalog.logdata.json
DialogueNodeEvent:74:4,dialogue,1,DialogueEvent,Unit 2 Prod (Refactor),2026-09-05T21:55:31.7330000Z,2026-09-05T21:55:31.7330000Z,6a9c8fd3485cab4c95400e94,wenyi090326-3.stratalog.logdata.json
DialogueNodeEvent:74:6,dialogue,1,DialogueEvent,Unit 2 Prod (Refactor),2026-09-05T21:55:55.9750000Z,2026-09-05T21:55:55.9750000Z,6a9c8feb485cab4c9540106c,wenyi090326-3.stratalog.logdata.json
DialogueNodeEvent:75:1,dialogue,1,DialogueEvent,Unit 3 Dev,2026-09-05T22:34:03.1570000Z,2026-09-05T22:34:03.1570000Z,6a9c98db485cab4c95402694,wenyi090326-3.stratalog.logdata.json
DialogueNodeEvent:75:2,dialogue,1,DialogueEvent,Unit 3 Dev,2026-09-05T22:34:07.0890000Z,2026-09-05T22:34:07.0890000Z,6a9c98de485cab4c9540269c,wenyi090326-3.stratalog.logdata.json
DialogueNodeEvent:75:3,dialogue,1,DialogueEvent,Unit 3 Dev,2026-09-05T22:34:09.5890000Z,2026-09-05T22:34:09.5890000Z,6a9c98e1485cab4c954026a2,wenyi090326-3.stratalog.logdata.json
DialogueNodeEvent:75:4,dialogue,1,DialogueEvent,Unit 3 Dev,2026-09-05T22:34:18.4270000Z,2026-09-05T22:34:18.4270000Z,6a9c98ea485cab4c954026b0,wenyi090326-3.stratalog.logdata.json
DialogueNodeEvent:75:5,dialogue,1,DialogueEvent,Unit 3 Dev,2026-09-05T22:34:20.3940000Z,2026-09-05T22:34:20.3940000Z,6a9c98ec485cab4c954026b6,wenyi090326-3.stratalog.logdata.json
DialogueNodeEvent:75:6,dialogue,1,DialogueEvent,Unit 3 Dev,2026-09-05T22:34:31.7330000Z,2026-09-05T22:34:31.7330000Z,6a9c98f7485cab4c954026be,wenyi090326-3.stratalog.logdata.json
DialogueNodeEvent:78:0,dialogue,1,DialogueEvent,Unit 3 Dungeon Dev,2026-09-05T22:37:29.4450000Z,2026-09-05T22:37:29.4450000Z,6a9c99a9485cab4c95402860,wenyi090326-3.stratalog.logdata.json
DialogueNodeEvent:78:24,dialogue,1,DialogueEvent,Unit 3 Dungeon Dev,2026-09-05T22:37:44.3840000Z,2026-09-05T22:37:44.3840000Z,6a9c99b8485cab4c954028ce,wenyi090326-3.stratalog.logdata.json
DialogueNodeEvent:78:4,dialogue,1,DialogueEvent,Unit 3 Dungeon Dev,2026-09-05T22:37:29.4780000Z,2026-09-05T22:37:29.4780000Z,6a9c99a9485cab4c95402864,wenyi090326-3.stratalog.logdata.json
DialogueNodeEvent:79:0,dialogue,2,DialogueEvent,Unit 3 Dungeon Dev,2026-09-05T22:42:39.2010000Z,2026-09-05T22:42:39.2040000Z,6a9c9adf485cab4c95402b52,wenyi090326-3.stratalog.logdata.json
DialogueNodeEvent:79:101,dialogue,1,DialogueEvent,Unit 3 Dungeon Dev,2026-09-05T22:38:50.4470000Z,2026-09-05T22:38:50.4470000Z,6a9c99fa485cab4c9540295e,wenyi090326-3.stratalog.logdata.json
DialogueNodeEvent:79:102,dialogue,1,DialogueEvent,Unit 3 Dungeon Dev,2026-09-05T22:37:59.9240000Z,2026-09-05T22:37:59.9240000Z,6a9c99c7485cab4c95402922,wenyi090326-3.stratalog.logdata.json
DialogueNodeEvent:79:103,dialogue,1,DialogueEvent,Unit 3 Dungeon Dev,2026-09-05T22:38:03.9920000Z,2026-09-05T22:38:03.9920000Z,6a9c99cb485cab4c9540292a,wenyi090326-3.stratalog.logdata.json
DialogueNodeEvent:79:104,dialogue,1,DialogueEvent,Unit 3 Dungeon Dev,2026-09-05T22:38:01.5910000Z,2026-09-05T22:38:01.5910000Z,6a9c99c9485cab4c95402926,wenyi090326-3.stratalog.logdata.json
DialogueNodeEvent:79:108,dialogue,1,DialogueEvent,Unit 3 Dungeon Dev,2026-09-05T22:39:30.1840000Z,2026-09-05T22:39:30.1840000Z,6a9c9a22485cab4c954029c6,wenyi090326-3.stratalog.logdata.json
DialogueNodeEvent:79:109,dialogue,2,DialogueEvent,Unit 3 Dungeon Dev,2026-09-05T22:41:17.0970000Z,2026-09-05T22:41:20.7320000Z,6a9c9a8c485cab4c95402a8e,wenyi090326-3.stratalog.logdata.json
DialogueNodeEvent:79:110,dialogue,1,DialogueEvent,Unit 3 Dungeon Dev,2026-09-05T22:41:19.6980000Z,2026-09-05T22:41:19.6980000Z,6a9c9a8f485cab4c95402a94,wenyi090326-3.stratalog.logdata.json
DialogueNodeEvent:79:111,dialogue,1,DialogueEvent,Unit 3 Dungeon Dev,2026-09-05T22:41:24.3000000Z,2026-09-05T22:41:24.3000000Z,6a9c9a94485cab4c95402a9a,wenyi090326-3.stratalog.logdata.json
DialogueNodeEvent:79:112,dialogue,1,DialogueEvent,Unit 3 Dungeon Dev,2026-09-05T22:41:20.3990000Z,2026-09-05T22:41:20.3990000Z,6a9c9a90485cab4c95402a96,wenyi090326-3.stratalog.logdata.json
DialogueNodeEvent:79:113,dialogue,1,DialogueEvent,Unit 3 Dungeon Dev,2026-09-05T22:41:26.0010000Z,2026-09-05T22:41:26.0010000Z,6a9c9a95485cab4c95402a9c,wenyi090326-3.stratalog.logdata.json
DialogueNodeEvent:79:114,dialogue,1,DialogueEvent,Unit 3 Dungeon Dev,2026-09-05T22:40:48.6170000Z,2026-09-05T22:40:48.6170000Z,6a9c9a70485cab4c95402a4a,wenyi090326-3.stratalog.logdata.json
DialogueNodeEvent:79:115,dialogue,1,DialogueEvent,Unit 3 Dungeon Dev,2026-09-05T22:40:32.4100000Z,2026-09-05T22:40:32.4100000Z,6a9c9a60485cab4c95402a04,wenyi090326-3.stratalog.logdata.json
DialogueNodeEvent:79:116,dialogue,1,DialogueEvent,Unit 3 Dungeon Dev,2026-09-05T22:38:55.1510000Z,2026-09-05T22:38:55.1510000Z,6a9c99ff485cab4c95402966,wenyi090326-3.stratalog.logdata.json
DialogueNodeEvent:79:117,dialogue,1,DialogueEvent,Unit 3 Dungeon Dev,2026-09-05T22:38:55.9830000Z,2026-09-05T22:38:55.9830000Z,6a9c99ff485cab4c9540296a,wenyi090326-3.stratalog.logdata.json
DialogueNodeEvent:79:118,dialogue,1,DialogueEvent,Unit 3 Dungeon Dev,2026-09-05T22:38:57.0830000Z,2026-09-05T22:38:57.0830000Z,6a9c9a00485cab4c9540296c,wenyi090326-3.stratalog.logdata.json
DialogueNodeEvent:79:119,dialogue,1,DialogueEvent,Unit 3 Dungeon Dev,2026-09-05T22:41:10.4290000Z,2026-09-05T22:41:10.4290000Z,6a9c9a86485cab4c95402a7c,wenyi090326-3.stratalog.logdata.json
DialogueNodeEvent:79:120,dialogue,1,DialogueEvent,Unit 3 Dungeon Dev,2026-09-05T22:41:11.8620000Z,2026-09-05T22:41:11.8620000Z,6a9c9a87485cab4c95402a80,wenyi090326-3.stratalog.logdata.json
DialogueNodeEvent:79:126,dialogue,1,DialogueEvent,Unit 3 Dungeon Dev,2026-09-05T22:42:10.5570000Z,2026-09-05T22:42:10.5570000Z,6a9c9ac2485cab4c95402b2e,wenyi090326-3.stratalog.logdata.json
DialogueNodeEvent:79:127,dialogue,1,DialogueEvent,Unit 3 Dungeon Dev,2026-09-05T22:42:30.1320000Z,2026-09-05T22:42:30.1320000Z,6a9c9ad5485cab4c95402b42,wenyi090326-3.stratalog.logdata.json
DialogueNodeEvent:79:128,dialogue,1,DialogueEvent,Unit 3 Dungeon Dev,2026-09-05T22:42:31.9320000Z,2026-09-05T22:42:31.9320000Z,6a9c9ad7485cab4c95402b48,wenyi090326-3.stratalog.logdata.json
DialogueNodeEvent:79:134,dialogue,1,DialogueEvent,Unit 3 Dungeon Dev,2026-09-05T22:42:39.2060000Z,2026-09-05T22:42:39.2060000Z,6a9c9adf485cab4c95402b5c,wenyi090326-3.stratalog.logdata.json
DialogueNodeEvent:79:135,dialogue,1,DialogueEvent,Unit 3 Dungeon Dev,2026-09-05T22:42:41.8350000Z,2026-09-05T22:42:41.8350000Z,6a9c9ae1485cab4c95402b60,wenyi090326-3.stratalog.logdata.json
DialogueNodeEvent:79:136,dialogue,1,DialogueEvent,Unit 3 Dungeon Dev,2026-09-05T22:42:42.2350000Z,2026-09-05T22:42:42.2350000Z,6a9c9ae2485cab4c95402b62,wenyi090326-3.stratalog.logdata.json
DialogueNodeEvent:79:137,dialogue,1,DialogueEvent,Unit 3 Dungeon Dev,2026-09-05T22:42:42.6690000Z,2026-09-05T22:42:42.6690000Z,6a9c9ae2485cab4c95402b64,wenyi090326-3.stratalog.logdata.json
DialogueNodeEvent:79:138,dialogue,1,DialogueEvent,Unit 3 Dungeon Dev,2026-09-05T22:42:43.1040000Z,2026-09-05T22:42:43.1040000Z,6a9c9ae2485cab4c95402b66,wenyi090326-3.stratalog.logdata.json
DialogueNodeEvent:79:140,dialogue,1,DialogueEvent,Unit 3 Dungeon Dev,2026-09-05T22:45:14.4060000Z,2026-09-05T22:45:14.4060000Z,6a9c9b7a485cab4c95402ba0,wenyi090326-3.stratalog.logdata.json
DialogueNodeEvent:79:141,dialogue,1,DialogueEvent,Unit 3 Dungeon Dev,2026-09-05T22:38:03.0920000Z,2026-09-05T22:38:03.0920000Z,6a9c99ca485cab4c95402928,wenyi090326-3.stratalog.logdata.json
DialogueNodeEvent:79:143,dialogue,1,DialogueEvent,Unit 3 Dungeon Dev,2026-09-05T22:45:16.7070000Z,2026-09-05T22:45:16.7070000Z,6a9c9b7c485cab4c95402ba4,wenyi090326-3.stratalog.logdata.json
DialogueNodeEvent:79:144,dialogue,1,DialogueEvent,Unit 3 Dungeon Dev,2026-09-05T22:45:18.4070000Z,2026-09-05T22:45:18.4070000Z,6a9c9b7e485cab4c95402ba6,wenyi090326-3.stratalog.logdata.json
DialogueNodeEvent:79:146,dialogue,1,DialogueEvent,Unit 3 Dungeon Dev,2026-09-05T22:45:19.3080000Z,2026-09-05T22:45:19.3080000Z,6a9c9b7f485cab4c95402ba8,wenyi090326-3.stratalog.logdata.json
DialogueNodeEvent:79:147,dialogue,1,DialogueEvent,Unit 3 Dungeon Dev,2026-09-05T22:45:19.6080000Z,2026-09-05T22:45:19.6080000Z,6a9c9b7f485cab4c95402bac,wenyi090326-3.stratalog.logdata.json
DialogueNodeEvent:79:148,dialogue,1,DialogueEvent,Unit 3 Dungeon Dev,2026-09-05T22:45:19.9750000Z,2026-09-05T22:45:19.9750000Z,6a9c9b7f485cab4c95402bae,wenyi090326-3.stratalog.logdata.json
DialogueNodeEvent:79:149,dialogue,1,DialogueEvent,Unit 3 Dungeon Dev,2026-09-05T22:45:20.3430000Z,2026-09-05T22:45:20.3430000Z,6a9c9b80485cab4c95402bb0,wenyi090326-3.stratalog.logdata.json
DialogueNodeEvent:79:70,dialogue,1,DialogueEvent,Unit 3 Dungeon Dev,2026-09-05T22:39:00.2850000Z,2026-09-05T22:39:00.2850000Z,6a9c9a04485cab4c9540297c,wenyi090326-3.stratalog.logdata.json
DialogueNodeEvent:79:71,dialogue,1,DialogueEvent,Unit 3 Dungeon Dev,2026-09-05T22:39:03.3530000Z,2026-09-05T22:39:03.3530000Z,6a9c9a07485cab4c95402984,wenyi090326-3.stratalog.logdata.json
DialogueNodeEvent:79:74,dialogue,1,DialogueEvent,Unit 3 Dungeon Dev,2026-09-05T22:39:15.1600000Z,2026-09-05T22:39:15.1600000Z,6a9c9a13485cab4c954029ac,wenyi090326-3.stratalog.logdata.json
DialogueNodeEvent:79:75,dialogue,1,DialogueEvent,Unit 3 Dungeon Dev,2026-09-05T22:39:16.4260000Z,2026-09-05T22:39:16.4260000Z,6a9c9a14485cab4c954029b0,wenyi090326-3.stratalog.logdata.json
DialogueNodeEvent:79:76,dialogue,1,DialogueEvent,Unit 3 Dungeon Dev,2026-09-05T22:39:16.8260000Z,2026-09-05T22:39:16.8260000Z,6a9c9a14485cab4c954029b2,wenyi090326-3.stratalog.logdata.json
DialogueNodeEvent:79:79,dialogue,1,DialogueEvent,Unit 3 Dungeon Dev,2026-09-05T22:40:37.6460000Z,2026-09-05T22:40:37.6460000Z,6a9c9a65485cab4c95402a18,wenyi090326-3.stratalog.logdata.json
DialogueNodeEvent:79:80,dialogue,1,DialogueEvent,Unit 3 Dungeon Dev,2026-09-05T22:40:38.9120000Z,2026-09-05T22:40:38.9120000Z,6a9c9a66485cab4c95402a1c,wenyi090326-3.stratalog.logdata.json
DialogueNodeEvent:79:81,dialogue,1,DialogueEvent,Unit 3 Dungeon Dev,2026-09-05T22:40:40.7790000Z,2026-09-05T22:40:40.7790000Z,6a9c9a68485cab4c95402a20,wenyi090326-3.stratalog.logdata.json
DialogueNodeEvent:79:83,dialogue,1,DialogueEvent,Unit 3 Dungeon Dev,2026-09-05T22:40:45.2490000Z,2026-09-05T22:40:45.2490000Z,6a9c9a6d485cab4c95402a34,wenyi090326-3.stratalog.logdata.json
DialogueNodeEvent:79:86,dialogue,1,DialogueEvent,Unit 3 Dungeon Dev,2026-09-05T22:40:53.8550000Z,2026-09-05T22:40:53.8550000Z,6a9c9a75485cab4c95402a62,wenyi090326-3.stratalog.logdata.json
DialogueNodeEvent:79:87,dialogue,1,DialogueEvent,Unit 3 Dungeon Dev,2026-09-05T22:40:54.7870000Z,2026-09-05T22:40:54.7870000Z,6a9c9a76485cab4c95402a66,wenyi090326-3.stratalog.logdata.json
DialogueNodeEvent:82:0,dialogue,5,DialogueEvent,Unit 4 Dev;Unit 4 Dev - Anderson Base,2026-09-05T23:22:51.9190000Z,2026-09-05T23:25:08.0330000Z,6a9ca44b485cab4c95403fa2,wenyi090326-3.stratalog.logdata.json
DialogueNodeEvent:82:1,dialogue,1,DialogueEvent,Unit 4 Dev,2026-09-05T23:22:53.9860000Z,2026-09-05T23:22:53.9860000Z,6a9ca44d485cab4c95403fa6,wenyi090326-3.stratalog.logdata.json
DialogueNodeEvent:82:10,dialogue,1,DialogueEvent,Unit 4 Dev,2026-09-05T23:22:58.0540000Z,2026-09-05T23:22:58.0540000Z,6a9ca451485cab4c95403fb4,wenyi090326-3.stratalog.logdata.json
DialogueNodeEvent:82:100,dialogue,1,DialogueEvent,Unit 4 Dev,2026-09-05T23:31:26.6260000Z,2026-09-05T23:31:26.6260000Z,6a9ca64e485cab4c954043f4,wenyi090326-3.stratalog.logdata.json
DialogueNodeEvent:82:101,dialogue,1,DialogueEvent,Unit 4 Dev,2026-09-05T23:31:27.0260000Z,2026-09-05T23:31:27.0260000Z,6a9ca64e485cab4c954043f6,wenyi090326-3.stratalog.logdata.json
DialogueNodeEvent:82:102,dialogue,2,DialogueEvent,Unit 4 Dev,2026-09-05T23:31:27.4600000Z,2026-09-05T23:31:28.0450000Z,6a9ca64f485cab4c954043f8,wenyi090326-3.stratalog.logdata.json
DialogueNodeEvent:82:104,dialogue,1,DialogueEvent,Unit 4 Dev,2026-09-05T23:31:27.9280000Z,2026-09-05T23:31:27.9280000Z,6a9ca64f485cab4c954043fa,wenyi090326-3.stratalog.logdata.json
DialogueNodeEvent:82:106,dialogue,1,DialogueEvent,Unit 4 Dev - Anderson Base,2026-09-05T23:25:38.2480000Z,2026-09-05T23:25:38.2480000Z,6a9ca4f2485cab4c954040d0,wenyi090326-3.stratalog.logdata.json
DialogueNodeEvent:82:12,dialogue,1,DialogueEvent,Unit 4 Dev,2026-09-05T23:22:58.6880000Z,2026-09-05T23:22:58.6880000Z,6a9ca452485cab4c95403fb6,wenyi090326-3.stratalog.logdata.json
DialogueNodeEvent:82:14,dialogue,1,DialogueEvent,Unit 4 Dev,2026-09-05T23:22:58.8560000Z,2026-09-05T23:22:58.8560000Z,6a9ca452485cab4c95403fb8,wenyi090326-3.stratalog.logdata.json
DialogueNodeEvent:82:15,dialogue,1,DialogueEvent,Unit 4 Dev,2026-09-05T23:21:40.9860000Z,2026-09-05T23:21:40.9860000Z,6a9ca404485cab4c95403efc,wenyi090326-3.stratalog.logdata.json
DialogueNodeEvent:82:16,dialogue,1,DialogueEvent,Unit 4 Dev,2026-09-05T23:21:41.1530000Z,2026-09-05T23:21:41.1530000Z,6a9ca405485cab4c95403efe,wenyi090326-3.stratalog.logdata.json
DialogueNodeEvent:82:17,dialogue,1,DialogueEvent,Unit 4 Dev,2026-09-05T23:21:41.3190000Z,2026-09-05T23:21:41.3190000Z,6a9ca405485cab4c95403f00,wenyi090326-3.stratalog.logdata.json
DialogueNodeEvent:82:18,dialogue,1,DialogueEvent,Unit 4 Dev,2026-09-05T23:21:43.1530000Z,2026-09-05T23:21:43.1530000Z,6a9ca407485cab4c95403f02,wenyi090326-3.stratalog.logdata.json
DialogueNodeEvent:82:20,dialogue,1,DialogueEvent,Unit 4 Dev,2026-09-05T23:21:43.9530000Z,2026-09-05T23:21:43.9530000Z,6a9ca407485cab4c95403f04,wenyi090326-3.stratalog.logdata.json
DialogueNodeEvent:82:22,dialogue,1,DialogueEvent,Unit 4 Dev,2026-09-05T23:21:45.6540000Z,2026-09-05T23:21:45.6540000Z,6a9ca409485cab4c95403f06,wenyi090326-3.stratalog.logdata.json
DialogueNodeEvent:82:24,dialogue,1,DialogueEvent,Unit 4 Dev,2026-09-05T23:21:46.3570000Z,2026-09-05T23:21:46.3570000Z,6a9ca40a485cab4c95403f0a,wenyi090326-3.stratalog.logdata.json
DialogueNodeEvent:82:26,dialogue,1,DialogueEvent,Unit 4 Dev,2026-09-05T23:23:12.7320000Z,2026-09-05T23:23:12.7320000Z,6a9ca460485cab4c95403fcc,wenyi090326-3.stratalog.logdata.json
DialogueNodeEvent:82:27,dialogue,1,DialogueEvent,Unit 4 Dev,2026-09-05T23:23:13.5960000Z,2026-09-05T23:23:13.5960000Z,6a9ca461485cab4c95403fce,wenyi090326-3.stratalog.logdata.json
DialogueNodeEvent:82:28,dialogue,1,DialogueEvent,Unit 4 Dev,2026-09-05T23:23:13.7630000Z,2026-09-05T23:23:13.7630000Z,6a9ca461485cab4c95403fd0,wenyi090326-3.stratalog.logdata.json
DialogueNodeEvent:82:29,dialogue,1,DialogueEvent,Unit 4 Dev,2026-09-05T23:23:30.7390000Z,2026-09-05T23:23:30.7390000Z,6a9ca472485cab4c95403fe6,wenyi090326-3.stratalog.logdata.json
DialogueNodeEvent:82:3,dialogue,1,DialogueEvent,Unit 4 Dev,2026-09-05T23:22:54.9860000Z,2026-09-05T23:22:54.9860000Z,6a9ca44e485cab4c95403fa8,wenyi090326-3.stratalog.logdata.json
DialogueNodeEvent:82:30,dialogue,1,DialogueEvent,Unit 4 Dev,2026-09-05T23:23:32.0040000Z,2026-09-05T23:23:32.0040000Z,6a9ca473485cab4c95403fe8,wenyi090326-3.stratalog.logdata.json
DialogueNodeEvent:82:31,dialogue,1,DialogueEvent,Unit 4 Dev,2026-09-05T23:23:32.3720000Z,2026-09-05T23:23:32.3720000Z,6a9ca474485cab4c95403fea,wenyi090326-3.stratalog.logdata.json
DialogueNodeEvent:82:32,dialogue,1,DialogueEvent,Unit 4 Dev,2026-09-05T23:23:32.8040000Z,2026-09-05T23:23:32.8040000Z,6a9ca474485cab4c95403fec,wenyi090326-3.stratalog.logdata.json
DialogueNodeEvent:82:33,dialogue,1,DialogueEvent,Unit 4 Dev,2026-09-05T23:23:33.2380000Z,2026-09-05T23:23:33.2380000Z,6a9ca475485cab4c95403fee,wenyi090326-3.stratalog.logdata.json
DialogueNodeEvent:82:34,dialogue,1,DialogueEvent,Unit 4 Dev,2026-09-05T23:23:33.6720000Z,2026-09-05T23:23:33.6720000Z,6a9ca475485cab4c95403ff0,wenyi090326-3.stratalog.logdata.json
DialogueNodeEvent:82:35,dialogue,1,DialogueEvent,Unit 4 Dev,2026-09-05T23:23:34.1050000Z,2026-09-05T23:23:34.1050000Z,6a9ca475485cab4c95403ff2,wenyi090326-3.stratalog.logdata.json
DialogueNodeEvent:82:36,dialogue,1,DialogueEvent,Unit 4 Dev,2026-09-05T23:23:34.5390000Z,2026-09-05T23:23:34.5390000Z,6a9ca476485cab4c95403ff4,wenyi090326-3.stratalog.logdata.json
DialogueNodeEvent:82:37,dialogue,1,DialogueEvent,Unit 4 Dev,2026-09-05T23:23:40.1410000Z,2026-09-05T23:23:40.1410000Z,6a9ca47b485cab4c95403ff8,wenyi090326-3.stratalog.logdata.json
DialogueNodeEvent:82:39,dialogue,1,DialogueEvent,Unit 4 Dev,2026-09-05T23:23:41.1750000Z,2026-09-05T23:23:41.1750000Z,6a9ca47d485cab4c95403ffa,wenyi090326-3.stratalog.logdata.json
DialogueNodeEvent:82:40,dialogue,1,DialogueEvent,Unit 4 Dev,2026-09-05T23:23:41.3420000Z,2026-09-05T23:23:41.3420000Z,6a9ca47d485cab4c95403ffc,wenyi090326-3.stratalog.logdata.json
DialogueNodeEvent:82:41,dialogue,1,DialogueEvent,Unit 4 Dev - Anderson Base,2026-09-05T23:23:55.0270000Z,2026-09-05T23:23:55.0270000Z,6a9ca48a485cab4c9540400a,wenyi090326-3.stratalog.logdata.json
DialogueNodeEvent:82:42,dialogue,1,DialogueEvent,Unit 4 Dev - Anderson Base,2026-09-05T23:23:56.4500000Z,2026-09-05T23:23:56.4500000Z,6a9ca48c485cab4c9540400e,wenyi090326-3.stratalog.logdata.json
DialogueNodeEvent:82:43,dialogue,1,DialogueEvent,Unit 4 Dev - Anderson Base,2026-09-05T23:24:27.2140000Z,2026-09-05T23:24:27.2140000Z,6a9ca4ab485cab4c95404032,wenyi090326-3.stratalog.logdata.json
DialogueNodeEvent:82:44,dialogue,1,DialogueEvent,Unit 4 Dev - Anderson Base,2026-09-05T23:24:28.1150000Z,2026-09-05T23:24:28.1150000Z,6a9ca4ab485cab4c95404038,wenyi090326-3.stratalog.logdata.json
DialogueNodeEvent:82:45,dialogue,1,DialogueEvent,Unit 4 Dev - Anderson Base,2026-09-05T23:24:21.9450000Z,2026-09-05T23:24:21.9450000Z,6a9ca4a5485cab4c95404020,wenyi090326-3.stratalog.logdata.json
DialogueNodeEvent:82:46,dialogue,1,DialogueEvent,Unit 4 Dev - Anderson Base,2026-09-05T23:24:46.3230000Z,2026-09-05T23:24:46.3230000Z,6a9ca4be485cab4c95404056,wenyi090326-3.stratalog.logdata.json
DialogueNodeEvent:82:47,dialogue,1,DialogueEvent,Unit 4 Dev - Anderson Base,2026-09-05T23:24:49.6910000Z,2026-09-05T23:24:49.6910000Z,6a9ca4c1485cab4c95404062,wenyi090326-3.stratalog.logdata.json
DialogueNodeEvent:82:48,dialogue,1,DialogueEvent,Unit 4 Dev - Anderson Base,2026-09-05T23:25:01.5970000Z,2026-09-05T23:25:01.5970000Z,6a9ca4cd485cab4c95404074,wenyi090326-3.stratalog.logdata.json
DialogueNodeEvent:82:49,dialogue,1,DialogueEvent,Unit 4 Dev - Anderson Base,2026-09-05T23:25:08.0360000Z,2026-09-05T23:25:08.0360000Z,6a9ca4d4485cab4c9540408a,wenyi090326-3.stratalog.logdata.json
DialogueNodeEvent:82:5,dialogue,1,DialogueEvent,Unit 4 Dev,2026-09-05T23:22:55.1860000Z,2026-09-05T23:22:55.1860000Z,6a9ca44f485cab4c95403faa,wenyi090326-3.stratalog.logdata.json
DialogueNodeEvent:82:50,dialogue,1,DialogueEvent,Unit 4 Dev - Anderson Base,2026-09-05T23:24:41.3570000Z,2026-09-05T23:24:41.3570000Z,6a9ca4b9485cab4c9540404c,wenyi090326-3.stratalog.logdata.json
DialogueNodeEvent:82:51,dialogue,1,DialogueEvent,Unit 4 Dev - Anderson Base,2026-09-05T23:25:13.0020000Z,2026-09-05T23:25:13.0020000Z,6a9ca4d8485cab4c95404090,wenyi090326-3.stratalog.logdata.json
DialogueNodeEvent:82:52,dialogue,1,DialogueEvent,Unit 4 Dev - Anderson Base,2026-09-05T23:25:21.1060000Z,2026-09-05T23:25:21.1060000Z,6a9ca4e0485cab4c954040a2,wenyi090326-3.stratalog.logdata.json
DialogueNodeEvent:82:53,dialogue,1,DialogueEvent,Unit 4 Dev - Anderson Base,2026-09-05T23:25:22.0050000Z,2026-09-05T23:25:22.0050000Z,6a9ca4e1485cab4c954040a8,wenyi090326-3.stratalog.logdata.json
DialogueNodeEvent:82:54,dialogue,1,DialogueEvent,Unit 4 Dev - Anderson Base,2026-09-05T23:25:24.2060000Z,2026-09-05T23:25:24.2060000Z,6a9ca4e4485cab4c954040ac,wenyi090326-3.stratalog.logdata.json
DialogueNodeEvent:82:56,dialogue,1,DialogueEvent,Unit 4 Dev - Anderson Base,2026-09-05T23:25:26.0070000Z,2026-09-05T23:25:26.0070000Z,6a9ca4e5485cab4c954040ae,wenyi090326-3.stratalog.logdata.json
DialogueNodeEvent:82:58,dialogue,1,DialogueEvent,Unit 4 Dev - Anderson Base,2026-09-05T23:25:26.2070000Z,2026-09-05T23:25:26.2070000Z,6a9ca4e6485cab4c954040b0,wenyi090326-3.stratalog.logdata.json
DialogueNodeEvent:82:59,dialogue,1,DialogueEvent,Unit 4 Dev - Anderson Base,2026-09-05T23:25:26.3740000Z,2026-09-05T23:25:26.3740000Z,6a9ca4e6485cab4c954040b2,wenyi090326-3.stratalog.logdata.json
DialogueNodeEvent:82:6,dialogue,1,DialogueEvent,Unit 4 Dev,2026-09-05T23:22:55.3530000Z,2026-09-05T23:22:55.3530000Z,6a9ca44f485cab4c95403fac,wenyi090326-3.stratalog.logdata.json
DialogueNodeEvent:82:60,dialogue,1,DialogueEvent,Unit 4 Dev - Anderson Base,2026-09-05T23:25:26.5410000Z,2026-09-05T23:25:26.5410000Z,6a9ca4e6485cab4c954040b4,wenyi090326-3.stratalog.logdata.json
DialogueNodeEvent:82:61,dialogue,1,DialogueEvent,Unit 4 Dev - Anderson Base,2026-09-05T23:25:26.9080000Z,2026-09-05T23:25:26.9080000Z,6a9ca4e6485cab4c954040b6,wenyi090326-3.stratalog.logdata.json
DialogueNodeEvent:82:62,dialogue,1,DialogueEvent,Unit 4 Dev - Anderson Base,2026-09-05T23:25:27.2740000Z,2026-09-05T23:25:27.2740000Z,6a9ca4e7485cab4c954040b8,wenyi090326-3.stratalog.logdata.json
DialogueNodeEvent:82:63,dialogue,1,DialogueEvent,Unit 4 Dev - Anderson Base,2026-09-05T23:25:27.4410000Z,2026-09-05T23:25:27.4410000Z,6a9ca4e7485cab4c954040ba,wenyi090326-3.stratalog.logdata.json
DialogueNodeEvent:82:64,dialogue,1,DialogueEvent,Unit 4 Dev - Anderson Base,2026-09-05T23:25:27.7420000Z,2026-09-05T23:25:27.7420000Z,6a9ca4e7485cab4c954040bc,wenyi090326-3.stratalog.logdata.json
DialogueNodeEvent:82:65,dialogue,1,DialogueEvent,Unit 4 Dev - Anderson Base,2026-09-05T23:25:27.8750000Z,2026-09-05T23:25:27.8750000Z,6a9ca4e7485cab4c954040be,wenyi090326-3.stratalog.logdata.json
DialogueNodeEvent:82:69,dialogue,1,DialogueEvent,Unit 4 Dev - Anderson Base,2026-09-05T23:25:29.5430000Z,2026-09-05T23:25:29.5430000Z,6a9ca4e9485cab4c954040c0,wenyi090326-3.stratalog.logdata.json
DialogueNodeEvent:82:7,dialogue,1,DialogueEvent,Unit 4 Dev,2026-09-05T23:22:55.8200000Z,2026-09-05T23:22:55.8200000Z,6a9ca44f485cab4c95403fae,wenyi090326-3.stratalog.logdata.json
DialogueNodeEvent:82:73,dialogue,1,DialogueEvent,Unit 4 Dev - Anderson Base,2026-09-05T23:25:30.4090000Z,2026-09-05T23:25:30.4090000Z,6a9ca4ea485cab4c954040c2,wenyi090326-3.stratalog.logdata.json
DialogueNodeEvent:82:77,dialogue,1,DialogueEvent,Unit 4 Dev - Anderson Base,2026-09-05T23:25:32.8440000Z,2026-09-05T23:25:32.8440000Z,6a9ca4ec485cab4c954040c4,wenyi090326-3.stratalog.logdata.json
DialogueNodeEvent:82:8,dialogue,1,DialogueEvent,Unit 4 Dev,2026-09-05T23:22:56.2200000Z,2026-09-05T23:22:56.2200000Z,6a9ca450485cab4c95403fb0,wenyi090326-3.stratalog.logdata.json
DialogueNodeEvent:82:80,dialogue,1,DialogueEvent,Unit 4 Dev - Anderson Base,2026-09-05T23:25:33.9440000Z,2026-09-05T23:25:33.9440000Z,6a9ca4ed485cab4c954040c6,wenyi090326-3.stratalog.logdata.json
DialogueNodeEvent:82:82,dialogue,1,DialogueEvent,Unit 4 Dev - Anderson Base,2026-09-05T23:25:36.8450000Z,2026-09-05T23:25:36.8450000Z,6a9ca4f0485cab4c954040ca,wenyi090326-3.stratalog.logdata.json
DialogueNodeEvent:82:84,dialogue,1,DialogueEvent,Unit 4 Dev - Anderson Base,2026-09-05T23:25:38.0470000Z,2026-09-05T23:25:38.0470000Z,6a9ca4f1485cab4c954040cc,wenyi090326-3.stratalog.logdata.json
DialogueNodeEvent:82:85,dialogue,1,DialogueEvent,Unit 4 Dev - Anderson Base,2026-09-05T23:30:40.9550000Z,2026-09-05T23:30:40.9550000Z,6a9ca620485cab4c954043c2,wenyi090326-3.stratalog.logdata.json
DialogueNodeEvent:82:86,dialogue,1,DialogueEvent,Unit 4 Dev - Anderson Base,2026-09-05T23:30:41.3230000Z,2026-09-05T23:30:41.3230000Z,6a9ca621485cab4c954043c4,wenyi090326-3.stratalog.logdata.json
DialogueNodeEvent:82:87,dialogue,1,DialogueEvent,Unit 4 Dev - Anderson Base,2026-09-05T23:30:49.7250000Z,2026-09-05T23:30:49.7250000Z,6a9ca629485cab4c954043c8,wenyi090326-3.stratalog.logdata.json
DialogueNodeEvent:82:9,dialogue,1,DialogueEvent,Unit 4 Dev,2026-09-05T23:22:56.5540000Z,2026-09-05T23:22:56.5540000Z,6a9ca450485cab4c95403fb2,wenyi090326-3.stratalog.logdata.json
DialogueNodeEvent:82:90,dialogue,1,DialogueEvent,Unit 4 Dev - Anderson Base,2026-09-05T23:30:50.6640000Z,2026-09-05T23:30:50.6640000Z,6a9ca62a485cab4c954043cc,wenyi090326-3.stratalog.logdata.json
DialogueNodeEvent:82:91,dialogue,1,DialogueEvent,Unit 4 Dev - Anderson Base,2026-09-05T23:30:59.5470000Z,2026-09-05T23:30:59.5470000Z,6a9ca633485cab4c954043d2,wenyi090326-3.stratalog.logdata.json
DialogueNodeEvent:82:92,dialogue,1,DialogueEvent,Unit 4 Dev - Anderson Base,2026-09-05T23:31:04.3510000Z,2026-09-05T23:31:04.3510000Z,6a9ca638485cab4c954043da,wenyi090326-3.stratalog.logdata.json
DialogueNodeEvent:82:93,dialogue,2,DialogueEvent,Unit 4 Dev - Anderson Base,2026-09-05T23:31:04.6820000Z,2026-09-05T23:31:05.0180000Z,6a9ca638485cab4c954043de,wenyi090326-3.stratalog.logdata.json
DialogueNodeEvent:82:94,dialogue,1,DialogueEvent,Unit 4 Dev,2026-09-05T23:31:19.3400000Z,2026-09-05T23:31:19.3400000Z,6a9ca647485cab4c954043e8,wenyi090326-3.stratalog.logdata.json
DialogueNodeEvent:82:96,dialogue,1,DialogueEvent,Unit 4 Dev,2026-09-05T23:31:24.9920000Z,2026-09-05T23:31:24.9920000Z,6a9ca64c485cab4c954043ee,wenyi090326-3.stratalog.logdata.json
DialogueNodeEvent:82:98,dialogue,1,DialogueEvent,Unit 4 Dev,2026-09-05T23:31:25.9260000Z,2026-09-05T23:31:25.9260000Z,6a9ca64d485cab4c954043f0,wenyi090326-3.stratalog.logdata.json
DialogueNodeEvent:82:99,dialogue,1,DialogueEvent,Unit 4 Dev,2026-09-05T23:31:26.2260000Z,2026-09-05T23:31:26.2260000Z,6a9ca64e485cab4c954043f2,wenyi090326-3.stratalog.logdata.json
DialogueNodeEvent:83:10,dialogue,1,DialogueEvent,Unit 3 Dev,2026-09-05T22:46:07.5640000Z,2026-09-05T22:46:07.5640000Z,6a9c9baf485cab4c95402be6,wenyi090326-3.stratalog.logdata.json
DialogueNodeEvent:83:11,dialogue,1,DialogueEvent,Unit 3 Dev,2026-09-05T22:46:08.5650000Z,2026-09-05T22:46:08.5650000Z,6a9c9bb0485cab4c95402bee,wenyi090326-3.stratalog.logdata.json
DialogueNodeEvent:83:9,dialogue,1,DialogueEvent,Unit 3 Dev,2026-09-05T22:46:03.6290000Z,2026-09-05T22:46:03.6290000Z,6a9c9bab485cab4c95402be0,wenyi090326-3.stratalog.logdata.json
DialogueNodeEvent:84:0,dialogue,6,DialogueEvent,Unit 3 Dev,2026-09-05T22:29:28.3630000Z,2026-09-05T22:31:32.7200000Z,6a9c97c8485cab4c9540251e,wenyi090326-3.stratalog.logdata.json
DialogueNodeEvent:84:25,dialogue,1,DialogueEvent,Unit 3 Dev,2026-09-05T22:29:28.3940000Z,2026-09-05T22:29:28.3940000Z,6a9c97c8485cab4c95402522,wenyi090326-3.stratalog.logdata.json
DialogueNodeEvent:84:33,dialogue,1,DialogueEvent,Unit 3 Dev,2026-09-05T22:31:21.8790000Z,2026-09-05T22:31:21.8790000Z,6a9c9839485cab4c9540264c,wenyi090326-3.stratalog.logdata.json
DialogueNodeEvent:84:34,dialogue,1,DialogueEvent,Unit 3 Dev,2026-09-05T22:30:59.6350000Z,2026-09-05T22:30:59.6350000Z,6a9c9823485cab4c9540262e,wenyi090326-3.stratalog.logdata.json
DialogueNodeEvent:84:36,dialogue,1,DialogueEvent,Unit 3 Dev,2026-09-05T22:31:32.7510000Z,2026-09-05T22:31:32.7510000Z,6a9c9844485cab4c9540266c,wenyi090326-3.stratalog.logdata.json
DialogueNodeEvent:84:39,dialogue,1,DialogueEvent,Unit 3 Dev,2026-09-05T22:30:37.3250000Z,2026-09-05T22:30:37.3250000Z,6a9c980d485cab4c954025dc,wenyi090326-3.stratalog.logdata.json
DialogueNodeEvent:84:40,dialogue,1,DialogueEvent,Unit 3 Dev,2026-09-05T22:29:55.8390000Z,2026-09-05T22:29:55.8390000Z,6a9c97e3485cab4c95402560,wenyi090326-3.stratalog.logdata.json
DialogueNodeEvent:88:0,dialogue,1,DialogueEvent,Unit 4 Dev,2026-09-05T22:52:00.6120000Z,2026-09-05T22:52:00.6120000Z,6a9c9d10485cab4c95402db8,wenyi090326-3.stratalog.logdata.json
DialogueNodeEvent:88:1,dialogue,1,DialogueEvent,Unit 4 Dev,2026-09-05T22:56:01.7360000Z,2026-09-05T22:56:01.7360000Z,6a9c9e01485cab4c95402dee,wenyi090326-3.stratalog.logdata.json
DialogueNodeEvent:88:10,dialogue,1,DialogueEvent,Unit 4 Dev,2026-09-05T22:59:35.7350000Z,2026-09-05T22:59:35.7350000Z,6a9c9ed7485cab4c95402f9c,wenyi090326-3.stratalog.logdata.json
DialogueNodeEvent:88:11,dialogue,1,DialogueEvent,Unit 4 Dev,2026-09-05T23:02:10.5070000Z,2026-09-05T23:02:10.5070000Z,6a9c9f72485cab4c954037da,wenyi090326-3.stratalog.logdata.json
DialogueNodeEvent:88:12,dialogue,1,DialogueEvent,Unit 4 Dev,2026-09-05T23:02:12.4080000Z,2026-09-05T23:02:12.4080000Z,6a9c9f74485cab4c954037de,wenyi090326-3.stratalog.logdata.json
DialogueNodeEvent:88:19,dialogue,1,DialogueEvent,Unit 4 Dev,2026-09-05T22:52:00.6430000Z,2026-09-05T22:52:00.6430000Z,6a9c9d10485cab4c95402dbc,wenyi090326-3.stratalog.logdata.json
DialogueNodeEvent:88:2,dialogue,1,DialogueEvent,Unit 4 Dev,2026-09-05T22:56:02.1140000Z,2026-09-05T22:56:02.1140000Z,6a9c9e02485cab4c95402df2,wenyi090326-3.stratalog.logdata.json
DialogueNodeEvent:88:3,dialogue,1,DialogueEvent,Unit 4 Dev,2026-09-05T22:56:16.0440000Z,2026-09-05T22:56:16.0440000Z,6a9c9e0f485cab4c95402e02,wenyi090326-3.stratalog.logdata.json
DialogueNodeEvent:88:4,dialogue,1,DialogueEvent,Unit 4 Dev,2026-09-05T22:56:27.3160000Z,2026-09-05T22:56:27.3160000Z,6a9c9e1b485cab4c95402e18,wenyi090326-3.stratalog.logdata.json
DialogueNodeEvent:88:7,dialogue,1,DialogueEvent,Unit 4 Dev,2026-09-05T22:56:31.4500000Z,2026-09-05T22:56:31.4500000Z,6a9c9e1f485cab4c95402e1c,wenyi090326-3.stratalog.logdata.json
DialogueNodeEvent:88:8,dialogue,1,DialogueEvent,Unit 4 Dev,2026-09-05T22:56:32.3840000Z,2026-09-05T22:56:32.3840000Z,6a9c9e20485cab4c95402e1e,wenyi090326-3.stratalog.logdata.json
DialogueNodeEvent:88:9,dialogue,1,DialogueEvent,Unit 4 Dev,2026-09-05T22:56:46.5240000Z,2026-09-05T22:56:46.5240000Z,6a9c9e2e485cab4c95402e28,wenyi090326-3.stratalog.logdata.json
DialogueNodeEvent:8:11,dialogue,1,DialogueEvent,Unit 2 Prod (Refactor),2026-09-05T22:02:37.0830000Z,2026-09-05T22:02:37.0830000Z,6a9c917c485cab4c954018d4,wenyi090326-3.stratalog.logdata.json
DialogueNodeEvent:8:12,dialogue,1,DialogueEvent,Unit 2 Prod (Refactor),2026-09-05T22:02:38.3800000Z,2026-09-05T22:02:38.3800000Z,6a9c917e485cab4c954018da,wenyi090326-3.stratalog.logdata.json
DialogueNodeEvent:8:2,dialogue,1,DialogueEvent,Unit 2 Prod (Refactor),2026-09-05T22:02:34.7820000Z,2026-09-05T22:02:34.7820000Z,6a9c917a485cab4c954018cc,wenyi090326-3.stratalog.logdata.json
DialogueNodeEvent:8:4,dialogue,1,DialogueEvent,Unit 2 Prod (Refactor),2026-09-05T22:02:35.6490000Z,2026-09-05T22:02:35.6490000Z,6a9c917b485cab4c954018ce,wenyi090326-3.stratalog.logdata.json
DialogueNodeEvent:8:5,dialogue,1,DialogueEvent,Unit 2 Prod (Refactor),2026-09-05T22:02:36.2820000Z,2026-09-05T22:02:36.2820000Z,6a9c917c485cab4c954018d0,wenyi090326-3.stratalog.logdata.json
DialogueNodeEvent:8:6,dialogue,1,DialogueEvent,Unit 2 Prod (Refactor),2026-09-05T22:02:36.6820000Z,2026-09-05T22:02:36.6820000Z,6a9c917c485cab4c954018d2,wenyi090326-3.stratalog.logdata.json
DialogueNodeEvent:8:7,dialogue,1,DialogueEvent,Unit 2 Prod (Refactor),2026-09-05T22:02:37.4820000Z,2026-09-05T22:02:37.4820000Z,6a9c917d485cab4c954018d6,wenyi090326-3.stratalog.logdata.json
DialogueNodeEvent:8:8,dialogue,1,DialogueEvent,Unit 2 Prod (Refactor),2026-09-05T22:02:37.9460000Z,2026-09-05T22:02:37.9460000Z,6a9c917d485cab4c954018d8,wenyi090326-3.stratalog.logdata.json
DialogueNodeEvent:90:0,dialogue,15,DialogueEvent,Unit 4 Dev - Anderson Base,2026-09-05T23:27:47.6760000Z,2026-09-05T23:30:38.9910000Z,6a9ca573485cab4c95404122,wenyi090326-3.stratalog.logdata.json
DialogueNodeEvent:90:37,dialogue,5,DialogueEvent,Unit 4 Dev - Anderson Base,2026-09-05T23:27:47.7080000Z,2026-09-05T23:28:24.8250000Z,6a9ca573485cab4c95404126,wenyi090326-3.stratalog.logdata.json
DialogueNodeEvent:90:47,dialogue,1,DialogueEvent,Unit 4 Dev - Anderson Base,2026-09-05T23:28:15.4530000Z,2026-09-05T23:28:15.4530000Z,6a9ca58f485cab4c954041a4,wenyi090326-3.stratalog.logdata.json
DialogueNodeEvent:90:55,dialogue,3,DialogueEvent,Unit 4 Dev - Anderson Base,2026-09-05T23:28:29.6610000Z,2026-09-05T23:28:46.6350000Z,6a9ca59d485cab4c954041ea,wenyi090326-3.stratalog.logdata.json
DialogueNodeEvent:90:56,dialogue,1,DialogueEvent,Unit 4 Dev - Anderson Base,2026-09-05T23:30:16.1770000Z,2026-09-05T23:30:16.1770000Z,6a9ca608485cab4c95404336,wenyi090326-3.stratalog.logdata.json
DialogueNodeEvent:90:57,dialogue,1,DialogueEvent,Unit 4 Dev - Anderson Base,2026-09-05T23:30:39.0220000Z,2026-09-05T23:30:39.0220000Z,6a9ca61f485cab4c954043c0,wenyi090326-3.stratalog.logdata.json
DialogueNodeEvent:90:59,dialogue,2,DialogueEvent,Unit 4 Dev - Anderson Base,2026-09-05T23:30:20.7800000Z,2026-09-05T23:30:31.6850000Z,6a9ca60c485cab4c95404350,wenyi090326-3.stratalog.logdata.json
DialogueNodeEvent:90:60,dialogue,1,DialogueEvent,Unit 4 Dev - Anderson Base,2026-09-05T23:30:12.2430000Z,2026-09-05T23:30:12.2430000Z,6a9ca604485cab4c9540431e,wenyi090326-3.stratalog.logdata.json
DialogueNodeEvent:90:61,dialogue,1,DialogueEvent,Unit 4 Dev - Anderson Base,2026-09-05T23:30:08.0080000Z,2026-09-05T23:30:08.0080000Z,6a9ca5ff485cab4c95404308,wenyi090326-3.stratalog.logdata.json
DialogueNodeEvent:91:0,dialogue,1,DialogueEvent,Unit 4 Dev - Dungeon,2026-09-05T23:02:37.7330000Z,2026-09-05T23:02:37.7330000Z,6a9c9f8d485cab4c95403836,wenyi090326-3.stratalog.logdata.json
DialogueNodeEvent:91:1,dialogue,1,DialogueEvent,Unit 4 Dev - Dungeon,2026-09-05T23:02:54.7780000Z,2026-09-05T23:02:54.7780000Z,6a9c9f9e485cab4c9540384e,wenyi090326-3.stratalog.logdata.json
DialogueNodeEvent:91:100,dialogue,1,DialogueEvent,Unit 4 Dev - Dungeon,2026-09-05T23:20:10.8270000Z,2026-09-05T23:20:10.8270000Z,6a9ca3aa485cab4c95403e0a,wenyi090326-3.stratalog.logdata.json
DialogueNodeEvent:91:101,dialogue,1,DialogueEvent,Unit 4 Dev - Dungeon,2026-09-05T23:20:24.5000000Z,2026-09-05T23:20:24.5000000Z,6a9ca3b8485cab4c95403e12,wenyi090326-3.stratalog.logdata.json
DialogueNodeEvent:91:103,dialogue,1,DialogueEvent,Unit 4 Dev - Dungeon,2026-09-05T23:20:26.0340000Z,2026-09-05T23:20:26.0340000Z,6a9ca3b9485cab4c95403e14,wenyi090326-3.stratalog.logdata.json
DialogueNodeEvent:91:105,dialogue,1,DialogueEvent,Unit 4 Dev,2026-09-05T23:20:41.5990000Z,2026-09-05T23:20:41.5990000Z,6a9ca3c9485cab4c95403e38,wenyi090326-3.stratalog.logdata.json
DialogueNodeEvent:91:106,dialogue,1,DialogueEvent,Unit 4 Dev,2026-09-05T23:21:34.0990000Z,2026-09-05T23:21:34.0990000Z,6a9ca3fd485cab4c95403eea,wenyi090326-3.stratalog.logdata.json
DialogueNodeEvent:91:107,dialogue,1,DialogueEvent,Unit 4 Dev,2026-09-05T23:21:34.2340000Z,2026-09-05T23:21:34.2340000Z,6a9ca3fe485cab4c95403eec,wenyi090326-3.stratalog.logdata.json
DialogueNodeEvent:91:108,dialogue,1,DialogueEvent,Unit 4 Dev,2026-09-05T23:21:37.2170000Z,2026-09-05T23:21:37.2170000Z,6a9ca401485cab4c95403eee,wenyi090326-3.stratalog.logdata.json
DialogueNodeEvent:91:11,dialogue,1,DialogueEvent,Unit 4 Dev - Dungeon,2026-09-05T23:04:20.6510000Z,2026-09-05T23:04:20.6510000Z,6a9c9ff4485cab4c9540386a,wenyi090326-3.stratalog.logdata.json
DialogueNodeEvent:91:110,dialogue,1,DialogueEvent,Unit 4 Dev,2026-09-05T23:21:37.8170000Z,2026-09-05T23:21:37.8170000Z,6a9ca401485cab4c95403ef0,wenyi090326-3.stratalog.logdata.json
DialogueNodeEvent:91:112,dialogue,1,DialogueEvent,Unit 4 Dev,2026-09-05T23:21:40.0850000Z,2026-09-05T23:21:40.0850000Z,6a9ca403485cab4c95403ef4,wenyi090326-3.stratalog.logdata.json
DialogueNodeEvent:91:114,dialogue,1,DialogueEvent,Unit 4 Dev,2026-09-05T23:21:40.6850000Z,2026-09-05T23:21:40.6850000Z,6a9ca404485cab4c95403ef6,wenyi090326-3.stratalog.logdata.json
DialogueNodeEvent:91:115,dialogue,1,DialogueEvent,Unit 4 Dev,2026-09-05T23:21:40.8530000Z,2026-09-05T23:21:40.8530000Z,6a9ca404485cab4c95403efa,wenyi090326-3.stratalog.logdata.json
DialogueNodeEvent:91:116,dialogue,1,DialogueEvent,Unit 4 Dev - Dungeon,2026-09-05T23:09:56.3900000Z,2026-09-05T23:09:56.3900000Z,6a9ca144485cab4c95403968,wenyi090326-3.stratalog.logdata.json
DialogueNodeEvent:91:117,dialogue,1,DialogueEvent,Unit 4 Dev - Dungeon,2026-09-05T23:11:31.2020000Z,2026-09-05T23:11:31.2020000Z,6a9ca1a3485cab4c95403a74,wenyi090326-3.stratalog.logdata.json
DialogueNodeEvent:91:118,dialogue,1,DialogueEvent,Unit 4 Dev - Dungeon,2026-09-05T23:14:55.9140000Z,2026-09-05T23:14:55.9140000Z,6a9ca26f485cab4c95403b80,wenyi090326-3.stratalog.logdata.json
DialogueNodeEvent:91:119,dialogue,1,DialogueEvent,Unit 4 Dev,2026-09-05T23:21:03.1690000Z,2026-09-05T23:21:03.1690000Z,6a9ca3df485cab4c95403e98,wenyi090326-3.stratalog.logdata.json
DialogueNodeEvent:91:120,dialogue,1,DialogueEvent,Unit 4 Dev - Dungeon,2026-09-05T23:02:40.4040000Z,2026-09-05T23:02:40.4040000Z,6a9c9f90485cab4c9540383c,wenyi090326-3.stratalog.logdata.json
DialogueNodeEvent:91:122,dialogue,1,DialogueEvent,Unit 4 Dev - Dungeon,2026-09-05T23:02:41.8380000Z,2026-09-05T23:02:41.8380000Z,6a9c9f91485cab4c9540383e,wenyi090326-3.stratalog.logdata.json
DialogueNodeEvent:91:125,dialogue,1,DialogueEvent,Unit 4 Dev - Dungeon,2026-09-05T23:02:42.2400000Z,2026-09-05T23:02:42.2400000Z,6a9c9f92485cab4c95403840,wenyi090326-3.stratalog.logdata.json
DialogueNodeEvent:91:13,dialogue,1,DialogueEvent,Unit 4 Dev - Dungeon,2026-09-05T23:04:20.9610000Z,2026-09-05T23:04:20.9610000Z,6a9c9ff4485cab4c9540386e,wenyi090326-3.stratalog.logdata.json
DialogueNodeEvent:91:19,dialogue,1,DialogueEvent,Unit 4 Dev - Dungeon,2026-09-05T23:08:59.3640000Z,2026-09-05T23:08:59.3640000Z,6a9ca10b485cab4c954038b4,wenyi090326-3.stratalog.logdata.json
DialogueNodeEvent:91:20,dialogue,1,DialogueEvent,Unit 4 Dev - Dungeon,2026-09-05T23:09:00.7310000Z,2026-09-05T23:09:00.7310000Z,6a9ca10c485cab4c954038ba,wenyi090326-3.stratalog.logdata.json
DialogueNodeEvent:91:21,dialogue,1,DialogueEvent,Unit 4 Dev - Dungeon,2026-09-05T23:09:08.5040000Z,2026-09-05T23:09:08.5040000Z,6a9ca114485cab4c954038de,wenyi090326-3.stratalog.logdata.json
DialogueNodeEvent:91:29,dialogue,1,DialogueEvent,Unit 4 Dev - Dungeon,2026-09-05T23:09:27.4790000Z,2026-09-05T23:09:27.4790000Z,6a9ca127485cab4c95403922,wenyi090326-3.stratalog.logdata.json
DialogueNodeEvent:91:30,dialogue,1,DialogueEvent,Unit 4 Dev - Dungeon,2026-09-05T23:09:44.1180000Z,2026-09-05T23:09:44.1180000Z,6a9ca137485cab4c95403946,wenyi090326-3.stratalog.logdata.json
DialogueNodeEvent:91:31,dialogue,1,DialogueEvent,Unit 4 Dev - Dungeon,2026-09-05T23:09:45.5850000Z,2026-09-05T23:09:45.5850000Z,6a9ca139485cab4c9540394a,wenyi090326-3.stratalog.logdata.json
DialogueNodeEvent:91:32,dialogue,1,DialogueEvent,Unit 4 Dev - Dungeon,2026-09-05T23:09:48.1860000Z,2026-09-05T23:09:48.1860000Z,6a9ca13c485cab4c9540394e,wenyi090326-3.stratalog.logdata.json
DialogueNodeEvent:91:34,dialogue,1,DialogueEvent,Unit 4 Dev - Dungeon,2026-09-05T23:09:48.8190000Z,2026-09-05T23:09:48.8190000Z,6a9ca13c485cab4c95403950,wenyi090326-3.stratalog.logdata.json
DialogueNodeEvent:91:36,dialogue,1,DialogueEvent,Unit 4 Dev - Dungeon,2026-09-05T23:09:49.1550000Z,2026-09-05T23:09:49.1550000Z,6a9ca13d485cab4c95403956,wenyi090326-3.stratalog.logdata.json
DialogueNodeEvent:91:42,dialogue,1,DialogueEvent,Unit 4 Dev - Dungeon,2026-09-05T23:09:53.8900000Z,2026-09-05T23:09:53.8900000Z,6a9ca141485cab4c95403962,wenyi090326-3.stratalog.logdata.json
DialogueNodeEvent:91:43,dialogue,1,DialogueEvent,Unit 4 Dev - Dungeon,2026-09-05T23:10:01.5600000Z,2026-09-05T23:10:01.5600000Z,6a9ca149485cab4c9540397e,wenyi090326-3.stratalog.logdata.json
DialogueNodeEvent:91:44,dialogue,1,DialogueEvent,Unit 4 Dev - Dungeon,2026-09-05T23:10:16.7010000Z,2026-09-05T23:10:16.7010000Z,6a9ca158485cab4c954039b0,wenyi090326-3.stratalog.logdata.json
DialogueNodeEvent:91:46,dialogue,1,DialogueEvent,Unit 4 Dev - Dungeon,2026-09-05T23:10:20.2340000Z,2026-09-05T23:10:20.2340000Z,6a9ca15c485cab4c954039b8,wenyi090326-3.stratalog.logdata.json
DialogueNodeEvent:91:48,dialogue,1,DialogueEvent,Unit 4 Dev - Dungeon,2026-09-05T23:10:21.0020000Z,2026-09-05T23:10:21.0020000Z,6a9ca15c485cab4c954039ba,wenyi090326-3.stratalog.logdata.json
DialogueNodeEvent:91:49,dialogue,1,DialogueEvent,Unit 4 Dev - Dungeon,2026-09-05T23:11:03.6890000Z,2026-09-05T23:11:03.6890000Z,6a9ca187485cab4c95403a34,wenyi090326-3.stratalog.logdata.json
DialogueNodeEvent:91:5,dialogue,1,DialogueEvent,Unit 4 Dev - Dungeon,2026-09-05T23:04:18.0160000Z,2026-09-05T23:04:18.0160000Z,6a9c9ff1485cab4c95403866,wenyi090326-3.stratalog.logdata.json
DialogueNodeEvent:91:50,dialogue,1,DialogueEvent,Unit 4 Dev - Dungeon,2026-09-05T23:11:16.6620000Z,2026-09-05T23:11:16.6620000Z,6a9ca194485cab4c95403a50,wenyi090326-3.stratalog.logdata.json
DialogueNodeEvent:91:52,dialogue,1,DialogueEvent,Unit 4 Dev - Dungeon,2026-09-05T23:11:23.9640000Z,2026-09-05T23:11:23.9640000Z,6a9ca19b485cab4c95403a56,wenyi090326-3.stratalog.logdata.json
DialogueNodeEvent:91:54,dialogue,1,DialogueEvent,Unit 4 Dev - Dungeon,2026-09-05T23:11:24.7990000Z,2026-09-05T23:11:24.7990000Z,6a9ca19c485cab4c95403a58,wenyi090326-3.stratalog.logdata.json
DialogueNodeEvent:91:55,dialogue,1,DialogueEvent,Unit 4 Dev - Dungeon,2026-09-05T23:11:25.2070000Z,2026-09-05T23:11:25.2070000Z,6a9ca19d485cab4c95403a5e,wenyi090326-3.stratalog.logdata.json
DialogueNodeEvent:91:61,dialogue,1,DialogueEvent,Unit 4 Dev - Dungeon,2026-09-05T23:11:29.9680000Z,2026-09-05T23:11:29.9680000Z,6a9ca1a1485cab4c95403a6e,wenyi090326-3.stratalog.logdata.json
DialogueNodeEvent:91:62,dialogue,1,DialogueEvent,Unit 4 Dev - Dungeon,2026-09-05T23:12:03.2500000Z,2026-09-05T23:12:03.2500000Z,6a9ca1c3485cab4c95403ad0,wenyi090326-3.stratalog.logdata.json
DialogueNodeEvent:91:63,dialogue,1,DialogueEvent,Unit 4 Dev - Dungeon,2026-09-05T23:12:06.2830000Z,2026-09-05T23:12:06.2830000Z,6a9ca1c6485cab4c95403ad6,wenyi090326-3.stratalog.logdata.json
DialogueNodeEvent:91:65,dialogue,1,DialogueEvent,Unit 4 Dev - Dungeon,2026-09-05T23:12:07.4180000Z,2026-09-05T23:12:07.4180000Z,6a9ca1c7485cab4c95403ad8,wenyi090326-3.stratalog.logdata.json
DialogueNodeEvent:91:67,dialogue,1,DialogueEvent,Unit 4 Dev - Dungeon,2026-09-05T23:12:35.2330000Z,2026-09-05T23:12:35.2330000Z,6a9ca1e3485cab4c95403b36,wenyi090326-3.stratalog.logdata.json
DialogueNodeEvent:91:68,dialogue,1,DialogueEvent,Unit 4 Dev - Dungeon,2026-09-05T23:12:51.1390000Z,2026-09-05T23:12:51.1390000Z,6a9ca1f2485cab4c95403b50,wenyi090326-3.stratalog.logdata.json
DialogueNodeEvent:91:69,dialogue,1,DialogueEvent,Unit 4 Dev - Dungeon,2026-09-05T23:14:48.6420000Z,2026-09-05T23:14:48.6420000Z,6a9ca268485cab4c95403b60,wenyi090326-3.stratalog.logdata.json
DialogueNodeEvent:91:71,dialogue,1,DialogueEvent,Unit 4 Dev - Dungeon,2026-09-05T23:14:49.9100000Z,2026-09-05T23:14:49.9100000Z,6a9ca269485cab4c95403b62,wenyi090326-3.stratalog.logdata.json
DialogueNodeEvent:91:73,dialogue,1,DialogueEvent,Unit 4 Dev - Dungeon,2026-09-05T23:14:50.2790000Z,2026-09-05T23:14:50.2790000Z,6a9ca26a485cab4c95403b68,wenyi090326-3.stratalog.logdata.json
DialogueNodeEvent:91:79,dialogue,1,DialogueEvent,Unit 4 Dev - Dungeon,2026-09-05T23:14:55.0130000Z,2026-09-05T23:14:55.0130000Z,6a9ca26e485cab4c95403b7a,wenyi090326-3.stratalog.logdata.json
DialogueNodeEvent:91:80,dialogue,1,DialogueEvent,Unit 4 Dev - Dungeon,2026-09-05T23:16:07.1470000Z,2026-09-05T23:16:07.1470000Z,6a9ca2b7485cab4c95403c4c,wenyi090326-3.stratalog.logdata.json
DialogueNodeEvent:91:82,dialogue,1,DialogueEvent,Unit 4 Dev - Dungeon,2026-09-05T23:16:11.8490000Z,2026-09-05T23:16:11.8490000Z,6a9ca2bb485cab4c95403c66,wenyi090326-3.stratalog.logdata.json
DialogueNodeEvent:91:83,dialogue,1,DialogueEvent,Unit 4 Dev - Dungeon,2026-09-05T23:16:14.8830000Z,2026-09-05T23:16:14.8830000Z,6a9ca2be485cab4c95403c6c,wenyi090326-3.stratalog.logdata.json
DialogueNodeEvent:91:85,dialogue,1,DialogueEvent,Unit 4 Dev - Dungeon,2026-09-05T23:16:15.7850000Z,2026-09-05T23:16:15.7850000Z,6a9ca2bf485cab4c95403c6e,wenyi090326-3.stratalog.logdata.json
DialogueNodeEvent:91:87,dialogue,1,DialogueEvent,Unit 4 Dev - Dungeon,2026-09-05T23:16:27.7560000Z,2026-09-05T23:16:27.7560000Z,6a9ca2cb485cab4c95403c8a,wenyi090326-3.stratalog.logdata.json
DialogueNodeEvent:91:88,dialogue,1,DialogueEvent,Unit 4 Dev - Dungeon,2026-09-05T23:18:12.1040000Z,2026-09-05T23:18:12.1040000Z,6a9ca333485cab4c95403ca6,wenyi090326-3.stratalog.logdata.json
DialogueNodeEvent:91:9,dialogue,1,DialogueEvent,Unit 4 Dev - Dungeon,2026-09-05T23:04:19.9170000Z,2026-09-05T23:04:19.9170000Z,6a9c9ff3485cab4c95403868,wenyi090326-3.stratalog.logdata.json
DialogueNodeEvent:91:90,dialogue,1,DialogueEvent,Unit 4 Dev - Dungeon,2026-09-05T23:18:12.8380000Z,2026-09-05T23:18:12.8380000Z,6a9ca334485cab4c95403ca8,wenyi090326-3.stratalog.logdata.json
DialogueNodeEvent:91:92,dialogue,1,DialogueEvent,Unit 4 Dev - Dungeon,2026-09-05T23:18:13.0070000Z,2026-09-05T23:18:13.0070000Z,6a9ca334485cab4c95403cae,wenyi090326-3.stratalog.logdata.json
DialogueNodeEvent:91:98,dialogue,1,DialogueEvent,Unit 4 Dev - Dungeon,2026-09-05T23:18:17.6410000Z,2026-09-05T23:18:17.6410000Z,6a9ca339485cab4c95403cbe,wenyi090326-3.stratalog.logdata.json
DialogueNodeEvent:91:99,dialogue,1,DialogueEvent,Unit 4 Dev - Dungeon,2026-09-05T23:18:18.4420000Z,2026-09-05T23:18:18.4420000Z,6a9ca33a485cab4c95403cc4,wenyi090326-3.stratalog.logdata.json
DialogueNodeEvent:92:0,dialogue,8,DialogueEvent,Unit 4 Dev,2026-09-05T23:32:04.0440000Z,2026-09-05T23:34:01.1670000Z,6a9ca673485cab4c95404450,wenyi090326-3.stratalog.logdata.json
DialogueNodeEvent:92:1,dialogue,1,DialogueEvent,Unit 4 Dev,2026-09-05T23:31:51.4720000Z,2026-09-05T23:31:51.4720000Z,6a9ca667485cab4c95404422,wenyi090326-3.stratalog.logdata.json
DialogueNodeEvent:92:11,dialogue,1,DialogueEvent,Unit 4 Dev,2026-09-05T23:31:57.3740000Z,2026-09-05T23:31:57.3740000Z,6a9ca66d485cab4c95404432,wenyi090326-3.stratalog.logdata.json
DialogueNodeEvent:92:12,dialogue,1,DialogueEvent,Unit 4 Dev,2026-09-05T23:31:57.7740000Z,2026-09-05T23:31:57.7740000Z,6a9ca66d485cab4c95404434,wenyi090326-3.stratalog.logdata.json
DialogueNodeEvent:92:13,dialogue,1,DialogueEvent,Unit 4 Dev,2026-09-05T23:31:58.1410000Z,2026-09-05T23:31:58.1410000Z,6a9ca66d485cab4c95404436,wenyi090326-3.stratalog.logdata.json
DialogueNodeEvent:92:14,dialogue,1,DialogueEvent,Unit 4 Dev,2026-09-05T23:31:58.5070000Z,2026-09-05T23:31:58.5070000Z,6a9ca66e485cab4c95404438,wenyi090326-3.stratalog.logdata.json
DialogueNodeEvent:92:15,dialogue,1,DialogueEvent,Unit 4 Dev,2026-09-05T23:31:58.9080000Z,2026-09-05T23:31:58.9080000Z,6a9ca66e485cab4c9540443a,wenyi090326-3.stratalog.logdata.json
DialogueNodeEvent:92:16,dialogue,1,DialogueEvent,Unit 4 Dev,2026-09-05T23:31:59.3080000Z,2026-09-05T23:31:59.3080000Z,6a9ca66f485cab4c9540443c,wenyi090326-3.stratalog.logdata.json
DialogueNodeEvent:92:17,dialogue,1,DialogueEvent,Unit 4 Dev,2026-09-05T23:31:59.6490000Z,2026-09-05T23:31:59.6490000Z,6a9ca66f485cab4c95404440,wenyi090326-3.stratalog.logdata.json
DialogueNodeEvent:92:18,dialogue,1,DialogueEvent,Unit 4 Dev,2026-09-05T23:32:04.0470000Z,2026-09-05T23:32:04.0470000Z,6a9ca673485cab4c95404454,wenyi090326-3.stratalog.logdata.json
DialogueNodeEvent:92:2,dialogue,1,DialogueEvent,Unit 4 Dev,2026-09-05T23:31:54.8050000Z,2026-09-05T23:31:54.8050000Z,6a9ca66a485cab4c95404426,wenyi090326-3.stratalog.logdata.json
DialogueNodeEvent:92:20,dialogue,1,DialogueEvent,Unit 4 Dev,2026-09-05T23:32:07.7160000Z,2026-09-05T23:32:07.7160000Z,6a9ca677485cab4c95404468,wenyi090326-3.stratalog.logdata.json
DialogueNodeEvent:92:21,dialogue,1,DialogueEvent,Unit 4 Dev,2026-09-05T23:32:10.3170000Z,2026-09-05T23:32:10.3170000Z,6a9ca67a485cab4c95404474,wenyi090326-3.stratalog.logdata.json
DialogueNodeEvent:92:22,dialogue,1,DialogueEvent,Unit 4 Dev,2026-09-05T23:32:14.8200000Z,2026-09-05T23:32:14.8200000Z,6a9ca67e485cab4c95404486,wenyi090326-3.stratalog.logdata.json
DialogueNodeEvent:92:24,dialogue,1,DialogueEvent,Unit 4 Dev,2026-09-05T23:32:16.8500000Z,2026-09-05T23:32:16.8500000Z,6a9ca680485cab4c95404488,wenyi090326-3.stratalog.logdata.json
DialogueNodeEvent:92:25,dialogue,1,DialogueEvent,Unit 4 Dev,2026-09-05T23:32:17.2160000Z,2026-09-05T23:32:17.2160000Z,6a9ca681485cab4c9540448a,wenyi090326-3.stratalog.logdata.json
DialogueNodeEvent:92:26,dialogue,1,DialogueEvent,Unit 4 Dev,2026-09-05T23:32:27.8580000Z,2026-09-05T23:32:27.8580000Z,6a9ca68b485cab4c95404498,wenyi090326-3.stratalog.logdata.json
DialogueNodeEvent:92:28,dialogue,1,DialogueEvent,Unit 4 Dev,2026-09-05T23:32:33.6620000Z,2026-09-05T23:32:33.6620000Z,6a9ca691485cab4c954044c2,wenyi090326-3.stratalog.logdata.json
DialogueNodeEvent:92:29,dialogue,1,DialogueEvent,Unit 4 Dev,2026-09-05T23:32:41.8970000Z,2026-09-05T23:32:41.8970000Z,6a9ca699485cab4c954044d4,wenyi090326-3.stratalog.logdata.json
DialogueNodeEvent:92:31,dialogue,1,DialogueEvent,Unit 4 Dev,2026-09-05T23:32:46.5690000Z,2026-09-05T23:32:46.5690000Z,6a9ca69e485cab4c954044f4,wenyi090326-3.stratalog.logdata.json
DialogueNodeEvent:92:32,dialogue,1,DialogueEvent,Unit 4 Dev,2026-09-05T23:32:59.5700000Z,2026-09-05T23:32:59.5700000Z,6a9ca6ab485cab4c95404506,wenyi090326-3.stratalog.logdata.json
DialogueNodeEvent:92:33,dialogue,1,DialogueEvent,Unit 4 Dev,2026-09-05T23:33:04.4740000Z,2026-09-05T23:33:04.4740000Z,6a9ca6b0485cab4c9540450a,wenyi090326-3.stratalog.logdata.json
DialogueNodeEvent:92:38,dialogue,1,DialogueEvent,Unit 4 Dev,2026-09-05T23:33:33.7220000Z,2026-09-05T23:33:33.7220000Z,6a9ca6cd485cab4c9540453a,wenyi090326-3.stratalog.logdata.json
DialogueNodeEvent:92:4,dialogue,1,DialogueEvent,Unit 4 Dev,2026-09-05T23:31:55.5400000Z,2026-09-05T23:31:55.5400000Z,6a9ca66b485cab4c95404428,wenyi090326-3.stratalog.logdata.json
DialogueNodeEvent:92:40,dialogue,1,DialogueEvent,Unit 4 Dev,2026-09-05T23:33:36.1870000Z,2026-09-05T23:33:36.1870000Z,6a9ca6d0485cab4c95404540,wenyi090326-3.stratalog.logdata.json
DialogueNodeEvent:92:41,dialogue,1,DialogueEvent,Unit 4 Dev,2026-09-05T23:33:36.8220000Z,2026-09-05T23:33:36.8220000Z,6a9ca6d0485cab4c95404542,wenyi090326-3.stratalog.logdata.json
DialogueNodeEvent:92:43,dialogue,1,DialogueEvent,Unit 4 Dev,2026-09-05T23:34:01.1690000Z,2026-09-05T23:34:01.1690000Z,6a9ca6e9485cab4c9540457a,wenyi090326-3.stratalog.logdata.json
DialogueNodeEvent:92:45,dialogue,1,DialogueEvent,Unit 4 Dev,2026-09-05T23:34:02.1650000Z,2026-09-05T23:34:02.1650000Z,6a9ca6ea485cab4c9540457c,wenyi090326-3.stratalog.logdata.json
DialogueNodeEvent:92:46,dialogue,1,DialogueEvent,Unit 4 Dev,2026-09-05T23:34:02.4330000Z,2026-09-05T23:34:02.4330000Z,6a9ca6ea485cab4c9540457e,wenyi090326-3.stratalog.logdata.json
DialogueNodeEvent:92:47,dialogue,1,DialogueEvent,Unit 4 Dev,2026-09-05T23:34:02.7660000Z,2026-09-05T23:34:02.7660000Z,6a9ca6ea485cab4c95404580,wenyi090326-3.stratalog.logdata.json
DialogueNodeEvent:92:48,dialogue,1,DialogueEvent,Unit 4 Dev,2026-09-05T23:34:03.0990000Z,2026-09-05T23:34:03.0990000Z,6a9ca6ea485cab4c95404582,wenyi090326-3.stratalog.logdata.json
DialogueNodeEvent:92:49,dialogue,1,DialogueEvent,Unit 4 Dev,2026-09-05T23:34:03.3990000Z,2026-09-05T23:34:03.3990000Z,6a9ca6eb485cab4c95404584,wenyi090326-3.stratalog.logdata.json
DialogueNodeEvent:92:50,dialogue,1,DialogueEvent,Unit 4 Dev,2026-09-05T23:34:05.0000000Z,2026-09-05T23:34:05.0000000Z,6a9ca6ec485cab4c95404586,wenyi090326-3.stratalog.logdata.json
DialogueNodeEvent:92:52,dialogue,1,DialogueEvent,Unit 4 Dev,2026-09-05T23:34:05.8340000Z,2026-09-05T23:34:05.8340000Z,6a9ca6ed485cab4c95404588,wenyi090326-3.stratalog.logdata.json
DialogueNodeEvent:92:53,dialogue,1,DialogueEvent,Unit 4 Dev,2026-09-05T23:34:06.0340000Z,2026-09-05T23:34:06.0340000Z,6a9ca6ed485cab4c9540458a,wenyi090326-3.stratalog.logdata.json
DialogueNodeEvent:92:54,dialogue,1,DialogueEvent,Unit 4 Dev,2026-09-05T23:34:06.2340000Z,2026-09-05T23:34:06.2340000Z,6a9ca6ee485cab4c9540458c,wenyi090326-3.stratalog.logdata.json
DialogueNodeEvent:92:55,dialogue,1,DialogueEvent,Unit 4 Dev,2026-09-05T23:34:07.9010000Z,2026-09-05T23:34:07.9010000Z,6a9ca6ef485cab4c9540458e,wenyi090326-3.stratalog.logdata.json
DialogueNodeEvent:92:57,dialogue,1,DialogueEvent,Unit 4 Dev,2026-09-05T23:34:08.6690000Z,2026-09-05T23:34:08.6690000Z,6a9ca6f0485cab4c95404590,wenyi090326-3.stratalog.logdata.json
DialogueNodeEvent:92:58,dialogue,1,DialogueEvent,Unit 4 Dev,2026-09-05T23:34:08.8360000Z,2026-09-05T23:34:08.8360000Z,6a9ca6f0485cab4c95404592,wenyi090326-3.stratalog.logdata.json
DialogueNodeEvent:92:59,dialogue,1,DialogueEvent,Unit 4 Dev,2026-09-05T23:34:09.0690000Z,2026-09-05T23:34:09.0690000Z,6a9ca6f0485cab4c95404594,wenyi090326-3.stratalog.logdata.json
DialogueNodeEvent:92:6,dialogue,1,DialogueEvent,Unit 4 Dev,2026-09-05T23:31:55.8060000Z,2026-09-05T23:31:55.8060000Z,6a9ca66b485cab4c9540442a,wenyi090326-3.stratalog.logdata.json
DialogueNodeEvent:92:60,dialogue,1,DialogueEvent,Unit 4 Dev,2026-09-05T23:34:09.3070000Z,2026-09-05T23:34:09.3070000Z,6a9ca6f1485cab4c9540459a,wenyi090326-3.stratalog.logdata.json
DialogueNodeEvent:92:61,dialogue,1,DialogueEvent,Unit 4 Dev,2026-09-05T23:33:22.5480000Z,2026-09-05T23:33:22.5480000Z,6a9ca6c2485cab4c95404532,wenyi090326-3.stratalog.logdata.json
DialogueNodeEvent:92:62,dialogue,1,DialogueEvent,Unit 4 Dev,2026-09-05T23:33:14.6780000Z,2026-09-05T23:33:14.6780000Z,6a9ca6ba485cab4c95404522,wenyi090326-3.stratalog.logdata.json
DialogueNodeEvent:92:63,dialogue,1,DialogueEvent,Unit 4 Dev,2026-09-05T23:33:09.3750000Z,2026-09-05T23:33:09.3750000Z,6a9ca6b5485cab4c95404512,wenyi090326-3.stratalog.logdata.json
DialogueNodeEvent:92:64,dialogue,1,DialogueEvent,Unit 4 Dev,2026-09-05T23:33:33.7240000Z,2026-09-05T23:33:33.7240000Z,6a9ca6cd485cab4c9540453e,wenyi090326-3.stratalog.logdata.json
DialogueNodeEvent:92:65,dialogue,1,DialogueEvent,Unit 4 Dev,2026-09-05T23:32:17.6170000Z,2026-09-05T23:32:17.6170000Z,6a9ca681485cab4c9540448c,wenyi090326-3.stratalog.logdata.json
DialogueNodeEvent:92:66,dialogue,1,DialogueEvent,Unit 4 Dev,2026-09-05T23:32:35.6920000Z,2026-09-05T23:32:35.6920000Z,6a9ca693485cab4c954044c4,wenyi090326-3.stratalog.logdata.json
DialogueNodeEvent:92:67,dialogue,1,DialogueEvent,Unit 4 Dev,2026-09-05T23:32:48.4310000Z,2026-09-05T23:32:48.4310000Z,6a9ca6a0485cab4c954044f6,wenyi090326-3.stratalog.logdata.json
DialogueNodeEvent:92:7,dialogue,1,DialogueEvent,Unit 4 Dev,2026-09-05T23:31:56.1730000Z,2026-09-05T23:31:56.1730000Z,6a9ca66c485cab4c9540442c,wenyi090326-3.stratalog.logdata.json
DialogueNodeEvent:92:8,dialogue,1,DialogueEvent,Unit 4 Dev,2026-09-05T23:31:56.5400000Z,2026-09-05T23:31:56.5400000Z,6a9ca66c485cab4c9540442e,wenyi090326-3.stratalog.logdata.json
DialogueNodeEvent:92:9,dialogue,1,DialogueEvent,Unit 4 Dev,2026-09-05T23:31:56.9740000Z,2026-09-05T23:31:56.9740000Z,6a9ca66c485cab4c95404430,wenyi090326-3.stratalog.logdata.json
DialogueNodeEvent:95:1,dialogue,1,DialogueEvent,Unit 5 Dev - Dungeon,2026-09-05T23:36:37.2070000Z,2026-09-05T23:36:37.2070000Z,6a9ca785485cab4c95404664,wenyi090326-3.stratalog.logdata.json
DialogueNodeEvent:95:10,dialogue,2,DialogueEvent,Unit 5 Dev - Dungeon,2026-09-05T23:43:50.6760000Z,2026-09-05T23:43:54.1110000Z,6a9ca936485cab4c95404bea,wenyi090326-3.stratalog.logdata.json
DialogueNodeEvent:95:11,dialogue,1,DialogueEvent,Unit 5 Dev - Dungeon,2026-09-05T23:43:48.9090000Z,2026-09-05T23:43:48.9090000Z,6a9ca934485cab4c95404be2,wenyi090326-3.stratalog.logdata.json
DialogueNodeEvent:95:12,dialogue,2,DialogueEvent,Unit 5 Dev - Dungeon,2026-09-05T23:43:51.4430000Z,2026-09-05T23:43:54.8800000Z,6a9ca937485cab4c95404bec,wenyi090326-3.stratalog.logdata.json
DialogueNodeEvent:95:32,dialogue,1,DialogueEvent,Unit 5 Dev - Dungeon,2026-09-05T23:43:57.8140000Z,2026-09-05T23:43:57.8140000Z,6a9ca93d485cab4c95404c00,wenyi090326-3.stratalog.logdata.json
DialogueNodeEvent:95:35,dialogue,2,DialogueEvent,Unit 5 Dev - Dungeon,2026-09-05T23:44:21.5920000Z,2026-09-05T23:44:25.1630000Z,6a9ca955485cab4c95404c56,wenyi090326-3.stratalog.logdata.json
DialogueNodeEvent:95:4,dialogue,1,DialogueEvent,Unit 5 Dev - Dungeon,2026-09-05T23:36:40.7070000Z,2026-09-05T23:36:40.7070000Z,6a9ca788485cab4c9540466a,wenyi090326-3.stratalog.logdata.json
DialogueNodeEvent:95:41,dialogue,1,DialogueEvent,Unit 5 Dev - Dungeon,2026-09-05T23:45:42.2970000Z,2026-09-05T23:45:42.2970000Z,6a9ca9a6485cab4c95404cd0,wenyi090326-3.stratalog.logdata.json
DialogueNodeEvent:95:42,dialogue,1,DialogueEvent,Unit 5 Dev - Dungeon,2026-09-05T23:45:15.7180000Z,2026-09-05T23:45:15.7180000Z,6a9ca98b485cab4c95404ca0,wenyi090326-3.stratalog.logdata.json
DialogueNodeEvent:95:47,dialogue,5,DialogueEvent,Unit 5 Dev - Dungeon,2026-09-05T23:46:58.8150000Z,2026-09-05T23:47:08.6870000Z,6a9ca9f2485cab4c95404d4a,wenyi090326-3.stratalog.logdata.json
DialogueNodeEvent:95:48,dialogue,2,DialogueEvent,Unit 5 Dev - Dungeon,2026-09-05T23:47:01.4160000Z,2026-09-05T23:47:03.4840000Z,6a9ca9f5485cab4c95404d4e,wenyi090326-3.stratalog.logdata.json
DialogueNodeEvent:95:49,dialogue,2,DialogueEvent,Unit 5 Dev - Dungeon,2026-09-05T23:47:02.0840000Z,2026-09-05T23:47:04.2180000Z,6a9ca9f5485cab4c95404d50,wenyi090326-3.stratalog.logdata.json
DialogueNodeEvent:95:5,dialogue,1,DialogueEvent,Unit 5 Dev - Dungeon,2026-09-05T23:36:41.4170000Z,2026-09-05T23:36:41.4170000Z,6a9ca789485cab4c9540466c,wenyi090326-3.stratalog.logdata.json
DialogueNodeEvent:95:50,dialogue,3,DialogueEvent,Unit 5 Dev - Dungeon,2026-09-05T23:47:05.7850000Z,2026-09-05T23:47:10.0210000Z,6a9ca9f9485cab4c95404d5c,wenyi090326-3.stratalog.logdata.json
DialogueNodeEvent:95:51,dialogue,3,DialogueEvent,Unit 5 Dev - Dungeon,2026-09-05T23:47:06.3860000Z,2026-09-05T23:47:10.7540000Z,6a9ca9fa485cab4c95404d5e,wenyi090326-3.stratalog.logdata.json
DialogueNodeEvent:95:60,dialogue,2,DialogueEvent,Unit 5 Dev - Dungeon,2026-09-05T23:50:47.6900000Z,2026-09-05T23:50:54.2260000Z,6a9caad7485cab4c95404f66,wenyi090326-3.stratalog.logdata.json
DialogueNodeEvent:95:61,dialogue,1,DialogueEvent,Unit 5 Dev - Dungeon,2026-09-05T23:50:52.7580000Z,2026-09-05T23:50:52.7580000Z,6a9caadc485cab4c95404f6a,wenyi090326-3.stratalog.logdata.json
DialogueNodeEvent:95:62,dialogue,1,DialogueEvent,Unit 5 Dev - Dungeon,2026-09-05T23:50:53.7920000Z,2026-09-05T23:50:53.7920000Z,6a9caadd485cab4c95404f6e,wenyi090326-3.stratalog.logdata.json
DialogueNodeEvent:95:63,dialogue,1,DialogueEvent,Unit 5 Dev - Dungeon,2026-09-05T23:50:56.0930000Z,2026-09-05T23:50:56.0930000Z,6a9caadf485cab4c95404f72,wenyi090326-3.stratalog.logdata.json
DialogueNodeEvent:95:64,dialogue,1,DialogueEvent,Unit 5 Dev - Dungeon,2026-09-05T23:50:57.3610000Z,2026-09-05T23:50:57.3610000Z,6a9caae1485cab4c95404f74,wenyi090326-3.stratalog.logdata.json
DialogueNodeEvent:95:76,dialogue,1,DialogueEvent,Unit 5 Dev - Dungeon,2026-09-05T23:36:50.4790000Z,2026-09-05T23:36:50.4790000Z,6a9ca792485cab4c954046ac,wenyi090326-3.stratalog.logdata.json
DialogueNodeEvent:95:77,dialogue,1,DialogueEvent,Unit 5 Dev - Dungeon,2026-09-05T23:36:53.0800000Z,2026-09-05T23:36:53.0800000Z,6a9ca794485cab4c954046b2,wenyi090326-3.stratalog.logdata.json
DialogueNodeEvent:95:78,dialogue,1,DialogueEvent,Unit 5 Dev - Dungeon,2026-09-05T23:41:12.2350000Z,2026-09-05T23:41:12.2350000Z,6a9ca898485cab4c9540470a,wenyi090326-3.stratalog.logdata.json
DialogueNodeEvent:95:79,dialogue,1,DialogueEvent,Unit 5 Dev - Dungeon,2026-09-05T23:44:48.2740000Z,2026-09-05T23:44:48.2740000Z,6a9ca970485cab4c95404c7e,wenyi090326-3.stratalog.logdata.json
DialogueNodeEvent:95:8,dialogue,3,DialogueEvent,Unit 5 Dev - Dungeon,2026-09-05T23:43:46.2420000Z,2026-09-05T23:43:51.7100000Z,6a9ca932485cab4c95404bda,wenyi090326-3.stratalog.logdata.json
DialogueNodeEvent:95:80,dialogue,1,DialogueEvent,Unit 5 Dev - Dungeon,2026-09-05T23:43:44.0410000Z,2026-09-05T23:43:44.0410000Z,6a9ca92f485cab4c95404bd0,wenyi090326-3.stratalog.logdata.json
DialogueNodeEvent:95:81,dialogue,1,DialogueEvent,Unit 5 Dev - Dungeon,2026-09-05T23:44:12.2870000Z,2026-09-05T23:44:12.2870000Z,6a9ca94c485cab4c95404c2e,wenyi090326-3.stratalog.logdata.json
DialogueNodeEvent:95:82,dialogue,1,DialogueEvent,Unit 5 Dev - Dungeon,2026-09-05T23:44:14.8220000Z,2026-09-05T23:44:14.8220000Z,6a9ca94e485cab4c95404c36,wenyi090326-3.stratalog.logdata.json
DialogueNodeEvent:95:83,dialogue,1,DialogueEvent,Unit 5 Dev - Dungeon,2026-09-05T23:44:48.2710000Z,2026-09-05T23:44:48.2710000Z,6a9ca970485cab4c95404c78,wenyi090326-3.stratalog.logdata.json
DialogueNodeEvent:95:84,dialogue,1,DialogueEvent,Unit 5 Dev - Dungeon,2026-09-05T23:47:43.1030000Z,2026-09-05T23:47:43.1030000Z,6a9caa1e485cab4c95404dcc,wenyi090326-3.stratalog.logdata.json
DialogueNodeEvent:95:86,dialogue,2,DialogueEvent,Unit 5 Dev - Dungeon,2026-09-05T23:49:06.0440000Z,2026-09-05T23:49:12.7470000Z,6a9caa71485cab4c95404ea0,wenyi090326-3.stratalog.logdata.json
DialogueNodeEvent:95:87,dialogue,2,DialogueEvent,Unit 5 Dev - Dungeon,2026-09-05T23:51:20.5390000Z,2026-09-05T23:51:27.3440000Z,6a9caaf8485cab4c95404f9a,wenyi090326-3.stratalog.logdata.json
DialogueNodeEvent:95:9,dialogue,1,DialogueEvent,Unit 5 Dev - Dungeon,2026-09-05T23:43:48.1410000Z,2026-09-05T23:43:48.1410000Z,6a9ca933485cab4c95404be0,wenyi090326-3.stratalog.logdata.json
DialogueNodeEvent:96:1,dialogue,1,DialogueEvent,Unit 5 Dev,2026-09-05T23:53:24.0160000Z,2026-09-05T23:53:24.0160000Z,6a9cab73485cab4c95405048,wenyi090326-3.stratalog.logdata.json
DialogueNodeEvent:96:10,dialogue,1,DialogueEvent,Unit 5 Dev,2026-09-05T23:53:31.1830000Z,2026-09-05T23:53:31.1830000Z,6a9cab7b485cab4c9540505c,wenyi090326-3.stratalog.logdata.json
DialogueNodeEvent:96:12,dialogue,1,DialogueEvent,Unit 5 Dev,2026-09-05T23:53:33.1500000Z,2026-09-05T23:53:33.1500000Z,6a9cab7c485cab4c9540505e,wenyi090326-3.stratalog.logdata.json
DialogueNodeEvent:96:13,dialogue,1,DialogueEvent,Unit 5 Dev,2026-09-05T23:53:34.0180000Z,2026-09-05T23:53:34.0180000Z,6a9cab7d485cab4c95405060,wenyi090326-3.stratalog.logdata.json
DialogueNodeEvent:96:14,dialogue,1,DialogueEvent,Unit 5 Dev,2026-09-05T23:53:34.1840000Z,2026-09-05T23:53:34.1840000Z,6a9cab7e485cab4c95405062,wenyi090326-3.stratalog.logdata.json
DialogueNodeEvent:96:16,dialogue,1,DialogueEvent,Unit 5 Dev,2026-09-05T23:53:35.8520000Z,2026-09-05T23:53:35.8520000Z,6a9cab7f485cab4c95405064,wenyi090326-3.stratalog.logdata.json
DialogueNodeEvent:96:17,dialogue,1,DialogueEvent,Unit 5 Dev,2026-09-05T23:53:36.5190000Z,2026-09-05T23:53:36.5190000Z,6a9cab80485cab4c95405066,wenyi090326-3.stratalog.logdata.json
DialogueNodeEvent:96:18,dialogue,1,DialogueEvent,Unit 5 Dev,2026-09-05T23:53:36.6860000Z,2026-09-05T23:53:36.6860000Z,6a9cab80485cab4c95405068,wenyi090326-3.stratalog.logdata.json
DialogueNodeEvent:96:19,dialogue,1,DialogueEvent,Unit 5 Dev,2026-09-05T23:53:36.8190000Z,2026-09-05T23:53:36.8190000Z,6a9cab80485cab4c9540506a,wenyi090326-3.stratalog.logdata.json
DialogueNodeEvent:96:2,dialogue,1,DialogueEvent,Unit 5 Dev,2026-09-05T23:53:25.6140000Z,2026-09-05T23:53:25.6140000Z,6a9cab75485cab4c9540504e,wenyi090326-3.stratalog.logdata.json
DialogueNodeEvent:96:20,dialogue,1,DialogueEvent,Unit 5 Dev,2026-09-05T23:53:36.9860000Z,2026-09-05T23:53:36.9860000Z,6a9cab80485cab4c9540506c,wenyi090326-3.stratalog.logdata.json
DialogueNodeEvent:96:22,dialogue,1,DialogueEvent,Unit 5 Dev,2026-09-05T23:53:38.5530000Z,2026-09-05T23:53:38.5530000Z,6a9cab82485cab4c95405070,wenyi090326-3.stratalog.logdata.json
DialogueNodeEvent:96:23,dialogue,1,DialogueEvent,Unit 5 Dev,2026-09-05T23:53:39.3270000Z,2026-09-05T23:53:39.3270000Z,6a9cab83485cab4c95405074,wenyi090326-3.stratalog.logdata.json
DialogueNodeEvent:96:3,dialogue,1,DialogueEvent,Unit 5 Dev,2026-09-05T23:53:27.3810000Z,2026-09-05T23:53:27.3810000Z,6a9cab77485cab4c95405050,wenyi090326-3.stratalog.logdata.json
DialogueNodeEvent:96:5,dialogue,1,DialogueEvent,Unit 5 Dev,2026-09-05T23:53:28.0820000Z,2026-09-05T23:53:28.0820000Z,6a9cab77485cab4c95405052,wenyi090326-3.stratalog.logdata.json
DialogueNodeEvent:96:7,dialogue,1,DialogueEvent,Unit 5 Dev,2026-09-05T23:53:30.1490000Z,2026-09-05T23:53:30.1490000Z,6a9cab79485cab4c95405056,wenyi090326-3.stratalog.logdata.json
DialogueNodeEvent:96:8,dialogue,1,DialogueEvent,Unit 5 Dev,2026-09-05T23:53:30.8500000Z,2026-09-05T23:53:30.8500000Z,6a9cab7a485cab4c95405058,wenyi090326-3.stratalog.logdata.json
DialogueNodeEvent:96:9,dialogue,1,DialogueEvent,Unit 5 Dev,2026-09-05T23:53:31.0160000Z,2026-09-05T23:53:31.0160000Z,6a9cab7a485cab4c9540505a,wenyi090326-3.stratalog.logdata.json
DialogueNodeEvent:98:31,dialogue,1,DialogueEvent,Unit 5 Dev,2026-09-05T23:54:00.7640000Z,2026-09-05T23:54:00.7640000Z,6a9cab98485cab4c9540508e,wenyi090326-3.stratalog.logdata.json
DialogueNodeEvent:98:32,dialogue,1,DialogueEvent,Unit 5 Dev,2026-09-05T23:54:04.2990000Z,2026-09-05T23:54:04.2990000Z,6a9cab9c485cab4c95405096,wenyi090326-3.stratalog.logdata.json
DialogueNodeEvent:98:33,dialogue,1,DialogueEvent,Unit 5 Dev,2026-09-05T23:54:10.1690000Z,2026-09-05T23:54:10.1690000Z,6a9caba2485cab4c954050b0,wenyi090326-3.stratalog.logdata.json
DialogueNodeEvent:98:34,dialogue,1,DialogueEvent,Unit 5 Dev,2026-09-05T23:54:15.7050000Z,2026-09-05T23:54:15.7050000Z,6a9caba7485cab4c954050cc,wenyi090326-3.stratalog.logdata.json
DialogueNodeEvent:98:36,dialogue,1,DialogueEvent,Unit 5 Dev,2026-09-05T23:54:17.9050000Z,2026-09-05T23:54:17.9050000Z,6a9caba9485cab4c954050d2,wenyi090326-3.stratalog.logdata.json
DialogueNodeEvent:98:37,dialogue,1,DialogueEvent,Unit 5 Dev,2026-09-05T23:54:24.9090000Z,2026-09-05T23:54:24.9090000Z,6a9cabb0485cab4c954050ec,wenyi090326-3.stratalog.logdata.json
DialogueNodeEvent:98:38,dialogue,1,DialogueEvent,Unit 5 Dev,2026-09-05T23:54:25.7430000Z,2026-09-05T23:54:25.7430000Z,6a9cabb1485cab4c954050f2,wenyi090326-3.stratalog.logdata.json
DialogueNodeEvent:98:39,dialogue,2,DialogueEvent,Unit 5 Dev,2026-09-05T23:54:38.2820000Z,2026-09-05T23:54:38.2860000Z,6a9cabbe485cab4c9540511a,wenyi090326-3.stratalog.logdata.json
DialogueNodeEvent:98:40,dialogue,1,DialogueEvent,Unit 5 Dev,2026-09-05T23:54:39.2820000Z,2026-09-05T23:54:39.2820000Z,6a9cabbf485cab4c95405126,wenyi090326-3.stratalog.logdata.json
DialogueNodeEvent:98:41,dialogue,1,DialogueEvent,Unit 5 Dev,2026-09-05T23:54:41.1160000Z,2026-09-05T23:54:41.1160000Z,6a9cabc0485cab4c95405128,wenyi090326-3.stratalog.logdata.json
DialogueNodeEvent:98:45,dialogue,1,DialogueEvent,Unit 5 Dev,2026-09-05T23:54:43.5510000Z,2026-09-05T23:54:43.5510000Z,6a9cabc3485cab4c9540512a,wenyi090326-3.stratalog.logdata.json
DialogueNodeEvent:98:49,dialogue,1,DialogueEvent,Unit 5 Dev,2026-09-05T23:54:44.3180000Z,2026-09-05T23:54:44.3180000Z,6a9cabc4485cab4c9540512c,wenyi090326-3.stratalog.logdata.json
DialogueNodeEvent:98:55,dialogue,1,DialogueEvent,Unit 5 Dev,2026-09-05T23:54:48.4860000Z,2026-09-05T23:54:48.4860000Z,6a9cabc8485cab4c95405130,wenyi090326-3.stratalog.logdata.json
DialogueNodeEvent:98:56,dialogue,1,DialogueEvent,Unit 5 Dev,2026-09-05T23:54:49.0860000Z,2026-09-05T23:54:49.0860000Z,6a9cabc8485cab4c95405132,wenyi090326-3.stratalog.logdata.json
DialogueNodeEvent:98:57,dialogue,1,DialogueEvent,Unit 5 Dev,2026-09-05T23:54:50.4880000Z,2026-09-05T23:54:50.4880000Z,6a9cabca485cab4c95405134,wenyi090326-3.stratalog.logdata.json
DialogueNodeEvent:98:59,dialogue,1,DialogueEvent,Unit 5 Dev,2026-09-05T23:56:45.6450000Z,2026-09-05T23:56:45.6450000Z,6a9cac3d485cab4c954052fa,wenyi090326-3.stratalog.logdata.json
DialogueNodeEvent:98:61,dialogue,1,DialogueEvent,Unit 5 Dev,2026-09-05T23:56:50.9440000Z,2026-09-05T23:56:50.9440000Z,6a9cac42485cab4c95405302,wenyi090326-3.stratalog.logdata.json
DialogueNodeEvent:98:62,dialogue,1,DialogueEvent,Unit 5 Dev,2026-09-05T23:56:51.7800000Z,2026-09-05T23:56:51.7800000Z,6a9cac43485cab4c95405306,wenyi090326-3.stratalog.logdata.json
DialogueNodeEvent:98:63,dialogue,1,DialogueEvent,Unit 5 Dev,2026-09-05T23:54:51.2220000Z,2026-09-05T23:54:51.2220000Z,6a9cabcb485cab4c95405138,wenyi090326-3.stratalog.logdata.json
DialogueNodeEvent:98:64,dialogue,1,DialogueEvent,Unit 5 Dev,2026-09-05T23:56:52.2120000Z,2026-09-05T23:56:52.2120000Z,6a9cac44485cab4c95405308,wenyi090326-3.stratalog.logdata.json
DialogueNodeEvent:99:1,dialogue,1,DialogueEvent,Unit 5 Dev,2026-09-05T23:57:39.4780000Z,2026-09-05T23:57:39.4780000Z,6a9cac73485cab4c9540535e,wenyi090326-3.stratalog.logdata.json
DialogueNodeEvent:99:13,dialogue,1,DialogueEvent,Unit 5 Dev,2026-09-05T23:57:47.0700000Z,2026-09-05T23:57:47.0700000Z,6a9cac7a485cab4c9540537e,wenyi090326-3.stratalog.logdata.json
DialogueNodeEvent:99:17,dialogue,1,DialogueEvent,Unit 5 Dev,2026-09-05T23:57:47.8380000Z,2026-09-05T23:57:47.8380000Z,6a9cac7b485cab4c95405380,wenyi090326-3.stratalog.logdata.json
DialogueNodeEvent:99:18,dialogue,1,DialogueEvent,Unit 5 Dev,2026-09-05T23:57:50.3390000Z,2026-09-05T23:57:50.3390000Z,6a9cac7e485cab4c9540538c,wenyi090326-3.stratalog.logdata.json
DialogueNodeEvent:99:19,dialogue,1,DialogueEvent,Unit 5 Dev,2026-09-05T23:57:51.2720000Z,2026-09-05T23:57:51.2720000Z,6a9cac7f485cab4c95405390,wenyi090326-3.stratalog.logdata.json
DialogueNodeEvent:99:2,dialogue,2,DialogueEvent,Unit 5 Dev,2026-09-05T23:57:42.1700000Z,2026-09-05T23:57:42.1740000Z,6a9cac76485cab4c9540536a,wenyi090326-3.stratalog.logdata.json
DialogueNodeEvent:99:20,dialogue,1,DialogueEvent,Unit 5 Dev,2026-09-05T23:57:51.6730000Z,2026-09-05T23:57:51.6730000Z,6a9cac7f485cab4c95405392,wenyi090326-3.stratalog.logdata.json
DialogueNodeEvent:99:21,dialogue,1,DialogueEvent,Unit 5 Dev,2026-09-05T23:57:52.0400000Z,2026-09-05T23:57:52.0400000Z,6a9cac7f485cab4c95405394,wenyi090326-3.stratalog.logdata.json
DialogueNodeEvent:99:22,dialogue,1,DialogueEvent,Unit 5 Dev,2026-09-05T23:57:55.2770000Z,2026-09-05T23:57:55.2770000Z,6a9cac83485cab4c9540539c,wenyi090326-3.stratalog.logdata.json
DialogueNodeEvent:99:23,dialogue,1,DialogueEvent,Unit 5 Dev,2026-09-05T23:57:56.6080000Z,2026-09-05T23:57:56.6080000Z,6a9cac84485cab4c954053a0,wenyi090326-3.stratalog.logdata.json
DialogueNodeEvent:99:24,dialogue,1,DialogueEvent,Unit 5 Dev,2026-09-05T23:57:56.9750000Z,2026-09-05T23:57:56.9750000Z,6a9cac84485cab4c954053a2,wenyi090326-3.stratalog.logdata.json
DialogueNodeEvent:99:25,dialogue,1,DialogueEvent,Unit 5 Dev,2026-09-05T23:57:57.3420000Z,2026-09-05T23:57:57.3420000Z,6a9cac85485cab4c954053a4,wenyi090326-3.stratalog.logdata.json
DialogueNodeEvent:99:28,dialogue,1,DialogueEvent,Unit 5 Dev,2026-09-05T23:57:59.1090000Z,2026-09-05T23:57:59.1090000Z,6a9cac86485cab4c954053a8,wenyi090326-3.stratalog.logdata.json
DialogueNodeEvent:99:3,dialogue,1,DialogueEvent,Unit 5 Dev,2026-09-05T23:57:44.3360000Z,2026-09-05T23:57:44.3360000Z,6a9cac78485cab4c95405374,wenyi090326-3.stratalog.logdata.json
DialogueNodeEvent:99:33,dialogue,1,DialogueEvent,Unit 5 Dev,2026-09-05T23:57:59.8450000Z,2026-09-05T23:57:59.8450000Z,6a9cac87485cab4c954053aa,wenyi090326-3.stratalog.logdata.json
DialogueNodeEvent:99:34,dialogue,1,DialogueEvent,Unit 5 Dev,2026-09-05T23:58:00.0100000Z,2026-09-05T23:58:00.0100000Z,6a9cac87485cab4c954053ac,wenyi090326-3.stratalog.logdata.json
DialogueNodeEvent:99:5,dialogue,1,DialogueEvent,Unit 5 Dev,2026-09-05T23:57:45.1030000Z,2026-09-05T23:57:45.1030000Z,6a9cac78485cab4c95405376,wenyi090326-3.stratalog.logdata.json
DialogueNodeEvent:99:53,dialogue,1,DialogueEvent,Unit 5 Dev,2026-09-05T23:59:25.3700000Z,2026-09-05T23:59:25.3700000Z,6a9cacdd485cab4c9540543a,wenyi090326-3.stratalog.logdata.json
DialogueNodeEvent:99:55,dialogue,1,DialogueEvent,Unit 5 Dev,2026-09-05T23:59:27.8680000Z,2026-09-05T23:59:27.8680000Z,6a9cacdf485cab4c95405440,wenyi090326-3.stratalog.logdata.json
DialogueNodeEvent:99:57,dialogue,1,DialogueEvent,Unit 5 Dev,2026-09-05T23:59:28.6350000Z,2026-09-05T23:59:28.6350000Z,6a9cace0485cab4c95405442,wenyi090326-3.stratalog.logdata.json
DialogueNodeEvent:99:58,dialogue,1,DialogueEvent,Unit 5 Dev,2026-09-05T23:59:28.8020000Z,2026-09-05T23:59:28.8020000Z,6a9cace0485cab4c95405444,wenyi090326-3.stratalog.logdata.json
DialogueNodeEvent:99:61,dialogue,1,DialogueEvent,Unit 5 Dev,2026-09-05T23:59:30.0030000Z,2026-09-05T23:59:30.0030000Z,6a9cace1485cab4c95405446,wenyi090326-3.stratalog.logdata.json
DialogueNodeEvent:99:64,dialogue,1,DialogueEvent,Unit 5 Dev,2026-09-05T23:59:30.6710000Z,2026-09-05T23:59:30.6710000Z,6a9cace2485cab4c95405448,wenyi090326-3.stratalog.logdata.json
DialogueNodeEvent:99:65,dialogue,1,DialogueEvent,Unit 5 Dev,2026-09-05T23:59:30.8030000Z,2026-09-05T23:59:30.8030000Z,6a9cace2485cab4c9540544a,wenyi090326-3.stratalog.logdata.json
DialogueNodeEvent:99:66,dialogue,1,DialogueEvent,Unit 5 Dev,2026-09-05T23:59:30.9720000Z,2026-09-05T23:59:30.9720000Z,6a9cace2485cab4c9540544c,wenyi090326-3.stratalog.logdata.json
DialogueNodeEvent:99:67,dialogue,1,DialogueEvent,Unit 5 Dev,2026-09-05T23:59:31.1370000Z,2026-09-05T23:59:31.1370000Z,6a9cace2485cab4c9540544e,wenyi090326-3.stratalog.logdata.json
DialogueNodeEvent:99:69,dialogue,1,DialogueEvent,Unit 5 Dev,2026-09-05T23:59:31.3370000Z,2026-09-05T23:59:31.3370000Z,6a9cace3485cab4c95405450,wenyi090326-3.stratalog.logdata.json
DialogueNodeEvent:99:7,dialogue,1,DialogueEvent,Unit 5 Dev,2026-09-05T23:57:45.2700000Z,2026-09-05T23:57:45.2700000Z,6a9cac79485cab4c95405378,wenyi090326-3.stratalog.logdata.json
DialogueNodeEvent:99:72,dialogue,1,DialogueEvent,Unit 5 Dev,2026-09-05T23:59:31.5030000Z,2026-09-05T23:59:31.5030000Z,6a9cace3485cab4c95405452,wenyi090326-3.stratalog.logdata.json
DialogueNodeEvent:99:73,dialogue,1,DialogueEvent,Unit 5 Dev,2026-09-05T23:59:31.7080000Z,2026-09-05T23:59:31.7080000Z,6a9cace3485cab4c95405456,wenyi090326-3.stratalog.logdata.json
DialogueNodeEvent:99:74,dialogue,1,DialogueEvent,Unit 5 Dev,2026-09-05T23:58:00.0120000Z,2026-09-05T23:58:00.0120000Z,6a9cac87485cab4c954053ae,wenyi090326-3.stratalog.logdata.json
DialogueNodeEvent:99:8,dialogue,1,DialogueEvent,Unit 5 Dev,2026-09-05T23:57:45.4030000Z,2026-09-05T23:57:45.4030000Z,6a9cac79485cab4c9540537a,wenyi090326-3.stratalog.logdata.json
DialogueNodeEvent:99:9,dialogue,1,DialogueEvent,Unit 5 Dev,2026-09-05T23:57:45.5700000Z,2026-09-05T23:57:45.5700000Z,6a9cac79485cab4c9540537c,wenyi090326-3.stratalog.logdata.json
questActiveEvent:16,quest,1,questEvent,Unit 3 Dev,2026-09-05T22:16:33.6980000Z,2026-09-05T22:16:33.6980000Z,6a9c94c1485cab4c95401dc2,wenyi090326-3.stratalog.logdata.json
questActiveEvent:17,quest,1,questEvent,Unit 3 Dev,2026-09-05T22:20:21.4330000Z,2026-09-05T22:20:21.4330000Z,6a9c95a5485cab4c95401ea4,wenyi090326-3.stratalog.logdata.json
questActiveEvent:18,quest,3,questEvent,Unit 3 Dev;Unit 3 Dungeon Dev,2026-09-05T22:34:54.8070000Z,2026-09-05T22:36:59.7280000Z,6a9c990e485cab4c954026dc,wenyi090326-3.stratalog.logdata.json
questActiveEvent:19,quest,1,questEvent,Unit 3 Dev,2026-09-05T22:46:22.0030000Z,2026-09-05T22:46:22.0030000Z,6a9c9bbd485cab4c95402bfe,wenyi090326-3.stratalog.logdata.json
questActiveEvent:21,quest,1,questEvent,Unit 2 Prod (Refactor),2026-09-05T21:36:35.5940000Z,2026-09-05T21:36:35.5940000Z,6a9c8b63485cab4c954001ec,wenyi090326-3.stratalog.logdata.json
questActiveEvent:22,quest,1,questEvent,Unit 2 Prod (Refactor),2026-09-05T21:43:00.4670000Z,2026-09-05T21:43:00.4670000Z,6a9c8ce4485cab4c954008ec,wenyi090326-3.stratalog.logdata.json
questActiveEvent:23,quest,1,questEvent,Unit 2 Prod (Refactor),2026-09-05T21:41:47.9530000Z,2026-09-05T21:41:47.9530000Z,6a9c8c9b485cab4c95400898,wenyi090326-3.stratalog.logdata.json
questActiveEvent:24,quest,1,questEvent,Unit 2 Prod (Refactor),2026-09-05T21:52:43.0570000Z,2026-09-05T21:52:43.0570000Z,6a9c8f2a485cab4c95400b8a,wenyi090326-3.stratalog.logdata.json
questActiveEvent:25,quest,1,questEvent,Unit 2 Prod (Refactor),2026-09-05T22:02:31.5470000Z,2026-09-05T22:02:31.5470000Z,6a9c9177485cab4c954018be,wenyi090326-3.stratalog.logdata.json
questActiveEvent:28,quest,2,questEvent,Unit 1 Dev,2026-09-05T21:11:02.3280000Z,2026-09-05T21:21:52.7810000Z,6a9c8565485cab4c953ffabe,wenyi090326-3.stratalog.logdata.json
questActiveEvent:29,quest,2,questEvent,Unit 1 Dev,2026-09-05T21:12:11.7180000Z,2026-09-05T21:24:13.0360000Z,6a9c85ab485cab4c953ffb10,wenyi090326-3.stratalog.logdata.json
questActiveEvent:31,quest,2,questEvent,Unit 1 Dev,2026-09-05T21:13:25.1140000Z,2026-09-05T21:24:43.3630000Z,6a9c85f4485cab4c953ffb5a,wenyi090326-3.stratalog.logdata.json
questActiveEvent:32,quest,3,questEvent,Unit 1 Dev,2026-09-05T21:15:11.7160000Z,2026-09-05T21:27:46.1170000Z,6a9c865f485cab4c953ffba8,wenyi090326-3.stratalog.logdata.json
questActiveEvent:33,quest,2,questEvent,Unit 1 Dev,2026-09-05T21:18:28.9420000Z,2026-09-05T21:31:20.8880000Z,6a9c8724485cab4c953ffccc,wenyi090326-3.stratalog.logdata.json
questActiveEvent:34,quest,2,questEvent,Unit 1 Dev,2026-09-05T21:19:30.8950000Z,2026-09-05T21:32:52.8510000Z,6a9c8762485cab4c953ffd8c,wenyi090326-3.stratalog.logdata.json
questActiveEvent:36,quest,2,questEvent,Unit 4 Dev;Unit 4 Dev - Anderson Base,2026-09-05T23:21:46.3550000Z,2026-09-05T23:23:55.0140000Z,6a9ca40a485cab4c95403f08,wenyi090326-3.stratalog.logdata.json
questActiveEvent:39,quest,1,questEvent,Unit 4 Dev,2026-09-05T22:56:02.1040000Z,2026-09-05T22:56:02.1040000Z,6a9c9e01485cab4c95402df0,wenyi090326-3.stratalog.logdata.json
questActiveEvent:40,quest,1,questEvent,Unit 4 Dev,2026-09-05T23:20:41.5910000Z,2026-09-05T23:20:41.5910000Z,6a9ca3c9485cab4c95403e36,wenyi090326-3.stratalog.logdata.json
questActiveEvent:41,quest,1,questEvent,Unit 4 Dev,2026-09-05T23:31:59.6410000Z,2026-09-05T23:31:59.6410000Z,6a9ca66f485cab4c9540443e,wenyi090326-3.stratalog.logdata.json
questActiveEvent:43,quest,1,questEvent,Unit 5 Dev - Dungeon,2026-09-05T23:36:27.2980000Z,2026-09-05T23:36:27.2980000Z,6a9ca77b485cab4c95404634,wenyi090326-3.stratalog.logdata.json
questActiveEvent:44,quest,1,questEvent,Unit 5 Dev,2026-09-05T23:53:39.3200000Z,2026-09-05T23:53:39.3200000Z,6a9cab83485cab4c95405072,wenyi090326-3.stratalog.logdata.json
questActiveEvent:45,quest,2,questEvent,Unit 5 Dev,2026-09-05T23:57:39.4690000Z,2026-09-05T23:57:39.4690000Z,6a9cac73485cab4c9540535a,wenyi090326-3.stratalog.logdata.json
questActiveEvent:46,quest,1,questEvent,Unit 4 Dev - Dungeon,2026-09-05T23:04:20.9520000Z,2026-09-05T23:04:20.9520000Z,6a9c9ff4485cab4c9540386c,wenyi090326-3.stratalog.logdata.json
questActiveEvent:47,quest,1,questEvent,Unit 4 Dev - Dungeon,2026-09-05T23:09:49.1540000Z,2026-09-05T23:09:49.1540000Z,6a9ca13d485cab4c95403954,wenyi090326-3.stratalog.logdata.json
questActiveEvent:48,quest,1,questEvent,Unit 4 Dev - Dungeon,2026-09-05T23:11:25.2000000Z,2026-09-05T23:11:25.2000000Z,6a9ca19d485cab4c95403a5c,wenyi090326-3.stratalog.logdata.json
questActiveEvent:49,quest,1,questEvent,Unit 4 Dev - Dungeon,2026-09-05T23:14:50.2780000Z,2026-09-05T23:14:50.2780000Z,6a9ca26a485cab4c95403b66,wenyi090326-3.stratalog.logdata.json
questActiveEvent:50,quest,1,questEvent,Unit 4 Dev - Dungeon,2026-09-05T23:18:13.0070000Z,2026-09-05T23:18:13.0070000Z,6a9ca334485cab4c95403cac,wenyi090326-3.stratalog.logdata.json
questActiveEvent:51,quest,1,questEvent,Unit 5 Dev - Dungeon,2026-09-05T23:44:46.9720000Z,2026-09-05T23:44:46.9720000Z,6a9ca96e485cab4c95404c74,wenyi090326-3.stratalog.logdata.json
questActiveEvent:52,quest,1,questEvent,Unit 5 Dev - Dungeon,2026-09-05T23:46:55.9480000Z,2026-09-05T23:46:55.9480000Z,6a9ca9ef485cab4c95404d46,wenyi090326-3.stratalog.logdata.json
questActiveEvent:53,quest,1,questEvent,Unit 5 Dev - Dungeon,2026-09-05T23:50:28.2170000Z,2026-09-05T23:50:28.2170000Z,6a9caac4485cab4c95404f48,wenyi090326-3.stratalog.logdata.json
questActiveEvent:54,quest,1,questEvent,Unit 2 Prod (Refactor),2026-09-05T22:13:47.0890000Z,2026-09-05T22:13:47.0890000Z,6a9c941a485cab4c95401d24,wenyi090326-3.stratalog.logdata.json
questActiveEvent:55,quest,1,questEvent,Unit 3 Dev,2026-09-05T22:50:14.7280000Z,2026-09-05T22:50:14.7280000Z,6a9c9ca6485cab4c95402d30,wenyi090326-3.stratalog.logdata.json
questActiveEvent:56,quest,1,questEvent,Unit 4 Dev,2026-09-05T23:34:09.3050000Z,2026-09-05T23:34:09.3050000Z,6a9ca6f1485cab4c95404598,wenyi090326-3.stratalog.logdata.json
questActiveEvent:57,quest,1,questEvent,Unit 5 Dev,2026-09-05T23:59:31.7040000Z,2026-09-05T23:59:31.7040000Z,6a9cace3485cab4c95405454,wenyi090326-3.stratalog.logdata.json
questFinishEvent:16,quest,2,questEvent,Unit 3 Dev,2026-09-05T22:20:17.3300000Z,2026-09-05T22:36:57.2730000Z,6a9c95a1485cab4c95401e94,wenyi090326-3.stratalog.logdata.json
questFinishEvent:17,quest,1,questEvent,Unit 3 Dev,2026-09-05T22:33:56.3150000Z,2026-09-05T22:33:56.3150000Z,6a9c98d4485cab4c9540268a,wenyi090326-3.stratalog.logdata.json
questFinishEvent:18,quest,1,questEvent,Unit 3 Dungeon Dev,2026-09-05T22:42:54.7430000Z,2026-09-05T22:42:54.7430000Z,6a9c9aee485cab4c95402b78,wenyi090326-3.stratalog.logdata.json
questFinishEvent:19,quest,1,questEvent,Unit 3 Dev,2026-09-05T22:49:45.6830000Z,2026-09-05T22:49:45.6830000Z,6a9c9c89485cab4c95402d0e,wenyi090326-3.stratalog.logdata.json
questFinishEvent:21,quest,1,questEvent,Unit 2 Prod (Refactor),2026-09-05T21:40:44.0930000Z,2026-09-05T21:40:44.0930000Z,6a9c8c5b485cab4c95400842,wenyi090326-3.stratalog.logdata.json
questFinishEvent:22,quest,1,questEvent,Unit 2 Prod (Refactor),2026-09-05T21:59:39.2700000Z,2026-09-05T21:59:39.2700000Z,6a9c90cb485cab4c95401846,wenyi090326-3.stratalog.logdata.json
questFinishEvent:23,quest,1,questEvent,Unit 2 Prod (Refactor),2026-09-05T21:42:58.2990000Z,2026-09-05T21:42:58.2990000Z,6a9c8ce2485cab4c954008e6,wenyi090326-3.stratalog.logdata.json
questFinishEvent:24,quest,1,questEvent,Unit 2 Prod (Refactor),2026-09-05T21:58:48.9480000Z,2026-09-05T21:58:48.9480000Z,6a9c9098485cab4c954017e0,wenyi090326-3.stratalog.logdata.json
questFinishEvent:25,quest,1,questEvent,Unit 2 Prod (Refactor),2026-09-05T22:13:39.9190000Z,2026-09-05T22:13:39.9190000Z,6a9c9413485cab4c95401d0e,wenyi090326-3.stratalog.logdata.json
questFinishEvent:28,quest,2,questEvent,Unit 1 Dev,2026-09-05T21:12:10.4020000Z,2026-09-05T21:24:11.9370000Z,6a9c85aa485cab4c953ffb0a,wenyi090326-3.stratalog.logdata.json
questFinishEvent:29,quest,2,questEvent,Unit 1 Dev,2026-09-05T21:13:25.1130000Z,2026-09-05T21:24:43.3620000Z,6a9c85f4485cab4c953ffb58,wenyi090326-3.stratalog.logdata.json
questFinishEvent:31,quest,2,questEvent,Unit 1 Dev,2026-09-05T21:15:11.7150000Z,2026-09-05T21:27:46.1160000Z,6a9c865f485cab4c953ffba6,wenyi090326-3.stratalog.logdata.json
questFinishEvent:32,quest,2,questEvent,Unit 1 Dev,2026-09-05T21:18:28.9420000Z,2026-09-05T21:31:20.8880000Z,6a9c8724485cab4c953ffcca,wenyi090326-3.stratalog.logdata.json
questFinishEvent:33,quest,2,questEvent,Unit 1 Dev,2026-09-05T21:19:25.4600000Z,2026-09-05T21:32:47.4150000Z,6a9c875d485cab4c953ffd82,wenyi090326-3.stratalog.logdata.json
questFinishEvent:34,quest,1,questEvent,Unit 1 Dev,2026-09-05T21:34:01.7280000Z,2026-09-05T21:34:01.7280000Z,6a9c8ac9485cab4c95400186,wenyi090326-3.stratalog.logdata.json
questFinishEvent:36,quest,1,questEvent,Unit 4 Dev - Anderson Base,2026-09-05T23:30:50.6590000Z,2026-09-05T23:30:50.6590000Z,6a9ca62a485cab4c954043ca,wenyi090326-3.stratalog.logdata.json
questFinishEvent:40,quest,1,questEvent,Unit 4 Dev,2026-09-05T23:21:40.8520000Z,2026-09-05T23:21:40.8520000Z,6a9ca404485cab4c95403ef8,wenyi090326-3.stratalog.logdata.json
questFinishEvent:41,quest,1,questEvent,Unit 4 Dev,2026-09-05T23:34:09.3030000Z,2026-09-05T23:34:09.3030000Z,6a9ca6f1485cab4c95404596,wenyi090326-3.stratalog.logdata.json
questFinishEvent:43,quest,1,questEvent,Unit 5 Dev - Dungeon,2026-09-05T23:44:46.9710000Z,2026-09-05T23:44:46.9710000Z,6a9ca96e485cab4c95404c72,wenyi090326-3.stratalog.logdata.json
questFinishEvent:44,quest,1,questEvent,Unit 5 Dev,2026-09-05T23:56:51.7790000Z,2026-09-05T23:56:51.7790000Z,6a9cac43485cab4c95405304,wenyi090326-3.stratalog.logdata.json
questFinishEvent:45,quest,2,questEvent,Unit 5 Dev,2026-09-05T23:59:25.3670000Z,2026-09-05T23:59:25.3680000Z,6a9cacdd485cab4c95405434,wenyi090326-3.stratalog.logdata.json
questFinishEvent:46,quest,1,questEvent,Unit 4 Dev - Dungeon,2026-09-05T23:09:49.1530000Z,2026-09-05T23:09:49.1530000Z,6a9ca13d485cab4c95403952,wenyi090326-3.stratalog.logdata.json
questFinishEvent:47,quest,1,questEvent,Unit 4 Dev - Dungeon,2026-09-05T23:11:25.1990000Z,2026-09-05T23:11:25.1990000Z,6a9ca19d485cab4c95403a5a,wenyi090326-3.stratalog.logdata.json
questFinishEvent:48,quest,1,questEvent,Unit 4 Dev - Dungeon,2026-09-05T23:14:50.2770000Z,2026-09-05T23:14:50.2770000Z,6a9ca26a485cab4c95403b64,wenyi090326-3.stratalog.logdata.json
questFinishEvent:49,quest,1,questEvent,Unit 4 Dev - Dungeon,2026-09-05T23:18:13.0050000Z,2026-09-05T23:18:13.0050000Z,6a9ca334485cab4c95403caa,wenyi090326-3.stratalog.logdata.json
questFinishEvent:51,quest,1,questEvent,Unit 5 Dev - Dungeon,2026-09-05T23:46:52.2470000Z,2026-09-05T23:46:52.2470000Z,6a9ca9ec485cab4c95404d42,wenyi090326-3.stratalog.logdata.json
questFinishEvent:52,quest,1,questEvent,Unit 5 Dev - Dungeon,2026-09-05T23:50:28.2160000Z,2026-09-05T23:50:28.2160000Z,6a9caac4485cab4c95404f46,wenyi090326-3.stratalog.logdata.json
questFinishEvent:54,quest,1,questEvent,Unit 2 Prod (Refactor),2026-09-05T22:14:17.7370000Z,2026-09-05T22:14:17.7370000Z,6a9c9439485cab4c95401d80,wenyi090326-3.stratalog.logdata.json
questFinishEvent:55,quest,1,questEvent,Unit 3 Dev,2026-09-05T22:51:12.2200000Z,2026-09-05T22:51:12.2200000Z,6a9c9ce0485cab4c95402da4,wenyi090326-3.stratalog.logdata.json
questFinishEvent:56,quest,1,questEvent,Unit 4 Dev,2026-09-05T23:35:42.8470000Z,2026-09-05T23:35:42.8470000Z,6a9ca74e485cab4c95404624,wenyi090326-3.stratalog.logdata.json
