eventKey,kind,count,eventTypes,scenes,first_ts,last_ts,example_id,example_src
DialogueNodeEvent:100:44,dialogue,1,DialogueEvent,Unit 5 Dev - Dungeon,2026-09-04T19:29:49.8820000Z,2026-09-04T19:29:49.8820000Z,6a9b1c2d485cab4c953fb9e8,wenyi090326-2.stratalog.logdata.json
DialogueNodeEvent:103:0,dialogue,4,DialogueEvent,Unit 2 Prod (Refactor),2026-09-04T18:29:36.0260000Z,2026-09-04T18:30:34.7210000Z,6a9b0e0f485cab4c953fa314,wenyi090326-2.stratalog.logdata.json
DialogueNodeEvent:103:1,dialogue,1,DialogueEvent,Unit 2 Prod (Refactor),2026-09-04T18:29:36.0290000Z,2026-09-04T18:29:36.0290000Z,6a9b0e0f485cab4c953fa318,wenyi090326-2.stratalog.logdata.json
DialogueNodeEvent:103:10,dialogue,1,DialogueEvent,Unit 2 Prod (Refactor),2026-09-04T18:29:54.2360000Z,2026-09-04T18:29:54.2360000Z,6a9b0e22485cab4c953fa360,wenyi090326-2.stratalog.logdata.json
DialogueNodeEvent:103:12,dialogue,1,DialogueEvent,Unit 2 Prod (Refactor),2026-09-04T18:29:59.2360000Z,2026-09-04T18:29:59.2360000Z,6a9b0e27485cab4c953fa37a,wenyi090326-2.stratalog.logdata.json
DialogueNodeEvent:103:13,dialogue,1,DialogueEvent,Unit 2 Prod (Refactor),2026-09-04T18:29:54.9010000Z,2026-09-04T18:29:54.9010000Z,6a9b0e22485cab4c953fa362,wenyi090326-2.stratalog.logdata.json
DialogueNodeEvent:103:15,dialogue,1,DialogueEvent,Unit 2 Prod (Refactor),2026-09-04T18:29:59.9700000Z,2026-09-04T18:29:59.9700000Z,6a9b0e27485cab4c953fa382,wenyi090326-2.stratalog.logdata.json
DialogueNodeEvent:103:16,dialogue,1,DialogueEvent,Unit 2 Prod (Refactor),2026-09-04T18:30:00.3710000Z,2026-09-04T18:30:00.3710000Z,6a9b0e28485cab4c953fa384,wenyi090326-2.stratalog.logdata.json
DialogueNodeEvent:103:17,dialogue,1,DialogueEvent,Unit 2 Prod (Refactor),2026-09-04T18:30:04.5750000Z,2026-09-04T18:30:04.5750000Z,6a9b0e2d485cab4c953fa398,wenyi090326-2.stratalog.logdata.json
DialogueNodeEvent:103:19,dialogue,1,DialogueEvent,Unit 2 Prod (Refactor),2026-09-04T18:30:08.9070000Z,2026-09-04T18:30:08.9070000Z,6a9b0e30485cab4c953fa39c,wenyi090326-2.stratalog.logdata.json
DialogueNodeEvent:103:2,dialogue,1,DialogueEvent,Unit 2 Prod (Refactor),2026-09-04T18:29:38.1260000Z,2026-09-04T18:29:38.1260000Z,6a9b0e11485cab4c953fa31e,wenyi090326-2.stratalog.logdata.json
DialogueNodeEvent:103:22,dialogue,1,DialogueEvent,Unit 2 Prod (Refactor),2026-09-04T18:30:09.6080000Z,2026-09-04T18:30:09.6080000Z,6a9b0e31485cab4c953fa39e,wenyi090326-2.stratalog.logdata.json
DialogueNodeEvent:103:24,dialogue,1,DialogueEvent,Unit 2 Prod (Refactor),2026-09-04T18:30:09.8420000Z,2026-09-04T18:30:09.8420000Z,6a9b0e31485cab4c953fa3a0,wenyi090326-2.stratalog.logdata.json
DialogueNodeEvent:103:25,dialogue,1,DialogueEvent,Unit 2 Prod (Refactor),2026-09-04T18:30:34.7240000Z,2026-09-04T18:30:34.7240000Z,6a9b0e4a485cab4c953fa3b6,wenyi090326-2.stratalog.logdata.json
DialogueNodeEvent:103:26,dialogue,1,DialogueEvent,Unit 2 Prod (Refactor),2026-09-04T18:30:35.8540000Z,2026-09-04T18:30:35.8540000Z,6a9b0e4b485cab4c953fa3b8,wenyi090326-2.stratalog.logdata.json
DialogueNodeEvent:103:27,dialogue,1,DialogueEvent,Unit 2 Prod (Refactor),2026-09-04T18:30:36.4540000Z,2026-09-04T18:30:36.4540000Z,6a9b0e4c485cab4c953fa3ba,wenyi090326-2.stratalog.logdata.json
DialogueNodeEvent:103:28,dialogue,1,DialogueEvent,Unit 2 Prod (Refactor),2026-09-04T18:30:41.9990000Z,2026-09-04T18:30:41.9990000Z,6a9b0e51485cab4c953fa3c0,wenyi090326-2.stratalog.logdata.json
DialogueNodeEvent:103:31,dialogue,1,DialogueEvent,Unit 2 Prod (Refactor),2026-09-04T18:30:43.1600000Z,2026-09-04T18:30:43.1600000Z,6a9b0e53485cab4c953fa3c6,wenyi090326-2.stratalog.logdata.json
DialogueNodeEvent:103:32,dialogue,1,DialogueEvent,Unit 2 Prod (Refactor),2026-09-04T18:30:42.7240000Z,2026-09-04T18:30:42.7240000Z,6a9b0e52485cab4c953fa3c2,wenyi090326-2.stratalog.logdata.json
DialogueNodeEvent:103:4,dialogue,1,DialogueEvent,Unit 2 Prod (Refactor),2026-09-04T18:29:38.8260000Z,2026-09-04T18:29:38.8260000Z,6a9b0e12485cab4c953fa324,wenyi090326-2.stratalog.logdata.json
DialogueNodeEvent:103:5,dialogue,1,DialogueEvent,Unit 2 Prod (Refactor),2026-09-04T18:29:41.1610000Z,2026-09-04T18:29:41.1610000Z,6a9b0e14485cab4c953fa32c,wenyi090326-2.stratalog.logdata.json
DialogueNodeEvent:103:7,dialogue,1,DialogueEvent,Unit 2 Prod (Refactor),2026-09-04T18:29:41.8630000Z,2026-09-04T18:29:41.8630000Z,6a9b0e15485cab4c953fa330,wenyi090326-2.stratalog.logdata.json
DialogueNodeEvent:103:8,dialogue,1,DialogueEvent,Unit 2 Prod (Refactor),2026-09-04T18:29:50.5030000Z,2026-09-04T18:29:50.5030000Z,6a9b0e1e485cab4c953fa358,wenyi090326-2.stratalog.logdata.json
DialogueNodeEvent:103:9,dialogue,2,DialogueEvent,Unit 2 Prod (Refactor),2026-09-04T18:29:52.0000000Z,2026-09-04T18:29:55.2350000Z,6a9b0e1f485cab4c953fa35c,wenyi090326-2.stratalog.logdata.json
DialogueNodeEvent:104:1,dialogue,1,DialogueEvent,Unit 3 Dev,2026-09-04T18:55:07.3410000Z,2026-09-04T18:55:07.3410000Z,6a9b140b485cab4c953fac24,wenyi090326-2.stratalog.logdata.json
DialogueNodeEvent:104:11,dialogue,1,DialogueEvent,Unit 3 Dev,2026-09-04T18:55:16.2100000Z,2026-09-04T18:55:16.2100000Z,6a9b1414485cab4c953fac36,wenyi090326-2.stratalog.logdata.json
DialogueNodeEvent:104:12,dialogue,1,DialogueEvent,Unit 3 Dev,2026-09-04T18:55:16.7780000Z,2026-09-04T18:55:16.7780000Z,6a9b1414485cab4c953fac38,wenyi090326-2.stratalog.logdata.json
DialogueNodeEvent:104:13,dialogue,1,DialogueEvent,Unit 3 Dev,2026-09-04T18:54:55.8010000Z,2026-09-04T18:54:55.8010000Z,6a9b13ff485cab4c953fac0c,wenyi090326-2.stratalog.logdata.json
DialogueNodeEvent:104:14,dialogue,1,DialogueEvent,Unit 3 Dev,2026-09-04T18:54:56.6340000Z,2026-09-04T18:54:56.6340000Z,6a9b1400485cab4c953fac10,wenyi090326-2.stratalog.logdata.json
DialogueNodeEvent:104:15,dialogue,1,DialogueEvent,Unit 3 Dev,2026-09-04T18:54:59.3350000Z,2026-09-04T18:54:59.3350000Z,6a9b1403485cab4c953fac12,wenyi090326-2.stratalog.logdata.json
DialogueNodeEvent:104:17,dialogue,1,DialogueEvent,Unit 3 Dev,2026-09-04T18:55:00.0360000Z,2026-09-04T18:55:00.0360000Z,6a9b1403485cab4c953fac16,wenyi090326-2.stratalog.logdata.json
DialogueNodeEvent:104:18,dialogue,1,DialogueEvent,Unit 3 Dev,2026-09-04T18:55:02.1040000Z,2026-09-04T18:55:02.1040000Z,6a9b1405485cab4c953fac18,wenyi090326-2.stratalog.logdata.json
DialogueNodeEvent:104:2,dialogue,1,DialogueEvent,Unit 3 Dev,2026-09-04T18:55:10.1750000Z,2026-09-04T18:55:10.1750000Z,6a9b140d485cab4c953fac2a,wenyi090326-2.stratalog.logdata.json
DialogueNodeEvent:104:20,dialogue,1,DialogueEvent,Unit 3 Dev,2026-09-04T18:55:02.8370000Z,2026-09-04T18:55:02.8370000Z,6a9b1406485cab4c953fac1a,wenyi090326-2.stratalog.logdata.json
DialogueNodeEvent:104:22,dialogue,1,DialogueEvent,Unit 3 Dev,2026-09-04T18:55:03.1380000Z,2026-09-04T18:55:03.1380000Z,6a9b1406485cab4c953fac1c,wenyi090326-2.stratalog.logdata.json
DialogueNodeEvent:104:23,dialogue,1,DialogueEvent,Unit 3 Dev,2026-09-04T18:55:22.1470000Z,2026-09-04T18:55:22.1470000Z,6a9b1419485cab4c953fac44,wenyi090326-2.stratalog.logdata.json
DialogueNodeEvent:104:25,dialogue,1,DialogueEvent,Unit 3 Dev,2026-09-04T18:55:25.2220000Z,2026-09-04T18:55:25.2220000Z,6a9b141d485cab4c953fac4c,wenyi090326-2.stratalog.logdata.json
DialogueNodeEvent:104:26,dialogue,1,DialogueEvent,Unit 3 Dev,2026-09-04T18:55:25.9480000Z,2026-09-04T18:55:25.9480000Z,6a9b141d485cab4c953fac4e,wenyi090326-2.stratalog.logdata.json
DialogueNodeEvent:104:27,dialogue,1,DialogueEvent,Unit 3 Dev,2026-09-04T18:55:26.2500000Z,2026-09-04T18:55:26.2500000Z,6a9b141e485cab4c953fac52,wenyi090326-2.stratalog.logdata.json
DialogueNodeEvent:104:4,dialogue,1,DialogueEvent,Unit 3 Dev,2026-09-04T18:55:10.8410000Z,2026-09-04T18:55:10.8410000Z,6a9b140e485cab4c953fac2c,wenyi090326-2.stratalog.logdata.json
DialogueNodeEvent:104:5,dialogue,1,DialogueEvent,Unit 3 Dev,2026-09-04T18:55:11.2080000Z,2026-09-04T18:55:11.2080000Z,6a9b140f485cab4c953fac2e,wenyi090326-2.stratalog.logdata.json
DialogueNodeEvent:104:6,dialogue,1,DialogueEvent,Unit 3 Dev,2026-09-04T18:55:11.6080000Z,2026-09-04T18:55:11.6080000Z,6a9b140f485cab4c953fac30,wenyi090326-2.stratalog.logdata.json
DialogueNodeEvent:104:7,dialogue,1,DialogueEvent,Unit 3 Dev,2026-09-04T18:55:12.0420000Z,2026-09-04T18:55:12.0420000Z,6a9b140f485cab4c953fac32,wenyi090326-2.stratalog.logdata.json
DialogueNodeEvent:104:9,dialogue,1,DialogueEvent,Unit 3 Dev,2026-09-04T18:55:14.1760000Z,2026-09-04T18:55:14.1760000Z,6a9b1411485cab4c953fac34,wenyi090326-2.stratalog.logdata.json
DialogueNodeEvent:105:1,dialogue,1,DialogueEvent,Unit 4 Dev,2026-09-04T19:26:04.2270000Z,2026-09-04T19:26:04.2270000Z,6a9b1b4b485cab4c953fb800,wenyi090326-2.stratalog.logdata.json
DialogueNodeEvent:105:10,dialogue,1,DialogueEvent,Unit 4 Dev,2026-09-04T19:26:19.3000000Z,2026-09-04T19:26:19.3000000Z,6a9b1b5b485cab4c953fb812,wenyi090326-2.stratalog.logdata.json
DialogueNodeEvent:105:12,dialogue,1,DialogueEvent,Unit 4 Dev,2026-09-04T19:26:19.4670000Z,2026-09-04T19:26:19.4670000Z,6a9b1b5b485cab4c953fb814,wenyi090326-2.stratalog.logdata.json
DialogueNodeEvent:105:14,dialogue,1,DialogueEvent,Unit 4 Dev,2026-09-04T19:26:19.6340000Z,2026-09-04T19:26:19.6340000Z,6a9b1b5b485cab4c953fb816,wenyi090326-2.stratalog.logdata.json
DialogueNodeEvent:105:15,dialogue,1,DialogueEvent,Unit 4 Dev,2026-09-04T19:25:21.2060000Z,2026-09-04T19:25:21.2060000Z,6a9b1b20485cab4c953fb7c4,wenyi090326-2.stratalog.logdata.json
DialogueNodeEvent:105:16,dialogue,1,DialogueEvent,Unit 4 Dev,2026-09-04T19:25:22.3400000Z,2026-09-04T19:25:22.3400000Z,6a9b1b22485cab4c953fb7ca,wenyi090326-2.stratalog.logdata.json
DialogueNodeEvent:105:17,dialogue,1,DialogueEvent,Unit 4 Dev,2026-09-04T19:25:23.6730000Z,2026-09-04T19:25:23.6730000Z,6a9b1b23485cab4c953fb7cc,wenyi090326-2.stratalog.logdata.json
DialogueNodeEvent:105:19,dialogue,1,DialogueEvent,Unit 4 Dev,2026-09-04T19:25:24.4750000Z,2026-09-04T19:25:24.4750000Z,6a9b1b24485cab4c953fb7ce,wenyi090326-2.stratalog.logdata.json
DialogueNodeEvent:105:2,dialogue,1,DialogueEvent,Unit 4 Dev,2026-09-04T19:26:06.4940000Z,2026-09-04T19:26:06.4940000Z,6a9b1b4e485cab4c953fb804,wenyi090326-2.stratalog.logdata.json
DialogueNodeEvent:105:21,dialogue,1,DialogueEvent,Unit 4 Dev,2026-09-04T19:25:30.2100000Z,2026-09-04T19:25:30.2100000Z,6a9b1b29485cab4c953fb7d0,wenyi090326-2.stratalog.logdata.json
DialogueNodeEvent:105:24,dialogue,1,DialogueEvent,Unit 4 Dev,2026-09-04T19:25:31.4100000Z,2026-09-04T19:25:31.4100000Z,6a9b1b2b485cab4c953fb7d2,wenyi090326-2.stratalog.logdata.json
DialogueNodeEvent:105:25,dialogue,1,DialogueEvent,Unit 4 Dev,2026-09-04T19:25:32.5440000Z,2026-09-04T19:25:32.5440000Z,6a9b1b2c485cab4c953fb7d6,wenyi090326-2.stratalog.logdata.json
DialogueNodeEvent:105:26,dialogue,1,DialogueEvent,Unit 4 Dev,2026-09-04T19:25:32.8780000Z,2026-09-04T19:25:32.8780000Z,6a9b1b2c485cab4c953fb7d8,wenyi090326-2.stratalog.logdata.json
DialogueNodeEvent:105:27,dialogue,1,DialogueEvent,Unit 4 Dev,2026-09-04T19:25:34.6130000Z,2026-09-04T19:25:34.6130000Z,6a9b1b2e485cab4c953fb7e2,wenyi090326-2.stratalog.logdata.json
DialogueNodeEvent:105:28,dialogue,1,DialogueEvent,Unit 4 Dev,2026-09-04T19:25:35.5130000Z,2026-09-04T19:25:35.5130000Z,6a9b1b2f485cab4c953fb7e6,wenyi090326-2.stratalog.logdata.json
DialogueNodeEvent:105:29,dialogue,1,DialogueEvent,Unit 4 Dev,2026-09-04T19:25:38.1800000Z,2026-09-04T19:25:38.1800000Z,6a9b1b31485cab4c953fb7e8,wenyi090326-2.stratalog.logdata.json
DialogueNodeEvent:105:31,dialogue,1,DialogueEvent,Unit 4 Dev,2026-09-04T19:25:38.9470000Z,2026-09-04T19:25:38.9470000Z,6a9b1b32485cab4c953fb7ea,wenyi090326-2.stratalog.logdata.json
DialogueNodeEvent:105:34,dialogue,1,DialogueEvent,Unit 4 Dev,2026-09-04T19:26:00.1240000Z,2026-09-04T19:26:00.1240000Z,6a9b1b47485cab4c953fb7f0,wenyi090326-2.stratalog.logdata.json
DialogueNodeEvent:105:37,dialogue,1,DialogueEvent,Unit 4 Dev,2026-09-04T19:26:01.0580000Z,2026-09-04T19:26:01.0580000Z,6a9b1b48485cab4c953fb7f2,wenyi090326-2.stratalog.logdata.json
DialogueNodeEvent:105:38,dialogue,1,DialogueEvent,Unit 4 Dev,2026-09-04T19:26:02.0920000Z,2026-09-04T19:26:02.0920000Z,6a9b1b49485cab4c953fb7f6,wenyi090326-2.stratalog.logdata.json
DialogueNodeEvent:105:39,dialogue,2,DialogueEvent,Unit 4 Dev,2026-09-04T19:26:49.9820000Z,2026-09-04T19:26:49.9870000Z,6a9b1b79485cab4c953fb83a,wenyi090326-2.stratalog.logdata.json
DialogueNodeEvent:105:4,dialogue,1,DialogueEvent,Unit 4 Dev,2026-09-04T19:26:07.1610000Z,2026-09-04T19:26:07.1610000Z,6a9b1b4e485cab4c953fb806,wenyi090326-2.stratalog.logdata.json
DialogueNodeEvent:105:42,dialogue,1,DialogueEvent,Unit 4 Dev,2026-09-04T19:27:04.8290000Z,2026-09-04T19:27:04.8290000Z,6a9b1b88485cab4c953fb84c,wenyi090326-2.stratalog.logdata.json
DialogueNodeEvent:105:43,dialogue,1,DialogueEvent,Unit 4 Dev,2026-09-04T19:27:05.7220000Z,2026-09-04T19:27:05.7220000Z,6a9b1b89485cab4c953fb84e,wenyi090326-2.stratalog.logdata.json
DialogueNodeEvent:105:44,dialogue,1,DialogueEvent,Unit 4 Dev,2026-09-04T19:27:06.0590000Z,2026-09-04T19:27:06.0590000Z,6a9b1b89485cab4c953fb852,wenyi090326-2.stratalog.logdata.json
DialogueNodeEvent:105:5,dialogue,1,DialogueEvent,Unit 4 Dev,2026-09-04T19:26:07.3610000Z,2026-09-04T19:26:07.3610000Z,6a9b1b4f485cab4c953fb808,wenyi090326-2.stratalog.logdata.json
DialogueNodeEvent:105:6,dialogue,1,DialogueEvent,Unit 4 Dev,2026-09-04T19:26:07.5280000Z,2026-09-04T19:26:07.5280000Z,6a9b1b4f485cab4c953fb80a,wenyi090326-2.stratalog.logdata.json
DialogueNodeEvent:105:7,dialogue,1,DialogueEvent,Unit 4 Dev,2026-09-04T19:26:07.8950000Z,2026-09-04T19:26:07.8950000Z,6a9b1b4f485cab4c953fb80c,wenyi090326-2.stratalog.logdata.json
DialogueNodeEvent:105:8,dialogue,1,DialogueEvent,Unit 4 Dev,2026-09-04T19:26:18.5000000Z,2026-09-04T19:26:18.5000000Z,6a9b1b5a485cab4c953fb810,wenyi090326-2.stratalog.logdata.json
DialogueNodeEvent:106:0,dialogue,1,DialogueEvent,Unit 5 Dev,2026-09-04T20:02:05.1550000Z,2026-09-04T20:02:05.1550000Z,6a9b23bd485cab4c953fc40a,wenyi090326-2.stratalog.logdata.json
DialogueNodeEvent:106:35,dialogue,1,DialogueEvent,Unit 5 Dev,2026-09-04T20:02:05.1850000Z,2026-09-04T20:02:05.1850000Z,6a9b23bd485cab4c953fc410,wenyi090326-2.stratalog.logdata.json
DialogueNodeEvent:106:37,dialogue,1,DialogueEvent,Unit 5 Dev,2026-09-04T20:02:06.6200000Z,2026-09-04T20:02:06.6200000Z,6a9b23be485cab4c953fc412,wenyi090326-2.stratalog.logdata.json
DialogueNodeEvent:107:0,dialogue,1,DialogueEvent,Unit 4 Dev,2026-09-04T19:13:33.3010000Z,2026-09-04T19:13:33.3010000Z,6a9b185d485cab4c953fb3ac,wenyi090326-2.stratalog.logdata.json
DialogueNodeEvent:107:1,dialogue,1,DialogueEvent,Unit 4 Dev,2026-09-04T19:13:33.3040000Z,2026-09-04T19:13:33.3040000Z,6a9b185d485cab4c953fb3b0,wenyi090326-2.stratalog.logdata.json
DialogueNodeEvent:107:5,dialogue,1,DialogueEvent,Unit 4 Dev,2026-09-04T19:13:35.4010000Z,2026-09-04T19:13:35.4010000Z,6a9b185f485cab4c953fb3b2,wenyi090326-2.stratalog.logdata.json
DialogueNodeEvent:107:9,dialogue,1,DialogueEvent,Unit 4 Dev,2026-09-04T19:13:36.1690000Z,2026-09-04T19:13:36.1690000Z,6a9b185f485cab4c953fb3b4,wenyi090326-2.stratalog.logdata.json
DialogueNodeEvent:109:1,dialogue,1,DialogueEvent,Unit 5 Dev,2026-09-04T20:03:53.8490000Z,2026-09-04T20:03:53.8490000Z,6a9b2429485cab4c953fc4ec,wenyi090326-2.stratalog.logdata.json
DialogueNodeEvent:109:10,dialogue,1,DialogueEvent,Unit 5 Dev,2026-09-04T20:04:03.3860000Z,2026-09-04T20:04:03.3860000Z,6a9b2433485cab4c953fc4fe,wenyi090326-2.stratalog.logdata.json
DialogueNodeEvent:109:12,dialogue,1,DialogueEvent,Unit 5 Dev,2026-09-04T20:04:04.0860000Z,2026-09-04T20:04:04.0860000Z,6a9b2433485cab4c953fc502,wenyi090326-2.stratalog.logdata.json
DialogueNodeEvent:109:13,dialogue,1,DialogueEvent,Unit 5 Dev,2026-09-04T20:04:04.2200000Z,2026-09-04T20:04:04.2200000Z,6a9b2434485cab4c953fc504,wenyi090326-2.stratalog.logdata.json
DialogueNodeEvent:109:14,dialogue,1,DialogueEvent,Unit 5 Dev,2026-09-04T20:04:04.3870000Z,2026-09-04T20:04:04.3870000Z,6a9b2434485cab4c953fc506,wenyi090326-2.stratalog.logdata.json
DialogueNodeEvent:109:15,dialogue,1,DialogueEvent,Unit 5 Dev,2026-09-04T20:03:45.8450000Z,2026-09-04T20:03:45.8450000Z,6a9b2421485cab4c953fc4d0,wenyi090326-2.stratalog.logdata.json
DialogueNodeEvent:109:16,dialogue,1,DialogueEvent,Unit 5 Dev,2026-09-04T20:03:47.0780000Z,2026-09-04T20:03:47.0780000Z,6a9b2422485cab4c953fc4d4,wenyi090326-2.stratalog.logdata.json
DialogueNodeEvent:109:17,dialogue,1,DialogueEvent,Unit 5 Dev,2026-09-04T20:03:47.5120000Z,2026-09-04T20:03:47.5120000Z,6a9b2423485cab4c953fc4d6,wenyi090326-2.stratalog.logdata.json
DialogueNodeEvent:109:18,dialogue,1,DialogueEvent,Unit 5 Dev,2026-09-04T20:03:47.9120000Z,2026-09-04T20:03:47.9120000Z,6a9b2423485cab4c953fc4d8,wenyi090326-2.stratalog.logdata.json
DialogueNodeEvent:109:19,dialogue,1,DialogueEvent,Unit 5 Dev,2026-09-04T20:03:48.3450000Z,2026-09-04T20:03:48.3450000Z,6a9b2424485cab4c953fc4da,wenyi090326-2.stratalog.logdata.json
DialogueNodeEvent:109:2,dialogue,1,DialogueEvent,Unit 5 Dev,2026-09-04T20:03:54.7820000Z,2026-09-04T20:03:54.7820000Z,6a9b242a485cab4c953fc4f2,wenyi090326-2.stratalog.logdata.json
DialogueNodeEvent:109:20,dialogue,1,DialogueEvent,Unit 5 Dev,2026-09-04T20:03:48.7790000Z,2026-09-04T20:03:48.7790000Z,6a9b2424485cab4c953fc4dc,wenyi090326-2.stratalog.logdata.json
DialogueNodeEvent:109:21,dialogue,1,DialogueEvent,Unit 5 Dev,2026-09-04T20:03:50.9140000Z,2026-09-04T20:03:50.9140000Z,6a9b2426485cab4c953fc4de,wenyi090326-2.stratalog.logdata.json
DialogueNodeEvent:109:23,dialogue,1,DialogueEvent,Unit 5 Dev,2026-09-04T20:03:33.5720000Z,2026-09-04T20:03:33.5720000Z,6a9b2415485cab4c953fc4a4,wenyi090326-2.stratalog.logdata.json
DialogueNodeEvent:109:24,dialogue,1,DialogueEvent,Unit 5 Dev,2026-09-04T20:03:34.7050000Z,2026-09-04T20:03:34.7050000Z,6a9b2416485cab4c953fc4aa,wenyi090326-2.stratalog.logdata.json
DialogueNodeEvent:109:25,dialogue,1,DialogueEvent,Unit 5 Dev,2026-09-04T20:03:35.1390000Z,2026-09-04T20:03:35.1390000Z,6a9b2416485cab4c953fc4ac,wenyi090326-2.stratalog.logdata.json
DialogueNodeEvent:109:26,dialogue,1,DialogueEvent,Unit 5 Dev,2026-09-04T20:03:35.5730000Z,2026-09-04T20:03:35.5730000Z,6a9b2417485cab4c953fc4ae,wenyi090326-2.stratalog.logdata.json
DialogueNodeEvent:109:27,dialogue,1,DialogueEvent,Unit 5 Dev,2026-09-04T20:03:36.0400000Z,2026-09-04T20:03:36.0400000Z,6a9b2417485cab4c953fc4b0,wenyi090326-2.stratalog.logdata.json
DialogueNodeEvent:109:28,dialogue,1,DialogueEvent,Unit 5 Dev,2026-09-04T20:03:36.5060000Z,2026-09-04T20:03:36.5060000Z,6a9b2418485cab4c953fc4b2,wenyi090326-2.stratalog.logdata.json
DialogueNodeEvent:109:29,dialogue,1,DialogueEvent,Unit 5 Dev,2026-09-04T20:03:36.9730000Z,2026-09-04T20:03:36.9730000Z,6a9b2418485cab4c953fc4b4,wenyi090326-2.stratalog.logdata.json
DialogueNodeEvent:109:3,dialogue,1,DialogueEvent,Unit 5 Dev,2026-09-04T20:03:56.7820000Z,2026-09-04T20:03:56.7820000Z,6a9b242c485cab4c953fc4f4,wenyi090326-2.stratalog.logdata.json
DialogueNodeEvent:109:30,dialogue,1,DialogueEvent,Unit 5 Dev,2026-09-04T20:03:37.4070000Z,2026-09-04T20:03:37.4070000Z,6a9b2419485cab4c953fc4b6,wenyi090326-2.stratalog.logdata.json
DialogueNodeEvent:109:31,dialogue,1,DialogueEvent,Unit 5 Dev,2026-09-04T20:03:37.8740000Z,2026-09-04T20:03:37.8740000Z,6a9b2419485cab4c953fc4b8,wenyi090326-2.stratalog.logdata.json
DialogueNodeEvent:109:32,dialogue,1,DialogueEvent,Unit 5 Dev,2026-09-04T20:03:38.3070000Z,2026-09-04T20:03:38.3070000Z,6a9b241a485cab4c953fc4ba,wenyi090326-2.stratalog.logdata.json
DialogueNodeEvent:109:33,dialogue,1,DialogueEvent,Unit 5 Dev,2026-09-04T20:03:38.7410000Z,2026-09-04T20:03:38.7410000Z,6a9b241a485cab4c953fc4bc,wenyi090326-2.stratalog.logdata.json
DialogueNodeEvent:109:34,dialogue,1,DialogueEvent,Unit 5 Dev,2026-09-04T20:03:41.4420000Z,2026-09-04T20:03:41.4420000Z,6a9b241d485cab4c953fc4be,wenyi090326-2.stratalog.logdata.json
DialogueNodeEvent:109:36,dialogue,1,DialogueEvent,Unit 5 Dev,2026-09-04T20:03:42.1100000Z,2026-09-04T20:03:42.1100000Z,6a9b241d485cab4c953fc4c0,wenyi090326-2.stratalog.logdata.json
DialogueNodeEvent:109:38,dialogue,1,DialogueEvent,Unit 5 Dev,2026-09-04T20:04:04.6540000Z,2026-09-04T20:04:04.6540000Z,6a9b2434485cab4c953fc508,wenyi090326-2.stratalog.logdata.json
DialogueNodeEvent:109:5,dialogue,1,DialogueEvent,Unit 5 Dev,2026-09-04T20:03:57.6160000Z,2026-09-04T20:03:57.6160000Z,6a9b242d485cab4c953fc4f6,wenyi090326-2.stratalog.logdata.json
DialogueNodeEvent:109:6,dialogue,1,DialogueEvent,Unit 5 Dev,2026-09-04T20:03:57.9170000Z,2026-09-04T20:03:57.9170000Z,6a9b242d485cab4c953fc4f8,wenyi090326-2.stratalog.logdata.json
DialogueNodeEvent:109:7,dialogue,1,DialogueEvent,Unit 5 Dev,2026-09-04T20:03:58.3170000Z,2026-09-04T20:03:58.3170000Z,6a9b242e485cab4c953fc4fa,wenyi090326-2.stratalog.logdata.json
DialogueNodeEvent:109:8,dialogue,1,DialogueEvent,Unit 5 Dev,2026-09-04T20:03:58.8830000Z,2026-09-04T20:03:58.8830000Z,6a9b242e485cab4c953fc4fc,wenyi090326-2.stratalog.logdata.json
DialogueNodeEvent:10:0,dialogue,2,DialogueEvent,Unit 3 Dev,2026-09-04T18:38:15.6910000Z,2026-09-04T18:54:34.6910000Z,6a9b1017485cab4c953fa4f0,wenyi090326-2.stratalog.logdata.json
DialogueNodeEvent:10:1,dialogue,1,DialogueEvent,Unit 3 Dev,2026-09-04T18:32:49.2020000Z,2026-09-04T18:32:49.2020000Z,6a9b0ed1485cab4c953fa3de,wenyi090326-2.stratalog.logdata.json
DialogueNodeEvent:10:101,dialogue,1,DialogueEvent,Unit 3 Dev,2026-09-04T18:41:17.1930000Z,2026-09-04T18:41:17.1930000Z,6a9b10cc485cab4c953fa6a2,wenyi090326-2.stratalog.logdata.json
DialogueNodeEvent:10:102,dialogue,1,DialogueEvent,Unit 3 Dev,2026-09-04T18:41:18.2280000Z,2026-09-04T18:41:18.2280000Z,6a9b10ce485cab4c953fa6a4,wenyi090326-2.stratalog.logdata.json
DialogueNodeEvent:10:103,dialogue,1,DialogueEvent,Unit 3 Dev,2026-09-04T18:43:01.1110000Z,2026-09-04T18:43:01.1110000Z,6a9b1134485cab4c953fa704,wenyi090326-2.stratalog.logdata.json
DialogueNodeEvent:10:114,dialogue,1,DialogueEvent,Unit 3 Dev,2026-09-04T18:45:21.5440000Z,2026-09-04T18:45:21.5440000Z,6a9b11c1485cab4c953fa770,wenyi090326-2.stratalog.logdata.json
DialogueNodeEvent:10:115,dialogue,1,DialogueEvent,Unit 3 Dev,2026-09-04T18:45:22.0450000Z,2026-09-04T18:45:22.0450000Z,6a9b11c1485cab4c953fa776,wenyi090326-2.stratalog.logdata.json
DialogueNodeEvent:10:122,dialogue,1,DialogueEvent,Unit 3 Dungeon Dev,2026-09-04T18:47:59.7690000Z,2026-09-04T18:47:59.7690000Z,6a9b125f485cab4c953fa904,wenyi090326-2.stratalog.logdata.json
DialogueNodeEvent:10:123,dialogue,1,DialogueEvent,Unit 3 Dungeon Dev,2026-09-04T18:48:07.7750000Z,2026-09-04T18:48:07.7750000Z,6a9b1267485cab4c953fa90c,wenyi090326-2.stratalog.logdata.json
DialogueNodeEvent:10:124,dialogue,1,DialogueEvent,Unit 3 Dungeon Dev,2026-09-04T18:48:10.4420000Z,2026-09-04T18:48:10.4420000Z,6a9b126a485cab4c953fa912,wenyi090326-2.stratalog.logdata.json
DialogueNodeEvent:10:125,dialogue,1,DialogueEvent,Unit 3 Dungeon Dev,2026-09-04T18:48:11.6430000Z,2026-09-04T18:48:11.6430000Z,6a9b126b485cab4c953fa918,wenyi090326-2.stratalog.logdata.json
DialogueNodeEvent:10:126,dialogue,1,DialogueEvent,Unit 3 Dungeon Dev,2026-09-04T18:48:16.5100000Z,2026-09-04T18:48:16.5100000Z,6a9b1270485cab4c953fa920,wenyi090326-2.stratalog.logdata.json
DialogueNodeEvent:10:13,dialogue,1,DialogueEvent,Unit 3 Dev,2026-09-04T18:34:09.4380000Z,2026-09-04T18:34:09.4380000Z,6a9b0f21485cab4c953fa406,wenyi090326-2.stratalog.logdata.json
DialogueNodeEvent:10:15,dialogue,1,DialogueEvent,Unit 3 Dev,2026-09-04T18:34:10.1060000Z,2026-09-04T18:34:10.1060000Z,6a9b0f21485cab4c953fa408,wenyi090326-2.stratalog.logdata.json
DialogueNodeEvent:10:154,dialogue,1,DialogueEvent,Unit 3 Dungeon Dev,2026-09-04T18:51:55.8990000Z,2026-09-04T18:51:55.8990000Z,6a9b134b485cab4c953faae4,wenyi090326-2.stratalog.logdata.json
DialogueNodeEvent:10:155,dialogue,1,DialogueEvent,Unit 3 Dungeon Dev,2026-09-04T18:51:57.0670000Z,2026-09-04T18:51:57.0670000Z,6a9b134c485cab4c953faaea,wenyi090326-2.stratalog.logdata.json
DialogueNodeEvent:10:156,dialogue,1,DialogueEvent,Unit 3 Dungeon Dev,2026-09-04T18:52:02.4030000Z,2026-09-04T18:52:02.4030000Z,6a9b1352485cab4c953faaf2,wenyi090326-2.stratalog.logdata.json
DialogueNodeEvent:10:157,dialogue,1,DialogueEvent,Unit 3 Dev,2026-09-04T18:52:34.8340000Z,2026-09-04T18:52:34.8340000Z,6a9b1372485cab4c953fab1e,wenyi090326-2.stratalog.logdata.json
DialogueNodeEvent:10:158,dialogue,1,DialogueEvent,Unit 3 Dev,2026-09-04T18:52:38.5040000Z,2026-09-04T18:52:38.5040000Z,6a9b1376485cab4c953fab24,wenyi090326-2.stratalog.logdata.json
DialogueNodeEvent:10:159,dialogue,1,DialogueEvent,Unit 3 Dev,2026-09-04T18:52:40.5880000Z,2026-09-04T18:52:40.5880000Z,6a9b1378485cab4c953fab2a,wenyi090326-2.stratalog.logdata.json
DialogueNodeEvent:10:16,dialogue,1,DialogueEvent,Unit 3 Dev,2026-09-04T18:34:10.4510000Z,2026-09-04T18:34:10.4510000Z,6a9b0f22485cab4c953fa40c,wenyi090326-2.stratalog.logdata.json
DialogueNodeEvent:10:160,dialogue,1,DialogueEvent,Unit 3 Dev,2026-09-04T18:52:48.9250000Z,2026-09-04T18:52:48.9250000Z,6a9b1380485cab4c953fab32,wenyi090326-2.stratalog.logdata.json
DialogueNodeEvent:10:162,dialogue,1,DialogueEvent,Unit 3 Dev,2026-09-04T18:52:54.0610000Z,2026-09-04T18:52:54.0610000Z,6a9b1385485cab4c953fab38,wenyi090326-2.stratalog.logdata.json
DialogueNodeEvent:10:176,dialogue,1,DialogueEvent,Unit 3 Dev,2026-09-04T18:54:34.6940000Z,2026-09-04T18:54:34.6940000Z,6a9b13ea485cab4c953fabe0,wenyi090326-2.stratalog.logdata.json
DialogueNodeEvent:10:177,dialogue,1,DialogueEvent,Unit 3 Dev,2026-09-04T18:54:36.0910000Z,2026-09-04T18:54:36.0910000Z,6a9b13eb485cab4c953fabe2,wenyi090326-2.stratalog.logdata.json
DialogueNodeEvent:10:178,dialogue,1,DialogueEvent,Unit 3 Dev,2026-09-04T18:54:36.5580000Z,2026-09-04T18:54:36.5580000Z,6a9b13ec485cab4c953fabe4,wenyi090326-2.stratalog.logdata.json
DialogueNodeEvent:10:179,dialogue,1,DialogueEvent,Unit 3 Dev,2026-09-04T18:54:40.0600000Z,2026-09-04T18:54:40.0600000Z,6a9b13ef485cab4c953fabe8,wenyi090326-2.stratalog.logdata.json
DialogueNodeEvent:10:181,dialogue,1,DialogueEvent,Unit 3 Dev,2026-09-04T18:54:41.0930000Z,2026-09-04T18:54:41.0930000Z,6a9b13f0485cab4c953fabea,wenyi090326-2.stratalog.logdata.json
DialogueNodeEvent:10:182,dialogue,1,DialogueEvent,Unit 3 Dev,2026-09-04T18:54:41.4940000Z,2026-09-04T18:54:41.4940000Z,6a9b13f1485cab4c953fabec,wenyi090326-2.stratalog.logdata.json
DialogueNodeEvent:10:183,dialogue,1,DialogueEvent,Unit 3 Dev,2026-09-04T18:54:41.9270000Z,2026-09-04T18:54:41.9270000Z,6a9b13f1485cab4c953fabee,wenyi090326-2.stratalog.logdata.json
DialogueNodeEvent:10:184,dialogue,1,DialogueEvent,Unit 3 Dev,2026-09-04T18:54:44.5950000Z,2026-09-04T18:54:44.5950000Z,6a9b13f4485cab4c953fabf0,wenyi090326-2.stratalog.logdata.json
DialogueNodeEvent:10:187,dialogue,1,DialogueEvent,Unit 3 Dev,2026-09-04T18:54:45.2950000Z,2026-09-04T18:54:45.2950000Z,6a9b13f5485cab4c953fabf2,wenyi090326-2.stratalog.logdata.json
DialogueNodeEvent:10:188,dialogue,1,DialogueEvent,Unit 3 Dev,2026-09-04T18:54:47.3300000Z,2026-09-04T18:54:47.3300000Z,6a9b13f7485cab4c953fabf4,wenyi090326-2.stratalog.logdata.json
DialogueNodeEvent:10:190,dialogue,1,DialogueEvent,Unit 3 Dev,2026-09-04T18:54:47.9970000Z,2026-09-04T18:54:47.9970000Z,6a9b13f7485cab4c953fabf6,wenyi090326-2.stratalog.logdata.json
DialogueNodeEvent:10:191,dialogue,1,DialogueEvent,Unit 3 Dev,2026-09-04T18:54:49.4640000Z,2026-09-04T18:54:49.4640000Z,6a9b13f9485cab4c953fabf8,wenyi090326-2.stratalog.logdata.json
DialogueNodeEvent:10:193,dialogue,1,DialogueEvent,Unit 3 Dev,2026-09-04T18:54:50.0650000Z,2026-09-04T18:54:50.0650000Z,6a9b13f9485cab4c953fabfc,wenyi090326-2.stratalog.logdata.json
DialogueNodeEvent:10:194,dialogue,1,DialogueEvent,Unit 3 Dev,2026-09-04T18:54:50.3660000Z,2026-09-04T18:54:50.3660000Z,6a9b13fa485cab4c953fac00,wenyi090326-2.stratalog.logdata.json
DialogueNodeEvent:10:195,dialogue,1,DialogueEvent,Unit 3 Dev,2026-09-04T18:37:16.4020000Z,2026-09-04T18:37:16.4020000Z,6a9b0fdc485cab4c953fa4c4,wenyi090326-2.stratalog.logdata.json
DialogueNodeEvent:10:196,dialogue,1,DialogueEvent,Unit 3 Dev,2026-09-04T18:41:18.5950000Z,2026-09-04T18:41:18.5950000Z,6a9b10ce485cab4c953fa6a8,wenyi090326-2.stratalog.logdata.json
DialogueNodeEvent:10:198,dialogue,1,DialogueEvent,Unit 3 Dev,2026-09-04T18:38:15.6940000Z,2026-09-04T18:38:15.6940000Z,6a9b1017485cab4c953fa4f4,wenyi090326-2.stratalog.logdata.json
DialogueNodeEvent:10:2,dialogue,1,DialogueEvent,Unit 3 Dev,2026-09-04T18:32:52.7040000Z,2026-09-04T18:32:52.7040000Z,6a9b0ed4485cab4c953fa3e6,wenyi090326-2.stratalog.logdata.json
DialogueNodeEvent:10:200,dialogue,1,DialogueEvent,Unit 3 Dev,2026-09-04T18:38:18.2240000Z,2026-09-04T18:38:18.2240000Z,6a9b101a485cab4c953fa4f6,wenyi090326-2.stratalog.logdata.json
DialogueNodeEvent:10:202,dialogue,1,DialogueEvent,Unit 3 Dev,2026-09-04T18:38:18.8910000Z,2026-09-04T18:38:18.8910000Z,6a9b101a485cab4c953fa4f8,wenyi090326-2.stratalog.logdata.json
DialogueNodeEvent:10:204,dialogue,1,DialogueEvent,Unit 3 Dev,2026-09-04T18:38:19.3930000Z,2026-09-04T18:38:19.3930000Z,6a9b101b485cab4c953fa4fc,wenyi090326-2.stratalog.logdata.json
DialogueNodeEvent:10:205,dialogue,1,DialogueEvent,Unit 3 Dev,2026-09-04T18:34:30.4840000Z,2026-09-04T18:34:30.4840000Z,6a9b0f36485cab4c953fa41c,wenyi090326-2.stratalog.logdata.json
DialogueNodeEvent:10:211,dialogue,1,DialogueEvent,Unit 3 Dev,2026-09-04T18:38:24.0270000Z,2026-09-04T18:38:24.0270000Z,6a9b101f485cab4c953fa504,wenyi090326-2.stratalog.logdata.json
DialogueNodeEvent:10:217,dialogue,1,DialogueEvent,Unit 3 Dev,2026-09-04T18:38:24.7940000Z,2026-09-04T18:38:24.7940000Z,6a9b1020485cab4c953fa506,wenyi090326-2.stratalog.logdata.json
DialogueNodeEvent:10:218,dialogue,1,DialogueEvent,Unit 3 Dev,2026-09-04T18:38:33.9320000Z,2026-09-04T18:38:33.9320000Z,6a9b1029485cab4c953fa50a,wenyi090326-2.stratalog.logdata.json
DialogueNodeEvent:10:224,dialogue,1,DialogueEvent,Unit 3 Dev,2026-09-04T18:32:56.9060000Z,2026-09-04T18:32:56.9060000Z,6a9b0ed8485cab4c953fa3ec,wenyi090326-2.stratalog.logdata.json
DialogueNodeEvent:10:29,dialogue,3,DialogueEvent,Unit 3 Dev,2026-09-04T18:35:18.4390000Z,2026-09-04T18:37:03.4560000Z,6a9b0f66485cab4c953fa45e,wenyi090326-2.stratalog.logdata.json
DialogueNodeEvent:10:3,dialogue,1,DialogueEvent,Unit 3 Dev,2026-09-04T18:34:04.2700000Z,2026-09-04T18:34:04.2700000Z,6a9b0f1c485cab4c953fa3fe,wenyi090326-2.stratalog.logdata.json
DialogueNodeEvent:10:30,dialogue,3,DialogueEvent,Unit 3 Dev,2026-09-04T18:35:29.8110000Z,2026-09-04T18:37:14.8270000Z,6a9b0f71485cab4c953fa46a,wenyi090326-2.stratalog.logdata.json
DialogueNodeEvent:10:31,dialogue,1,DialogueEvent,Unit 3 Dev,2026-09-04T18:46:53.1650000Z,2026-09-04T18:46:53.1650000Z,6a9b121d485cab4c953fa7dc,wenyi090326-2.stratalog.logdata.json
DialogueNodeEvent:10:38,dialogue,1,DialogueEvent,Unit 3 Dev,2026-09-04T18:38:19.9920000Z,2026-09-04T18:38:19.9920000Z,6a9b101b485cab4c953fa4fe,wenyi090326-2.stratalog.logdata.json
DialogueNodeEvent:10:39,dialogue,1,DialogueEvent,Unit 3 Dev,2026-09-04T18:38:20.7920000Z,2026-09-04T18:38:20.7920000Z,6a9b101c485cab4c953fa500,wenyi090326-2.stratalog.logdata.json
DialogueNodeEvent:10:4,dialogue,1,DialogueEvent,Unit 3 Dev,2026-09-04T18:34:05.9370000Z,2026-09-04T18:34:05.9370000Z,6a9b0f1d485cab4c953fa400,wenyi090326-2.stratalog.logdata.json
DialogueNodeEvent:10:6,dialogue,1,DialogueEvent,Unit 3 Dev,2026-09-04T18:34:06.6370000Z,2026-09-04T18:34:06.6370000Z,6a9b0f1e485cab4c953fa402,wenyi090326-2.stratalog.logdata.json
DialogueNodeEvent:10:64,dialogue,1,DialogueEvent,Unit 3 Dev,2026-09-04T18:40:43.1440000Z,2026-09-04T18:40:43.1440000Z,6a9b10aa485cab4c953fa676,wenyi090326-2.stratalog.logdata.json
DialogueNodeEvent:10:65,dialogue,1,DialogueEvent,Unit 3 Dev,2026-09-04T18:40:47.9450000Z,2026-09-04T18:40:47.9450000Z,6a9b10af485cab4c953fa678,wenyi090326-2.stratalog.logdata.json
DialogueNodeEvent:10:67,dialogue,1,DialogueEvent,Unit 3 Dev,2026-09-04T18:40:49.0130000Z,2026-09-04T18:40:49.0130000Z,6a9b10b0485cab4c953fa67a,wenyi090326-2.stratalog.logdata.json
DialogueNodeEvent:10:68,dialogue,1,DialogueEvent,Unit 3 Dev,2026-09-04T18:40:51.0140000Z,2026-09-04T18:40:51.0140000Z,6a9b10b2485cab4c953fa67c,wenyi090326-2.stratalog.logdata.json
DialogueNodeEvent:10:7,dialogue,1,DialogueEvent,Unit 3 Dev,2026-09-04T18:34:07.0380000Z,2026-09-04T18:34:07.0380000Z,6a9b0f1e485cab4c953fa404,wenyi090326-2.stratalog.logdata.json
DialogueNodeEvent:10:70,dialogue,1,DialogueEvent,Unit 3 Dev,2026-09-04T18:40:51.7810000Z,2026-09-04T18:40:51.7810000Z,6a9b10b3485cab4c953fa680,wenyi090326-2.stratalog.logdata.json
DialogueNodeEvent:10:74,dialogue,1,DialogueEvent,Unit 3 Dev,2026-09-04T18:40:52.1810000Z,2026-09-04T18:40:52.1810000Z,6a9b10b3485cab4c953fa682,wenyi090326-2.stratalog.logdata.json
DialogueNodeEvent:10:75,dialogue,1,DialogueEvent,Unit 3 Dev,2026-09-04T18:40:52.7810000Z,2026-09-04T18:40:52.7810000Z,6a9b10b4485cab4c953fa684,wenyi090326-2.stratalog.logdata.json
DialogueNodeEvent:10:76,dialogue,1,DialogueEvent,Unit 3 Dev,2026-09-04T18:41:00.9520000Z,2026-09-04T18:41:00.9520000Z,6a9b10bc485cab4c953fa686,wenyi090326-2.stratalog.logdata.json
DialogueNodeEvent:10:77,dialogue,1,DialogueEvent,Unit 3 Dev,2026-09-04T18:41:02.7520000Z,2026-09-04T18:41:02.7520000Z,6a9b10be485cab4c953fa68a,wenyi090326-2.stratalog.logdata.json
DialogueNodeEvent:10:79,dialogue,1,DialogueEvent,Unit 3 Dev,2026-09-04T18:41:04.0530000Z,2026-09-04T18:41:04.0530000Z,6a9b10bf485cab4c953fa68c,wenyi090326-2.stratalog.logdata.json
DialogueNodeEvent:10:80,dialogue,1,DialogueEvent,Unit 3 Dev,2026-09-04T18:41:04.5530000Z,2026-09-04T18:41:04.5530000Z,6a9b10c0485cab4c953fa68e,wenyi090326-2.stratalog.logdata.json
DialogueNodeEvent:10:81,dialogue,1,DialogueEvent,Unit 3 Dev,2026-09-04T18:41:06.3870000Z,2026-09-04T18:41:06.3870000Z,6a9b10c2485cab4c953fa690,wenyi090326-2.stratalog.logdata.json
DialogueNodeEvent:10:82,dialogue,1,DialogueEvent,Unit 3 Dev,2026-09-04T18:41:07.6220000Z,2026-09-04T18:41:07.6220000Z,6a9b10c3485cab4c953fa692,wenyi090326-2.stratalog.logdata.json
DialogueNodeEvent:10:83,dialogue,1,DialogueEvent,Unit 3 Dev,2026-09-04T18:41:07.9890000Z,2026-09-04T18:41:07.9890000Z,6a9b10c3485cab4c953fa694,wenyi090326-2.stratalog.logdata.json
DialogueNodeEvent:10:90,dialogue,1,DialogueEvent,Unit 3 Dev,2026-09-04T18:41:09.8220000Z,2026-09-04T18:41:09.8220000Z,6a9b10c5485cab4c953fa696,wenyi090326-2.stratalog.logdata.json
DialogueNodeEvent:10:91,dialogue,1,DialogueEvent,Unit 3 Dev,2026-09-04T18:41:10.8900000Z,2026-09-04T18:41:10.8900000Z,6a9b10c6485cab4c953fa698,wenyi090326-2.stratalog.logdata.json
DialogueNodeEvent:10:94,dialogue,1,DialogueEvent,Unit 3 Dev,2026-09-04T18:41:11.4570000Z,2026-09-04T18:41:11.4570000Z,6a9b10c7485cab4c953fa69c,wenyi090326-2.stratalog.logdata.json
DialogueNodeEvent:10:98,dialogue,1,DialogueEvent,Unit 3 Dev,2026-09-04T18:41:13.4260000Z,2026-09-04T18:41:13.4260000Z,6a9b10c9485cab4c953fa69e,wenyi090326-2.stratalog.logdata.json
DialogueNodeEvent:10:99,dialogue,1,DialogueEvent,Unit 3 Dev,2026-09-04T18:41:14.0920000Z,2026-09-04T18:41:14.0920000Z,6a9b10c9485cab4c953fa6a0,wenyi090326-2.stratalog.logdata.json
DialogueNodeEvent:114:1,dialogue,1,DialogueEvent,Unit 4 Dev,2026-09-04T19:22:21.9870000Z,2026-09-04T19:22:21.9870000Z,6a9b1a6d485cab4c953fb634,wenyi090326-2.stratalog.logdata.json
DialogueNodeEvent:114:2,dialogue,1,DialogueEvent,Unit 4 Dev,2026-09-04T19:22:26.4900000Z,2026-09-04T19:22:26.4900000Z,6a9b1a72485cab4c953fb63a,wenyi090326-2.stratalog.logdata.json
DialogueNodeEvent:114:3,dialogue,1,DialogueEvent,Unit 4 Dev,2026-09-04T19:22:28.3580000Z,2026-09-04T19:22:28.3580000Z,6a9b1a74485cab4c953fb640,wenyi090326-2.stratalog.logdata.json
DialogueNodeEvent:114:4,dialogue,1,DialogueEvent,Unit 4 Dev,2026-09-04T19:22:29.5580000Z,2026-09-04T19:22:29.5580000Z,6a9b1a75485cab4c953fb646,wenyi090326-2.stratalog.logdata.json
DialogueNodeEvent:116:1,dialogue,1,DialogueEvent,Unit 5 Dev - Dungeon,2026-09-04T19:34:20.5100000Z,2026-09-04T19:34:20.5100000Z,6a9b1d3c485cab4c953fbbd6,wenyi090326-2.stratalog.logdata.json
DialogueNodeEvent:116:2,dialogue,1,DialogueEvent,Unit 5 Dev - Dungeon,2026-09-04T19:34:22.2790000Z,2026-09-04T19:34:22.2790000Z,6a9b1d3e485cab4c953fbbdc,wenyi090326-2.stratalog.logdata.json
DialogueNodeEvent:116:3,dialogue,1,DialogueEvent,Unit 5 Dev - Dungeon,2026-09-04T19:34:24.2470000Z,2026-09-04T19:34:24.2470000Z,6a9b1d40485cab4c953fbbe4,wenyi090326-2.stratalog.logdata.json
DialogueNodeEvent:116:4,dialogue,1,DialogueEvent,Unit 5 Dev - Dungeon,2026-09-04T19:34:25.8310000Z,2026-09-04T19:34:25.8310000Z,6a9b1d41485cab4c953fbbea,wenyi090326-2.stratalog.logdata.json
DialogueNodeEvent:117:1,dialogue,1,DialogueEvent,Unit 5 Dev,2026-09-04T20:00:19.1920000Z,2026-09-04T20:00:19.1920000Z,6a9b2353485cab4c953fc324,wenyi090326-2.stratalog.logdata.json
DialogueNodeEvent:117:10,dialogue,1,DialogueEvent,Unit 5 Dev,2026-09-04T20:00:27.9430000Z,2026-09-04T20:00:27.9430000Z,6a9b235b485cab4c953fc32e,wenyi090326-2.stratalog.logdata.json
DialogueNodeEvent:117:11,dialogue,1,DialogueEvent,Unit 5 Dev,2026-09-04T20:00:32.2110000Z,2026-09-04T20:00:32.2110000Z,6a9b2360485cab4c953fc334,wenyi090326-2.stratalog.logdata.json
DialogueNodeEvent:117:2,dialogue,1,DialogueEvent,Unit 5 Dev,2026-09-04T20:00:34.3120000Z,2026-09-04T20:00:34.3120000Z,6a9b2362485cab4c953fc33a,wenyi090326-2.stratalog.logdata.json
DialogueNodeEvent:117:3,dialogue,1,DialogueEvent,Unit 5 Dev,2026-09-04T20:00:39.6810000Z,2026-09-04T20:00:39.6810000Z,6a9b2367485cab4c953fc342,wenyi090326-2.stratalog.logdata.json
DialogueNodeEvent:117:5,dialogue,1,DialogueEvent,Unit 5 Dev,2026-09-04T20:00:44.2840000Z,2026-09-04T20:00:44.2840000Z,6a9b236c485cab4c953fc350,wenyi090326-2.stratalog.logdata.json
DialogueNodeEvent:117:6,dialogue,1,DialogueEvent,Unit 5 Dev,2026-09-04T20:00:46.2850000Z,2026-09-04T20:00:46.2850000Z,6a9b236e485cab4c953fc358,wenyi090326-2.stratalog.logdata.json
DialogueNodeEvent:117:7,dialogue,2,DialogueEvent,Unit 5 Dev,2026-09-04T20:00:41.6830000Z,2026-09-04T20:00:49.0860000Z,6a9b2369485cab4c953fc34a,wenyi090326-2.stratalog.logdata.json
DialogueNodeEvent:117:8,dialogue,1,DialogueEvent,Unit 5 Dev,2026-09-04T20:00:52.6210000Z,2026-09-04T20:00:52.6210000Z,6a9b2374485cab4c953fc364,wenyi090326-2.stratalog.logdata.json
DialogueNodeEvent:117:9,dialogue,1,DialogueEvent,Unit 5 Dev,2026-09-04T20:00:55.3890000Z,2026-09-04T20:00:55.3890000Z,6a9b2377485cab4c953fc36a,wenyi090326-2.stratalog.logdata.json
DialogueNodeEvent:118:1,dialogue,1,DialogueEvent,Unit 5 Dev,2026-09-04T20:02:21.1070000Z,2026-09-04T20:02:21.1070000Z,6a9b23cc485cab4c953fc42c,wenyi090326-2.stratalog.logdata.json
DialogueNodeEvent:118:10,dialogue,1,DialogueEvent,Unit 5 Dev,2026-09-04T20:03:05.1860000Z,2026-09-04T20:03:05.1860000Z,6a9b23fa485cab4c953fc46a,wenyi090326-2.stratalog.logdata.json
DialogueNodeEvent:118:2,dialogue,1,DialogueEvent,Unit 5 Dev,2026-09-04T20:02:27.2100000Z,2026-09-04T20:02:27.2100000Z,6a9b23d3485cab4c953fc432,wenyi090326-2.stratalog.logdata.json
DialogueNodeEvent:118:3,dialogue,1,DialogueEvent,Unit 5 Dev,2026-09-04T20:02:33.8480000Z,2026-09-04T20:02:33.8480000Z,6a9b23d9485cab4c953fc43a,wenyi090326-2.stratalog.logdata.json
DialogueNodeEvent:118:4,dialogue,1,DialogueEvent,Unit 5 Dev,2026-09-04T20:02:35.2140000Z,2026-09-04T20:02:35.2140000Z,6a9b23db485cab4c953fc440,wenyi090326-2.stratalog.logdata.json
DialogueNodeEvent:118:5,dialogue,1,DialogueEvent,Unit 5 Dev,2026-09-04T20:02:37.5480000Z,2026-09-04T20:02:37.5480000Z,6a9b23dd485cab4c953fc446,wenyi090326-2.stratalog.logdata.json
DialogueNodeEvent:118:6,dialogue,1,DialogueEvent,Unit 5 Dev,2026-09-04T20:02:39.9500000Z,2026-09-04T20:02:39.9500000Z,6a9b23df485cab4c953fc44c,wenyi090326-2.stratalog.logdata.json
DialogueNodeEvent:118:7,dialogue,1,DialogueEvent,Unit 5 Dev,2026-09-04T20:02:43.6850000Z,2026-09-04T20:02:43.6850000Z,6a9b23e3485cab4c953fc454,wenyi090326-2.stratalog.logdata.json
DialogueNodeEvent:118:8,dialogue,1,DialogueEvent,Unit 5 Dev,2026-09-04T20:02:46.7200000Z,2026-09-04T20:02:46.7200000Z,6a9b23e6485cab4c953fc45a,wenyi090326-2.stratalog.logdata.json
DialogueNodeEvent:118:9,dialogue,1,DialogueEvent,Unit 5 Dev,2026-09-04T20:03:02.1920000Z,2026-09-04T20:03:02.1920000Z,6a9b23f7485cab4c953fc464,wenyi090326-2.stratalog.logdata.json
DialogueNodeEvent:11:0,dialogue,1,DialogueEvent,Unit 3 Dev,2026-09-04T18:34:42.5560000Z,2026-09-04T18:34:42.5560000Z,6a9b0f42485cab4c953fa42a,wenyi090326-2.stratalog.logdata.json
DialogueNodeEvent:11:1,dialogue,1,DialogueEvent,Unit 3 Dev,2026-09-04T18:34:42.5890000Z,2026-09-04T18:34:42.5890000Z,6a9b0f42485cab4c953fa42e,wenyi090326-2.stratalog.logdata.json
DialogueNodeEvent:11:10,dialogue,1,DialogueEvent,Unit 3 Dev,2026-09-04T18:34:51.5920000Z,2026-09-04T18:34:51.5920000Z,6a9b0f4b485cab4c953fa43c,wenyi090326-2.stratalog.logdata.json
DialogueNodeEvent:11:11,dialogue,1,DialogueEvent,Unit 3 Dev,2026-09-04T18:34:51.9270000Z,2026-09-04T18:34:51.9270000Z,6a9b0f4b485cab4c953fa440,wenyi090326-2.stratalog.logdata.json
DialogueNodeEvent:11:12,dialogue,1,DialogueEvent,Unit 3 Dev,2026-09-04T18:37:17.1290000Z,2026-09-04T18:37:17.1290000Z,6a9b0fdc485cab4c953fa4c6,wenyi090326-2.stratalog.logdata.json
DialogueNodeEvent:11:13,dialogue,1,DialogueEvent,Unit 3 Dev,2026-09-04T18:37:17.6290000Z,2026-09-04T18:37:17.6290000Z,6a9b0fdd485cab4c953fa4c8,wenyi090326-2.stratalog.logdata.json
DialogueNodeEvent:11:14,dialogue,1,DialogueEvent,Unit 3 Dev,2026-09-04T18:37:18.8630000Z,2026-09-04T18:37:18.8630000Z,6a9b0fde485cab4c953fa4ca,wenyi090326-2.stratalog.logdata.json
DialogueNodeEvent:11:15,dialogue,1,DialogueEvent,Unit 3 Dev,2026-09-04T18:37:20.6300000Z,2026-09-04T18:37:20.6300000Z,6a9b0fe0485cab4c953fa4cc,wenyi090326-2.stratalog.logdata.json
DialogueNodeEvent:11:18,dialogue,1,DialogueEvent,Unit 3 Dev,2026-09-04T18:37:21.3300000Z,2026-09-04T18:37:21.3300000Z,6a9b0fe1485cab4c953fa4d0,wenyi090326-2.stratalog.logdata.json
DialogueNodeEvent:11:19,dialogue,1,DialogueEvent,Unit 3 Dev,2026-09-04T18:37:22.6970000Z,2026-09-04T18:37:22.6970000Z,6a9b0fe2485cab4c953fa4d2,wenyi090326-2.stratalog.logdata.json
DialogueNodeEvent:11:2,dialogue,1,DialogueEvent,Unit 3 Dev,2026-09-04T18:34:45.2890000Z,2026-09-04T18:34:45.2890000Z,6a9b0f45485cab4c953fa430,wenyi090326-2.stratalog.logdata.json
DialogueNodeEvent:11:21,dialogue,1,DialogueEvent,Unit 3 Dev,2026-09-04T18:37:23.3980000Z,2026-09-04T18:37:23.3980000Z,6a9b0fe3485cab4c953fa4d4,wenyi090326-2.stratalog.logdata.json
DialogueNodeEvent:11:22,dialogue,1,DialogueEvent,Unit 3 Dev,2026-09-04T18:37:23.7720000Z,2026-09-04T18:37:23.7720000Z,6a9b0fe3485cab4c953fa4d6,wenyi090326-2.stratalog.logdata.json
DialogueNodeEvent:11:224,dialogue,1,DialogueEvent,Unit 3 Dev,2026-09-04T18:38:34.3650000Z,2026-09-04T18:38:34.3650000Z,6a9b102a485cab4c953fa50c,wenyi090326-2.stratalog.logdata.json
DialogueNodeEvent:11:226,dialogue,1,DialogueEvent,Unit 3 Dev,2026-09-04T18:38:34.8700000Z,2026-09-04T18:38:34.8700000Z,6a9b102a485cab4c953fa510,wenyi090326-2.stratalog.logdata.json
DialogueNodeEvent:11:227,dialogue,1,DialogueEvent,Unit 3 Dev,2026-09-04T18:45:40.7850000Z,2026-09-04T18:45:40.7850000Z,6a9b11d4485cab4c953fa790,wenyi090326-2.stratalog.logdata.json
DialogueNodeEvent:11:228,dialogue,1,DialogueEvent,Unit 3 Dev,2026-09-04T18:45:41.9870000Z,2026-09-04T18:45:41.9870000Z,6a9b11d5485cab4c953fa796,wenyi090326-2.stratalog.logdata.json
DialogueNodeEvent:11:229,dialogue,1,DialogueEvent,Unit 3 Dev,2026-09-04T18:45:42.4530000Z,2026-09-04T18:45:42.4530000Z,6a9b11d6485cab4c953fa798,wenyi090326-2.stratalog.logdata.json
DialogueNodeEvent:11:23,dialogue,1,DialogueEvent,Unit 3 Dev,2026-09-04T18:39:08.2000000Z,2026-09-04T18:39:08.2000000Z,6a9b104c485cab4c953fa54e,wenyi090326-2.stratalog.logdata.json
DialogueNodeEvent:11:24,dialogue,1,DialogueEvent,Unit 3 Dev,2026-09-04T18:39:29.6120000Z,2026-09-04T18:39:29.6120000Z,6a9b1061485cab4c953fa58c,wenyi090326-2.stratalog.logdata.json
DialogueNodeEvent:11:25,dialogue,5,DialogueEvent,Unit 3 Dev,2026-09-04T18:39:49.2180000Z,2026-09-04T18:40:21.3000000Z,6a9b1075485cab4c953fa5ca,wenyi090326-2.stratalog.logdata.json
DialogueNodeEvent:11:31,dialogue,1,DialogueEvent,Unit 3 Dev,2026-09-04T18:40:02.0240000Z,2026-09-04T18:40:02.0240000Z,6a9b1081485cab4c953fa602,wenyi090326-2.stratalog.logdata.json
DialogueNodeEvent:11:34,dialogue,1,DialogueEvent,Unit 3 Dev,2026-09-04T18:40:40.5790000Z,2026-09-04T18:40:40.5790000Z,6a9b10a8485cab4c953fa670,wenyi090326-2.stratalog.logdata.json
DialogueNodeEvent:11:35,dialogue,1,DialogueEvent,Unit 3 Dev,2026-09-04T18:45:30.4480000Z,2026-09-04T18:45:30.4480000Z,6a9b11ca485cab4c953fa780,wenyi090326-2.stratalog.logdata.json
DialogueNodeEvent:11:36,dialogue,1,DialogueEvent,Unit 3 Dev,2026-09-04T18:45:36.0830000Z,2026-09-04T18:45:36.0830000Z,6a9b11cf485cab4c953fa786,wenyi090326-2.stratalog.logdata.json
DialogueNodeEvent:11:4,dialogue,1,DialogueEvent,Unit 3 Dev,2026-09-04T18:34:46.0560000Z,2026-09-04T18:34:46.0560000Z,6a9b0f45485cab4c953fa432,wenyi090326-2.stratalog.logdata.json
DialogueNodeEvent:11:5,dialogue,1,DialogueEvent,Unit 3 Dev,2026-09-04T18:34:48.7240000Z,2026-09-04T18:34:48.7240000Z,6a9b0f48485cab4c953fa434,wenyi090326-2.stratalog.logdata.json
DialogueNodeEvent:11:7,dialogue,1,DialogueEvent,Unit 3 Dev,2026-09-04T18:34:49.4580000Z,2026-09-04T18:34:49.4580000Z,6a9b0f49485cab4c953fa436,wenyi090326-2.stratalog.logdata.json
DialogueNodeEvent:11:8,dialogue,1,DialogueEvent,Unit 3 Dev,2026-09-04T18:34:50.8910000Z,2026-09-04T18:34:50.8910000Z,6a9b0f4a485cab4c953fa438,wenyi090326-2.stratalog.logdata.json
DialogueNodeEvent:12:11,dialogue,1,DialogueEvent,Unit 3 Dev,2026-09-04T18:43:40.2980000Z,2026-09-04T18:43:40.2980000Z,6a9b115c485cab4c953fa73a,wenyi090326-2.stratalog.logdata.json
DialogueNodeEvent:13:1,dialogue,1,DialogueEvent,Unit 3 Dev,2026-09-04T18:43:21.1520000Z,2026-09-04T18:43:21.1520000Z,6a9b1148485cab4c953fa71e,wenyi090326-2.stratalog.logdata.json
DialogueNodeEvent:15:13,dialogue,1,DialogueEvent,Unit 3 Dev,2026-09-04T18:44:19.8470000Z,2026-09-04T18:44:19.8470000Z,6a9b1183485cab4c953fa754,wenyi090326-2.stratalog.logdata.json
DialogueNodeEvent:15:14,dialogue,1,DialogueEvent,Unit 3 Dev,2026-09-04T18:44:20.2140000Z,2026-09-04T18:44:20.2140000Z,6a9b1184485cab4c953fa756,wenyi090326-2.stratalog.logdata.json
DialogueNodeEvent:15:15,dialogue,1,DialogueEvent,Unit 3 Dev,2026-09-04T18:44:20.7220000Z,2026-09-04T18:44:20.7220000Z,6a9b1184485cab4c953fa75a,wenyi090326-2.stratalog.logdata.json
DialogueNodeEvent:15:3,dialogue,2,DialogueEvent,Unit 3 Dev,2026-09-04T18:43:43.3290000Z,2026-09-04T18:43:54.3030000Z,6a9b115f485cab4c953fa740,wenyi090326-2.stratalog.logdata.json
DialogueNodeEvent:15:7,dialogue,1,DialogueEvent,Unit 3 Dev,2026-09-04T18:44:18.6460000Z,2026-09-04T18:44:18.6460000Z,6a9b1182485cab4c953fa752,wenyi090326-2.stratalog.logdata.json
DialogueNodeEvent:16:3,dialogue,1,DialogueEvent,Unit 2 Prod (Refactor),2026-09-04T18:01:31.9570000Z,2026-09-04T18:01:31.9570000Z,6a9b077b485cab4c953f9292,wenyi090326-2.stratalog.logdata.json
DialogueNodeEvent:17:17,dialogue,1,DialogueEvent,Unit 2 Prod (Refactor),2026-09-04T18:02:34.3000000Z,2026-09-04T18:02:34.3000000Z,6a9b07ba485cab4c953f92d8,wenyi090326-2.stratalog.logdata.json
DialogueNodeEvent:17:19,dialogue,1,DialogueEvent,Unit 2 Prod (Refactor),2026-09-04T18:02:36.4710000Z,2026-09-04T18:02:36.4710000Z,6a9b07bc485cab4c953f92de,wenyi090326-2.stratalog.logdata.json
DialogueNodeEvent:17:20,dialogue,1,DialogueEvent,Unit 2 Prod (Refactor),2026-09-04T18:02:43.0380000Z,2026-09-04T18:02:43.0380000Z,6a9b07c2485cab4c953f92e8,wenyi090326-2.stratalog.logdata.json
DialogueNodeEvent:17:22,dialogue,1,DialogueEvent,Unit 2 Prod (Refactor),2026-09-04T18:02:44.3710000Z,2026-09-04T18:02:44.3710000Z,6a9b07c4485cab4c953f92ec,wenyi090326-2.stratalog.logdata.json
DialogueNodeEvent:17:26,dialogue,1,DialogueEvent,Unit 2 Prod (Refactor),2026-09-04T18:02:46.6050000Z,2026-09-04T18:02:46.6050000Z,6a9b07c6485cab4c953f92ee,wenyi090326-2.stratalog.logdata.json
DialogueNodeEvent:18:1,dialogue,1,DialogueEvent,Unit 2 Prod (Refactor),2026-09-04T18:02:07.9890000Z,2026-09-04T18:02:07.9890000Z,6a9b079f485cab4c953f92a4,wenyi090326-2.stratalog.logdata.json
DialogueNodeEvent:18:10,dialogue,1,DialogueEvent,Unit 2 Prod (Refactor),2026-09-04T18:02:17.2370000Z,2026-09-04T18:02:17.2370000Z,6a9b07a9485cab4c953f92b6,wenyi090326-2.stratalog.logdata.json
DialogueNodeEvent:18:102,dialogue,1,DialogueEvent,Unit 2 Prod (Refactor),2026-09-04T18:15:44.6290000Z,2026-09-04T18:15:44.6290000Z,6a9b0ad0485cab4c953f99e4,wenyi090326-2.stratalog.logdata.json
DialogueNodeEvent:18:103,dialogue,1,DialogueEvent,Unit 2 Prod (Refactor),2026-09-04T18:15:47.0620000Z,2026-09-04T18:15:47.0620000Z,6a9b0ad2485cab4c953f99ea,wenyi090326-2.stratalog.logdata.json
DialogueNodeEvent:18:105,dialogue,1,DialogueEvent,Unit 2 Prod (Refactor),2026-09-04T18:15:47.7310000Z,2026-09-04T18:15:47.7310000Z,6a9b0ad3485cab4c953f99ee,wenyi090326-2.stratalog.logdata.json
DialogueNodeEvent:18:109,dialogue,1,DialogueEvent,Unit 2 Prod (Refactor),2026-09-04T18:16:10.8420000Z,2026-09-04T18:16:10.8420000Z,6a9b0aea485cab4c953f9a18,wenyi090326-2.stratalog.logdata.json
DialogueNodeEvent:18:110,dialogue,1,DialogueEvent,Unit 2 Prod (Refactor),2026-09-04T18:16:13.3770000Z,2026-09-04T18:16:13.3770000Z,6a9b0aed485cab4c953f9a1c,wenyi090326-2.stratalog.logdata.json
DialogueNodeEvent:18:112,dialogue,1,DialogueEvent,Unit 2 Prod (Refactor),2026-09-04T18:16:35.3530000Z,2026-09-04T18:16:35.3530000Z,6a9b0b03485cab4c953f9a34,wenyi090326-2.stratalog.logdata.json
DialogueNodeEvent:18:113,dialogue,1,DialogueEvent,Unit 2 Prod (Refactor),2026-09-04T18:16:50.9940000Z,2026-09-04T18:16:50.9940000Z,6a9b0b12485cab4c953f9a42,wenyi090326-2.stratalog.logdata.json
DialogueNodeEvent:18:114,dialogue,1,DialogueEvent,Unit 2 Prod (Refactor),2026-09-04T18:16:54.6610000Z,2026-09-04T18:16:54.6610000Z,6a9b0b16485cab4c953f9a46,wenyi090326-2.stratalog.logdata.json
DialogueNodeEvent:18:116,dialogue,1,DialogueEvent,Unit 2 Prod (Refactor),2026-09-04T18:17:05.6580000Z,2026-09-04T18:17:05.6580000Z,6a9b0b21485cab4c953f9aa0,wenyi090326-2.stratalog.logdata.json
DialogueNodeEvent:18:117,dialogue,1,DialogueEvent,Unit 2 Prod (Refactor),2026-09-04T18:17:08.9540000Z,2026-09-04T18:17:08.9540000Z,6a9b0b24485cab4c953f9ad2,wenyi090326-2.stratalog.logdata.json
DialogueNodeEvent:18:118,dialogue,1,DialogueEvent,Unit 2 Prod (Refactor),2026-09-04T18:18:12.4480000Z,2026-09-04T18:18:12.4480000Z,6a9b0b64485cab4c953f9b06,wenyi090326-2.stratalog.logdata.json
DialogueNodeEvent:18:120,dialogue,1,DialogueEvent,Unit 2 Prod (Refactor),2026-09-04T18:24:14.8230000Z,2026-09-04T18:24:14.8230000Z,6a9b0cce485cab4c953f9f0e,wenyi090326-2.stratalog.logdata.json
DialogueNodeEvent:18:121,dialogue,1,DialogueEvent,Unit 2 Prod (Refactor),2026-09-04T18:24:17.1230000Z,2026-09-04T18:24:17.1230000Z,6a9b0cd0485cab4c953f9f10,wenyi090326-2.stratalog.logdata.json
DialogueNodeEvent:18:122,dialogue,1,DialogueEvent,Unit 2 Prod (Refactor),2026-09-04T18:24:18.9900000Z,2026-09-04T18:24:18.9900000Z,6a9b0cd2485cab4c953f9f14,wenyi090326-2.stratalog.logdata.json
DialogueNodeEvent:18:124,dialogue,1,DialogueEvent,Unit 2 Prod (Refactor),2026-09-04T18:24:19.6910000Z,2026-09-04T18:24:19.6910000Z,6a9b0cd3485cab4c953f9f16,wenyi090326-2.stratalog.logdata.json
DialogueNodeEvent:18:125,dialogue,1,DialogueEvent,Unit 2 Prod (Refactor),2026-09-04T18:24:20.0250000Z,2026-09-04T18:24:20.0250000Z,6a9b0cd3485cab4c953f9f18,wenyi090326-2.stratalog.logdata.json
DialogueNodeEvent:18:127,dialogue,1,DialogueEvent,Unit 2 Prod (Refactor),2026-09-04T18:24:20.4600000Z,2026-09-04T18:24:20.4600000Z,6a9b0cd4485cab4c953f9f1c,wenyi090326-2.stratalog.logdata.json
DialogueNodeEvent:18:128,dialogue,1,DialogueEvent,Unit 2 Prod (Refactor),2026-09-04T18:24:22.4270000Z,2026-09-04T18:24:22.4270000Z,6a9b0cd6485cab4c953f9f22,wenyi090326-2.stratalog.logdata.json
DialogueNodeEvent:18:130,dialogue,1,DialogueEvent,Unit 2 Prod (Refactor),2026-09-04T18:24:23.5010000Z,2026-09-04T18:24:23.5010000Z,6a9b0cd7485cab4c953f9f24,wenyi090326-2.stratalog.logdata.json
DialogueNodeEvent:18:136,dialogue,1,DialogueEvent,Unit 2 Prod (Refactor),2026-09-04T18:26:08.6780000Z,2026-09-04T18:26:08.6780000Z,6a9b0d40485cab4c953f9ff2,wenyi090326-2.stratalog.logdata.json
DialogueNodeEvent:18:137,dialogue,1,DialogueEvent,Unit 2 Prod (Refactor),2026-09-04T18:26:11.2770000Z,2026-09-04T18:26:11.2770000Z,6a9b0d43485cab4c953f9ff6,wenyi090326-2.stratalog.logdata.json
DialogueNodeEvent:18:139,dialogue,1,DialogueEvent,Unit 2 Prod (Refactor),2026-09-04T18:26:11.9110000Z,2026-09-04T18:26:11.9110000Z,6a9b0d43485cab4c953f9ff8,wenyi090326-2.stratalog.logdata.json
DialogueNodeEvent:18:141,dialogue,1,DialogueEvent,Unit 2 Prod (Refactor),2026-09-04T18:26:12.3120000Z,2026-09-04T18:26:12.3120000Z,6a9b0d44485cab4c953f9ffa,wenyi090326-2.stratalog.logdata.json
DialogueNodeEvent:18:142,dialogue,1,DialogueEvent,Unit 2 Prod (Refactor),2026-09-04T18:26:21.6160000Z,2026-09-04T18:26:21.6160000Z,6a9b0d4d485cab4c953fa024,wenyi090326-2.stratalog.logdata.json
DialogueNodeEvent:18:143,dialogue,1,DialogueEvent,Unit 2 Prod (Refactor),2026-09-04T18:26:24.1830000Z,2026-09-04T18:26:24.1830000Z,6a9b0d50485cab4c953fa02a,wenyi090326-2.stratalog.logdata.json
DialogueNodeEvent:18:145,dialogue,1,DialogueEvent,Unit 2 Prod (Refactor),2026-09-04T18:26:24.8500000Z,2026-09-04T18:26:24.8500000Z,6a9b0d50485cab4c953fa02e,wenyi090326-2.stratalog.logdata.json
DialogueNodeEvent:18:146,dialogue,1,DialogueEvent,Unit 2 Prod (Refactor),2026-09-04T18:26:27.9560000Z,2026-09-04T18:26:27.9560000Z,6a9b0d53485cab4c953fa03e,wenyi090326-2.stratalog.logdata.json
DialogueNodeEvent:18:147,dialogue,1,DialogueEvent,Unit 2 Prod (Refactor),2026-09-04T18:26:30.2200000Z,2026-09-04T18:26:30.2200000Z,6a9b0d56485cab4c953fa04a,wenyi090326-2.stratalog.logdata.json
DialogueNodeEvent:18:149,dialogue,1,DialogueEvent,Unit 2 Prod (Refactor),2026-09-04T18:26:31.2210000Z,2026-09-04T18:26:31.2210000Z,6a9b0d57485cab4c953fa054,wenyi090326-2.stratalog.logdata.json
DialogueNodeEvent:18:150,dialogue,1,DialogueEvent,Unit 2 Prod (Refactor),2026-09-04T18:26:39.8580000Z,2026-09-04T18:26:39.8580000Z,6a9b0d5f485cab4c953fa06e,wenyi090326-2.stratalog.logdata.json
DialogueNodeEvent:18:151,dialogue,1,DialogueEvent,Unit 2 Prod (Refactor),2026-09-04T18:26:42.4250000Z,2026-09-04T18:26:42.4250000Z,6a9b0d62485cab4c953fa076,wenyi090326-2.stratalog.logdata.json
DialogueNodeEvent:18:153,dialogue,1,DialogueEvent,Unit 2 Prod (Refactor),2026-09-04T18:26:43.1620000Z,2026-09-04T18:26:43.1620000Z,6a9b0d62485cab4c953fa078,wenyi090326-2.stratalog.logdata.json
DialogueNodeEvent:18:154,dialogue,1,DialogueEvent,Unit 2 Prod (Refactor),2026-09-04T18:26:55.7180000Z,2026-09-04T18:26:55.7180000Z,6a9b0d6f485cab4c953fa0a8,wenyi090326-2.stratalog.logdata.json
DialogueNodeEvent:18:155,dialogue,1,DialogueEvent,Unit 2 Prod (Refactor),2026-09-04T18:26:56.8830000Z,2026-09-04T18:26:56.8830000Z,6a9b0d70485cab4c953fa0b0,wenyi090326-2.stratalog.logdata.json
DialogueNodeEvent:18:156,dialogue,1,DialogueEvent,Unit 2 Prod (Refactor),2026-09-04T18:26:58.8830000Z,2026-09-04T18:26:58.8830000Z,6a9b0d72485cab4c953fa0b4,wenyi090326-2.stratalog.logdata.json
DialogueNodeEvent:18:158,dialogue,1,DialogueEvent,Unit 2 Prod (Refactor),2026-09-04T18:26:59.5850000Z,2026-09-04T18:26:59.5850000Z,6a9b0d73485cab4c953fa0b8,wenyi090326-2.stratalog.logdata.json
DialogueNodeEvent:18:159,dialogue,1,DialogueEvent,Unit 2 Prod (Refactor),2026-09-04T18:27:33.9000000Z,2026-09-04T18:27:33.9000000Z,6a9b0d95485cab4c953fa16a,wenyi090326-2.stratalog.logdata.json
DialogueNodeEvent:18:160,dialogue,1,DialogueEvent,Unit 2 Prod (Refactor),2026-09-04T18:27:36.5680000Z,2026-09-04T18:27:36.5680000Z,6a9b0d98485cab4c953fa170,wenyi090326-2.stratalog.logdata.json
DialogueNodeEvent:18:162,dialogue,1,DialogueEvent,Unit 2 Prod (Refactor),2026-09-04T18:27:37.3350000Z,2026-09-04T18:27:37.3350000Z,6a9b0d99485cab4c953fa172,wenyi090326-2.stratalog.logdata.json
DialogueNodeEvent:18:163,dialogue,1,DialogueEvent,Unit 2 Prod (Refactor),2026-09-04T18:27:39.1040000Z,2026-09-04T18:27:39.1040000Z,6a9b0d9a485cab4c953fa17c,wenyi090326-2.stratalog.logdata.json
DialogueNodeEvent:18:164,dialogue,1,DialogueEvent,Unit 2 Prod (Refactor),2026-09-04T18:27:41.7040000Z,2026-09-04T18:27:41.7040000Z,6a9b0d9d485cab4c953fa180,wenyi090326-2.stratalog.logdata.json
DialogueNodeEvent:18:166,dialogue,1,DialogueEvent,Unit 2 Prod (Refactor),2026-09-04T18:27:42.4380000Z,2026-09-04T18:27:42.4380000Z,6a9b0d9e485cab4c953fa182,wenyi090326-2.stratalog.logdata.json
DialogueNodeEvent:18:167,dialogue,1,DialogueEvent,Unit 2 Prod (Refactor),2026-09-04T18:27:51.1440000Z,2026-09-04T18:27:51.1440000Z,6a9b0da6485cab4c953fa1a4,wenyi090326-2.stratalog.logdata.json
DialogueNodeEvent:18:169,dialogue,1,DialogueEvent,Unit 2 Prod (Refactor),2026-09-04T18:28:05.5190000Z,2026-09-04T18:28:05.5190000Z,6a9b0db5485cab4c953fa1dc,wenyi090326-2.stratalog.logdata.json
DialogueNodeEvent:18:170,dialogue,1,DialogueEvent,Unit 2 Prod (Refactor),2026-09-04T18:28:07.1830000Z,2026-09-04T18:28:07.1830000Z,6a9b0db7485cab4c953fa1e0,wenyi090326-2.stratalog.logdata.json
DialogueNodeEvent:18:173,dialogue,1,DialogueEvent,Unit 2 Prod (Refactor),2026-09-04T18:28:07.9170000Z,2026-09-04T18:28:07.9170000Z,6a9b0db7485cab4c953fa1e2,wenyi090326-2.stratalog.logdata.json
DialogueNodeEvent:18:174,dialogue,1,DialogueEvent,Unit 2 Prod (Refactor),2026-09-04T18:28:08.3830000Z,2026-09-04T18:28:08.3830000Z,6a9b0db8485cab4c953fa1e4,wenyi090326-2.stratalog.logdata.json
DialogueNodeEvent:18:175,dialogue,1,DialogueEvent,Unit 2 Prod (Refactor),2026-09-04T18:28:10.1500000Z,2026-09-04T18:28:10.1500000Z,6a9b0db9485cab4c953fa1e8,wenyi090326-2.stratalog.logdata.json
DialogueNodeEvent:18:176,dialogue,1,DialogueEvent,Unit 2 Prod (Refactor),2026-09-04T18:28:10.9260000Z,2026-09-04T18:28:10.9260000Z,6a9b0dba485cab4c953fa1ea,wenyi090326-2.stratalog.logdata.json
DialogueNodeEvent:18:179,dialogue,1,DialogueEvent,Unit 2 Prod (Refactor),2026-09-04T18:03:42.4830000Z,2026-09-04T18:03:42.4830000Z,6a9b07fe485cab4c953f9346,wenyi090326-2.stratalog.logdata.json
DialogueNodeEvent:18:2,dialogue,1,DialogueEvent,Unit 2 Prod (Refactor),2026-09-04T18:02:10.9220000Z,2026-09-04T18:02:10.9220000Z,6a9b07a2485cab4c953f92aa,wenyi090326-2.stratalog.logdata.json
DialogueNodeEvent:18:209,dialogue,1,DialogueEvent,Unit 2 Prod (Refactor),2026-09-04T18:06:43.4860000Z,2026-09-04T18:06:43.4860000Z,6a9b08b3485cab4c953f980c,wenyi090326-2.stratalog.logdata.json
DialogueNodeEvent:18:21,dialogue,1,DialogueEvent,Unit 2 Prod (Refactor),2026-09-04T18:02:51.0440000Z,2026-09-04T18:02:51.0440000Z,6a9b07ca485cab4c953f9302,wenyi090326-2.stratalog.logdata.json
DialogueNodeEvent:18:210,dialogue,1,DialogueEvent,Unit 2 Prod (Refactor),2026-09-04T18:06:45.1200000Z,2026-09-04T18:06:45.1200000Z,6a9b08b4485cab4c953f980e,wenyi090326-2.stratalog.logdata.json
DialogueNodeEvent:18:22,dialogue,1,DialogueEvent,Unit 2 Prod (Refactor),2026-09-04T18:02:53.3760000Z,2026-09-04T18:02:53.3760000Z,6a9b07cd485cab4c953f9306,wenyi090326-2.stratalog.logdata.json
DialogueNodeEvent:18:231,dialogue,1,DialogueEvent,Unit 2 Prod (Refactor),2026-09-04T18:12:07.9580000Z,2026-09-04T18:12:07.9580000Z,6a9b09f7485cab4c953f998a,wenyi090326-2.stratalog.logdata.json
DialogueNodeEvent:18:24,dialogue,1,DialogueEvent,Unit 2 Prod (Refactor),2026-09-04T18:02:57.2450000Z,2026-09-04T18:02:57.2450000Z,6a9b07d1485cab4c953f9310,wenyi090326-2.stratalog.logdata.json
DialogueNodeEvent:18:243,dialogue,1,DialogueEvent,Unit 2 Prod (Refactor),2026-09-04T18:17:10.4190000Z,2026-09-04T18:17:10.4190000Z,6a9b0b26485cab4c953f9af0,wenyi090326-2.stratalog.logdata.json
DialogueNodeEvent:18:25,dialogue,1,DialogueEvent,Unit 2 Prod (Refactor),2026-09-04T18:03:03.9810000Z,2026-09-04T18:03:03.9810000Z,6a9b07d7485cab4c953f9316,wenyi090326-2.stratalog.logdata.json
DialogueNodeEvent:18:269,dialogue,1,DialogueEvent,Unit 2 Prod (Refactor),2026-09-04T18:03:32.5950000Z,2026-09-04T18:03:32.5950000Z,6a9b07f4485cab4c953f9336,wenyi090326-2.stratalog.logdata.json
DialogueNodeEvent:18:271,dialogue,1,DialogueEvent,Unit 2 Prod (Refactor),2026-09-04T18:03:33.6950000Z,2026-09-04T18:03:33.6950000Z,6a9b07f5485cab4c953f9338,wenyi090326-2.stratalog.logdata.json
DialogueNodeEvent:18:273,dialogue,1,DialogueEvent,Unit 2 Prod (Refactor),2026-09-04T18:03:34.0960000Z,2026-09-04T18:03:34.0960000Z,6a9b07f5485cab4c953f933a,wenyi090326-2.stratalog.logdata.json
DialogueNodeEvent:18:274,dialogue,1,DialogueEvent,Unit 2 Prod (Refactor),2026-09-04T18:16:14.4420000Z,2026-09-04T18:16:14.4420000Z,6a9b0aee485cab4c953f9a1e,wenyi090326-2.stratalog.logdata.json
DialogueNodeEvent:18:276,dialogue,1,DialogueEvent,Unit 2 Prod (Refactor),2026-09-04T18:16:55.3620000Z,2026-09-04T18:16:55.3620000Z,6a9b0b17485cab4c953f9a4c,wenyi090326-2.stratalog.logdata.json
DialogueNodeEvent:18:277,dialogue,1,DialogueEvent,Unit 2 Prod (Refactor),2026-09-04T18:17:00.6970000Z,2026-09-04T18:17:00.6970000Z,6a9b0b1c485cab4c953f9a56,wenyi090326-2.stratalog.logdata.json
DialogueNodeEvent:18:279,dialogue,1,DialogueEvent,Unit 2 Prod (Refactor),2026-09-04T18:17:01.4310000Z,2026-09-04T18:17:01.4310000Z,6a9b0b1d485cab4c953f9a58,wenyi090326-2.stratalog.logdata.json
DialogueNodeEvent:18:280,dialogue,1,DialogueEvent,Unit 2 Prod (Refactor),2026-09-04T18:06:30.6140000Z,2026-09-04T18:06:30.6140000Z,6a9b08a6485cab4c953f97ee,wenyi090326-2.stratalog.logdata.json
DialogueNodeEvent:18:281,dialogue,1,DialogueEvent,Unit 2 Prod (Refactor),2026-09-04T18:06:40.0180000Z,2026-09-04T18:06:40.0180000Z,6a9b08af485cab4c953f9806,wenyi090326-2.stratalog.logdata.json
DialogueNodeEvent:18:282,dialogue,1,DialogueEvent,Unit 2 Prod (Refactor),2026-09-04T18:06:39.5170000Z,2026-09-04T18:06:39.5170000Z,6a9b08af485cab4c953f9804,wenyi090326-2.stratalog.logdata.json
DialogueNodeEvent:18:283,dialogue,1,DialogueEvent,Unit 2 Prod (Refactor),2026-09-04T18:07:16.7440000Z,2026-09-04T18:07:16.7440000Z,6a9b08d4485cab4c953f9838,wenyi090326-2.stratalog.logdata.json
DialogueNodeEvent:18:284,dialogue,1,DialogueEvent,Unit 2 Prod (Refactor),2026-09-04T18:28:11.2540000Z,2026-09-04T18:28:11.2540000Z,6a9b0dbb485cab4c953fa1ec,wenyi090326-2.stratalog.logdata.json
DialogueNodeEvent:18:290,dialogue,1,DialogueEvent,Unit 2 Prod (Refactor),2026-09-04T18:24:21.7920000Z,2026-09-04T18:24:21.7920000Z,6a9b0cd5485cab4c953f9f1e,wenyi090326-2.stratalog.logdata.json
DialogueNodeEvent:18:33,dialogue,1,DialogueEvent,Unit 2 Prod (Refactor),2026-09-04T18:03:20.8230000Z,2026-09-04T18:03:20.8230000Z,6a9b07e8485cab4c953f9320,wenyi090326-2.stratalog.logdata.json
DialogueNodeEvent:18:34,dialogue,1,DialogueEvent,Unit 2 Prod (Refactor),2026-09-04T18:03:23.2570000Z,2026-09-04T18:03:23.2570000Z,6a9b07eb485cab4c953f9324,wenyi090326-2.stratalog.logdata.json
DialogueNodeEvent:18:35,dialogue,1,DialogueEvent,Unit 2 Prod (Refactor),2026-09-04T18:03:25.7910000Z,2026-09-04T18:03:25.7910000Z,6a9b07ed485cab4c953f9328,wenyi090326-2.stratalog.logdata.json
DialogueNodeEvent:18:36,dialogue,1,DialogueEvent,Unit 2 Prod (Refactor),2026-09-04T18:03:27.2250000Z,2026-09-04T18:03:27.2250000Z,6a9b07ef485cab4c953f932a,wenyi090326-2.stratalog.logdata.json
DialogueNodeEvent:18:37,dialogue,1,DialogueEvent,Unit 2 Prod (Refactor),2026-09-04T18:03:29.5270000Z,2026-09-04T18:03:29.5270000Z,6a9b07f1485cab4c953f932c,wenyi090326-2.stratalog.logdata.json
DialogueNodeEvent:18:38,dialogue,1,DialogueEvent,Unit 2 Prod (Refactor),2026-09-04T18:03:30.1600000Z,2026-09-04T18:03:30.1600000Z,6a9b07f1485cab4c953f932e,wenyi090326-2.stratalog.logdata.json
DialogueNodeEvent:18:39,dialogue,1,DialogueEvent,Unit 2 Prod (Refactor),2026-09-04T18:03:30.1620000Z,2026-09-04T18:03:30.1620000Z,6a9b07f2485cab4c953f9330,wenyi090326-2.stratalog.logdata.json
DialogueNodeEvent:18:4,dialogue,1,DialogueEvent,Unit 2 Prod (Refactor),2026-09-04T18:02:11.6230000Z,2026-09-04T18:02:11.6230000Z,6a9b07a3485cab4c953f92ac,wenyi090326-2.stratalog.logdata.json
DialogueNodeEvent:18:41,dialogue,1,DialogueEvent,Unit 2 Prod (Refactor),2026-09-04T18:05:10.9270000Z,2026-09-04T18:05:10.9270000Z,6a9b0856485cab4c953f97a2,wenyi090326-2.stratalog.logdata.json
DialogueNodeEvent:18:47,dialogue,1,DialogueEvent,Unit 2 Prod (Refactor),2026-09-04T18:05:16.9450000Z,2026-09-04T18:05:16.9450000Z,6a9b085c485cab4c953f97a8,wenyi090326-2.stratalog.logdata.json
DialogueNodeEvent:18:5,dialogue,1,DialogueEvent,Unit 2 Prod (Refactor),2026-09-04T18:02:13.3230000Z,2026-09-04T18:02:13.3230000Z,6a9b07a5485cab4c953f92ae,wenyi090326-2.stratalog.logdata.json
DialogueNodeEvent:18:56,dialogue,1,DialogueEvent,Unit 2 Prod (Refactor),2026-09-04T18:06:07.6380000Z,2026-09-04T18:06:07.6380000Z,6a9b088f485cab4c953f97da,wenyi090326-2.stratalog.logdata.json
DialogueNodeEvent:18:59,dialogue,1,DialogueEvent,Unit 2 Prod (Refactor),2026-09-04T18:06:24.1110000Z,2026-09-04T18:06:24.1110000Z,6a9b089f485cab4c953f97e4,wenyi090326-2.stratalog.logdata.json
DialogueNodeEvent:18:61,dialogue,1,DialogueEvent,Unit 2 Prod (Refactor),2026-09-04T18:06:32.1800000Z,2026-09-04T18:06:32.1800000Z,6a9b08a8485cab4c953f97f4,wenyi090326-2.stratalog.logdata.json
DialogueNodeEvent:18:63,dialogue,1,DialogueEvent,Unit 2 Prod (Refactor),2026-09-04T18:06:33.4140000Z,2026-09-04T18:06:33.4140000Z,6a9b08a9485cab4c953f97f6,wenyi090326-2.stratalog.logdata.json
DialogueNodeEvent:18:64,dialogue,1,DialogueEvent,Unit 2 Prod (Refactor),2026-09-04T18:06:33.8480000Z,2026-09-04T18:06:33.8480000Z,6a9b08a9485cab4c953f97f8,wenyi090326-2.stratalog.logdata.json
DialogueNodeEvent:18:65,dialogue,1,DialogueEvent,Unit 2 Prod (Refactor),2026-09-04T18:06:34.2820000Z,2026-09-04T18:06:34.2820000Z,6a9b08aa485cab4c953f97fa,wenyi090326-2.stratalog.logdata.json
DialogueNodeEvent:18:67,dialogue,1,DialogueEvent,Unit 2 Prod (Refactor),2026-09-04T18:06:36.5510000Z,2026-09-04T18:06:36.5510000Z,6a9b08ac485cab4c953f97fc,wenyi090326-2.stratalog.logdata.json
DialogueNodeEvent:18:68,dialogue,1,DialogueEvent,Unit 2 Prod (Refactor),2026-09-04T18:06:37.0500000Z,2026-09-04T18:06:37.0500000Z,6a9b08ac485cab4c953f97fe,wenyi090326-2.stratalog.logdata.json
DialogueNodeEvent:18:69,dialogue,1,DialogueEvent,Unit 2 Prod (Refactor),2026-09-04T18:06:37.3830000Z,2026-09-04T18:06:37.3830000Z,6a9b08ad485cab4c953f9800,wenyi090326-2.stratalog.logdata.json
DialogueNodeEvent:18:7,dialogue,1,DialogueEvent,Unit 2 Prod (Refactor),2026-09-04T18:02:13.9900000Z,2026-09-04T18:02:13.9900000Z,6a9b07a5485cab4c953f92b0,wenyi090326-2.stratalog.logdata.json
DialogueNodeEvent:18:71,dialogue,1,DialogueEvent,Unit 2 Prod (Refactor),2026-09-04T18:06:39.0170000Z,2026-09-04T18:06:39.0170000Z,6a9b08ae485cab4c953f9802,wenyi090326-2.stratalog.logdata.json
DialogueNodeEvent:18:72,dialogue,1,DialogueEvent,Unit 2 Prod (Refactor),2026-09-04T18:06:42.7850000Z,2026-09-04T18:06:42.7850000Z,6a9b08b2485cab4c953f980a,wenyi090326-2.stratalog.logdata.json
DialogueNodeEvent:18:75,dialogue,1,DialogueEvent,Unit 2 Prod (Refactor),2026-09-04T18:06:45.6870000Z,2026-09-04T18:06:45.6870000Z,6a9b08b5485cab4c953f9810,wenyi090326-2.stratalog.logdata.json
DialogueNodeEvent:18:76,dialogue,1,DialogueEvent,Unit 2 Prod (Refactor),2026-09-04T18:06:45.9870000Z,2026-09-04T18:06:45.9870000Z,6a9b08b5485cab4c953f9812,wenyi090326-2.stratalog.logdata.json
DialogueNodeEvent:18:77,dialogue,1,DialogueEvent,Unit 2 Prod (Refactor),2026-09-04T18:06:46.3540000Z,2026-09-04T18:06:46.3540000Z,6a9b08b6485cab4c953f9814,wenyi090326-2.stratalog.logdata.json
DialogueNodeEvent:18:79,dialogue,1,DialogueEvent,Unit 2 Prod (Refactor),2026-09-04T18:06:46.7540000Z,2026-09-04T18:06:46.7540000Z,6a9b08b6485cab4c953f9816,wenyi090326-2.stratalog.logdata.json
DialogueNodeEvent:18:8,dialogue,1,DialogueEvent,Unit 2 Prod (Refactor),2026-09-04T18:02:16.1910000Z,2026-09-04T18:02:16.1910000Z,6a9b07a8485cab4c953f92b2,wenyi090326-2.stratalog.logdata.json
DialogueNodeEvent:18:80,dialogue,1,DialogueEvent,Unit 2 Prod (Refactor),2026-09-04T18:06:49.5550000Z,2026-09-04T18:06:49.5550000Z,6a9b08b9485cab4c953f9818,wenyi090326-2.stratalog.logdata.json
DialogueNodeEvent:18:82,dialogue,1,DialogueEvent,Unit 2 Prod (Refactor),2026-09-04T18:06:50.1890000Z,2026-09-04T18:06:50.1890000Z,6a9b08ba485cab4c953f981a,wenyi090326-2.stratalog.logdata.json
DialogueNodeEvent:18:87,dialogue,1,DialogueEvent,Unit 2 Prod (Refactor),2026-09-04T18:06:52.5560000Z,2026-09-04T18:06:52.5560000Z,6a9b08bc485cab4c953f981e,wenyi090326-2.stratalog.logdata.json
DialogueNodeEvent:18:89,dialogue,1,DialogueEvent,Unit 2 Prod (Refactor),2026-09-04T18:06:53.1920000Z,2026-09-04T18:06:53.1920000Z,6a9b08bd485cab4c953f9820,wenyi090326-2.stratalog.logdata.json
DialogueNodeEvent:18:91,dialogue,1,DialogueEvent,Unit 2 Prod (Refactor),2026-09-04T18:07:12.3020000Z,2026-09-04T18:07:12.3020000Z,6a9b08d0485cab4c953f982a,wenyi090326-2.stratalog.logdata.json
DialogueNodeEvent:18:92,dialogue,1,DialogueEvent,Unit 2 Prod (Refactor),2026-09-04T18:07:13.4670000Z,2026-09-04T18:07:13.4670000Z,6a9b08d1485cab4c953f982e,wenyi090326-2.stratalog.logdata.json
DialogueNodeEvent:18:93,dialogue,1,DialogueEvent,Unit 2 Prod (Refactor),2026-09-04T18:07:14.9340000Z,2026-09-04T18:07:14.9340000Z,6a9b08d2485cab4c953f9830,wenyi090326-2.stratalog.logdata.json
DialogueNodeEvent:18:95,dialogue,1,DialogueEvent,Unit 2 Prod (Refactor),2026-09-04T18:07:15.9340000Z,2026-09-04T18:07:15.9340000Z,6a9b08d3485cab4c953f9832,wenyi090326-2.stratalog.logdata.json
DialogueNodeEvent:18:98,dialogue,1,DialogueEvent,Unit 2 Prod (Refactor),2026-09-04T18:07:16.3350000Z,2026-09-04T18:07:16.3350000Z,6a9b08d4485cab4c953f9834,wenyi090326-2.stratalog.logdata.json
DialogueNodeEvent:19:0,dialogue,2,DialogueEvent,Unit 2 Prod (Refactor),2026-09-04T18:08:10.2620000Z,2026-09-04T18:24:28.3620000Z,6a9b090a485cab4c953f9864,wenyi090326-2.stratalog.logdata.json
DialogueNodeEvent:19:1,dialogue,1,DialogueEvent,Unit 2 Prod (Refactor),2026-09-04T18:08:10.2650000Z,2026-09-04T18:08:10.2650000Z,6a9b090a485cab4c953f9868,wenyi090326-2.stratalog.logdata.json
DialogueNodeEvent:19:16,dialogue,1,DialogueEvent,Unit 2 Prod (Refactor),2026-09-04T18:24:28.3650000Z,2026-09-04T18:24:28.3650000Z,6a9b0cdc485cab4c953f9f34,wenyi090326-2.stratalog.logdata.json
DialogueNodeEvent:19:17,dialogue,1,DialogueEvent,Unit 2 Prod (Refactor),2026-09-04T18:24:29.8950000Z,2026-09-04T18:24:29.8950000Z,6a9b0cdd485cab4c953f9f38,wenyi090326-2.stratalog.logdata.json
DialogueNodeEvent:19:19,dialogue,1,DialogueEvent,Unit 2 Prod (Refactor),2026-09-04T18:24:30.7630000Z,2026-09-04T18:24:30.7630000Z,6a9b0cde485cab4c953f9f3a,wenyi090326-2.stratalog.logdata.json
DialogueNodeEvent:19:2,dialogue,1,DialogueEvent,Unit 2 Prod (Refactor),2026-09-04T18:08:11.6950000Z,2026-09-04T18:08:11.6950000Z,6a9b090b485cab4c953f986e,wenyi090326-2.stratalog.logdata.json
DialogueNodeEvent:19:20,dialogue,1,DialogueEvent,Unit 2 Prod (Refactor),2026-09-04T18:24:31.4630000Z,2026-09-04T18:24:31.4630000Z,6a9b0cdf485cab4c953f9f3c,wenyi090326-2.stratalog.logdata.json
DialogueNodeEvent:19:21,dialogue,1,DialogueEvent,Unit 2 Prod (Refactor),2026-09-04T18:24:32.0630000Z,2026-09-04T18:24:32.0630000Z,6a9b0cdf485cab4c953f9f3e,wenyi090326-2.stratalog.logdata.json
DialogueNodeEvent:19:26,dialogue,1,DialogueEvent,Unit 2 Prod (Refactor),2026-09-04T18:24:35.7650000Z,2026-09-04T18:24:35.7650000Z,6a9b0ce3485cab4c953f9f42,wenyi090326-2.stratalog.logdata.json
DialogueNodeEvent:19:29,dialogue,1,DialogueEvent,Unit 2 Prod (Refactor),2026-09-04T18:24:36.3990000Z,2026-09-04T18:24:36.3990000Z,6a9b0ce4485cab4c953f9f44,wenyi090326-2.stratalog.logdata.json
DialogueNodeEvent:19:30,dialogue,1,DialogueEvent,Unit 2 Prod (Refactor),2026-09-04T18:24:36.8330000Z,2026-09-04T18:24:36.8330000Z,6a9b0ce4485cab4c953f9f46,wenyi090326-2.stratalog.logdata.json
DialogueNodeEvent:19:31,dialogue,1,DialogueEvent,Unit 2 Prod (Refactor),2026-09-04T18:24:39.5660000Z,2026-09-04T18:24:39.5660000Z,6a9b0ce7485cab4c953f9f4a,wenyi090326-2.stratalog.logdata.json
DialogueNodeEvent:19:32,dialogue,1,DialogueEvent,Unit 2 Prod (Refactor),2026-09-04T18:24:40.2680000Z,2026-09-04T18:24:40.2680000Z,6a9b0ce8485cab4c953f9f4c,wenyi090326-2.stratalog.logdata.json
DialogueNodeEvent:19:4,dialogue,1,DialogueEvent,Unit 2 Prod (Refactor),2026-09-04T18:08:31.6560000Z,2026-09-04T18:08:31.6560000Z,6a9b091f485cab4c953f9894,wenyi090326-2.stratalog.logdata.json
DialogueNodeEvent:19:46,dialogue,1,DialogueEvent,Unit 2 Prod (Refactor),2026-09-04T18:08:34.6910000Z,2026-09-04T18:08:34.6910000Z,6a9b0922485cab4c953f98a0,wenyi090326-2.stratalog.logdata.json
DialogueNodeEvent:19:47,dialogue,1,DialogueEvent,Unit 2 Prod (Refactor),2026-09-04T18:24:32.6640000Z,2026-09-04T18:24:32.6640000Z,6a9b0ce0485cab4c953f9f40,wenyi090326-2.stratalog.logdata.json
DialogueNodeEvent:19:48,dialogue,1,DialogueEvent,Unit 2 Prod (Refactor),2026-09-04T18:08:34.2560000Z,2026-09-04T18:08:34.2560000Z,6a9b0922485cab4c953f989c,wenyi090326-2.stratalog.logdata.json
DialogueNodeEvent:19:49,dialogue,1,DialogueEvent,Unit 2 Prod (Refactor),2026-09-04T18:08:11.1610000Z,2026-09-04T18:08:11.1610000Z,6a9b090a485cab4c953f986c,wenyi090326-2.stratalog.logdata.json
DialogueNodeEvent:19:5,dialogue,1,DialogueEvent,Unit 2 Prod (Refactor),2026-09-04T18:08:33.1880000Z,2026-09-04T18:08:33.1880000Z,6a9b0921485cab4c953f9896,wenyi090326-2.stratalog.logdata.json
DialogueNodeEvent:19:50,dialogue,1,DialogueEvent,Unit 2 Prod (Refactor),2026-09-04T18:08:12.2340000Z,2026-09-04T18:08:12.2340000Z,6a9b090c485cab4c953f9874,wenyi090326-2.stratalog.logdata.json
DialogueNodeEvent:19:51,dialogue,1,DialogueEvent,Unit 2 Prod (Refactor),2026-09-04T18:08:16.1150000Z,2026-09-04T18:08:16.1150000Z,6a9b090f485cab4c953f987a,wenyi090326-2.stratalog.logdata.json
DialogueNodeEvent:19:52,dialogue,1,DialogueEvent,Unit 2 Prod (Refactor),2026-09-04T18:08:18.4500000Z,2026-09-04T18:08:18.4500000Z,6a9b0912485cab4c953f9880,wenyi090326-2.stratalog.logdata.json
DialogueNodeEvent:19:53,dialogue,1,DialogueEvent,Unit 2 Prod (Refactor),2026-09-04T18:08:25.3520000Z,2026-09-04T18:08:25.3520000Z,6a9b0919485cab4c953f9888,wenyi090326-2.stratalog.logdata.json
DialogueNodeEvent:19:54,dialogue,1,DialogueEvent,Unit 2 Prod (Refactor),2026-09-04T18:08:28.0860000Z,2026-09-04T18:08:28.0860000Z,6a9b091b485cab4c953f988c,wenyi090326-2.stratalog.logdata.json
DialogueNodeEvent:19:56,dialogue,1,DialogueEvent,Unit 2 Prod (Refactor),2026-09-04T18:08:31.2200000Z,2026-09-04T18:08:31.2200000Z,6a9b091f485cab4c953f9890,wenyi090326-2.stratalog.logdata.json
DialogueNodeEvent:19:58,dialogue,1,DialogueEvent,Unit 2 Prod (Refactor),2026-09-04T18:08:34.6890000Z,2026-09-04T18:08:34.6890000Z,6a9b0922485cab4c953f989e,wenyi090326-2.stratalog.logdata.json
DialogueNodeEvent:19:59,dialogue,1,DialogueEvent,Unit 2 Prod (Refactor),2026-09-04T18:08:12.2290000Z,2026-09-04T18:08:12.2290000Z,6a9b090c485cab4c953f9870,wenyi090326-2.stratalog.logdata.json
DialogueNodeEvent:19:60,dialogue,1,DialogueEvent,Unit 2 Prod (Refactor),2026-09-04T18:08:45.0640000Z,2026-09-04T18:08:45.0640000Z,6a9b092c485cab4c953f98ae,wenyi090326-2.stratalog.logdata.json
DialogueNodeEvent:19:7,dialogue,1,DialogueEvent,Unit 2 Prod (Refactor),2026-09-04T18:08:34.1570000Z,2026-09-04T18:08:34.1570000Z,6a9b0922485cab4c953f989a,wenyi090326-2.stratalog.logdata.json
DialogueNodeEvent:20:0,dialogue,1,DialogueEvent,Unit 2 Prod (Refactor),2026-09-04T18:28:16.8210000Z,2026-09-04T18:28:16.8210000Z,6a9b0dc0485cab4c953fa1f6,wenyi090326-2.stratalog.logdata.json
DialogueNodeEvent:20:1,dialogue,1,DialogueEvent,Unit 2 Prod (Refactor),2026-09-04T18:09:38.8870000Z,2026-09-04T18:09:38.8870000Z,6a9b0962485cab4c953f98ec,wenyi090326-2.stratalog.logdata.json
DialogueNodeEvent:20:10,dialogue,1,DialogueEvent,Unit 2 Prod (Refactor),2026-09-04T18:10:08.8670000Z,2026-09-04T18:10:08.8670000Z,6a9b0980485cab4c953f9908,wenyi090326-2.stratalog.logdata.json
DialogueNodeEvent:20:110,dialogue,1,DialogueEvent,Unit 2 Prod (Refactor),2026-09-04T18:28:22.4900000Z,2026-09-04T18:28:22.4900000Z,6a9b0dc6485cab4c953fa20a,wenyi090326-2.stratalog.logdata.json
DialogueNodeEvent:20:111,dialogue,1,DialogueEvent,Unit 2 Prod (Refactor),2026-09-04T18:10:20.8090000Z,2026-09-04T18:10:20.8090000Z,6a9b098c485cab4c953f9928,wenyi090326-2.stratalog.logdata.json
DialogueNodeEvent:20:13,dialogue,1,DialogueEvent,Unit 2 Prod (Refactor),2026-09-04T18:10:09.5680000Z,2026-09-04T18:10:09.5680000Z,6a9b0981485cab4c953f990a,wenyi090326-2.stratalog.logdata.json
DialogueNodeEvent:20:15,dialogue,1,DialogueEvent,Unit 2 Prod (Refactor),2026-09-04T18:10:09.9340000Z,2026-09-04T18:10:09.9340000Z,6a9b0981485cab4c953f990c,wenyi090326-2.stratalog.logdata.json
DialogueNodeEvent:20:17,dialogue,1,DialogueEvent,Unit 2 Prod (Refactor),2026-09-04T18:10:10.3680000Z,2026-09-04T18:10:10.3680000Z,6a9b0982485cab4c953f990e,wenyi090326-2.stratalog.logdata.json
DialogueNodeEvent:20:19,dialogue,1,DialogueEvent,Unit 2 Prod (Refactor),2026-09-04T18:10:12.7360000Z,2026-09-04T18:10:12.7360000Z,6a9b0984485cab4c953f9910,wenyi090326-2.stratalog.logdata.json
DialogueNodeEvent:20:20,dialogue,1,DialogueEvent,Unit 2 Prod (Refactor),2026-09-04T18:10:13.3360000Z,2026-09-04T18:10:13.3360000Z,6a9b0985485cab4c953f9912,wenyi090326-2.stratalog.logdata.json
DialogueNodeEvent:20:21,dialogue,1,DialogueEvent,Unit 2 Prod (Refactor),2026-09-04T18:10:13.7370000Z,2026-09-04T18:10:13.7370000Z,6a9b0985485cab4c953f9914,wenyi090326-2.stratalog.logdata.json
DialogueNodeEvent:20:22,dialogue,1,DialogueEvent,Unit 2 Prod (Refactor),2026-09-04T18:10:15.5040000Z,2026-09-04T18:10:15.5040000Z,6a9b0987485cab4c953f9918,wenyi090326-2.stratalog.logdata.json
DialogueNodeEvent:20:24,dialogue,1,DialogueEvent,Unit 2 Prod (Refactor),2026-09-04T18:10:16.1710000Z,2026-09-04T18:10:16.1710000Z,6a9b0988485cab4c953f991a,wenyi090326-2.stratalog.logdata.json
DialogueNodeEvent:20:26,dialogue,1,DialogueEvent,Unit 2 Prod (Refactor),2026-09-04T18:10:16.5060000Z,2026-09-04T18:10:16.5060000Z,6a9b0988485cab4c953f991c,wenyi090326-2.stratalog.logdata.json
DialogueNodeEvent:20:27,dialogue,1,DialogueEvent,Unit 2 Prod (Refactor),2026-09-04T18:10:17.0460000Z,2026-09-04T18:10:17.0460000Z,6a9b0988485cab4c953f991e,wenyi090326-2.stratalog.logdata.json
DialogueNodeEvent:20:28,dialogue,1,DialogueEvent,Unit 2 Prod (Refactor),2026-09-04T18:10:19.3060000Z,2026-09-04T18:10:19.3060000Z,6a9b098b485cab4c953f9920,wenyi090326-2.stratalog.logdata.json
DialogueNodeEvent:20:30,dialogue,1,DialogueEvent,Unit 2 Prod (Refactor),2026-09-04T18:10:20.0390000Z,2026-09-04T18:10:20.0390000Z,6a9b098b485cab4c953f9922,wenyi090326-2.stratalog.logdata.json
DialogueNodeEvent:20:31,dialogue,1,DialogueEvent,Unit 2 Prod (Refactor),2026-09-04T18:10:20.3730000Z,2026-09-04T18:10:20.3730000Z,6a9b098c485cab4c953f9924,wenyi090326-2.stratalog.logdata.json
DialogueNodeEvent:20:33,dialogue,1,DialogueEvent,Unit 2 Prod (Refactor),2026-09-04T18:10:20.8100000Z,2026-09-04T18:10:20.8100000Z,6a9b098c485cab4c953f992a,wenyi090326-2.stratalog.logdata.json
DialogueNodeEvent:20:35,dialogue,1,DialogueEvent,Unit 2 Prod (Refactor),2026-09-04T18:28:16.8240000Z,2026-09-04T18:28:16.8240000Z,6a9b0dc0485cab4c953fa1fa,wenyi090326-2.stratalog.logdata.json
DialogueNodeEvent:20:36,dialogue,1,DialogueEvent,Unit 2 Prod (Refactor),2026-09-04T18:28:18.1210000Z,2026-09-04T18:28:18.1210000Z,6a9b0dc1485cab4c953fa1fc,wenyi090326-2.stratalog.logdata.json
DialogueNodeEvent:20:37,dialogue,1,DialogueEvent,Unit 2 Prod (Refactor),2026-09-04T18:28:18.5550000Z,2026-09-04T18:28:18.5550000Z,6a9b0dc2485cab4c953fa200,wenyi090326-2.stratalog.logdata.json
DialogueNodeEvent:20:4,dialogue,1,DialogueEvent,Unit 2 Prod (Refactor),2026-09-04T18:09:50.3620000Z,2026-09-04T18:09:50.3620000Z,6a9b096e485cab4c953f98f4,wenyi090326-2.stratalog.logdata.json
DialogueNodeEvent:20:41,dialogue,1,DialogueEvent,Unit 2 Prod (Refactor),2026-09-04T18:28:18.9880000Z,2026-09-04T18:28:18.9880000Z,6a9b0dc2485cab4c953fa202,wenyi090326-2.stratalog.logdata.json
DialogueNodeEvent:20:42,dialogue,1,DialogueEvent,Unit 2 Prod (Refactor),2026-09-04T18:28:19.4560000Z,2026-09-04T18:28:19.4560000Z,6a9b0dc3485cab4c953fa204,wenyi090326-2.stratalog.logdata.json
DialogueNodeEvent:20:43,dialogue,1,DialogueEvent,Unit 2 Prod (Refactor),2026-09-04T18:28:21.2230000Z,2026-09-04T18:28:21.2230000Z,6a9b0dc5485cab4c953fa206,wenyi090326-2.stratalog.logdata.json
DialogueNodeEvent:20:46,dialogue,1,DialogueEvent,Unit 2 Prod (Refactor),2026-09-04T18:28:22.1570000Z,2026-09-04T18:28:22.1570000Z,6a9b0dc5485cab4c953fa208,wenyi090326-2.stratalog.logdata.json
DialogueNodeEvent:20:5,dialogue,1,DialogueEvent,Unit 2 Prod (Refactor),2026-09-04T18:10:03.7330000Z,2026-09-04T18:10:03.7330000Z,6a9b097b485cab4c953f98fe,wenyi090326-2.stratalog.logdata.json
DialogueNodeEvent:20:50,dialogue,1,DialogueEvent,Unit 2 Prod (Refactor),2026-09-04T18:28:24.0580000Z,2026-09-04T18:28:24.0580000Z,6a9b0dc7485cab4c953fa20c,wenyi090326-2.stratalog.logdata.json
DialogueNodeEvent:20:55,dialogue,1,DialogueEvent,Unit 2 Prod (Refactor),2026-09-04T18:28:24.8250000Z,2026-09-04T18:28:24.8250000Z,6a9b0dc8485cab4c953fa20e,wenyi090326-2.stratalog.logdata.json
DialogueNodeEvent:20:57,dialogue,1,DialogueEvent,Unit 2 Prod (Refactor),2026-09-04T18:28:29.3260000Z,2026-09-04T18:28:29.3260000Z,6a9b0dcd485cab4c953fa224,wenyi090326-2.stratalog.logdata.json
DialogueNodeEvent:20:6,dialogue,1,DialogueEvent,Unit 2 Prod (Refactor),2026-09-04T18:10:06.4330000Z,2026-09-04T18:10:06.4330000Z,6a9b097e485cab4c953f9904,wenyi090326-2.stratalog.logdata.json
DialogueNodeEvent:20:62,dialogue,1,DialogueEvent,Unit 2 Prod (Refactor),2026-09-04T18:28:30.0620000Z,2026-09-04T18:28:30.0620000Z,6a9b0dcd485cab4c953fa226,wenyi090326-2.stratalog.logdata.json
DialogueNodeEvent:20:63,dialogue,1,DialogueEvent,Unit 2 Prod (Refactor),2026-09-04T18:28:30.3620000Z,2026-09-04T18:28:30.3620000Z,6a9b0dce485cab4c953fa22a,wenyi090326-2.stratalog.logdata.json
DialogueNodeEvent:20:64,dialogue,1,DialogueEvent,Unit 2 Prod (Refactor),2026-09-04T18:29:25.4880000Z,2026-09-04T18:29:25.4880000Z,6a9b0e05485cab4c953fa2d8,wenyi090326-2.stratalog.logdata.json
DialogueNodeEvent:20:65,dialogue,1,DialogueEvent,Unit 2 Prod (Refactor),2026-09-04T18:29:25.8870000Z,2026-09-04T18:29:25.8870000Z,6a9b0e05485cab4c953fa2da,wenyi090326-2.stratalog.logdata.json
DialogueNodeEvent:20:66,dialogue,1,DialogueEvent,Unit 2 Prod (Refactor),2026-09-04T18:29:26.2870000Z,2026-09-04T18:29:26.2870000Z,6a9b0e06485cab4c953fa2dc,wenyi090326-2.stratalog.logdata.json
DialogueNodeEvent:20:67,dialogue,1,DialogueEvent,Unit 2 Prod (Refactor),2026-09-04T18:29:26.6540000Z,2026-09-04T18:29:26.6540000Z,6a9b0e06485cab4c953fa2e4,wenyi090326-2.stratalog.logdata.json
DialogueNodeEvent:20:68,dialogue,1,DialogueEvent,Unit 2 Prod (Refactor),2026-09-04T18:29:27.0550000Z,2026-09-04T18:29:27.0550000Z,6a9b0e06485cab4c953fa2ea,wenyi090326-2.stratalog.logdata.json
DialogueNodeEvent:20:69,dialogue,1,DialogueEvent,Unit 2 Prod (Refactor),2026-09-04T18:29:27.4540000Z,2026-09-04T18:29:27.4540000Z,6a9b0e07485cab4c953fa2ec,wenyi090326-2.stratalog.logdata.json
DialogueNodeEvent:20:70,dialogue,1,DialogueEvent,Unit 2 Prod (Refactor),2026-09-04T18:29:27.8880000Z,2026-09-04T18:29:27.8880000Z,6a9b0e07485cab4c953fa2ee,wenyi090326-2.stratalog.logdata.json
DialogueNodeEvent:20:71,dialogue,1,DialogueEvent,Unit 2 Prod (Refactor),2026-09-04T18:29:29.4550000Z,2026-09-04T18:29:29.4550000Z,6a9b0e09485cab4c953fa2f4,wenyi090326-2.stratalog.logdata.json
DialogueNodeEvent:20:73,dialogue,1,DialogueEvent,Unit 2 Prod (Refactor),2026-09-04T18:29:30.1560000Z,2026-09-04T18:29:30.1560000Z,6a9b0e09485cab4c953fa2f6,wenyi090326-2.stratalog.logdata.json
DialogueNodeEvent:20:74,dialogue,1,DialogueEvent,Unit 2 Prod (Refactor),2026-09-04T18:29:31.8900000Z,2026-09-04T18:29:31.8900000Z,6a9b0e0b485cab4c953fa2fc,wenyi090326-2.stratalog.logdata.json
DialogueNodeEvent:20:76,dialogue,1,DialogueEvent,Unit 2 Prod (Refactor),2026-09-04T18:29:32.5670000Z,2026-09-04T18:29:32.5670000Z,6a9b0e0c485cab4c953fa300,wenyi090326-2.stratalog.logdata.json
DialogueNodeEvent:20:8,dialogue,1,DialogueEvent,Unit 2 Prod (Refactor),2026-09-04T18:10:07.1000000Z,2026-09-04T18:10:07.1000000Z,6a9b097e485cab4c953f9906,wenyi090326-2.stratalog.logdata.json
DialogueNodeEvent:21:0,dialogue,1,DialogueEvent,Unit 2 Prod (Refactor),2026-09-04T18:24:45.9370000Z,2026-09-04T18:24:45.9370000Z,6a9b0ced485cab4c953f9f5c,wenyi090326-2.stratalog.logdata.json
DialogueNodeEvent:21:1,dialogue,1,DialogueEvent,Unit 2 Prod (Refactor),2026-09-04T18:11:07.6310000Z,2026-09-04T18:11:07.6310000Z,6a9b09bb485cab4c953f995c,wenyi090326-2.stratalog.logdata.json
DialogueNodeEvent:21:10,dialogue,1,DialogueEvent,Unit 2 Prod (Refactor),2026-09-04T18:11:20.7020000Z,2026-09-04T18:11:20.7020000Z,6a9b09c8485cab4c953f996c,wenyi090326-2.stratalog.logdata.json
DialogueNodeEvent:21:11,dialogue,1,DialogueEvent,Unit 2 Prod (Refactor),2026-09-04T18:11:21.1360000Z,2026-09-04T18:11:21.1360000Z,6a9b09c8485cab4c953f996e,wenyi090326-2.stratalog.logdata.json
DialogueNodeEvent:21:12,dialogue,1,DialogueEvent,Unit 2 Prod (Refactor),2026-09-04T18:11:22.6700000Z,2026-09-04T18:11:22.6700000Z,6a9b09ca485cab4c953f9970,wenyi090326-2.stratalog.logdata.json
DialogueNodeEvent:21:15,dialogue,1,DialogueEvent,Unit 2 Prod (Refactor),2026-09-04T18:11:23.6730000Z,2026-09-04T18:11:23.6730000Z,6a9b09cb485cab4c953f9976,wenyi090326-2.stratalog.logdata.json
DialogueNodeEvent:21:19,dialogue,1,DialogueEvent,Unit 2 Prod (Refactor),2026-09-04T18:19:59.7690000Z,2026-09-04T18:19:59.7690000Z,6a9b0bcf485cab4c953f9de2,wenyi090326-2.stratalog.logdata.json
DialogueNodeEvent:21:2,dialogue,1,DialogueEvent,Unit 2 Prod (Refactor),2026-09-04T18:11:18.6010000Z,2026-09-04T18:11:18.6010000Z,6a9b09c6485cab4c953f9962,wenyi090326-2.stratalog.logdata.json
DialogueNodeEvent:21:20,dialogue,1,DialogueEvent,Unit 2 Prod (Refactor),2026-09-04T18:20:02.0700000Z,2026-09-04T18:20:02.0700000Z,6a9b0bd1485cab4c953f9de8,wenyi090326-2.stratalog.logdata.json
DialogueNodeEvent:21:21,dialogue,1,DialogueEvent,Unit 2 Prod (Refactor),2026-09-04T18:20:04.8690000Z,2026-09-04T18:20:04.8690000Z,6a9b0bd4485cab4c953f9dec,wenyi090326-2.stratalog.logdata.json
DialogueNodeEvent:21:22,dialogue,1,DialogueEvent,Unit 2 Prod (Refactor),2026-09-04T18:20:23.6470000Z,2026-09-04T18:20:23.6470000Z,6a9b0be7485cab4c953f9df4,wenyi090326-2.stratalog.logdata.json
DialogueNodeEvent:21:23,dialogue,1,DialogueEvent,Unit 2 Prod (Refactor),2026-09-04T18:20:35.5860000Z,2026-09-04T18:20:35.5860000Z,6a9b0bf3485cab4c953f9dfc,wenyi090326-2.stratalog.logdata.json
DialogueNodeEvent:21:24,dialogue,1,DialogueEvent,Unit 2 Prod (Refactor),2026-09-04T18:20:46.6580000Z,2026-09-04T18:20:46.6580000Z,6a9b0bfe485cab4c953f9e04,wenyi090326-2.stratalog.logdata.json
DialogueNodeEvent:21:25,dialogue,1,DialogueEvent,Unit 2 Prod (Refactor),2026-09-04T18:20:52.8920000Z,2026-09-04T18:20:52.8920000Z,6a9b0c04485cab4c953f9e0a,wenyi090326-2.stratalog.logdata.json
DialogueNodeEvent:21:28,dialogue,1,DialogueEvent,Unit 2 Prod (Refactor),2026-09-04T18:21:04.9670000Z,2026-09-04T18:21:04.9670000Z,6a9b0c10485cab4c953f9e10,wenyi090326-2.stratalog.logdata.json
DialogueNodeEvent:21:29,dialogue,1,DialogueEvent,Unit 2 Prod (Refactor),2026-09-04T18:21:10.4340000Z,2026-09-04T18:21:10.4340000Z,6a9b0c16485cab4c953f9e16,wenyi090326-2.stratalog.logdata.json
DialogueNodeEvent:21:30,dialogue,1,DialogueEvent,Unit 2 Prod (Refactor),2026-09-04T18:21:26.7440000Z,2026-09-04T18:21:26.7440000Z,6a9b0c26485cab4c953f9e1c,wenyi090326-2.stratalog.logdata.json
DialogueNodeEvent:21:31,dialogue,1,DialogueEvent,Unit 2 Prod (Refactor),2026-09-04T18:21:37.9490000Z,2026-09-04T18:21:37.9490000Z,6a9b0c31485cab4c953f9e24,wenyi090326-2.stratalog.logdata.json
DialogueNodeEvent:21:32,dialogue,1,DialogueEvent,Unit 2 Prod (Refactor),2026-09-04T18:21:47.1530000Z,2026-09-04T18:21:47.1530000Z,6a9b0c3b485cab4c953f9e2c,wenyi090326-2.stratalog.logdata.json
DialogueNodeEvent:21:33,dialogue,1,DialogueEvent,Unit 2 Prod (Refactor),2026-09-04T18:21:58.5570000Z,2026-09-04T18:21:58.5570000Z,6a9b0c46485cab4c953f9e34,wenyi090326-2.stratalog.logdata.json
DialogueNodeEvent:21:34,dialogue,1,DialogueEvent,Unit 2 Prod (Refactor),2026-09-04T18:22:03.0590000Z,2026-09-04T18:22:03.0590000Z,6a9b0c4a485cab4c953f9e36,wenyi090326-2.stratalog.logdata.json
DialogueNodeEvent:21:35,dialogue,1,DialogueEvent,Unit 2 Prod (Refactor),2026-09-04T18:22:07.9610000Z,2026-09-04T18:22:07.9610000Z,6a9b0c4f485cab4c953f9e38,wenyi090326-2.stratalog.logdata.json
DialogueNodeEvent:21:36,dialogue,1,DialogueEvent,Unit 2 Prod (Refactor),2026-09-04T18:22:24.8040000Z,2026-09-04T18:22:24.8040000Z,6a9b0c60485cab4c953f9e48,wenyi090326-2.stratalog.logdata.json
DialogueNodeEvent:21:37,dialogue,1,DialogueEvent,Unit 2 Prod (Refactor),2026-09-04T18:22:31.5390000Z,2026-09-04T18:22:31.5390000Z,6a9b0c67485cab4c953f9e4c,wenyi090326-2.stratalog.logdata.json
DialogueNodeEvent:21:38,dialogue,1,DialogueEvent,Unit 2 Prod (Refactor),2026-09-04T18:22:39.9440000Z,2026-09-04T18:22:39.9440000Z,6a9b0c6f485cab4c953f9e56,wenyi090326-2.stratalog.logdata.json
DialogueNodeEvent:21:39,dialogue,1,DialogueEvent,Unit 2 Prod (Refactor),2026-09-04T18:22:46.1820000Z,2026-09-04T18:22:46.1820000Z,6a9b0c76485cab4c953f9e5a,wenyi090326-2.stratalog.logdata.json
DialogueNodeEvent:21:4,dialogue,1,DialogueEvent,Unit 2 Prod (Refactor),2026-09-04T18:11:19.1680000Z,2026-09-04T18:11:19.1680000Z,6a9b09c6485cab4c953f9964,wenyi090326-2.stratalog.logdata.json
DialogueNodeEvent:21:40,dialogue,1,DialogueEvent,Unit 2 Prod (Refactor),2026-09-04T18:22:48.4140000Z,2026-09-04T18:22:48.4140000Z,6a9b0c78485cab4c953f9e5e,wenyi090326-2.stratalog.logdata.json
DialogueNodeEvent:21:42,dialogue,1,DialogueEvent,Unit 2 Prod (Refactor),2026-09-04T18:22:49.2140000Z,2026-09-04T18:22:49.2140000Z,6a9b0c79485cab4c953f9e62,wenyi090326-2.stratalog.logdata.json
DialogueNodeEvent:21:43,dialogue,1,DialogueEvent,Unit 2 Prod (Refactor),2026-09-04T18:22:50.6810000Z,2026-09-04T18:22:50.6810000Z,6a9b0c7a485cab4c953f9e64,wenyi090326-2.stratalog.logdata.json
DialogueNodeEvent:21:45,dialogue,1,DialogueEvent,Unit 2 Prod (Refactor),2026-09-04T18:22:51.4160000Z,2026-09-04T18:22:51.4160000Z,6a9b0c7b485cab4c953f9e68,wenyi090326-2.stratalog.logdata.json
DialogueNodeEvent:21:46,dialogue,1,DialogueEvent,Unit 2 Prod (Refactor),2026-09-04T18:22:51.8500000Z,2026-09-04T18:22:51.8500000Z,6a9b0c7b485cab4c953f9e6a,wenyi090326-2.stratalog.logdata.json
DialogueNodeEvent:21:47,dialogue,1,DialogueEvent,Unit 2 Prod (Refactor),2026-09-04T18:22:52.3160000Z,2026-09-04T18:22:52.3160000Z,6a9b0c7c485cab4c953f9e6c,wenyi090326-2.stratalog.logdata.json
DialogueNodeEvent:21:48,dialogue,1,DialogueEvent,Unit 2 Prod (Refactor),2026-09-04T18:22:52.8160000Z,2026-09-04T18:22:52.8160000Z,6a9b0c7c485cab4c953f9e6e,wenyi090326-2.stratalog.logdata.json
DialogueNodeEvent:21:5,dialogue,1,DialogueEvent,Unit 2 Prod (Refactor),2026-09-04T18:11:19.5010000Z,2026-09-04T18:11:19.5010000Z,6a9b09c7485cab4c953f9966,wenyi090326-2.stratalog.logdata.json
DialogueNodeEvent:21:50,dialogue,1,DialogueEvent,Unit 2 Prod (Refactor),2026-09-04T18:22:53.2830000Z,2026-09-04T18:22:53.2830000Z,6a9b0c7d485cab4c953f9e70,wenyi090326-2.stratalog.logdata.json
DialogueNodeEvent:21:51,dialogue,1,DialogueEvent,Unit 2 Prod (Refactor),2026-09-04T18:22:53.7510000Z,2026-09-04T18:22:53.7510000Z,6a9b0c7d485cab4c953f9e72,wenyi090326-2.stratalog.logdata.json
DialogueNodeEvent:21:60,dialogue,1,DialogueEvent,Unit 2 Prod (Refactor),2026-09-04T18:24:45.9400000Z,2026-09-04T18:24:45.9400000Z,6a9b0ced485cab4c953f9f60,wenyi090326-2.stratalog.logdata.json
DialogueNodeEvent:21:61,dialogue,1,DialogueEvent,Unit 2 Prod (Refactor),2026-09-04T18:24:48.2710000Z,2026-09-04T18:24:48.2710000Z,6a9b0cf0485cab4c953f9f62,wenyi090326-2.stratalog.logdata.json
DialogueNodeEvent:21:63,dialogue,1,DialogueEvent,Unit 2 Prod (Refactor),2026-09-04T18:24:49.6730000Z,2026-09-04T18:24:49.6730000Z,6a9b0cf1485cab4c953f9f66,wenyi090326-2.stratalog.logdata.json
DialogueNodeEvent:21:65,dialogue,1,DialogueEvent,Unit 2 Prod (Refactor),2026-09-04T18:24:52.1730000Z,2026-09-04T18:24:52.1730000Z,6a9b0cf3485cab4c953f9f68,wenyi090326-2.stratalog.logdata.json
DialogueNodeEvent:21:68,dialogue,1,DialogueEvent,Unit 2 Prod (Refactor),2026-09-04T18:24:53.1060000Z,2026-09-04T18:24:53.1060000Z,6a9b0cf4485cab4c953f9f6a,wenyi090326-2.stratalog.logdata.json
DialogueNodeEvent:21:69,dialogue,1,DialogueEvent,Unit 2 Prod (Refactor),2026-09-04T18:24:53.6070000Z,2026-09-04T18:24:53.6070000Z,6a9b0cf5485cab4c953f9f6c,wenyi090326-2.stratalog.logdata.json
DialogueNodeEvent:21:70,dialogue,1,DialogueEvent,Unit 2 Prod (Refactor),2026-09-04T18:24:55.3410000Z,2026-09-04T18:24:55.3410000Z,6a9b0cf7485cab4c953f9f6e,wenyi090326-2.stratalog.logdata.json
DialogueNodeEvent:21:72,dialogue,1,DialogueEvent,Unit 2 Prod (Refactor),2026-09-04T18:24:56.3750000Z,2026-09-04T18:24:56.3750000Z,6a9b0cf8485cab4c953f9f70,wenyi090326-2.stratalog.logdata.json
DialogueNodeEvent:21:73,dialogue,1,DialogueEvent,Unit 2 Prod (Refactor),2026-09-04T18:24:58.0420000Z,2026-09-04T18:24:58.0420000Z,6a9b0cf9485cab4c953f9f72,wenyi090326-2.stratalog.logdata.json
DialogueNodeEvent:21:75,dialogue,1,DialogueEvent,Unit 2 Prod (Refactor),2026-09-04T18:24:58.7430000Z,2026-09-04T18:24:58.7430000Z,6a9b0cfa485cab4c953f9f76,wenyi090326-2.stratalog.logdata.json
DialogueNodeEvent:21:76,dialogue,1,DialogueEvent,Unit 2 Prod (Refactor),2026-09-04T18:24:59.2770000Z,2026-09-04T18:24:59.2770000Z,6a9b0cfb485cab4c953f9f78,wenyi090326-2.stratalog.logdata.json
DialogueNodeEvent:21:8,dialogue,1,DialogueEvent,Unit 2 Prod (Refactor),2026-09-04T18:11:19.9020000Z,2026-09-04T18:11:19.9020000Z,6a9b09c7485cab4c953f9968,wenyi090326-2.stratalog.logdata.json
DialogueNodeEvent:21:9,dialogue,1,DialogueEvent,Unit 2 Prod (Refactor),2026-09-04T18:11:20.3020000Z,2026-09-04T18:11:20.3020000Z,6a9b09c8485cab4c953f996a,wenyi090326-2.stratalog.logdata.json
DialogueNodeEvent:21:92,dialogue,1,DialogueEvent,Unit 2 Prod (Refactor),2026-09-04T18:11:23.3360000Z,2026-09-04T18:11:23.3360000Z,6a9b09cb485cab4c953f9972,wenyi090326-2.stratalog.logdata.json
DialogueNodeEvent:22:10,dialogue,1,DialogueEvent,Unit 2 Prod (Refactor),2026-09-04T18:14:44.2990000Z,2026-09-04T18:14:44.2990000Z,6a9b0a94485cab4c953f99b6,wenyi090326-2.stratalog.logdata.json
DialogueNodeEvent:22:12,dialogue,1,DialogueEvent,Unit 2 Prod (Refactor),2026-09-04T18:14:44.9660000Z,2026-09-04T18:14:44.9660000Z,6a9b0a94485cab4c953f99ba,wenyi090326-2.stratalog.logdata.json
DialogueNodeEvent:22:13,dialogue,1,DialogueEvent,Unit 2 Prod (Refactor),2026-09-04T18:14:46.3330000Z,2026-09-04T18:14:46.3330000Z,6a9b0a96485cab4c953f99bc,wenyi090326-2.stratalog.logdata.json
DialogueNodeEvent:22:15,dialogue,1,DialogueEvent,Unit 2 Prod (Refactor),2026-09-04T18:14:47.0340000Z,2026-09-04T18:14:47.0340000Z,6a9b0a96485cab4c953f99be,wenyi090326-2.stratalog.logdata.json
DialogueNodeEvent:22:16,dialogue,1,DialogueEvent,Unit 2 Prod (Refactor),2026-09-04T18:14:47.3680000Z,2026-09-04T18:14:47.3680000Z,6a9b0a97485cab4c953f99c0,wenyi090326-2.stratalog.logdata.json
DialogueNodeEvent:22:17,dialogue,1,DialogueEvent,Unit 2 Prod (Refactor),2026-09-04T18:14:47.7680000Z,2026-09-04T18:14:47.7680000Z,6a9b0a97485cab4c953f99c2,wenyi090326-2.stratalog.logdata.json
DialogueNodeEvent:22:18,dialogue,1,DialogueEvent,Unit 2 Prod (Refactor),2026-09-04T18:14:48.2010000Z,2026-09-04T18:14:48.2010000Z,6a9b0a98485cab4c953f99c4,wenyi090326-2.stratalog.logdata.json
DialogueNodeEvent:22:19,dialogue,1,DialogueEvent,Unit 2 Prod (Refactor),2026-09-04T18:14:48.6010000Z,2026-09-04T18:14:48.6010000Z,6a9b0a98485cab4c953f99c6,wenyi090326-2.stratalog.logdata.json
DialogueNodeEvent:22:20,dialogue,1,DialogueEvent,Unit 2 Prod (Refactor),2026-09-04T18:14:49.9680000Z,2026-09-04T18:14:49.9680000Z,6a9b0a99485cab4c953f99c8,wenyi090326-2.stratalog.logdata.json
DialogueNodeEvent:22:22,dialogue,1,DialogueEvent,Unit 2 Prod (Refactor),2026-09-04T18:14:50.8770000Z,2026-09-04T18:14:50.8770000Z,6a9b0a9a485cab4c953f99ca,wenyi090326-2.stratalog.logdata.json
DialogueNodeEvent:22:27,dialogue,1,DialogueEvent,Unit 2 Prod (Refactor),2026-09-04T18:14:53.9700000Z,2026-09-04T18:14:53.9700000Z,6a9b0a9d485cab4c953f99d0,wenyi090326-2.stratalog.logdata.json
DialogueNodeEvent:22:4,dialogue,1,DialogueEvent,Unit 2 Prod (Refactor),2026-09-04T18:12:15.8960000Z,2026-09-04T18:12:15.8960000Z,6a9b09ff485cab4c953f9990,wenyi090326-2.stratalog.logdata.json
DialogueNodeEvent:22:46,dialogue,1,DialogueEvent,Unit 2 Prod (Refactor),2026-09-04T18:14:52.9030000Z,2026-09-04T18:14:52.9030000Z,6a9b0a9c485cab4c953f99cc,wenyi090326-2.stratalog.logdata.json
DialogueNodeEvent:22:48,dialogue,1,DialogueEvent,Unit 2 Prod (Refactor),2026-09-04T18:14:53.6030000Z,2026-09-04T18:14:53.6030000Z,6a9b0a9d485cab4c953f99ce,wenyi090326-2.stratalog.logdata.json
DialogueNodeEvent:22:5,dialogue,1,DialogueEvent,Unit 2 Prod (Refactor),2026-09-04T18:14:41.8640000Z,2026-09-04T18:14:41.8640000Z,6a9b0a91485cab4c953f99b2,wenyi090326-2.stratalog.logdata.json
DialogueNodeEvent:22:50,dialogue,1,DialogueEvent,Unit 2 Prod (Refactor),2026-09-04T18:14:42.6990000Z,2026-09-04T18:14:42.6990000Z,6a9b0a92485cab4c953f99b4,wenyi090326-2.stratalog.logdata.json
DialogueNodeEvent:23:0,dialogue,1,DialogueEvent,Unit 2 Prod (Refactor),2026-09-04T18:25:03.2460000Z,2026-09-04T18:25:03.2460000Z,6a9b0cff485cab4c953f9f7e,wenyi090326-2.stratalog.logdata.json
DialogueNodeEvent:23:1,dialogue,1,DialogueEvent,Unit 2 Prod (Refactor),2026-09-04T18:18:42.1310000Z,2026-09-04T18:18:42.1310000Z,6a9b0b81485cab4c953f9d24,wenyi090326-2.stratalog.logdata.json
DialogueNodeEvent:23:17,dialogue,1,DialogueEvent,Unit 2 Prod (Refactor),2026-09-04T18:18:52.4680000Z,2026-09-04T18:18:52.4680000Z,6a9b0b8c485cab4c953f9d3c,wenyi090326-2.stratalog.logdata.json
DialogueNodeEvent:23:18,dialogue,1,DialogueEvent,Unit 2 Prod (Refactor),2026-09-04T18:18:55.4350000Z,2026-09-04T18:18:55.4350000Z,6a9b0b8f485cab4c953f9d40,wenyi090326-2.stratalog.logdata.json
DialogueNodeEvent:23:2,dialogue,1,DialogueEvent,Unit 2 Prod (Refactor),2026-09-04T18:18:43.9310000Z,2026-09-04T18:18:43.9310000Z,6a9b0b83485cab4c953f9d26,wenyi090326-2.stratalog.logdata.json
DialogueNodeEvent:23:20,dialogue,1,DialogueEvent,Unit 2 Prod (Refactor),2026-09-04T18:18:56.1360000Z,2026-09-04T18:18:56.1360000Z,6a9b0b8f485cab4c953f9d42,wenyi090326-2.stratalog.logdata.json
DialogueNodeEvent:23:21,dialogue,1,DialogueEvent,Unit 2 Prod (Refactor),2026-09-04T18:18:56.4030000Z,2026-09-04T18:18:56.4030000Z,6a9b0b90485cab4c953f9d44,wenyi090326-2.stratalog.logdata.json
DialogueNodeEvent:23:22,dialogue,1,DialogueEvent,Unit 2 Prod (Refactor),2026-09-04T18:19:00.9720000Z,2026-09-04T18:19:00.9720000Z,6a9b0b94485cab4c953f9d4c,wenyi090326-2.stratalog.logdata.json
DialogueNodeEvent:23:24,dialogue,1,DialogueEvent,Unit 2 Prod (Refactor),2026-09-04T18:19:01.6380000Z,2026-09-04T18:19:01.6380000Z,6a9b0b95485cab4c953f9d4e,wenyi090326-2.stratalog.logdata.json
DialogueNodeEvent:23:25,dialogue,1,DialogueEvent,Unit 2 Prod (Refactor),2026-09-04T18:19:03.4400000Z,2026-09-04T18:19:03.4400000Z,6a9b0b97485cab4c953f9d50,wenyi090326-2.stratalog.logdata.json
DialogueNodeEvent:23:27,dialogue,1,DialogueEvent,Unit 2 Prod (Refactor),2026-09-04T18:19:04.0430000Z,2026-09-04T18:19:04.0430000Z,6a9b0b97485cab4c953f9d52,wenyi090326-2.stratalog.logdata.json
DialogueNodeEvent:23:28,dialogue,1,DialogueEvent,Unit 2 Prod (Refactor),2026-09-04T18:25:03.2480000Z,2026-09-04T18:25:03.2480000Z,6a9b0cff485cab4c953f9f82,wenyi090326-2.stratalog.logdata.json
DialogueNodeEvent:23:29,dialogue,1,DialogueEvent,Unit 2 Prod (Refactor),2026-09-04T18:25:15.1500000Z,2026-09-04T18:25:15.1500000Z,6a9b0d0a485cab4c953f9f8a,wenyi090326-2.stratalog.logdata.json
DialogueNodeEvent:23:3,dialogue,1,DialogueEvent,Unit 2 Prod (Refactor),2026-09-04T18:18:44.6640000Z,2026-09-04T18:18:44.6640000Z,6a9b0b84485cab4c953f9d28,wenyi090326-2.stratalog.logdata.json
DialogueNodeEvent:23:31,dialogue,1,DialogueEvent,Unit 2 Prod (Refactor),2026-09-04T18:25:28.8570000Z,2026-09-04T18:25:28.8570000Z,6a9b0d18485cab4c953f9f90,wenyi090326-2.stratalog.logdata.json
DialogueNodeEvent:23:32,dialogue,1,DialogueEvent,Unit 2 Prod (Refactor),2026-09-04T18:25:30.4240000Z,2026-09-04T18:25:30.4240000Z,6a9b0d1a485cab4c953f9f94,wenyi090326-2.stratalog.logdata.json
DialogueNodeEvent:23:34,dialogue,1,DialogueEvent,Unit 2 Prod (Refactor),2026-09-04T18:25:31.0910000Z,2026-09-04T18:25:31.0910000Z,6a9b0d1a485cab4c953f9f96,wenyi090326-2.stratalog.logdata.json
DialogueNodeEvent:23:35,dialogue,1,DialogueEvent,Unit 2 Prod (Refactor),2026-09-04T18:25:31.5920000Z,2026-09-04T18:25:31.5920000Z,6a9b0d1b485cab4c953f9f98,wenyi090326-2.stratalog.logdata.json
DialogueNodeEvent:23:36,dialogue,1,DialogueEvent,Unit 2 Prod (Refactor),2026-09-04T18:25:33.3920000Z,2026-09-04T18:25:33.3920000Z,6a9b0d1d485cab4c953f9f9a,wenyi090326-2.stratalog.logdata.json
DialogueNodeEvent:23:38,dialogue,1,DialogueEvent,Unit 2 Prod (Refactor),2026-09-04T18:25:34.1600000Z,2026-09-04T18:25:34.1600000Z,6a9b0d1d485cab4c953f9f9c,wenyi090326-2.stratalog.logdata.json
DialogueNodeEvent:23:39,dialogue,1,DialogueEvent,Unit 2 Prod (Refactor),2026-09-04T18:25:35.6600000Z,2026-09-04T18:25:35.6600000Z,6a9b0d1f485cab4c953f9f9e,wenyi090326-2.stratalog.logdata.json
DialogueNodeEvent:23:4,dialogue,1,DialogueEvent,Unit 2 Prod (Refactor),2026-09-04T18:18:45.0310000Z,2026-09-04T18:18:45.0310000Z,6a9b0b84485cab4c953f9d2c,wenyi090326-2.stratalog.logdata.json
DialogueNodeEvent:23:41,dialogue,1,DialogueEvent,Unit 2 Prod (Refactor),2026-09-04T18:25:36.3290000Z,2026-09-04T18:25:36.3290000Z,6a9b0d20485cab4c953f9fa0,wenyi090326-2.stratalog.logdata.json
DialogueNodeEvent:23:42,dialogue,1,DialogueEvent,Unit 2 Prod (Refactor),2026-09-04T18:25:36.6280000Z,2026-09-04T18:25:36.6280000Z,6a9b0d20485cab4c953f9fa2,wenyi090326-2.stratalog.logdata.json
DialogueNodeEvent:23:59,dialogue,1,DialogueEvent,Unit 2 Prod (Refactor),2026-09-04T18:18:47.1320000Z,2026-09-04T18:18:47.1320000Z,6a9b0b86485cab4c953f9d2e,wenyi090326-2.stratalog.logdata.json
DialogueNodeEvent:23:61,dialogue,1,DialogueEvent,Unit 2 Prod (Refactor),2026-09-04T18:18:47.7320000Z,2026-09-04T18:18:47.7320000Z,6a9b0b87485cab4c953f9d30,wenyi090326-2.stratalog.logdata.json
DialogueNodeEvent:23:63,dialogue,1,DialogueEvent,Unit 2 Prod (Refactor),2026-09-04T18:18:48.0990000Z,2026-09-04T18:18:48.0990000Z,6a9b0b87485cab4c953f9d32,wenyi090326-2.stratalog.logdata.json
DialogueNodeEvent:23:65,dialogue,1,DialogueEvent,Unit 2 Prod (Refactor),2026-09-04T18:18:50.5670000Z,2026-09-04T18:18:50.5670000Z,6a9b0b8a485cab4c953f9d34,wenyi090326-2.stratalog.logdata.json
DialogueNodeEvent:23:67,dialogue,1,DialogueEvent,Unit 2 Prod (Refactor),2026-09-04T18:18:51.2670000Z,2026-09-04T18:18:51.2670000Z,6a9b0b8b485cab4c953f9d36,wenyi090326-2.stratalog.logdata.json
DialogueNodeEvent:23:68,dialogue,1,DialogueEvent,Unit 2 Prod (Refactor),2026-09-04T18:18:51.6000000Z,2026-09-04T18:18:51.6000000Z,6a9b0b8b485cab4c953f9d38,wenyi090326-2.stratalog.logdata.json
DialogueNodeEvent:23:69,dialogue,1,DialogueEvent,Unit 2 Prod (Refactor),2026-09-04T18:18:52.0010000Z,2026-09-04T18:18:52.0010000Z,6a9b0b8b485cab4c953f9d3a,wenyi090326-2.stratalog.logdata.json
DialogueNodeEvent:23:70,dialogue,1,DialogueEvent,Unit 2 Prod (Refactor),2026-09-04T18:18:56.8030000Z,2026-09-04T18:18:56.8030000Z,6a9b0b90485cab4c953f9d46,wenyi090326-2.stratalog.logdata.json
DialogueNodeEvent:23:72,dialogue,1,DialogueEvent,Unit 2 Prod (Refactor),2026-09-04T18:18:59.0040000Z,2026-09-04T18:18:59.0040000Z,6a9b0b92485cab4c953f9d48,wenyi090326-2.stratalog.logdata.json
DialogueNodeEvent:23:73,dialogue,1,DialogueEvent,Unit 2 Prod (Refactor),2026-09-04T18:18:59.5710000Z,2026-09-04T18:18:59.5710000Z,6a9b0b93485cab4c953f9d4a,wenyi090326-2.stratalog.logdata.json
DialogueNodeEvent:26:0,dialogue,6,DialogueEvent,Unit 2 Prod (Refactor),2026-09-04T18:23:06.7240000Z,2026-09-04T18:24:11.4560000Z,6a9b0c8a485cab4c953f9e88,wenyi090326-2.stratalog.logdata.json
DialogueNodeEvent:26:136,dialogue,1,DialogueEvent,Unit 2 Prod (Refactor),2026-09-04T18:24:12.6230000Z,2026-09-04T18:24:12.6230000Z,6a9b0ccc485cab4c953f9f0a,wenyi090326-2.stratalog.logdata.json
DialogueNodeEvent:26:141,dialogue,6,DialogueEvent,Unit 2 Prod (Refactor),2026-09-04T18:23:07.6570000Z,2026-09-04T18:24:12.6220000Z,6a9b0c8b485cab4c953f9e8e,wenyi090326-2.stratalog.logdata.json
DialogueNodeEvent:26:142,dialogue,1,DialogueEvent,Unit 2 Prod (Refactor),2026-09-04T18:23:06.7570000Z,2026-09-04T18:23:06.7570000Z,6a9b0c8a485cab4c953f9e8c,wenyi090326-2.stratalog.logdata.json
DialogueNodeEvent:26:143,dialogue,1,DialogueEvent,Unit 2 Prod (Refactor),2026-09-04T18:23:14.3260000Z,2026-09-04T18:23:14.3260000Z,6a9b0c92485cab4c953f9eac,wenyi090326-2.stratalog.logdata.json
DialogueNodeEvent:26:165,dialogue,1,DialogueEvent,Unit 2 Prod (Refactor),2026-09-04T18:23:30.7010000Z,2026-09-04T18:23:30.7010000Z,6a9b0ca2485cab4c953f9ec6,wenyi090326-2.stratalog.logdata.json
DialogueNodeEvent:26:170,dialogue,1,DialogueEvent,Unit 2 Prod (Refactor),2026-09-04T18:23:20.7960000Z,2026-09-04T18:23:20.7960000Z,6a9b0c98485cab4c953f9eb8,wenyi090326-2.stratalog.logdata.json
DialogueNodeEvent:26:173,dialogue,1,DialogueEvent,Unit 2 Prod (Refactor),2026-09-04T18:24:11.4880000Z,2026-09-04T18:24:11.4880000Z,6a9b0ccb485cab4c953f9f06,wenyi090326-2.stratalog.logdata.json
DialogueNodeEvent:26:178,dialogue,1,DialogueEvent,Unit 2 Prod (Refactor),2026-09-04T18:23:10.6910000Z,2026-09-04T18:23:10.6910000Z,6a9b0c8e485cab4c953f9e9c,wenyi090326-2.stratalog.logdata.json
DialogueNodeEvent:27:0,dialogue,1,DialogueEvent,Unit 2 Prod (Refactor),2026-09-04T18:29:22.7900000Z,2026-09-04T18:29:22.7900000Z,6a9b0e02485cab4c953fa2c8,wenyi090326-2.stratalog.logdata.json
DialogueNodeEvent:27:7,dialogue,1,DialogueEvent,Unit 2 Prod (Refactor),2026-09-04T18:29:22.8200000Z,2026-09-04T18:29:22.8200000Z,6a9b0e02485cab4c953fa2cc,wenyi090326-2.stratalog.logdata.json
DialogueNodeEvent:30:1,dialogue,1,DialogueEvent,Unit 1 Dev,2026-09-04T17:47:44.4460000Z,2026-09-04T17:47:44.4460000Z,6a9b0440485cab4c953f85be,wenyi090326-2.stratalog.logdata.json
DialogueNodeEvent:30:10,dialogue,1,DialogueEvent,Unit 1 Dev,2026-09-04T17:47:55.3130000Z,2026-09-04T17:47:55.3130000Z,6a9b044b485cab4c953f860a,wenyi090326-2.stratalog.logdata.json
DialogueNodeEvent:30:100,dialogue,1,DialogueEvent,Unit 1 Dev,2026-09-04T17:58:47.1260000Z,2026-09-04T17:58:47.1260000Z,6a9b06d6485cab4c953f921a,wenyi090326-2.stratalog.logdata.json
DialogueNodeEvent:30:101,dialogue,1,DialogueEvent,Unit 1 Dev,2026-09-04T17:58:49.5930000Z,2026-09-04T17:58:49.5930000Z,6a9b06d9485cab4c953f9220,wenyi090326-2.stratalog.logdata.json
DialogueNodeEvent:30:102,dialogue,1,DialogueEvent,Unit 1 Dev,2026-09-04T17:58:54.7970000Z,2026-09-04T17:58:54.7970000Z,6a9b06de485cab4c953f9224,wenyi090326-2.stratalog.logdata.json
DialogueNodeEvent:30:103,dialogue,1,DialogueEvent,Unit 1 Dev,2026-09-04T17:58:57.2970000Z,2026-09-04T17:58:57.2970000Z,6a9b06e1485cab4c953f9228,wenyi090326-2.stratalog.logdata.json
DialogueNodeEvent:30:104,dialogue,1,DialogueEvent,Unit 1 Dev,2026-09-04T17:58:58.5670000Z,2026-09-04T17:58:58.5670000Z,6a9b06e2485cab4c953f922e,wenyi090326-2.stratalog.logdata.json
DialogueNodeEvent:30:13,dialogue,1,DialogueEvent,Unit 1 Dev,2026-09-04T17:48:21.2590000Z,2026-09-04T17:48:21.2590000Z,6a9b0465485cab4c953f8630,wenyi090326-2.stratalog.logdata.json
DialogueNodeEvent:30:14,dialogue,1,DialogueEvent,Unit 1 Dev,2026-09-04T17:48:24.2770000Z,2026-09-04T17:48:24.2770000Z,6a9b0468485cab4c953f8638,wenyi090326-2.stratalog.logdata.json
DialogueNodeEvent:30:16,dialogue,1,DialogueEvent,Unit 1 Dev,2026-09-04T17:48:25.6780000Z,2026-09-04T17:48:25.6780000Z,6a9b0469485cab4c953f8640,wenyi090326-2.stratalog.logdata.json
DialogueNodeEvent:30:2,dialogue,1,DialogueEvent,Unit 1 Dev,2026-09-04T17:47:48.6780000Z,2026-09-04T17:47:48.6780000Z,6a9b0444485cab4c953f85e8,wenyi090326-2.stratalog.logdata.json
DialogueNodeEvent:30:29,dialogue,1,DialogueEvent,Unit 1 Dev,2026-09-04T17:48:31.8150000Z,2026-09-04T17:48:31.8150000Z,6a9b046f485cab4c953f866c,wenyi090326-2.stratalog.logdata.json
DialogueNodeEvent:30:32,dialogue,1,DialogueEvent,Unit 1 Dev,2026-09-04T17:48:35.7590000Z,2026-09-04T17:48:35.7590000Z,6a9b0473485cab4c953f8688,wenyi090326-2.stratalog.logdata.json
DialogueNodeEvent:30:33,dialogue,1,DialogueEvent,Unit 1 Dev,2026-09-04T17:48:38.4520000Z,2026-09-04T17:48:38.4520000Z,6a9b0476485cab4c953f8696,wenyi090326-2.stratalog.logdata.json
DialogueNodeEvent:30:37,dialogue,1,DialogueEvent,Unit 1 Dev,2026-09-04T17:48:45.9220000Z,2026-09-04T17:48:45.9220000Z,6a9b047d485cab4c953f86b2,wenyi090326-2.stratalog.logdata.json
DialogueNodeEvent:30:38,dialogue,1,DialogueEvent,Unit 1 Dev,2026-09-04T17:48:55.7940000Z,2026-09-04T17:48:55.7940000Z,6a9b0487485cab4c953f86dc,wenyi090326-2.stratalog.logdata.json
DialogueNodeEvent:30:39,dialogue,1,DialogueEvent,Unit 1 Dev,2026-09-04T17:50:17.0640000Z,2026-09-04T17:50:17.0640000Z,6a9b04d8485cab4c953f875c,wenyi090326-2.stratalog.logdata.json
DialogueNodeEvent:30:41,dialogue,1,DialogueEvent,Unit 1 Dev,2026-09-04T17:50:17.8980000Z,2026-09-04T17:50:17.8980000Z,6a9b04d9485cab4c953f8760,wenyi090326-2.stratalog.logdata.json
DialogueNodeEvent:30:48,dialogue,1,DialogueEvent,Unit 1 Dev,2026-09-04T17:50:18.7000000Z,2026-09-04T17:50:18.7000000Z,6a9b04da485cab4c953f8766,wenyi090326-2.stratalog.logdata.json
DialogueNodeEvent:30:49,dialogue,1,DialogueEvent,Unit 1 Dev,2026-09-04T17:50:30.9380000Z,2026-09-04T17:50:30.9380000Z,6a9b04e6485cab4c953f8776,wenyi090326-2.stratalog.logdata.json
DialogueNodeEvent:30:5,dialogue,1,DialogueEvent,Unit 1 Dev,2026-09-04T17:47:52.3120000Z,2026-09-04T17:47:52.3120000Z,6a9b0448485cab4c953f8600,wenyi090326-2.stratalog.logdata.json
DialogueNodeEvent:30:50,dialogue,1,DialogueEvent,Unit 1 Dev,2026-09-04T17:50:32.6720000Z,2026-09-04T17:50:32.6720000Z,6a9b04e8485cab4c953f8782,wenyi090326-2.stratalog.logdata.json
DialogueNodeEvent:30:56,dialogue,1,DialogueEvent,Unit 1 Dev,2026-09-04T17:50:37.5100000Z,2026-09-04T17:50:37.5100000Z,6a9b04ed485cab4c953f87b0,wenyi090326-2.stratalog.logdata.json
DialogueNodeEvent:30:57,dialogue,1,DialogueEvent,Unit 1 Dev,2026-09-04T17:50:39.5750000Z,2026-09-04T17:50:39.5750000Z,6a9b04ef485cab4c953f87ce,wenyi090326-2.stratalog.logdata.json
DialogueNodeEvent:30:7,dialogue,1,DialogueEvent,Unit 1 Dev,2026-09-04T17:47:52.9120000Z,2026-09-04T17:47:52.9120000Z,6a9b0448485cab4c953f8602,wenyi090326-2.stratalog.logdata.json
DialogueNodeEvent:30:77,dialogue,1,DialogueEvent,Unit 1 Dev,2026-09-04T17:58:35.0860000Z,2026-09-04T17:58:35.0860000Z,6a9b06ca485cab4c953f9210,wenyi090326-2.stratalog.logdata.json
DialogueNodeEvent:30:8,dialogue,1,DialogueEvent,Unit 1 Dev,2026-09-04T17:47:54.6130000Z,2026-09-04T17:47:54.6130000Z,6a9b044a485cab4c953f8606,wenyi090326-2.stratalog.logdata.json
DialogueNodeEvent:30:86,dialogue,1,DialogueEvent,Unit 1 Dev,2026-09-04T17:59:25.3110000Z,2026-09-04T17:59:25.3110000Z,6a9b06fd485cab4c953f924e,wenyi090326-2.stratalog.logdata.json
DialogueNodeEvent:30:89,dialogue,1,DialogueEvent,Unit 1 Dev,2026-09-04T17:47:55.7470000Z,2026-09-04T17:47:55.7470000Z,6a9b044b485cab4c953f860c,wenyi090326-2.stratalog.logdata.json
DialogueNodeEvent:30:90,dialogue,1,DialogueEvent,Unit 1 Dev,2026-09-04T17:48:21.8590000Z,2026-09-04T17:48:21.8590000Z,6a9b0465485cab4c953f8632,wenyi090326-2.stratalog.logdata.json
DialogueNodeEvent:30:91,dialogue,1,DialogueEvent,Unit 1 Dev,2026-09-04T17:48:25.2440000Z,2026-09-04T17:48:25.2440000Z,6a9b0469485cab4c953f863c,wenyi090326-2.stratalog.logdata.json
DialogueNodeEvent:30:93,dialogue,1,DialogueEvent,Unit 1 Dev,2026-09-04T17:48:27.9790000Z,2026-09-04T17:48:27.9790000Z,6a9b046b485cab4c953f8652,wenyi090326-2.stratalog.logdata.json
DialogueNodeEvent:30:94,dialogue,1,DialogueEvent,Unit 1 Dev,2026-09-04T17:48:28.7130000Z,2026-09-04T17:48:28.7130000Z,6a9b046c485cab4c953f8656,wenyi090326-2.stratalog.logdata.json
DialogueNodeEvent:30:95,dialogue,1,DialogueEvent,Unit 1 Dev,2026-09-04T17:48:29.1470000Z,2026-09-04T17:48:29.1470000Z,6a9b046c485cab4c953f8658,wenyi090326-2.stratalog.logdata.json
DialogueNodeEvent:30:96,dialogue,1,DialogueEvent,Unit 1 Dev,2026-09-04T17:48:34.6520000Z,2026-09-04T17:48:34.6520000Z,6a9b0472485cab4c953f8680,wenyi090326-2.stratalog.logdata.json
DialogueNodeEvent:30:97,dialogue,1,DialogueEvent,Unit 1 Dev,2026-09-04T17:50:18.2990000Z,2026-09-04T17:50:18.2990000Z,6a9b04da485cab4c953f8762,wenyi090326-2.stratalog.logdata.json
DialogueNodeEvent:30:98,dialogue,1,DialogueEvent,Unit 1 Dev,2026-09-04T17:56:58.1630000Z,2026-09-04T17:56:58.1630000Z,6a9b066a485cab4c953f9000,wenyi090326-2.stratalog.logdata.json
DialogueNodeEvent:30:99,dialogue,1,DialogueEvent,Unit 1 Dev,2026-09-04T17:58:45.2650000Z,2026-09-04T17:58:45.2650000Z,6a9b06d5485cab4c953f9216,wenyi090326-2.stratalog.logdata.json
DialogueNodeEvent:31:0,dialogue,2,DialogueEvent,Unit 1 Dev,2026-09-04T17:51:02.0550000Z,2026-09-04T17:57:14.8660000Z,6a9b0506485cab4c953f88bd,wenyi090326-2.stratalog.logdata.json
DialogueNodeEvent:31:1,dialogue,1,DialogueEvent,Unit 1 Dev,2026-09-04T17:50:50.5510000Z,2026-09-04T17:50:50.5510000Z,6a9b04fa485cab4c953f883c,wenyi090326-2.stratalog.logdata.json
DialogueNodeEvent:31:13,dialogue,1,DialogueEvent,Unit 1 Dev,2026-09-04T17:51:09.7900000Z,2026-09-04T17:51:09.7900000Z,6a9b050d485cab4c953f8914,wenyi090326-2.stratalog.logdata.json
DialogueNodeEvent:31:2,dialogue,1,DialogueEvent,Unit 1 Dev,2026-09-04T17:51:02.0570000Z,2026-09-04T17:51:02.0570000Z,6a9b0506485cab4c953f88c4,wenyi090326-2.stratalog.logdata.json
DialogueNodeEvent:31:21,dialogue,1,DialogueEvent,Unit 1 Dev,2026-09-04T17:51:10.1900000Z,2026-09-04T17:51:10.1900000Z,6a9b050e485cab4c953f891a,wenyi090326-2.stratalog.logdata.json
DialogueNodeEvent:31:23,dialogue,1,DialogueEvent,Unit 1 Dev,2026-09-04T17:51:10.6910000Z,2026-09-04T17:51:10.6910000Z,6a9b050e485cab4c953f891e,wenyi090326-2.stratalog.logdata.json
DialogueNodeEvent:31:24,dialogue,1,DialogueEvent,Unit 1 Dev,2026-09-04T17:53:44.7300000Z,2026-09-04T17:53:44.7300000Z,6a9b05a8485cab4c953f8d68,wenyi090326-2.stratalog.logdata.json
DialogueNodeEvent:31:29,dialogue,1,DialogueEvent,Unit 1 Dev,2026-09-04T17:53:45.4310000Z,2026-09-04T17:53:45.4310000Z,6a9b05a9485cab4c953f8d6c,wenyi090326-2.stratalog.logdata.json
DialogueNodeEvent:31:32,dialogue,1,DialogueEvent,Unit 1 Dev,2026-09-04T17:53:46.0010000Z,2026-09-04T17:53:46.0010000Z,6a9b05a9485cab4c953f8d76,wenyi090326-2.stratalog.logdata.json
DialogueNodeEvent:31:35,dialogue,1,DialogueEvent,Unit 1 Dev,2026-09-04T17:57:14.8680000Z,2026-09-04T17:57:14.8680000Z,6a9b067a485cab4c953f9078,wenyi090326-2.stratalog.logdata.json
DialogueNodeEvent:31:38,dialogue,1,DialogueEvent,Unit 1 Dev,2026-09-04T17:57:16.4650000Z,2026-09-04T17:57:16.4650000Z,6a9b067c485cab4c953f9080,wenyi090326-2.stratalog.logdata.json
DialogueNodeEvent:31:39,dialogue,1,DialogueEvent,Unit 1 Dev,2026-09-04T17:57:16.9650000Z,2026-09-04T17:57:16.9650000Z,6a9b067c485cab4c953f9093,wenyi090326-2.stratalog.logdata.json
DialogueNodeEvent:31:41,dialogue,1,DialogueEvent,Unit 1 Dev,2026-09-04T17:57:17.5320000Z,2026-09-04T17:57:17.5320000Z,6a9b067d485cab4c953f90ab,wenyi090326-2.stratalog.logdata.json
DialogueNodeEvent:31:45,dialogue,1,DialogueEvent,Unit 1 Dev,2026-09-04T17:57:17.5680000Z,2026-09-04T17:57:17.5680000Z,6a9b067d485cab4c953f90ae,wenyi090326-2.stratalog.logdata.json
DialogueNodeEvent:31:48,dialogue,1,DialogueEvent,Unit 1 Dev,2026-09-04T17:57:20.9340000Z,2026-09-04T17:57:20.9340000Z,6a9b0680485cab4c953f90ee,wenyi090326-2.stratalog.logdata.json
DialogueNodeEvent:31:5,dialogue,1,DialogueEvent,Unit 1 Dev,2026-09-04T17:51:03.1530000Z,2026-09-04T17:51:03.1530000Z,6a9b0507485cab4c953f88ce,wenyi090326-2.stratalog.logdata.json
DialogueNodeEvent:31:51,dialogue,1,DialogueEvent,Unit 1 Dev,2026-09-04T17:57:25.8710000Z,2026-09-04T17:57:25.8710000Z,6a9b0685485cab4c953f911c,wenyi090326-2.stratalog.logdata.json
DialogueNodeEvent:31:55,dialogue,1,DialogueEvent,Unit 1 Dev,2026-09-04T17:58:02.7540000Z,2026-09-04T17:58:02.7540000Z,6a9b06aa485cab4c953f91ec,wenyi090326-2.stratalog.logdata.json
DialogueNodeEvent:31:56,dialogue,1,DialogueEvent,Unit 1 Dev,2026-09-04T17:58:05.7920000Z,2026-09-04T17:58:05.7920000Z,6a9b06ad485cab4c953f91f0,wenyi090326-2.stratalog.logdata.json
DialogueNodeEvent:31:59,dialogue,1,DialogueEvent,Unit 1 Dev,2026-09-04T17:58:08.2900000Z,2026-09-04T17:58:08.2900000Z,6a9b06b0485cab4c953f91f4,wenyi090326-2.stratalog.logdata.json
DialogueNodeEvent:31:6,dialogue,1,DialogueEvent,Unit 1 Dev,2026-09-04T17:51:05.6210000Z,2026-09-04T17:51:05.6210000Z,6a9b0509485cab4c953f88ea,wenyi090326-2.stratalog.logdata.json
DialogueNodeEvent:31:60,dialogue,1,DialogueEvent,Unit 1 Dev,2026-09-04T17:58:16.6620000Z,2026-09-04T17:58:16.6620000Z,6a9b06b8485cab4c953f9200,wenyi090326-2.stratalog.logdata.json
DialogueNodeEvent:31:61,dialogue,1,DialogueEvent,Unit 1 Dev,2026-09-04T17:51:06.2550000Z,2026-09-04T17:51:06.2550000Z,6a9b050a485cab4c953f88f2,wenyi090326-2.stratalog.logdata.json
DialogueNodeEvent:31:64,dialogue,1,DialogueEvent,Unit 1 Dev,2026-09-04T17:51:08.9890000Z,2026-09-04T17:51:08.9890000Z,6a9b050c485cab4c953f8908,wenyi090326-2.stratalog.logdata.json
DialogueNodeEvent:31:65,dialogue,1,DialogueEvent,Unit 1 Dev,2026-09-04T17:58:05.0890000Z,2026-09-04T17:58:05.0890000Z,6a9b06ac485cab4c953f91ee,wenyi090326-2.stratalog.logdata.json
DialogueNodeEvent:31:67,dialogue,1,DialogueEvent,Unit 1 Dev,2026-09-04T17:57:28.3040000Z,2026-09-04T17:57:28.3040000Z,6a9b0688485cab4c953f9126,wenyi090326-2.stratalog.logdata.json
DialogueNodeEvent:31:68,dialogue,1,DialogueEvent,Unit 1 Dev,2026-09-04T17:57:22.0010000Z,2026-09-04T17:57:22.0010000Z,6a9b0681485cab4c953f90f0,wenyi090326-2.stratalog.logdata.json
DialogueNodeEvent:31:69,dialogue,1,DialogueEvent,Unit 1 Dev,2026-09-04T17:57:31.8390000Z,2026-09-04T17:57:31.8390000Z,6a9b068b485cab4c953f9156,wenyi090326-2.stratalog.logdata.json
DialogueNodeEvent:31:70,dialogue,1,DialogueEvent,Unit 1 Dev,2026-09-04T17:57:33.2740000Z,2026-09-04T17:57:33.2740000Z,6a9b068d485cab4c953f9164,wenyi090326-2.stratalog.logdata.json
DialogueNodeEvent:31:71,dialogue,1,DialogueEvent,Unit 1 Dev,2026-09-04T17:57:35.2080000Z,2026-09-04T17:57:35.2080000Z,6a9b068f485cab4c953f917a,wenyi090326-2.stratalog.logdata.json
DialogueNodeEvent:31:72,dialogue,1,DialogueEvent,Unit 1 Dev,2026-09-04T17:57:40.2100000Z,2026-09-04T17:57:40.2100000Z,6a9b0694485cab4c953f9182,wenyi090326-2.stratalog.logdata.json
DialogueNodeEvent:31:73,dialogue,1,DialogueEvent,Unit 1 Dev,2026-09-04T17:57:44.6120000Z,2026-09-04T17:57:44.6120000Z,6a9b0698485cab4c953f918a,wenyi090326-2.stratalog.logdata.json
DialogueNodeEvent:31:74,dialogue,1,DialogueEvent,Unit 1 Dev,2026-09-04T17:57:45.1450000Z,2026-09-04T17:57:45.1450000Z,6a9b0698485cab4c953f9192,wenyi090326-2.stratalog.logdata.json
DialogueNodeEvent:31:78,dialogue,1,DialogueEvent,Unit 1 Dev,2026-09-04T17:57:47.3140000Z,2026-09-04T17:57:47.3140000Z,6a9b069b485cab4c953f91a2,wenyi090326-2.stratalog.logdata.json
DialogueNodeEvent:31:8,dialogue,1,DialogueEvent,Unit 1 Dev,2026-09-04T17:51:06.5880000Z,2026-09-04T17:51:06.5880000Z,6a9b050a485cab4c953f88f4,wenyi090326-2.stratalog.logdata.json
DialogueNodeEvent:31:82,dialogue,1,DialogueEvent,Unit 1 Dev,2026-09-04T17:57:48.0150000Z,2026-09-04T17:57:48.0150000Z,6a9b069b485cab4c953f91a6,wenyi090326-2.stratalog.logdata.json
DialogueNodeEvent:31:83,dialogue,1,DialogueEvent,Unit 1 Dev,2026-09-04T17:57:23.1690000Z,2026-09-04T17:57:23.1690000Z,6a9b0683485cab4c953f90f2,wenyi090326-2.stratalog.logdata.json
DialogueNodeEvent:31:84,dialogue,1,DialogueEvent,Unit 1 Dev,2026-09-04T17:57:24.9370000Z,2026-09-04T17:57:24.9370000Z,6a9b0684485cab4c953f9116,wenyi090326-2.stratalog.logdata.json
DialogueNodeEvent:32:0,dialogue,1,DialogueEvent,Unit 1 Dev,2026-09-04T17:54:33.5550000Z,2026-09-04T17:54:33.5550000Z,6a9b05d9485cab4c953f8f12,wenyi090326-2.stratalog.logdata.json
DialogueNodeEvent:32:101,dialogue,1,DialogueEvent,Unit 1 Dev,2026-09-04T17:54:40.4570000Z,2026-09-04T17:54:40.4570000Z,6a9b05e0485cab4c953f8f4e,wenyi090326-2.stratalog.logdata.json
DialogueNodeEvent:32:69,dialogue,1,DialogueEvent,Unit 1 Dev,2026-09-04T17:54:33.5570000Z,2026-09-04T17:54:33.5570000Z,6a9b05d9485cab4c953f8f18,wenyi090326-2.stratalog.logdata.json
DialogueNodeEvent:32:73,dialogue,1,DialogueEvent,Unit 1 Dev,2026-09-04T17:54:37.0880000Z,2026-09-04T17:54:37.0880000Z,6a9b05dc485cab4c953f8f30,wenyi090326-2.stratalog.logdata.json
DialogueNodeEvent:32:75,dialogue,1,DialogueEvent,Unit 1 Dev,2026-09-04T17:54:37.9560000Z,2026-09-04T17:54:37.9560000Z,6a9b05dd485cab4c953f8f3a,wenyi090326-2.stratalog.logdata.json
DialogueNodeEvent:32:77,dialogue,1,DialogueEvent,Unit 1 Dev,2026-09-04T17:54:38.3900000Z,2026-09-04T17:54:38.3900000Z,6a9b05de485cab4c953f8f40,wenyi090326-2.stratalog.logdata.json
DialogueNodeEvent:32:87,dialogue,1,DialogueEvent,Unit 1 Dev,2026-09-04T17:54:41.0910000Z,2026-09-04T17:54:41.0910000Z,6a9b05e0485cab4c953f8f54,wenyi090326-2.stratalog.logdata.json
DialogueNodeEvent:32:88,dialogue,1,DialogueEvent,Unit 1 Dev,2026-09-04T17:54:41.5570000Z,2026-09-04T17:54:41.5570000Z,6a9b05e1485cab4c953f8f56,wenyi090326-2.stratalog.logdata.json
DialogueNodeEvent:32:91,dialogue,1,DialogueEvent,Unit 1 Dev,2026-09-04T17:54:42.1240000Z,2026-09-04T17:54:42.1240000Z,6a9b05e1485cab4c953f8f58,wenyi090326-2.stratalog.logdata.json
DialogueNodeEvent:32:95,dialogue,1,DialogueEvent,Unit 1 Dev,2026-09-04T17:54:44.1600000Z,2026-09-04T17:54:44.1600000Z,6a9b05e4485cab4c953f8f5c,wenyi090326-2.stratalog.logdata.json
DialogueNodeEvent:32:96,dialogue,1,DialogueEvent,Unit 1 Dev,2026-09-04T17:54:44.9600000Z,2026-09-04T17:54:44.9600000Z,6a9b05e4485cab4c953f8f60,wenyi090326-2.stratalog.logdata.json
DialogueNodeEvent:33:1,dialogue,1,DialogueEvent,Unit 1 Dev,2026-09-04T17:59:09.8360000Z,2026-09-04T17:59:09.8360000Z,6a9b06ed485cab4c953f9238,wenyi090326-2.stratalog.logdata.json
DialogueNodeEvent:33:12,dialogue,1,DialogueEvent,Unit 1 Dev,2026-09-04T17:59:42.0690000Z,2026-09-04T17:59:42.0690000Z,6a9b070d485cab4c953f926c,wenyi090326-2.stratalog.logdata.json
DialogueNodeEvent:33:15,dialogue,1,DialogueEvent,Unit 1 Dev,2026-09-04T17:59:45.3040000Z,2026-09-04T17:59:45.3040000Z,6a9b0711485cab4c953f9272,wenyi090326-2.stratalog.logdata.json
DialogueNodeEvent:33:16,dialogue,1,DialogueEvent,Unit 1 Dev,2026-09-04T17:59:54.2080000Z,2026-09-04T17:59:54.2080000Z,6a9b071a485cab4c953f927a,wenyi090326-2.stratalog.logdata.json
DialogueNodeEvent:33:19,dialogue,1,DialogueEvent,Unit 1 Dev,2026-09-04T18:00:01.4780000Z,2026-09-04T18:00:01.4780000Z,6a9b0723485cab4c953f9282,wenyi090326-2.stratalog.logdata.json
DialogueNodeEvent:33:3,dialogue,1,DialogueEvent,Unit 1 Dev,2026-09-04T17:59:11.6700000Z,2026-09-04T17:59:11.6700000Z,6a9b06ef485cab4c953f923c,wenyi090326-2.stratalog.logdata.json
DialogueNodeEvent:33:5,dialogue,1,DialogueEvent,Unit 1 Dev,2026-09-04T17:59:14.8060000Z,2026-09-04T17:59:14.8060000Z,6a9b06f2485cab4c953f9240,wenyi090326-2.stratalog.logdata.json
DialogueNodeEvent:33:8,dialogue,1,DialogueEvent,Unit 1 Dev,2026-09-04T17:59:34.8890000Z,2026-09-04T17:59:34.8890000Z,6a9b0706485cab4c953f925e,wenyi090326-2.stratalog.logdata.json
DialogueNodeEvent:33:9,dialogue,1,DialogueEvent,Unit 1 Dev,2026-09-04T17:59:38.7500000Z,2026-09-04T17:59:38.7500000Z,6a9b070a485cab4c953f9266,wenyi090326-2.stratalog.logdata.json
DialogueNodeEvent:35:0,dialogue,1,DialogueEvent,Unit 1 Dev,2026-09-04T17:54:51.7640000Z,2026-09-04T17:54:51.7640000Z,6a9b05eb485cab4c953f8f76,wenyi090326-2.stratalog.logdata.json
DialogueNodeEvent:35:1,dialogue,1,DialogueEvent,Unit 1 Dev,2026-09-04T17:54:51.7660000Z,2026-09-04T17:54:51.7660000Z,6a9b05eb485cab4c953f8f7a,wenyi090326-2.stratalog.logdata.json
DialogueNodeEvent:35:20,dialogue,1,DialogueEvent,Unit 1 Dev,2026-09-04T17:56:53.7870000Z,2026-09-04T17:56:53.7870000Z,6a9b0665485cab4c953f8fe2,wenyi090326-2.stratalog.logdata.json
DialogueNodeEvent:35:21,dialogue,1,DialogueEvent,Unit 1 Dev,2026-09-04T17:56:54.1540000Z,2026-09-04T17:56:54.1540000Z,6a9b0665485cab4c953f8fe4,wenyi090326-2.stratalog.logdata.json
DialogueNodeEvent:35:24,dialogue,1,DialogueEvent,Unit 1 Dev,2026-09-04T17:56:54.5880000Z,2026-09-04T17:56:54.5880000Z,6a9b0666485cab4c953f8fe6,wenyi090326-2.stratalog.logdata.json
DialogueNodeEvent:35:28,dialogue,1,DialogueEvent,Unit 1 Dev,2026-09-04T17:56:56.5880000Z,2026-09-04T17:56:56.5880000Z,6a9b0668485cab4c953f8ff4,wenyi090326-2.stratalog.logdata.json
DialogueNodeEvent:35:29,dialogue,1,DialogueEvent,Unit 1 Dev,2026-09-04T17:56:57.7900000Z,2026-09-04T17:56:57.7900000Z,6a9b0669485cab4c953f8ffc,wenyi090326-2.stratalog.logdata.json
DialogueNodeEvent:35:33,dialogue,1,DialogueEvent,Unit 1 Dev,2026-09-04T17:55:19.7090000Z,2026-09-04T17:55:19.7090000Z,6a9b0607485cab4c953f8f8e,wenyi090326-2.stratalog.logdata.json
DialogueNodeEvent:35:34,dialogue,1,DialogueEvent,Unit 1 Dev,2026-09-04T17:55:21.3100000Z,2026-09-04T17:55:21.3100000Z,6a9b0609485cab4c953f8f94,wenyi090326-2.stratalog.logdata.json
DialogueNodeEvent:35:40,dialogue,1,DialogueEvent,Unit 1 Dev,2026-09-04T17:56:53.0530000Z,2026-09-04T17:56:53.0530000Z,6a9b0664485cab4c953f8fe0,wenyi090326-2.stratalog.logdata.json
DialogueNodeEvent:35:7,dialogue,1,DialogueEvent,Unit 1 Dev,2026-09-04T17:55:20.9430000Z,2026-09-04T17:55:20.9430000Z,6a9b0608485cab4c953f8f92,wenyi090326-2.stratalog.logdata.json
DialogueNodeEvent:35:8,dialogue,1,DialogueEvent,Unit 1 Dev,2026-09-04T17:55:21.7440000Z,2026-09-04T17:55:21.7440000Z,6a9b0609485cab4c953f8f96,wenyi090326-2.stratalog.logdata.json
DialogueNodeEvent:36:0,dialogue,1,DialogueEvent,Unit 1 Dev,2026-09-04T17:53:54.5040000Z,2026-09-04T17:53:54.5040000Z,6a9b05b2485cab4c953f8db6,wenyi090326-2.stratalog.logdata.json
DialogueNodeEvent:36:32,dialogue,1,DialogueEvent,Unit 1 Dev,2026-09-04T17:53:54.5050000Z,2026-09-04T17:53:54.5050000Z,6a9b05b2485cab4c953f8dba,wenyi090326-2.stratalog.logdata.json
DialogueNodeEvent:36:33,dialogue,1,DialogueEvent,Unit 1 Dev,2026-09-04T17:53:56.8360000Z,2026-09-04T17:53:56.8360000Z,6a9b05b4485cab4c953f8dcc,wenyi090326-2.stratalog.logdata.json
DialogueNodeEvent:36:35,dialogue,1,DialogueEvent,Unit 1 Dev,2026-09-04T17:53:57.4360000Z,2026-09-04T17:53:57.4360000Z,6a9b05b5485cab4c953f8dd0,wenyi090326-2.stratalog.logdata.json
DialogueNodeEvent:36:36,dialogue,1,DialogueEvent,Unit 1 Dev,2026-09-04T17:53:57.8710000Z,2026-09-04T17:53:57.8710000Z,6a9b05b5485cab4c953f8dd6,wenyi090326-2.stratalog.logdata.json
DialogueNodeEvent:36:50,dialogue,1,DialogueEvent,Unit 1 Dev,2026-09-04T17:54:00.6050000Z,2026-09-04T17:54:00.6050000Z,6a9b05b8485cab4c953f8df4,wenyi090326-2.stratalog.logdata.json
DialogueNodeEvent:36:52,dialogue,1,DialogueEvent,Unit 1 Dev,2026-09-04T17:54:00.9390000Z,2026-09-04T17:54:00.9390000Z,6a9b05b8485cab4c953f8df6,wenyi090326-2.stratalog.logdata.json
DialogueNodeEvent:36:55,dialogue,1,DialogueEvent,Unit 1 Dev,2026-09-04T17:54:01.3720000Z,2026-09-04T17:54:01.3720000Z,6a9b05b9485cab4c953f8df8,wenyi090326-2.stratalog.logdata.json
DialogueNodeEvent:36:59,dialogue,1,DialogueEvent,Unit 1 Dev,2026-09-04T17:54:03.4720000Z,2026-09-04T17:54:03.4720000Z,6a9b05bb485cab4c953f8e06,wenyi090326-2.stratalog.logdata.json
DialogueNodeEvent:36:60,dialogue,1,DialogueEvent,Unit 1 Dev,2026-09-04T17:54:04.1400000Z,2026-09-04T17:54:04.1400000Z,6a9b05bb485cab4c953f8e0e,wenyi090326-2.stratalog.logdata.json
DialogueNodeEvent:36:65,dialogue,1,DialogueEvent,Unit 1 Dev,2026-09-04T17:53:59.9040000Z,2026-09-04T17:53:59.9040000Z,6a9b05b7485cab4c953f8dec,wenyi090326-2.stratalog.logdata.json
DialogueNodeEvent:37:0,dialogue,1,DialogueEvent,Unit 1 Dev,2026-09-04T17:54:12.3280000Z,2026-09-04T17:54:12.3280000Z,6a9b05c4485cab4c953f8e62,wenyi090326-2.stratalog.logdata.json
DialogueNodeEvent:37:64,dialogue,1,DialogueEvent,Unit 1 Dev,2026-09-04T17:54:12.3300000Z,2026-09-04T17:54:12.3300000Z,6a9b05c4485cab4c953f8e66,wenyi090326-2.stratalog.logdata.json
DialogueNodeEvent:37:66,dialogue,1,DialogueEvent,Unit 1 Dev,2026-09-04T17:54:14.9280000Z,2026-09-04T17:54:14.9280000Z,6a9b05c6485cab4c953f8e70,wenyi090326-2.stratalog.logdata.json
DialogueNodeEvent:37:67,dialogue,1,DialogueEvent,Unit 1 Dev,2026-09-04T17:54:15.5960000Z,2026-09-04T17:54:15.5960000Z,6a9b05c7485cab4c953f8e76,wenyi090326-2.stratalog.logdata.json
DialogueNodeEvent:37:97,dialogue,1,DialogueEvent,Unit 1 Dev,2026-09-04T17:54:16.0630000Z,2026-09-04T17:54:16.0630000Z,6a9b05c7485cab4c953f8e78,wenyi090326-2.stratalog.logdata.json
DialogueNodeEvent:68:29,dialogue,1,DialogueEvent,Unit 2 Prod (Refactor),2026-09-04T18:04:48.3820000Z,2026-09-04T18:04:48.3820000Z,6a9b0840485cab4c953f9784,wenyi090326-2.stratalog.logdata.json
DialogueNodeEvent:68:4,dialogue,1,DialogueEvent,Unit 2 Prod (Refactor),2026-09-04T18:04:27.3380000Z,2026-09-04T18:04:27.3380000Z,6a9b082b485cab4c953f9668,wenyi090326-2.stratalog.logdata.json
DialogueNodeEvent:70:0,dialogue,1,DialogueEvent,Unit 1 Dev,2026-09-04T17:58:00.9230000Z,2026-09-04T17:58:00.9230000Z,6a9b06a8485cab4c953f91e6,wenyi090326-2.stratalog.logdata.json
DialogueNodeEvent:70:7,dialogue,1,DialogueEvent,Unit 1 Dev,2026-09-04T17:58:00.9530000Z,2026-09-04T17:58:00.9530000Z,6a9b06a8485cab4c953f91ea,wenyi090326-2.stratalog.logdata.json
DialogueNodeEvent:73:163,dialogue,4,DialogueEvent,Unit 3 Dev,2026-09-04T18:53:52.0730000Z,2026-09-04T18:54:28.8560000Z,6a9b13bf485cab4c953fab92,wenyi090326-2.stratalog.logdata.json
DialogueNodeEvent:73:174,dialogue,1,DialogueEvent,Unit 3 Dev,2026-09-04T18:54:29.9210000Z,2026-09-04T18:54:29.9210000Z,6a9b13e5485cab4c953fabc8,wenyi090326-2.stratalog.logdata.json
DialogueNodeEvent:73:175,dialogue,1,DialogueEvent,Unit 3 Dev,2026-09-04T18:54:30.3560000Z,2026-09-04T18:54:30.3560000Z,6a9b13e6485cab4c953fabcc,wenyi090326-2.stratalog.logdata.json
DialogueNodeEvent:73:200,dialogue,1,DialogueEvent,Unit 3 Dev,2026-09-04T18:53:13.1690000Z,2026-09-04T18:53:13.1690000Z,6a9b1398485cab4c953fab54,wenyi090326-2.stratalog.logdata.json
DialogueNodeEvent:73:204,dialogue,1,DialogueEvent,Unit 3 Dev,2026-09-04T18:53:18.4040000Z,2026-09-04T18:53:18.4040000Z,6a9b139e485cab4c953fab5a,wenyi090326-2.stratalog.logdata.json
DialogueNodeEvent:73:208,dialogue,1,DialogueEvent,Unit 3 Dev,2026-09-04T18:53:19.3040000Z,2026-09-04T18:53:19.3040000Z,6a9b139f485cab4c953fab5c,wenyi090326-2.stratalog.logdata.json
DialogueNodeEvent:73:209,dialogue,1,DialogueEvent,Unit 3 Dev,2026-09-04T18:53:19.8150000Z,2026-09-04T18:53:19.8150000Z,6a9b139f485cab4c953fab60,wenyi090326-2.stratalog.logdata.json
DialogueNodeEvent:73:210,dialogue,1,DialogueEvent,Unit 3 Dev,2026-09-04T18:53:20.5880000Z,2026-09-04T18:53:20.5880000Z,6a9b13a0485cab4c953fab62,wenyi090326-2.stratalog.logdata.json
DialogueNodeEvent:73:211,dialogue,1,DialogueEvent,Unit 3 Dev,2026-09-04T18:53:21.1570000Z,2026-09-04T18:53:21.1570000Z,6a9b13a0485cab4c953fab66,wenyi090326-2.stratalog.logdata.json
DialogueNodeEvent:73:212,dialogue,1,DialogueEvent,Unit 3 Dev,2026-09-04T18:53:21.1580000Z,2026-09-04T18:53:21.1580000Z,6a9b13a1485cab4c953fab68,wenyi090326-2.stratalog.logdata.json
DialogueNodeEvent:73:213,dialogue,1,DialogueEvent,Unit 3 Dev,2026-09-04T18:54:30.7880000Z,2026-09-04T18:54:30.7880000Z,6a9b13e6485cab4c953fabce,wenyi090326-2.stratalog.logdata.json
DialogueNodeEvent:74:21,dialogue,1,DialogueEvent,Unit 2 Prod (Refactor),2026-09-04T18:18:41.0960000Z,2026-09-04T18:18:41.0960000Z,6a9b0b80485cab4c953f9d1e,wenyi090326-2.stratalog.logdata.json
DialogueNodeEvent:75:1,dialogue,1,DialogueEvent,Unit 3 Dev,2026-09-04T18:43:07.9500000Z,2026-09-04T18:43:07.9500000Z,6a9b113b485cab4c953fa70a,wenyi090326-2.stratalog.logdata.json
DialogueNodeEvent:75:2,dialogue,1,DialogueEvent,Unit 3 Dev,2026-09-04T18:43:11.8820000Z,2026-09-04T18:43:11.8820000Z,6a9b113f485cab4c953fa712,wenyi090326-2.stratalog.logdata.json
DialogueNodeEvent:75:3,dialogue,1,DialogueEvent,Unit 3 Dev,2026-09-04T18:43:14.3840000Z,2026-09-04T18:43:14.3840000Z,6a9b1142485cab4c953fa718,wenyi090326-2.stratalog.logdata.json
DialogueNodeEvent:75:4,dialogue,1,DialogueEvent,Unit 3 Dev,2026-09-04T18:43:23.2210000Z,2026-09-04T18:43:23.2210000Z,6a9b114b485cab4c953fa726,wenyi090326-2.stratalog.logdata.json
DialogueNodeEvent:75:5,dialogue,1,DialogueEvent,Unit 3 Dev,2026-09-04T18:43:25.1890000Z,2026-09-04T18:43:25.1890000Z,6a9b114d485cab4c953fa72c,wenyi090326-2.stratalog.logdata.json
DialogueNodeEvent:75:6,dialogue,1,DialogueEvent,Unit 3 Dev,2026-09-04T18:43:36.5270000Z,2026-09-04T18:43:36.5270000Z,6a9b1158485cab4c953fa734,wenyi090326-2.stratalog.logdata.json
DialogueNodeEvent:78:24,dialogue,1,DialogueEvent,Unit 3 Dungeon Dev,2026-09-04T18:47:16.8160000Z,2026-09-04T18:47:16.8160000Z,6a9b1234485cab4c953fa8a4,wenyi090326-2.stratalog.logdata.json
DialogueNodeEvent:79:0,dialogue,2,DialogueEvent,Unit 3 Dungeon Dev,2026-09-04T18:51:48.4620000Z,2026-09-04T18:51:48.4660000Z,6a9b1344485cab4c953faacc,wenyi090326-2.stratalog.logdata.json
DialogueNodeEvent:79:101,dialogue,1,DialogueEvent,Unit 3 Dungeon Dev,2026-09-04T18:48:29.2500000Z,2026-09-04T18:48:29.2500000Z,6a9b127d485cab4c953fa928,wenyi090326-2.stratalog.logdata.json
DialogueNodeEvent:79:102,dialogue,1,DialogueEvent,Unit 3 Dungeon Dev,2026-09-04T18:47:39.2590000Z,2026-09-04T18:47:39.2590000Z,6a9b124b485cab4c953fa8f0,wenyi090326-2.stratalog.logdata.json
DialogueNodeEvent:79:103,dialogue,1,DialogueEvent,Unit 3 Dungeon Dev,2026-09-04T18:47:42.8610000Z,2026-09-04T18:47:42.8610000Z,6a9b124e485cab4c953fa8f8,wenyi090326-2.stratalog.logdata.json
DialogueNodeEvent:79:104,dialogue,1,DialogueEvent,Unit 3 Dungeon Dev,2026-09-04T18:47:40.7270000Z,2026-09-04T18:47:40.7270000Z,6a9b124c485cab4c953fa8f4,wenyi090326-2.stratalog.logdata.json
DialogueNodeEvent:79:108,dialogue,1,DialogueEvent,Unit 3 Dungeon Dev,2026-09-04T18:49:10.1210000Z,2026-09-04T18:49:10.1210000Z,6a9b12a5485cab4c953fa98c,wenyi090326-2.stratalog.logdata.json
DialogueNodeEvent:79:109,dialogue,3,DialogueEvent,Unit 3 Dungeon Dev,2026-09-04T18:50:13.6160000Z,2026-09-04T18:50:22.6870000Z,6a9b12e5485cab4c953faa26,wenyi090326-2.stratalog.logdata.json
DialogueNodeEvent:79:110,dialogue,2,DialogueEvent,Unit 3 Dungeon Dev,2026-09-04T18:50:17.7840000Z,2026-09-04T18:50:21.5530000Z,6a9b12e9485cab4c953faa2c,wenyi090326-2.stratalog.logdata.json
DialogueNodeEvent:79:111,dialogue,1,DialogueEvent,Unit 3 Dungeon Dev,2026-09-04T18:50:24.8220000Z,2026-09-04T18:50:24.8220000Z,6a9b12f0485cab4c953faa38,wenyi090326-2.stratalog.logdata.json
DialogueNodeEvent:79:112,dialogue,2,DialogueEvent,Unit 3 Dungeon Dev,2026-09-04T18:50:18.5510000Z,2026-09-04T18:50:22.3530000Z,6a9b12ea485cab4c953faa2e,wenyi090326-2.stratalog.logdata.json
DialogueNodeEvent:79:113,dialogue,1,DialogueEvent,Unit 3 Dungeon Dev,2026-09-04T18:50:25.4880000Z,2026-09-04T18:50:25.4880000Z,6a9b12f1485cab4c953faa3c,wenyi090326-2.stratalog.logdata.json
DialogueNodeEvent:79:114,dialogue,1,DialogueEvent,Unit 3 Dungeon Dev,2026-09-04T18:49:42.9020000Z,2026-09-04T18:49:42.9020000Z,6a9b12c6485cab4c953fa9ec,wenyi090326-2.stratalog.logdata.json
DialogueNodeEvent:79:115,dialogue,1,DialogueEvent,Unit 3 Dungeon Dev,2026-09-04T18:49:28.1940000Z,2026-09-04T18:49:28.1940000Z,6a9b12b8485cab4c953fa9b4,wenyi090326-2.stratalog.logdata.json
DialogueNodeEvent:79:116,dialogue,1,DialogueEvent,Unit 3 Dungeon Dev,2026-09-04T18:48:36.6210000Z,2026-09-04T18:48:36.6210000Z,6a9b1284485cab4c953fa934,wenyi090326-2.stratalog.logdata.json
DialogueNodeEvent:79:117,dialogue,1,DialogueEvent,Unit 3 Dungeon Dev,2026-09-04T18:48:37.6870000Z,2026-09-04T18:48:37.6870000Z,6a9b1285485cab4c953fa938,wenyi090326-2.stratalog.logdata.json
DialogueNodeEvent:79:118,dialogue,1,DialogueEvent,Unit 3 Dungeon Dev,2026-09-04T18:48:38.0870000Z,2026-09-04T18:48:38.0870000Z,6a9b1285485cab4c953fa93a,wenyi090326-2.stratalog.logdata.json
DialogueNodeEvent:79:119,dialogue,1,DialogueEvent,Unit 3 Dungeon Dev,2026-09-04T18:50:07.3140000Z,2026-09-04T18:50:07.3140000Z,6a9b12df485cab4c953faa1a,wenyi090326-2.stratalog.logdata.json
DialogueNodeEvent:79:120,dialogue,1,DialogueEvent,Unit 3 Dungeon Dev,2026-09-04T18:50:08.5140000Z,2026-09-04T18:50:08.5140000Z,6a9b12e0485cab4c953faa1e,wenyi090326-2.stratalog.logdata.json
DialogueNodeEvent:79:126,dialogue,1,DialogueEvent,Unit 3 Dungeon Dev,2026-09-04T18:51:16.9480000Z,2026-09-04T18:51:16.9480000Z,6a9b1324485cab4c953faaaa,wenyi090326-2.stratalog.logdata.json
DialogueNodeEvent:79:127,dialogue,1,DialogueEvent,Unit 3 Dungeon Dev,2026-09-04T18:51:39.6580000Z,2026-09-04T18:51:39.6580000Z,6a9b133b485cab4c953faabe,wenyi090326-2.stratalog.logdata.json
DialogueNodeEvent:79:128,dialogue,1,DialogueEvent,Unit 3 Dungeon Dev,2026-09-04T18:51:40.7240000Z,2026-09-04T18:51:40.7240000Z,6a9b133c485cab4c953faac2,wenyi090326-2.stratalog.logdata.json
DialogueNodeEvent:79:134,dialogue,1,DialogueEvent,Unit 3 Dungeon Dev,2026-09-04T18:51:48.4680000Z,2026-09-04T18:51:48.4680000Z,6a9b1344485cab4c953faad6,wenyi090326-2.stratalog.logdata.json
DialogueNodeEvent:79:135,dialogue,1,DialogueEvent,Unit 3 Dungeon Dev,2026-09-04T18:51:49.2950000Z,2026-09-04T18:51:49.2950000Z,6a9b1345485cab4c953faad8,wenyi090326-2.stratalog.logdata.json
DialogueNodeEvent:79:136,dialogue,1,DialogueEvent,Unit 3 Dungeon Dev,2026-09-04T18:51:49.7620000Z,2026-09-04T18:51:49.7620000Z,6a9b1345485cab4c953faada,wenyi090326-2.stratalog.logdata.json
DialogueNodeEvent:79:137,dialogue,1,DialogueEvent,Unit 3 Dungeon Dev,2026-09-04T18:51:50.1950000Z,2026-09-04T18:51:50.1950000Z,6a9b1345485cab4c953faadc,wenyi090326-2.stratalog.logdata.json
DialogueNodeEvent:79:138,dialogue,1,DialogueEvent,Unit 3 Dungeon Dev,2026-09-04T18:51:50.7640000Z,2026-09-04T18:51:50.7640000Z,6a9b1346485cab4c953faade,wenyi090326-2.stratalog.logdata.json
DialogueNodeEvent:79:140,dialogue,1,DialogueEvent,Unit 3 Dungeon Dev,2026-09-04T18:52:11.7720000Z,2026-09-04T18:52:11.7720000Z,6a9b135b485cab4c953fab02,wenyi090326-2.stratalog.logdata.json
DialogueNodeEvent:79:141,dialogue,1,DialogueEvent,Unit 3 Dungeon Dev,2026-09-04T18:47:42.1930000Z,2026-09-04T18:47:42.1930000Z,6a9b124d485cab4c953fa8f6,wenyi090326-2.stratalog.logdata.json
DialogueNodeEvent:79:143,dialogue,1,DialogueEvent,Unit 3 Dungeon Dev,2026-09-04T18:52:13.2060000Z,2026-09-04T18:52:13.2060000Z,6a9b135d485cab4c953fab06,wenyi090326-2.stratalog.logdata.json
DialogueNodeEvent:79:144,dialogue,1,DialogueEvent,Unit 3 Dungeon Dev,2026-09-04T18:52:14.6070000Z,2026-09-04T18:52:14.6070000Z,6a9b135e485cab4c953fab08,wenyi090326-2.stratalog.logdata.json
DialogueNodeEvent:79:146,dialogue,1,DialogueEvent,Unit 3 Dungeon Dev,2026-09-04T18:52:15.2740000Z,2026-09-04T18:52:15.2740000Z,6a9b135f485cab4c953fab0c,wenyi090326-2.stratalog.logdata.json
DialogueNodeEvent:79:147,dialogue,1,DialogueEvent,Unit 3 Dungeon Dev,2026-09-04T18:52:15.6740000Z,2026-09-04T18:52:15.6740000Z,6a9b135f485cab4c953fab0e,wenyi090326-2.stratalog.logdata.json
DialogueNodeEvent:79:148,dialogue,1,DialogueEvent,Unit 3 Dungeon Dev,2026-09-04T18:52:16.1080000Z,2026-09-04T18:52:16.1080000Z,6a9b135f485cab4c953fab10,wenyi090326-2.stratalog.logdata.json
DialogueNodeEvent:79:149,dialogue,1,DialogueEvent,Unit 3 Dungeon Dev,2026-09-04T18:52:16.5420000Z,2026-09-04T18:52:16.5420000Z,6a9b1360485cab4c953fab12,wenyi090326-2.stratalog.logdata.json
DialogueNodeEvent:79:70,dialogue,1,DialogueEvent,Unit 3 Dungeon Dev,2026-09-04T18:48:40.9220000Z,2026-09-04T18:48:40.9220000Z,6a9b1288485cab4c953fa944,wenyi090326-2.stratalog.logdata.json
DialogueNodeEvent:79:71,dialogue,1,DialogueEvent,Unit 3 Dungeon Dev,2026-09-04T18:48:43.2560000Z,2026-09-04T18:48:43.2560000Z,6a9b128b485cab4c953fa94c,wenyi090326-2.stratalog.logdata.json
DialogueNodeEvent:79:74,dialogue,1,DialogueEvent,Unit 3 Dungeon Dev,2026-09-04T18:48:53.1630000Z,2026-09-04T18:48:53.1630000Z,6a9b1294485cab4c953fa96e,wenyi090326-2.stratalog.logdata.json
DialogueNodeEvent:79:75,dialogue,1,DialogueEvent,Unit 3 Dungeon Dev,2026-09-04T18:48:55.4280000Z,2026-09-04T18:48:55.4280000Z,6a9b1297485cab4c953fa974,wenyi090326-2.stratalog.logdata.json
DialogueNodeEvent:79:76,dialogue,1,DialogueEvent,Unit 3 Dungeon Dev,2026-09-04T18:48:55.8290000Z,2026-09-04T18:48:55.8290000Z,6a9b1297485cab4c953fa976,wenyi090326-2.stratalog.logdata.json
DialogueNodeEvent:79:79,dialogue,1,DialogueEvent,Unit 3 Dungeon Dev,2026-09-04T18:49:32.8630000Z,2026-09-04T18:49:32.8630000Z,6a9b12bc485cab4c953fa9c6,wenyi090326-2.stratalog.logdata.json
DialogueNodeEvent:79:80,dialogue,1,DialogueEvent,Unit 3 Dungeon Dev,2026-09-04T18:49:33.8970000Z,2026-09-04T18:49:33.8970000Z,6a9b12bd485cab4c953fa9ca,wenyi090326-2.stratalog.logdata.json
DialogueNodeEvent:79:81,dialogue,1,DialogueEvent,Unit 3 Dungeon Dev,2026-09-04T18:49:35.4640000Z,2026-09-04T18:49:35.4640000Z,6a9b12bf485cab4c953fa9ce,wenyi090326-2.stratalog.logdata.json
DialogueNodeEvent:79:83,dialogue,1,DialogueEvent,Unit 3 Dungeon Dev,2026-09-04T18:49:39.5340000Z,2026-09-04T18:49:39.5340000Z,6a9b12c3485cab4c953fa9dc,wenyi090326-2.stratalog.logdata.json
DialogueNodeEvent:79:86,dialogue,1,DialogueEvent,Unit 3 Dungeon Dev,2026-09-04T18:49:49.7070000Z,2026-09-04T18:49:49.7070000Z,6a9b12cd485cab4c953faa04,wenyi090326-2.stratalog.logdata.json
DialogueNodeEvent:79:87,dialogue,1,DialogueEvent,Unit 3 Dungeon Dev,2026-09-04T18:49:50.7380000Z,2026-09-04T18:49:50.7380000Z,6a9b12ce485cab4c953faa08,wenyi090326-2.stratalog.logdata.json
DialogueNodeEvent:82:0,dialogue,5,DialogueEvent,Unit 4 Dev;Unit 4 Dev - Anderson Base,2026-09-04T19:15:03.3610000Z,2026-09-04T19:17:45.7390000Z,6a9b18b7485cab4c953fb42c,wenyi090326-2.stratalog.logdata.json
DialogueNodeEvent:82:1,dialogue,1,DialogueEvent,Unit 4 Dev,2026-09-04T19:15:05.3610000Z,2026-09-04T19:15:05.3610000Z,6a9b18b9485cab4c953fb430,wenyi090326-2.stratalog.logdata.json
DialogueNodeEvent:82:10,dialogue,1,DialogueEvent,Unit 4 Dev,2026-09-04T19:15:11.0970000Z,2026-09-04T19:15:11.0970000Z,6a9b18be485cab4c953fb440,wenyi090326-2.stratalog.logdata.json
DialogueNodeEvent:82:100,dialogue,1,DialogueEvent,Unit 4 Dev,2026-09-04T19:21:49.4710000Z,2026-09-04T19:21:49.4710000Z,6a9b1a4d485cab4c953fb61c,wenyi090326-2.stratalog.logdata.json
DialogueNodeEvent:82:101,dialogue,1,DialogueEvent,Unit 4 Dev,2026-09-04T19:22:11.4150000Z,2026-09-04T19:22:11.4150000Z,6a9b1a63485cab4c953fb622,wenyi090326-2.stratalog.logdata.json
DialogueNodeEvent:82:102,dialogue,2,DialogueEvent,Unit 4 Dev,2026-09-04T19:22:11.8150000Z,2026-09-04T19:22:12.3170000Z,6a9b1a63485cab4c953fb626,wenyi090326-2.stratalog.logdata.json
DialogueNodeEvent:82:104,dialogue,1,DialogueEvent,Unit 4 Dev,2026-09-04T19:22:12.2170000Z,2026-09-04T19:22:12.2170000Z,6a9b1a63485cab4c953fb628,wenyi090326-2.stratalog.logdata.json
DialogueNodeEvent:82:106,dialogue,1,DialogueEvent,Unit 4 Dev - Anderson Base,2026-09-04T19:18:20.4230000Z,2026-09-04T19:18:20.4230000Z,6a9b197c485cab4c953fb564,wenyi090326-2.stratalog.logdata.json
DialogueNodeEvent:82:12,dialogue,1,DialogueEvent,Unit 4 Dev,2026-09-04T19:15:11.7980000Z,2026-09-04T19:15:11.7980000Z,6a9b18bf485cab4c953fb442,wenyi090326-2.stratalog.logdata.json
DialogueNodeEvent:82:14,dialogue,1,DialogueEvent,Unit 4 Dev,2026-09-04T19:15:12.1320000Z,2026-09-04T19:15:12.1320000Z,6a9b18bf485cab4c953fb444,wenyi090326-2.stratalog.logdata.json
DialogueNodeEvent:82:15,dialogue,1,DialogueEvent,Unit 4 Dev,2026-09-04T19:13:48.1260000Z,2026-09-04T19:13:48.1260000Z,6a9b186b485cab4c953fb3c8,wenyi090326-2.stratalog.logdata.json
DialogueNodeEvent:82:16,dialogue,1,DialogueEvent,Unit 4 Dev,2026-09-04T19:13:48.5250000Z,2026-09-04T19:13:48.5250000Z,6a9b186c485cab4c953fb3ca,wenyi090326-2.stratalog.logdata.json
DialogueNodeEvent:82:17,dialogue,1,DialogueEvent,Unit 4 Dev,2026-09-04T19:13:48.9590000Z,2026-09-04T19:13:48.9590000Z,6a9b186c485cab4c953fb3cc,wenyi090326-2.stratalog.logdata.json
DialogueNodeEvent:82:18,dialogue,1,DialogueEvent,Unit 4 Dev,2026-09-04T19:13:52.2260000Z,2026-09-04T19:13:52.2260000Z,6a9b1870485cab4c953fb3d0,wenyi090326-2.stratalog.logdata.json
DialogueNodeEvent:82:20,dialogue,1,DialogueEvent,Unit 4 Dev,2026-09-04T19:13:53.0610000Z,2026-09-04T19:13:53.0610000Z,6a9b1870485cab4c953fb3d2,wenyi090326-2.stratalog.logdata.json
DialogueNodeEvent:82:22,dialogue,1,DialogueEvent,Unit 4 Dev,2026-09-04T19:13:58.4300000Z,2026-09-04T19:13:58.4300000Z,6a9b1876485cab4c953fb3d4,wenyi090326-2.stratalog.logdata.json
DialogueNodeEvent:82:24,dialogue,1,DialogueEvent,Unit 4 Dev,2026-09-04T19:13:59.1660000Z,2026-09-04T19:13:59.1660000Z,6a9b1876485cab4c953fb3d8,wenyi090326-2.stratalog.logdata.json
DialogueNodeEvent:82:26,dialogue,1,DialogueEvent,Unit 4 Dev,2026-09-04T19:15:25.8750000Z,2026-09-04T19:15:25.8750000Z,6a9b18cd485cab4c953fb45c,wenyi090326-2.stratalog.logdata.json
DialogueNodeEvent:82:27,dialogue,1,DialogueEvent,Unit 4 Dev,2026-09-04T19:15:27.2050000Z,2026-09-04T19:15:27.2050000Z,6a9b18ce485cab4c953fb45e,wenyi090326-2.stratalog.logdata.json
DialogueNodeEvent:82:28,dialogue,1,DialogueEvent,Unit 4 Dev,2026-09-04T19:15:27.6060000Z,2026-09-04T19:15:27.6060000Z,6a9b18cf485cab4c953fb460,wenyi090326-2.stratalog.logdata.json
DialogueNodeEvent:82:29,dialogue,1,DialogueEvent,Unit 4 Dev,2026-09-04T19:15:41.7150000Z,2026-09-04T19:15:41.7150000Z,6a9b18dd485cab4c953fb476,wenyi090326-2.stratalog.logdata.json
DialogueNodeEvent:82:3,dialogue,1,DialogueEvent,Unit 4 Dev,2026-09-04T19:15:06.5620000Z,2026-09-04T19:15:06.5620000Z,6a9b18ba485cab4c953fb432,wenyi090326-2.stratalog.logdata.json
DialogueNodeEvent:82:30,dialogue,1,DialogueEvent,Unit 4 Dev,2026-09-04T19:15:43.0130000Z,2026-09-04T19:15:43.0130000Z,6a9b18de485cab4c953fb478,wenyi090326-2.stratalog.logdata.json
DialogueNodeEvent:82:31,dialogue,1,DialogueEvent,Unit 4 Dev,2026-09-04T19:15:43.3460000Z,2026-09-04T19:15:43.3460000Z,6a9b18df485cab4c953fb47a,wenyi090326-2.stratalog.logdata.json
DialogueNodeEvent:82:32,dialogue,1,DialogueEvent,Unit 4 Dev,2026-09-04T19:15:43.7470000Z,2026-09-04T19:15:43.7470000Z,6a9b18df485cab4c953fb47c,wenyi090326-2.stratalog.logdata.json
DialogueNodeEvent:82:33,dialogue,1,DialogueEvent,Unit 4 Dev,2026-09-04T19:15:44.1470000Z,2026-09-04T19:15:44.1470000Z,6a9b18df485cab4c953fb47e,wenyi090326-2.stratalog.logdata.json
DialogueNodeEvent:82:34,dialogue,1,DialogueEvent,Unit 4 Dev,2026-09-04T19:15:44.5470000Z,2026-09-04T19:15:44.5470000Z,6a9b18e0485cab4c953fb480,wenyi090326-2.stratalog.logdata.json
DialogueNodeEvent:82:35,dialogue,1,DialogueEvent,Unit 4 Dev,2026-09-04T19:15:44.9470000Z,2026-09-04T19:15:44.9470000Z,6a9b18e0485cab4c953fb482,wenyi090326-2.stratalog.logdata.json
DialogueNodeEvent:82:36,dialogue,1,DialogueEvent,Unit 4 Dev,2026-09-04T19:15:45.3480000Z,2026-09-04T19:15:45.3480000Z,6a9b18e1485cab4c953fb484,wenyi090326-2.stratalog.logdata.json
DialogueNodeEvent:82:37,dialogue,1,DialogueEvent,Unit 4 Dev,2026-09-04T19:15:47.6820000Z,2026-09-04T19:15:47.6820000Z,6a9b18e3485cab4c953fb486,wenyi090326-2.stratalog.logdata.json
DialogueNodeEvent:82:39,dialogue,1,DialogueEvent,Unit 4 Dev,2026-09-04T19:15:48.3150000Z,2026-09-04T19:15:48.3150000Z,6a9b18e4485cab4c953fb488,wenyi090326-2.stratalog.logdata.json
DialogueNodeEvent:82:40,dialogue,1,DialogueEvent,Unit 4 Dev,2026-09-04T19:15:48.6830000Z,2026-09-04T19:15:48.6830000Z,6a9b18e4485cab4c953fb48a,wenyi090326-2.stratalog.logdata.json
DialogueNodeEvent:82:41,dialogue,1,DialogueEvent,Unit 4 Dev - Anderson Base,2026-09-04T19:16:02.8510000Z,2026-09-04T19:16:02.8510000Z,6a9b18f2485cab4c953fb498,wenyi090326-2.stratalog.logdata.json
DialogueNodeEvent:82:42,dialogue,1,DialogueEvent,Unit 4 Dev - Anderson Base,2026-09-04T19:16:04.5740000Z,2026-09-04T19:16:04.5740000Z,6a9b18f4485cab4c953fb49c,wenyi090326-2.stratalog.logdata.json
DialogueNodeEvent:82:43,dialogue,1,DialogueEvent,Unit 4 Dev - Anderson Base,2026-09-04T19:16:53.2640000Z,2026-09-04T19:16:53.2640000Z,6a9b1925485cab4c953fb4c4,wenyi090326-2.stratalog.logdata.json
DialogueNodeEvent:82:44,dialogue,1,DialogueEvent,Unit 4 Dev - Anderson Base,2026-09-04T19:16:54.3650000Z,2026-09-04T19:16:54.3650000Z,6a9b1926485cab4c953fb4ca,wenyi090326-2.stratalog.logdata.json
DialogueNodeEvent:82:45,dialogue,1,DialogueEvent,Unit 4 Dev - Anderson Base,2026-09-04T19:16:47.0610000Z,2026-09-04T19:16:47.0610000Z,6a9b191e485cab4c953fb4b4,wenyi090326-2.stratalog.logdata.json
DialogueNodeEvent:82:46,dialogue,1,DialogueEvent,Unit 4 Dev - Anderson Base,2026-09-04T19:17:13.2570000Z,2026-09-04T19:17:13.2570000Z,6a9b1939485cab4c953fb4e8,wenyi090326-2.stratalog.logdata.json
DialogueNodeEvent:82:47,dialogue,1,DialogueEvent,Unit 4 Dev - Anderson Base,2026-09-04T19:17:16.9920000Z,2026-09-04T19:17:16.9920000Z,6a9b193c485cab4c953fb4f0,wenyi090326-2.stratalog.logdata.json
DialogueNodeEvent:82:48,dialogue,1,DialogueEvent,Unit 4 Dev - Anderson Base,2026-09-04T19:17:29.7320000Z,2026-09-04T19:17:29.7320000Z,6a9b1949485cab4c953fb4fc,wenyi090326-2.stratalog.logdata.json
DialogueNodeEvent:82:49,dialogue,1,DialogueEvent,Unit 4 Dev - Anderson Base,2026-09-04T19:17:45.7420000Z,2026-09-04T19:17:45.7420000Z,6a9b1959485cab4c953fb524,wenyi090326-2.stratalog.logdata.json
DialogueNodeEvent:82:5,dialogue,1,DialogueEvent,Unit 4 Dev,2026-09-04T19:15:06.9630000Z,2026-09-04T19:15:06.9630000Z,6a9b18ba485cab4c953fb434,wenyi090326-2.stratalog.logdata.json
DialogueNodeEvent:82:50,dialogue,1,DialogueEvent,Unit 4 Dev - Anderson Base,2026-09-04T19:17:08.2910000Z,2026-09-04T19:17:08.2910000Z,6a9b1934485cab4c953fb4e0,wenyi090326-2.stratalog.logdata.json
DialogueNodeEvent:82:51,dialogue,1,DialogueEvent,Unit 4 Dev - Anderson Base,2026-09-04T19:17:50.7080000Z,2026-09-04T19:17:50.7080000Z,6a9b195e485cab4c953fb52a,wenyi090326-2.stratalog.logdata.json
DialogueNodeEvent:82:52,dialogue,1,DialogueEvent,Unit 4 Dev - Anderson Base,2026-09-04T19:18:01.4140000Z,2026-09-04T19:18:01.4140000Z,6a9b1969485cab4c953fb536,wenyi090326-2.stratalog.logdata.json
DialogueNodeEvent:82:53,dialogue,1,DialogueEvent,Unit 4 Dev - Anderson Base,2026-09-04T19:18:02.3790000Z,2026-09-04T19:18:02.3790000Z,6a9b196a485cab4c953fb53e,wenyi090326-2.stratalog.logdata.json
DialogueNodeEvent:82:54,dialogue,1,DialogueEvent,Unit 4 Dev - Anderson Base,2026-09-04T19:18:04.2130000Z,2026-09-04T19:18:04.2130000Z,6a9b196b485cab4c953fb540,wenyi090326-2.stratalog.logdata.json
DialogueNodeEvent:82:56,dialogue,1,DialogueEvent,Unit 4 Dev - Anderson Base,2026-09-04T19:18:05.0810000Z,2026-09-04T19:18:05.0810000Z,6a9b196c485cab4c953fb542,wenyi090326-2.stratalog.logdata.json
DialogueNodeEvent:82:58,dialogue,1,DialogueEvent,Unit 4 Dev - Anderson Base,2026-09-04T19:18:05.3470000Z,2026-09-04T19:18:05.3470000Z,6a9b196d485cab4c953fb544,wenyi090326-2.stratalog.logdata.json
DialogueNodeEvent:82:59,dialogue,1,DialogueEvent,Unit 4 Dev - Anderson Base,2026-09-04T19:18:05.6810000Z,2026-09-04T19:18:05.6810000Z,6a9b196d485cab4c953fb546,wenyi090326-2.stratalog.logdata.json
DialogueNodeEvent:82:6,dialogue,1,DialogueEvent,Unit 4 Dev,2026-09-04T19:15:07.4290000Z,2026-09-04T19:15:07.4290000Z,6a9b18bb485cab4c953fb436,wenyi090326-2.stratalog.logdata.json
DialogueNodeEvent:82:60,dialogue,1,DialogueEvent,Unit 4 Dev - Anderson Base,2026-09-04T19:18:06.0810000Z,2026-09-04T19:18:06.0810000Z,6a9b196d485cab4c953fb548,wenyi090326-2.stratalog.logdata.json
DialogueNodeEvent:82:61,dialogue,1,DialogueEvent,Unit 4 Dev - Anderson Base,2026-09-04T19:18:06.4480000Z,2026-09-04T19:18:06.4480000Z,6a9b196e485cab4c953fb54a,wenyi090326-2.stratalog.logdata.json
DialogueNodeEvent:82:62,dialogue,1,DialogueEvent,Unit 4 Dev - Anderson Base,2026-09-04T19:18:06.8150000Z,2026-09-04T19:18:06.8150000Z,6a9b196e485cab4c953fb54c,wenyi090326-2.stratalog.logdata.json
DialogueNodeEvent:82:63,dialogue,1,DialogueEvent,Unit 4 Dev - Anderson Base,2026-09-04T19:18:07.1820000Z,2026-09-04T19:18:07.1820000Z,6a9b196e485cab4c953fb54e,wenyi090326-2.stratalog.logdata.json
DialogueNodeEvent:82:64,dialogue,1,DialogueEvent,Unit 4 Dev - Anderson Base,2026-09-04T19:18:07.5490000Z,2026-09-04T19:18:07.5490000Z,6a9b196f485cab4c953fb550,wenyi090326-2.stratalog.logdata.json
DialogueNodeEvent:82:65,dialogue,1,DialogueEvent,Unit 4 Dev - Anderson Base,2026-09-04T19:18:07.9160000Z,2026-09-04T19:18:07.9160000Z,6a9b196f485cab4c953fb552,wenyi090326-2.stratalog.logdata.json
DialogueNodeEvent:82:69,dialogue,1,DialogueEvent,Unit 4 Dev - Anderson Base,2026-09-04T19:18:10.4160000Z,2026-09-04T19:18:10.4160000Z,6a9b1972485cab4c953fb554,wenyi090326-2.stratalog.logdata.json
DialogueNodeEvent:82:7,dialogue,1,DialogueEvent,Unit 4 Dev,2026-09-04T19:15:07.8960000Z,2026-09-04T19:15:07.8960000Z,6a9b18bb485cab4c953fb438,wenyi090326-2.stratalog.logdata.json
DialogueNodeEvent:82:73,dialogue,1,DialogueEvent,Unit 4 Dev - Anderson Base,2026-09-04T19:18:11.3190000Z,2026-09-04T19:18:11.3190000Z,6a9b1973485cab4c953fb556,wenyi090326-2.stratalog.logdata.json
DialogueNodeEvent:82:77,dialogue,1,DialogueEvent,Unit 4 Dev - Anderson Base,2026-09-04T19:18:17.3190000Z,2026-09-04T19:18:17.3190000Z,6a9b1979485cab4c953fb55a,wenyi090326-2.stratalog.logdata.json
DialogueNodeEvent:82:8,dialogue,1,DialogueEvent,Unit 4 Dev,2026-09-04T19:15:08.3290000Z,2026-09-04T19:15:08.3290000Z,6a9b18bc485cab4c953fb43a,wenyi090326-2.stratalog.logdata.json
DialogueNodeEvent:82:80,dialogue,1,DialogueEvent,Unit 4 Dev - Anderson Base,2026-09-04T19:18:17.9540000Z,2026-09-04T19:18:17.9540000Z,6a9b1979485cab4c953fb55c,wenyi090326-2.stratalog.logdata.json
DialogueNodeEvent:82:82,dialogue,1,DialogueEvent,Unit 4 Dev - Anderson Base,2026-09-04T19:18:19.2870000Z,2026-09-04T19:18:19.2870000Z,6a9b197b485cab4c953fb55e,wenyi090326-2.stratalog.logdata.json
DialogueNodeEvent:82:84,dialogue,1,DialogueEvent,Unit 4 Dev - Anderson Base,2026-09-04T19:18:19.9550000Z,2026-09-04T19:18:19.9550000Z,6a9b197b485cab4c953fb560,wenyi090326-2.stratalog.logdata.json
DialogueNodeEvent:82:85,dialogue,1,DialogueEvent,Unit 4 Dev - Anderson Base,2026-09-04T19:21:15.3070000Z,2026-09-04T19:21:15.3070000Z,6a9b1a2b485cab4c953fb5ea,wenyi090326-2.stratalog.logdata.json
DialogueNodeEvent:82:86,dialogue,1,DialogueEvent,Unit 4 Dev - Anderson Base,2026-09-04T19:21:15.6720000Z,2026-09-04T19:21:15.6720000Z,6a9b1a2b485cab4c953fb5ec,wenyi090326-2.stratalog.logdata.json
DialogueNodeEvent:82:87,dialogue,1,DialogueEvent,Unit 4 Dev - Anderson Base,2026-09-04T19:21:17.2720000Z,2026-09-04T19:21:17.2720000Z,6a9b1a2d485cab4c953fb5ee,wenyi090326-2.stratalog.logdata.json
DialogueNodeEvent:82:9,dialogue,1,DialogueEvent,Unit 4 Dev,2026-09-04T19:15:08.7630000Z,2026-09-04T19:15:08.7630000Z,6a9b18bc485cab4c953fb43c,wenyi090326-2.stratalog.logdata.json
DialogueNodeEvent:82:90,dialogue,1,DialogueEvent,Unit 4 Dev - Anderson Base,2026-09-04T19:21:17.9790000Z,2026-09-04T19:21:17.9790000Z,6a9b1a2d485cab4c953fb5f2,wenyi090326-2.stratalog.logdata.json
DialogueNodeEvent:82:91,dialogue,1,DialogueEvent,Unit 4 Dev - Anderson Base,2026-09-04T19:21:26.8620000Z,2026-09-04T19:21:26.8620000Z,6a9b1a36485cab4c953fb5f8,wenyi090326-2.stratalog.logdata.json
DialogueNodeEvent:82:92,dialogue,2,DialogueEvent,Unit 4 Dev - Anderson Base,2026-09-04T19:21:28.1940000Z,2026-09-04T19:21:31.6630000Z,6a9b1a37485cab4c953fb5fc,wenyi090326-2.stratalog.logdata.json
DialogueNodeEvent:82:93,dialogue,2,DialogueEvent,Unit 4 Dev - Anderson Base,2026-09-04T19:21:28.5620000Z,2026-09-04T19:21:32.3320000Z,6a9b1a38485cab4c953fb5fe,wenyi090326-2.stratalog.logdata.json
DialogueNodeEvent:82:94,dialogue,1,DialogueEvent,Unit 4 Dev,2026-09-04T19:21:41.5050000Z,2026-09-04T19:21:41.5050000Z,6a9b1a45485cab4c953fb610,wenyi090326-2.stratalog.logdata.json
DialogueNodeEvent:82:95,dialogue,1,DialogueEvent,Unit 4 Dev,2026-09-04T19:21:47.5030000Z,2026-09-04T19:21:47.5030000Z,6a9b1a4b485cab4c953fb616,wenyi090326-2.stratalog.logdata.json
DialogueNodeEvent:82:97,dialogue,1,DialogueEvent,Unit 4 Dev,2026-09-04T19:21:48.3370000Z,2026-09-04T19:21:48.3370000Z,6a9b1a4c485cab4c953fb618,wenyi090326-2.stratalog.logdata.json
DialogueNodeEvent:82:99,dialogue,1,DialogueEvent,Unit 4 Dev,2026-09-04T19:21:48.9040000Z,2026-09-04T19:21:48.9040000Z,6a9b1a4c485cab4c953fb61a,wenyi090326-2.stratalog.logdata.json
DialogueNodeEvent:83:10,dialogue,1,DialogueEvent,Unit 3 Dev,2026-09-04T18:53:03.3980000Z,2026-09-04T18:53:03.3980000Z,6a9b138f485cab4c953fab46,wenyi090326-2.stratalog.logdata.json
DialogueNodeEvent:83:11,dialogue,1,DialogueEvent,Unit 3 Dev,2026-09-04T18:53:04.4010000Z,2026-09-04T18:53:04.4010000Z,6a9b1390485cab4c953fab4e,wenyi090326-2.stratalog.logdata.json
DialogueNodeEvent:83:9,dialogue,1,DialogueEvent,Unit 3 Dev,2026-09-04T18:52:59.4630000Z,2026-09-04T18:52:59.4630000Z,6a9b138b485cab4c953fab40,wenyi090326-2.stratalog.logdata.json
DialogueNodeEvent:84:0,dialogue,1,DialogueEvent,Unit 3 Dev,2026-09-04T18:42:58.9470000Z,2026-09-04T18:42:58.9470000Z,6a9b1132485cab4c953fa6fa,wenyi090326-2.stratalog.logdata.json
DialogueNodeEvent:84:36,dialogue,1,DialogueEvent,Unit 3 Dev,2026-09-04T18:42:58.9760000Z,2026-09-04T18:42:58.9760000Z,6a9b1132485cab4c953fa700,wenyi090326-2.stratalog.logdata.json
DialogueNodeEvent:88:0,dialogue,1,DialogueEvent,Unit 4 Dev,2026-09-04T18:55:49.3610000Z,2026-09-04T18:55:49.3610000Z,6a9b1435485cab4c953fac5e,wenyi090326-2.stratalog.logdata.json
DialogueNodeEvent:88:1,dialogue,1,DialogueEvent,Unit 4 Dev,2026-09-04T19:00:07.9500000Z,2026-09-04T19:00:07.9500000Z,6a9b1537485cab4c953fac8a,wenyi090326-2.stratalog.logdata.json
DialogueNodeEvent:88:10,dialogue,1,DialogueEvent,Unit 4 Dev,2026-09-04T19:03:59.2600000Z,2026-09-04T19:03:59.2600000Z,6a9b161f485cab4c953fad54,wenyi090326-2.stratalog.logdata.json
DialogueNodeEvent:88:11,dialogue,1,DialogueEvent,Unit 4 Dev,2026-09-04T19:04:21.2710000Z,2026-09-04T19:04:21.2710000Z,6a9b1635485cab4c953fae84,wenyi090326-2.stratalog.logdata.json
DialogueNodeEvent:88:12,dialogue,1,DialogueEvent,Unit 4 Dev,2026-09-04T19:04:22.3390000Z,2026-09-04T19:04:22.3390000Z,6a9b1636485cab4c953fae88,wenyi090326-2.stratalog.logdata.json
DialogueNodeEvent:88:19,dialogue,1,DialogueEvent,Unit 4 Dev,2026-09-04T18:55:49.3930000Z,2026-09-04T18:55:49.3930000Z,6a9b1435485cab4c953fac62,wenyi090326-2.stratalog.logdata.json
DialogueNodeEvent:88:2,dialogue,1,DialogueEvent,Unit 4 Dev,2026-09-04T19:00:08.4270000Z,2026-09-04T19:00:08.4270000Z,6a9b1538485cab4c953fac8e,wenyi090326-2.stratalog.logdata.json
DialogueNodeEvent:88:3,dialogue,1,DialogueEvent,Unit 4 Dev,2026-09-04T19:02:25.1830000Z,2026-09-04T19:02:25.1830000Z,6a9b15c0485cab4c953facc6,wenyi090326-2.stratalog.logdata.json
DialogueNodeEvent:88:4,dialogue,1,DialogueEvent,Unit 4 Dev,2026-09-04T19:02:37.4220000Z,2026-09-04T19:02:37.4220000Z,6a9b15cd485cab4c953facd6,wenyi090326-2.stratalog.logdata.json
DialogueNodeEvent:88:5,dialogue,1,DialogueEvent,Unit 4 Dev,2026-09-04T19:03:09.8700000Z,2026-09-04T19:03:09.8700000Z,6a9b15ed485cab4c953facf0,wenyi090326-2.stratalog.logdata.json
DialogueNodeEvent:88:8,dialogue,1,DialogueEvent,Unit 4 Dev,2026-09-04T19:03:10.4370000Z,2026-09-04T19:03:10.4370000Z,6a9b15ee485cab4c953facf2,wenyi090326-2.stratalog.logdata.json
DialogueNodeEvent:88:9,dialogue,1,DialogueEvent,Unit 4 Dev,2026-09-04T19:03:24.6110000Z,2026-09-04T19:03:24.6110000Z,6a9b15fc485cab4c953facfa,wenyi090326-2.stratalog.logdata.json
DialogueNodeEvent:8:11,dialogue,1,DialogueEvent,Unit 2 Prod (Refactor),2026-09-04T18:22:57.0520000Z,2026-09-04T18:22:57.0520000Z,6a9b0c80485cab4c953f9e7c,wenyi090326-2.stratalog.logdata.json
DialogueNodeEvent:8:12,dialogue,1,DialogueEvent,Unit 2 Prod (Refactor),2026-09-04T18:22:58.9530000Z,2026-09-04T18:22:58.9530000Z,6a9b0c82485cab4c953f9e84,wenyi090326-2.stratalog.logdata.json
DialogueNodeEvent:8:2,dialogue,1,DialogueEvent,Unit 2 Prod (Refactor),2026-09-04T18:22:55.1850000Z,2026-09-04T18:22:55.1850000Z,6a9b0c7f485cab4c953f9e74,wenyi090326-2.stratalog.logdata.json
DialogueNodeEvent:8:4,dialogue,1,DialogueEvent,Unit 2 Prod (Refactor),2026-09-04T18:22:55.6510000Z,2026-09-04T18:22:55.6510000Z,6a9b0c7f485cab4c953f9e76,wenyi090326-2.stratalog.logdata.json
DialogueNodeEvent:8:5,dialogue,1,DialogueEvent,Unit 2 Prod (Refactor),2026-09-04T18:22:56.1520000Z,2026-09-04T18:22:56.1520000Z,6a9b0c7f485cab4c953f9e78,wenyi090326-2.stratalog.logdata.json
DialogueNodeEvent:8:6,dialogue,1,DialogueEvent,Unit 2 Prod (Refactor),2026-09-04T18:22:56.5850000Z,2026-09-04T18:22:56.5850000Z,6a9b0c80485cab4c953f9e7a,wenyi090326-2.stratalog.logdata.json
DialogueNodeEvent:8:7,dialogue,1,DialogueEvent,Unit 2 Prod (Refactor),2026-09-04T18:22:57.6520000Z,2026-09-04T18:22:57.6520000Z,6a9b0c81485cab4c953f9e7e,wenyi090326-2.stratalog.logdata.json
DialogueNodeEvent:8:8,dialogue,1,DialogueEvent,Unit 2 Prod (Refactor),2026-09-04T18:22:58.4860000Z,2026-09-04T18:22:58.4860000Z,6a9b0c82485cab4c953f9e80,wenyi090326-2.stratalog.logdata.json
DialogueNodeEvent:90:0,dialogue,1,DialogueEvent,Unit 4 Dev - Anderson Base,2026-09-04T19:21:13.3090000Z,2026-09-04T19:21:13.3090000Z,6a9b1a29485cab4c953fb5e2,wenyi090326-2.stratalog.logdata.json
DialogueNodeEvent:90:50,dialogue,1,DialogueEvent,Unit 4 Dev - Anderson Base,2026-09-04T19:21:13.3390000Z,2026-09-04T19:21:13.3390000Z,6a9b1a29485cab4c953fb5e8,wenyi090326-2.stratalog.logdata.json
DialogueNodeEvent:91:0,dialogue,1,DialogueEvent,Unit 4 Dev - Dungeon,2026-09-04T19:04:44.0470000Z,2026-09-04T19:04:44.0470000Z,6a9b164b485cab4c953faec4,wenyi090326-2.stratalog.logdata.json
DialogueNodeEvent:91:100,dialogue,1,DialogueEvent,Unit 4 Dev - Dungeon,2026-09-04T19:12:53.2160000Z,2026-09-04T19:12:53.2160000Z,6a9b1834485cab4c953fb332,wenyi090326-2.stratalog.logdata.json
DialogueNodeEvent:91:101,dialogue,1,DialogueEvent,Unit 4 Dev - Dungeon,2026-09-04T19:12:56.0500000Z,2026-09-04T19:12:56.0500000Z,6a9b1837485cab4c953fb338,wenyi090326-2.stratalog.logdata.json
DialogueNodeEvent:91:103,dialogue,1,DialogueEvent,Unit 4 Dev - Dungeon,2026-09-04T19:12:56.7510000Z,2026-09-04T19:12:56.7510000Z,6a9b1838485cab4c953fb33c,wenyi090326-2.stratalog.logdata.json
DialogueNodeEvent:91:105,dialogue,1,DialogueEvent,Unit 4 Dev,2026-09-04T19:13:14.9340000Z,2026-09-04T19:13:14.9340000Z,6a9b184a485cab4c953fb35c,wenyi090326-2.stratalog.logdata.json
DialogueNodeEvent:91:106,dialogue,1,DialogueEvent,Unit 4 Dev,2026-09-04T19:13:36.6030000Z,2026-09-04T19:13:36.6030000Z,6a9b1860485cab4c953fb3b6,wenyi090326-2.stratalog.logdata.json
DialogueNodeEvent:91:107,dialogue,1,DialogueEvent,Unit 4 Dev,2026-09-04T19:13:37.0040000Z,2026-09-04T19:13:37.0040000Z,6a9b1860485cab4c953fb3b8,wenyi090326-2.stratalog.logdata.json
DialogueNodeEvent:91:108,dialogue,1,DialogueEvent,Unit 4 Dev,2026-09-04T19:13:40.3540000Z,2026-09-04T19:13:40.3540000Z,6a9b1864485cab4c953fb3bc,wenyi090326-2.stratalog.logdata.json
DialogueNodeEvent:91:110,dialogue,1,DialogueEvent,Unit 4 Dev,2026-09-04T19:13:41.0210000Z,2026-09-04T19:13:41.0210000Z,6a9b1864485cab4c953fb3be,wenyi090326-2.stratalog.logdata.json
DialogueNodeEvent:91:111,dialogue,1,DialogueEvent,Unit 4 Dev,2026-09-04T19:13:46.4900000Z,2026-09-04T19:13:46.4900000Z,6a9b186a485cab4c953fb3c0,wenyi090326-2.stratalog.logdata.json
DialogueNodeEvent:91:113,dialogue,1,DialogueEvent,Unit 4 Dev,2026-09-04T19:13:47.4240000Z,2026-09-04T19:13:47.4240000Z,6a9b186b485cab4c953fb3c2,wenyi090326-2.stratalog.logdata.json
DialogueNodeEvent:91:115,dialogue,1,DialogueEvent,Unit 4 Dev,2026-09-04T19:13:47.7590000Z,2026-09-04T19:13:47.7590000Z,6a9b186b485cab4c953fb3c6,wenyi090326-2.stratalog.logdata.json
DialogueNodeEvent:91:116,dialogue,1,DialogueEvent,Unit 4 Dev - Dungeon,2026-09-04T19:08:00.7100000Z,2026-09-04T19:08:00.7100000Z,6a9b1710485cab4c953fafcc,wenyi090326-2.stratalog.logdata.json
DialogueNodeEvent:91:117,dialogue,1,DialogueEvent,Unit 4 Dev - Dungeon,2026-09-04T19:09:25.3510000Z,2026-09-04T19:09:25.3510000Z,6a9b1765485cab4c953fb0d8,wenyi090326-2.stratalog.logdata.json
DialogueNodeEvent:91:118,dialogue,1,DialogueEvent,Unit 4 Dev - Dungeon,2026-09-04T19:10:51.5920000Z,2026-09-04T19:10:51.5920000Z,6a9b17bb485cab4c953fb1ba,wenyi090326-2.stratalog.logdata.json
DialogueNodeEvent:91:119,dialogue,1,DialogueEvent,Unit 4 Dev,2026-09-04T19:13:31.1690000Z,2026-09-04T19:13:31.1690000Z,6a9b185a485cab4c953fb3a6,wenyi090326-2.stratalog.logdata.json
DialogueNodeEvent:91:120,dialogue,1,DialogueEvent,Unit 4 Dev - Dungeon,2026-09-04T19:04:47.3500000Z,2026-09-04T19:04:47.3500000Z,6a9b164f485cab4c953faeca,wenyi090326-2.stratalog.logdata.json
DialogueNodeEvent:91:122,dialogue,1,DialogueEvent,Unit 4 Dev - Dungeon,2026-09-04T19:05:00.3230000Z,2026-09-04T19:05:00.3230000Z,6a9b165c485cab4c953faece,wenyi090326-2.stratalog.logdata.json
DialogueNodeEvent:91:19,dialogue,1,DialogueEvent,Unit 4 Dev - Dungeon,2026-09-04T19:06:55.7630000Z,2026-09-04T19:06:55.7630000Z,6a9b16cf485cab4c953faf04,wenyi090326-2.stratalog.logdata.json
DialogueNodeEvent:91:29,dialogue,1,DialogueEvent,Unit 4 Dev - Dungeon,2026-09-04T19:07:34.3310000Z,2026-09-04T19:07:34.3310000Z,6a9b16f6485cab4c953faf82,wenyi090326-2.stratalog.logdata.json
DialogueNodeEvent:91:30,dialogue,1,DialogueEvent,Unit 4 Dev - Dungeon,2026-09-04T19:07:50.9050000Z,2026-09-04T19:07:50.9050000Z,6a9b1706485cab4c953fafac,wenyi090326-2.stratalog.logdata.json
DialogueNodeEvent:91:31,dialogue,1,DialogueEvent,Unit 4 Dev - Dungeon,2026-09-04T19:07:52.0380000Z,2026-09-04T19:07:52.0380000Z,6a9b1707485cab4c953fafb0,wenyi090326-2.stratalog.logdata.json
DialogueNodeEvent:91:32,dialogue,1,DialogueEvent,Unit 4 Dev - Dungeon,2026-09-04T19:07:53.8390000Z,2026-09-04T19:07:53.8390000Z,6a9b1709485cab4c953fafb2,wenyi090326-2.stratalog.logdata.json
DialogueNodeEvent:91:34,dialogue,1,DialogueEvent,Unit 4 Dev - Dungeon,2026-09-04T19:07:54.5390000Z,2026-09-04T19:07:54.5390000Z,6a9b170a485cab4c953fafb4,wenyi090326-2.stratalog.logdata.json
DialogueNodeEvent:91:36,dialogue,1,DialogueEvent,Unit 4 Dev - Dungeon,2026-09-04T19:07:54.8750000Z,2026-09-04T19:07:54.8750000Z,6a9b170a485cab4c953fafba,wenyi090326-2.stratalog.logdata.json
DialogueNodeEvent:91:42,dialogue,1,DialogueEvent,Unit 4 Dev - Dungeon,2026-09-04T19:07:59.8760000Z,2026-09-04T19:07:59.8760000Z,6a9b170f485cab4c953fafc6,wenyi090326-2.stratalog.logdata.json
DialogueNodeEvent:91:43,dialogue,1,DialogueEvent,Unit 4 Dev - Dungeon,2026-09-04T19:08:05.4460000Z,2026-09-04T19:08:05.4460000Z,6a9b1715485cab4c953fafdc,wenyi090326-2.stratalog.logdata.json
DialogueNodeEvent:91:44,dialogue,1,DialogueEvent,Unit 4 Dev - Dungeon,2026-09-04T19:08:18.5520000Z,2026-09-04T19:08:18.5520000Z,6a9b1722485cab4c953fb002,wenyi090326-2.stratalog.logdata.json
DialogueNodeEvent:91:45,dialogue,1,DialogueEvent,Unit 4 Dev - Dungeon,2026-09-04T19:08:20.6180000Z,2026-09-04T19:08:20.6180000Z,6a9b1724485cab4c953fb008,wenyi090326-2.stratalog.logdata.json
DialogueNodeEvent:91:47,dialogue,1,DialogueEvent,Unit 4 Dev - Dungeon,2026-09-04T19:08:21.2870000Z,2026-09-04T19:08:21.2870000Z,6a9b1725485cab4c953fb00a,wenyi090326-2.stratalog.logdata.json
DialogueNodeEvent:91:49,dialogue,1,DialogueEvent,Unit 4 Dev - Dungeon,2026-09-04T19:08:51.8350000Z,2026-09-04T19:08:51.8350000Z,6a9b1743485cab4c953fb086,wenyi090326-2.stratalog.logdata.json
DialogueNodeEvent:91:50,dialogue,1,DialogueEvent,Unit 4 Dev - Dungeon,2026-09-04T19:09:17.2130000Z,2026-09-04T19:09:17.2130000Z,6a9b175c485cab4c953fb0b4,wenyi090326-2.stratalog.logdata.json
DialogueNodeEvent:91:51,dialogue,1,DialogueEvent,Unit 4 Dev - Dungeon,2026-09-04T19:09:18.7130000Z,2026-09-04T19:09:18.7130000Z,6a9b175e485cab4c953fb0b8,wenyi090326-2.stratalog.logdata.json
DialogueNodeEvent:91:53,dialogue,1,DialogueEvent,Unit 4 Dev - Dungeon,2026-09-04T19:09:19.8470000Z,2026-09-04T19:09:19.8470000Z,6a9b175f485cab4c953fb0ba,wenyi090326-2.stratalog.logdata.json
DialogueNodeEvent:91:55,dialogue,1,DialogueEvent,Unit 4 Dev - Dungeon,2026-09-04T19:09:20.2900000Z,2026-09-04T19:09:20.2900000Z,6a9b1760485cab4c953fb0c0,wenyi090326-2.stratalog.logdata.json
DialogueNodeEvent:91:61,dialogue,1,DialogueEvent,Unit 4 Dev - Dungeon,2026-09-04T19:09:24.5830000Z,2026-09-04T19:09:24.5830000Z,6a9b1764485cab4c953fb0d2,wenyi090326-2.stratalog.logdata.json
DialogueNodeEvent:91:62,dialogue,1,DialogueEvent,Unit 4 Dev - Dungeon,2026-09-04T19:09:56.6990000Z,2026-09-04T19:09:56.6990000Z,6a9b1784485cab4c953fb138,wenyi090326-2.stratalog.logdata.json
DialogueNodeEvent:91:63,dialogue,1,DialogueEvent,Unit 4 Dev - Dungeon,2026-09-04T19:09:59.6650000Z,2026-09-04T19:09:59.6650000Z,6a9b1787485cab4c953fb13e,wenyi090326-2.stratalog.logdata.json
DialogueNodeEvent:91:65,dialogue,1,DialogueEvent,Unit 4 Dev - Dungeon,2026-09-04T19:10:00.4010000Z,2026-09-04T19:10:00.4010000Z,6a9b1788485cab4c953fb140,wenyi090326-2.stratalog.logdata.json
DialogueNodeEvent:91:67,dialogue,1,DialogueEvent,Unit 4 Dev - Dungeon,2026-09-04T19:10:23.2120000Z,2026-09-04T19:10:23.2120000Z,6a9b179e485cab4c953fb178,wenyi090326-2.stratalog.logdata.json
DialogueNodeEvent:91:68,dialogue,1,DialogueEvent,Unit 4 Dev - Dungeon,2026-09-04T19:10:36.6500000Z,2026-09-04T19:10:36.6500000Z,6a9b17ac485cab4c953fb196,wenyi090326-2.stratalog.logdata.json
DialogueNodeEvent:91:70,dialogue,1,DialogueEvent,Unit 4 Dev - Dungeon,2026-09-04T19:10:45.4200000Z,2026-09-04T19:10:45.4200000Z,6a9b17b5485cab4c953fb19a,wenyi090326-2.stratalog.logdata.json
DialogueNodeEvent:91:72,dialogue,1,DialogueEvent,Unit 4 Dev - Dungeon,2026-09-04T19:10:46.2540000Z,2026-09-04T19:10:46.2540000Z,6a9b17b6485cab4c953fb19e,wenyi090326-2.stratalog.logdata.json
DialogueNodeEvent:91:73,dialogue,1,DialogueEvent,Unit 4 Dev - Dungeon,2026-09-04T19:10:46.4570000Z,2026-09-04T19:10:46.4570000Z,6a9b17b6485cab4c953fb1a4,wenyi090326-2.stratalog.logdata.json
DialogueNodeEvent:91:79,dialogue,2,DialogueEvent,Unit 4 Dev - Dungeon,2026-09-04T19:10:50.7240000Z,2026-09-04T19:10:51.8250000Z,6a9b17ba485cab4c953fb1b4,wenyi090326-2.stratalog.logdata.json
DialogueNodeEvent:91:80,dialogue,1,DialogueEvent,Unit 4 Dev - Dungeon,2026-09-04T19:11:38.1800000Z,2026-09-04T19:11:38.1800000Z,6a9b17e9485cab4c953fb244,wenyi090326-2.stratalog.logdata.json
DialogueNodeEvent:91:82,dialogue,1,DialogueEvent,Unit 4 Dev - Dungeon,2026-09-04T19:11:40.8150000Z,2026-09-04T19:11:40.8150000Z,6a9b17ec485cab4c953fb252,wenyi090326-2.stratalog.logdata.json
DialogueNodeEvent:91:83,dialogue,1,DialogueEvent,Unit 4 Dev - Dungeon,2026-09-04T19:11:43.1150000Z,2026-09-04T19:11:43.1150000Z,6a9b17ee485cab4c953fb258,wenyi090326-2.stratalog.logdata.json
DialogueNodeEvent:91:85,dialogue,1,DialogueEvent,Unit 4 Dev - Dungeon,2026-09-04T19:11:44.2840000Z,2026-09-04T19:11:44.2840000Z,6a9b17f0485cab4c953fb25a,wenyi090326-2.stratalog.logdata.json
DialogueNodeEvent:91:87,dialogue,1,DialogueEvent,Unit 4 Dev - Dungeon,2026-09-04T19:11:56.7550000Z,2026-09-04T19:11:56.7550000Z,6a9b17fc485cab4c953fb27a,wenyi090326-2.stratalog.logdata.json
DialogueNodeEvent:91:88,dialogue,1,DialogueEvent,Unit 4 Dev - Dungeon,2026-09-04T19:11:58.8220000Z,2026-09-04T19:11:58.8220000Z,6a9b17fe485cab4c953fb27e,wenyi090326-2.stratalog.logdata.json
DialogueNodeEvent:91:90,dialogue,1,DialogueEvent,Unit 4 Dev - Dungeon,2026-09-04T19:12:00.0570000Z,2026-09-04T19:12:00.0570000Z,6a9b17ff485cab4c953fb280,wenyi090326-2.stratalog.logdata.json
DialogueNodeEvent:91:92,dialogue,1,DialogueEvent,Unit 4 Dev - Dungeon,2026-09-04T19:12:00.5260000Z,2026-09-04T19:12:00.5260000Z,6a9b1800485cab4c953fb286,wenyi090326-2.stratalog.logdata.json
DialogueNodeEvent:91:98,dialogue,1,DialogueEvent,Unit 4 Dev - Dungeon,2026-09-04T19:12:05.0930000Z,2026-09-04T19:12:05.0930000Z,6a9b1804485cab4c953fb298,wenyi090326-2.stratalog.logdata.json
DialogueNodeEvent:91:99,dialogue,1,DialogueEvent,Unit 4 Dev - Dungeon,2026-09-04T19:12:05.7600000Z,2026-09-04T19:12:05.7600000Z,6a9b1805485cab4c953fb29e,wenyi090326-2.stratalog.logdata.json
DialogueNodeEvent:92:0,dialogue,9,DialogueEvent,Unit 4 Dev,2026-09-04T19:22:48.5660000Z,2026-09-04T19:25:02.3310000Z,6a9b1a88485cab4c953fb678,wenyi090326-2.stratalog.logdata.json
DialogueNodeEvent:92:1,dialogue,1,DialogueEvent,Unit 4 Dev,2026-09-04T19:22:35.7280000Z,2026-09-04T19:22:35.7280000Z,6a9b1a7b485cab4c953fb650,wenyi090326-2.stratalog.logdata.json
DialogueNodeEvent:92:10,dialogue,1,DialogueEvent,Unit 4 Dev,2026-09-04T19:22:41.0960000Z,2026-09-04T19:22:41.0960000Z,6a9b1a80485cab4c953fb660,wenyi090326-2.stratalog.logdata.json
DialogueNodeEvent:92:12,dialogue,1,DialogueEvent,Unit 4 Dev,2026-09-04T19:22:41.4630000Z,2026-09-04T19:22:41.4630000Z,6a9b1a81485cab4c953fb662,wenyi090326-2.stratalog.logdata.json
DialogueNodeEvent:92:13,dialogue,1,DialogueEvent,Unit 4 Dev,2026-09-04T19:22:41.8630000Z,2026-09-04T19:22:41.8630000Z,6a9b1a81485cab4c953fb666,wenyi090326-2.stratalog.logdata.json
DialogueNodeEvent:92:14,dialogue,1,DialogueEvent,Unit 4 Dev,2026-09-04T19:22:42.3300000Z,2026-09-04T19:22:42.3300000Z,6a9b1a82485cab4c953fb668,wenyi090326-2.stratalog.logdata.json
DialogueNodeEvent:92:15,dialogue,1,DialogueEvent,Unit 4 Dev,2026-09-04T19:22:42.7650000Z,2026-09-04T19:22:42.7650000Z,6a9b1a82485cab4c953fb66a,wenyi090326-2.stratalog.logdata.json
DialogueNodeEvent:92:16,dialogue,1,DialogueEvent,Unit 4 Dev,2026-09-04T19:22:43.1630000Z,2026-09-04T19:22:43.1630000Z,6a9b1a82485cab4c953fb66c,wenyi090326-2.stratalog.logdata.json
DialogueNodeEvent:92:17,dialogue,1,DialogueEvent,Unit 4 Dev,2026-09-04T19:22:43.5380000Z,2026-09-04T19:22:43.5380000Z,6a9b1a83485cab4c953fb670,wenyi090326-2.stratalog.logdata.json
DialogueNodeEvent:92:19,dialogue,1,DialogueEvent,Unit 4 Dev,2026-09-04T19:22:48.5690000Z,2026-09-04T19:22:48.5690000Z,6a9b1a88485cab4c953fb67c,wenyi090326-2.stratalog.logdata.json
DialogueNodeEvent:92:2,dialogue,1,DialogueEvent,Unit 4 Dev,2026-09-04T19:22:38.6940000Z,2026-09-04T19:22:38.6940000Z,6a9b1a7e485cab4c953fb654,wenyi090326-2.stratalog.logdata.json
DialogueNodeEvent:92:20,dialogue,1,DialogueEvent,Unit 4 Dev,2026-09-04T19:22:51.9720000Z,2026-09-04T19:22:51.9720000Z,6a9b1a8b485cab4c953fb692,wenyi090326-2.stratalog.logdata.json
DialogueNodeEvent:92:21,dialogue,1,DialogueEvent,Unit 4 Dev,2026-09-04T19:22:54.5730000Z,2026-09-04T19:22:54.5730000Z,6a9b1a8e485cab4c953fb69c,wenyi090326-2.stratalog.logdata.json
DialogueNodeEvent:92:22,dialogue,1,DialogueEvent,Unit 4 Dev,2026-09-04T19:22:59.4760000Z,2026-09-04T19:22:59.4760000Z,6a9b1a93485cab4c953fb6b0,wenyi090326-2.stratalog.logdata.json
DialogueNodeEvent:92:23,dialogue,1,DialogueEvent,Unit 4 Dev,2026-09-04T19:23:01.4390000Z,2026-09-04T19:23:01.4390000Z,6a9b1a95485cab4c953fb6b2,wenyi090326-2.stratalog.logdata.json
DialogueNodeEvent:92:25,dialogue,1,DialogueEvent,Unit 4 Dev,2026-09-04T19:23:01.9060000Z,2026-09-04T19:23:01.9060000Z,6a9b1a95485cab4c953fb6b6,wenyi090326-2.stratalog.logdata.json
DialogueNodeEvent:92:26,dialogue,1,DialogueEvent,Unit 4 Dev,2026-09-04T19:23:18.5500000Z,2026-09-04T19:23:18.5500000Z,6a9b1aa6485cab4c953fb6c4,wenyi090326-2.stratalog.logdata.json
DialogueNodeEvent:92:27,dialogue,1,DialogueEvent,Unit 4 Dev,2026-09-04T19:23:24.7880000Z,2026-09-04T19:23:24.7880000Z,6a9b1aac485cab4c953fb6e0,wenyi090326-2.stratalog.logdata.json
DialogueNodeEvent:92:29,dialogue,1,DialogueEvent,Unit 4 Dev,2026-09-04T19:23:32.7230000Z,2026-09-04T19:23:32.7230000Z,6a9b1ab4485cab4c953fb6ee,wenyi090326-2.stratalog.logdata.json
DialogueNodeEvent:92:30,dialogue,1,DialogueEvent,Unit 4 Dev,2026-09-04T19:23:37.5280000Z,2026-09-04T19:23:37.5280000Z,6a9b1ab9485cab4c953fb70e,wenyi090326-2.stratalog.logdata.json
DialogueNodeEvent:92:32,dialogue,1,DialogueEvent,Unit 4 Dev,2026-09-04T19:24:05.9380000Z,2026-09-04T19:24:05.9380000Z,6a9b1ad5485cab4c953fb724,wenyi090326-2.stratalog.logdata.json
DialogueNodeEvent:92:34,dialogue,1,DialogueEvent,Unit 4 Dev,2026-09-04T19:24:14.3750000Z,2026-09-04T19:24:14.3750000Z,6a9b1ade485cab4c953fb728,wenyi090326-2.stratalog.logdata.json
DialogueNodeEvent:92:35,dialogue,1,DialogueEvent,Unit 4 Dev,2026-09-04T19:24:27.0510000Z,2026-09-04T19:24:27.0510000Z,6a9b1aea485cab4c953fb748,wenyi090326-2.stratalog.logdata.json
DialogueNodeEvent:92:36,dialogue,1,DialogueEvent,Unit 4 Dev,2026-09-04T19:24:29.9520000Z,2026-09-04T19:24:29.9520000Z,6a9b1aed485cab4c953fb74a,wenyi090326-2.stratalog.logdata.json
DialogueNodeEvent:92:38,dialogue,1,DialogueEvent,Unit 4 Dev,2026-09-04T19:24:55.7290000Z,2026-09-04T19:24:55.7290000Z,6a9b1b07485cab4c953fb782,wenyi090326-2.stratalog.logdata.json
DialogueNodeEvent:92:39,dialogue,1,DialogueEvent,Unit 4 Dev,2026-09-04T19:24:56.4940000Z,2026-09-04T19:24:56.4940000Z,6a9b1b08485cab4c953fb788,wenyi090326-2.stratalog.logdata.json
DialogueNodeEvent:92:4,dialogue,1,DialogueEvent,Unit 4 Dev,2026-09-04T19:22:39.2620000Z,2026-09-04T19:22:39.2620000Z,6a9b1a7f485cab4c953fb656,wenyi090326-2.stratalog.logdata.json
DialogueNodeEvent:92:41,dialogue,1,DialogueEvent,Unit 4 Dev,2026-09-04T19:24:57.2290000Z,2026-09-04T19:24:57.2290000Z,6a9b1b08485cab4c953fb78a,wenyi090326-2.stratalog.logdata.json
DialogueNodeEvent:92:42,dialogue,1,DialogueEvent,Unit 4 Dev,2026-09-04T19:25:02.3340000Z,2026-09-04T19:25:02.3340000Z,6a9b1b0e485cab4c953fb79c,wenyi090326-2.stratalog.logdata.json
DialogueNodeEvent:92:44,dialogue,1,DialogueEvent,Unit 4 Dev,2026-09-04T19:25:06.3980000Z,2026-09-04T19:25:06.3980000Z,6a9b1b12485cab4c953fb79e,wenyi090326-2.stratalog.logdata.json
DialogueNodeEvent:92:46,dialogue,1,DialogueEvent,Unit 4 Dev,2026-09-04T19:25:07.4330000Z,2026-09-04T19:25:07.4330000Z,6a9b1b13485cab4c953fb7a0,wenyi090326-2.stratalog.logdata.json
DialogueNodeEvent:92:47,dialogue,1,DialogueEvent,Unit 4 Dev,2026-09-04T19:25:07.8660000Z,2026-09-04T19:25:07.8660000Z,6a9b1b13485cab4c953fb7a2,wenyi090326-2.stratalog.logdata.json
DialogueNodeEvent:92:48,dialogue,1,DialogueEvent,Unit 4 Dev,2026-09-04T19:25:08.3330000Z,2026-09-04T19:25:08.3330000Z,6a9b1b14485cab4c953fb7a4,wenyi090326-2.stratalog.logdata.json
DialogueNodeEvent:92:49,dialogue,1,DialogueEvent,Unit 4 Dev,2026-09-04T19:25:08.9330000Z,2026-09-04T19:25:08.9330000Z,6a9b1b14485cab4c953fb7a6,wenyi090326-2.stratalog.logdata.json
DialogueNodeEvent:92:50,dialogue,1,DialogueEvent,Unit 4 Dev,2026-09-04T19:25:11.0340000Z,2026-09-04T19:25:11.0340000Z,6a9b1b16485cab4c953fb7a8,wenyi090326-2.stratalog.logdata.json
DialogueNodeEvent:92:52,dialogue,1,DialogueEvent,Unit 4 Dev,2026-09-04T19:25:11.9340000Z,2026-09-04T19:25:11.9340000Z,6a9b1b17485cab4c953fb7ac,wenyi090326-2.stratalog.logdata.json
DialogueNodeEvent:92:53,dialogue,1,DialogueEvent,Unit 4 Dev,2026-09-04T19:25:12.3350000Z,2026-09-04T19:25:12.3350000Z,6a9b1b18485cab4c953fb7ae,wenyi090326-2.stratalog.logdata.json
DialogueNodeEvent:92:54,dialogue,1,DialogueEvent,Unit 4 Dev,2026-09-04T19:25:12.7680000Z,2026-09-04T19:25:12.7680000Z,6a9b1b18485cab4c953fb7b0,wenyi090326-2.stratalog.logdata.json
DialogueNodeEvent:92:55,dialogue,1,DialogueEvent,Unit 4 Dev,2026-09-04T19:25:17.6700000Z,2026-09-04T19:25:17.6700000Z,6a9b1b1d485cab4c953fb7b2,wenyi090326-2.stratalog.logdata.json
DialogueNodeEvent:92:57,dialogue,1,DialogueEvent,Unit 4 Dev,2026-09-04T19:25:18.5040000Z,2026-09-04T19:25:18.5040000Z,6a9b1b1e485cab4c953fb7b4,wenyi090326-2.stratalog.logdata.json
DialogueNodeEvent:92:58,dialogue,1,DialogueEvent,Unit 4 Dev,2026-09-04T19:25:18.6390000Z,2026-09-04T19:25:18.6390000Z,6a9b1b1e485cab4c953fb7b6,wenyi090326-2.stratalog.logdata.json
DialogueNodeEvent:92:59,dialogue,1,DialogueEvent,Unit 4 Dev,2026-09-04T19:25:18.9380000Z,2026-09-04T19:25:18.9380000Z,6a9b1b1e485cab4c953fb7b8,wenyi090326-2.stratalog.logdata.json
DialogueNodeEvent:92:6,dialogue,1,DialogueEvent,Unit 4 Dev,2026-09-04T19:22:39.5610000Z,2026-09-04T19:22:39.5610000Z,6a9b1a7f485cab4c953fb658,wenyi090326-2.stratalog.logdata.json
DialogueNodeEvent:92:60,dialogue,1,DialogueEvent,Unit 4 Dev,2026-09-04T19:25:19.3760000Z,2026-09-04T19:25:19.3760000Z,6a9b1b1f485cab4c953fb7be,wenyi090326-2.stratalog.logdata.json
DialogueNodeEvent:92:61,dialogue,2,DialogueEvent,Unit 4 Dev,2026-09-04T19:24:45.7230000Z,2026-09-04T19:24:52.2590000Z,6a9b1afd485cab4c953fb76c,wenyi090326-2.stratalog.logdata.json
DialogueNodeEvent:92:63,dialogue,1,DialogueEvent,Unit 4 Dev,2026-09-04T19:24:35.0180000Z,2026-09-04T19:24:35.0180000Z,6a9b1af2485cab4c953fb75c,wenyi090326-2.stratalog.logdata.json
DialogueNodeEvent:92:64,dialogue,1,DialogueEvent,Unit 4 Dev,2026-09-04T19:24:55.7310000Z,2026-09-04T19:24:55.7310000Z,6a9b1b07485cab4c953fb786,wenyi090326-2.stratalog.logdata.json
DialogueNodeEvent:92:65,dialogue,1,DialogueEvent,Unit 4 Dev,2026-09-04T19:23:02.3400000Z,2026-09-04T19:23:02.3400000Z,6a9b1a96485cab4c953fb6b8,wenyi090326-2.stratalog.logdata.json
DialogueNodeEvent:92:66,dialogue,1,DialogueEvent,Unit 4 Dev,2026-09-04T19:23:26.0180000Z,2026-09-04T19:23:26.0180000Z,6a9b1aad485cab4c953fb6e2,wenyi090326-2.stratalog.logdata.json
DialogueNodeEvent:92:67,dialogue,1,DialogueEvent,Unit 4 Dev,2026-09-04T19:23:38.5900000Z,2026-09-04T19:23:38.5900000Z,6a9b1aba485cab4c953fb710,wenyi090326-2.stratalog.logdata.json
DialogueNodeEvent:92:7,dialogue,1,DialogueEvent,Unit 4 Dev,2026-09-04T19:22:39.9290000Z,2026-09-04T19:22:39.9290000Z,6a9b1a7f485cab4c953fb65a,wenyi090326-2.stratalog.logdata.json
DialogueNodeEvent:92:8,dialogue,1,DialogueEvent,Unit 4 Dev,2026-09-04T19:22:40.3290000Z,2026-09-04T19:22:40.3290000Z,6a9b1a80485cab4c953fb65c,wenyi090326-2.stratalog.logdata.json
DialogueNodeEvent:92:9,dialogue,1,DialogueEvent,Unit 4 Dev,2026-09-04T19:22:40.6950000Z,2026-09-04T19:22:40.6950000Z,6a9b1a80485cab4c953fb65e,wenyi090326-2.stratalog.logdata.json
DialogueNodeEvent:95:1,dialogue,1,DialogueEvent,Unit 5 Dev - Dungeon,2026-09-04T19:27:29.2060000Z,2026-09-04T19:27:29.2060000Z,6a9b1ba0485cab4c953fb884,wenyi090326-2.stratalog.logdata.json
DialogueNodeEvent:95:32,dialogue,1,DialogueEvent,Unit 5 Dev - Dungeon,2026-09-04T19:30:30.2330000Z,2026-09-04T19:30:30.2330000Z,6a9b1c56485cab4c953fba58,wenyi090326-2.stratalog.logdata.json
DialogueNodeEvent:95:35,dialogue,2,DialogueEvent,Unit 5 Dev - Dungeon,2026-09-04T19:30:56.7760000Z,2026-09-04T19:30:59.7460000Z,6a9b1c70485cab4c953fbaa0,wenyi090326-2.stratalog.logdata.json
DialogueNodeEvent:95:4,dialogue,1,DialogueEvent,Unit 5 Dev - Dungeon,2026-09-04T19:27:34.5690000Z,2026-09-04T19:27:34.5690000Z,6a9b1ba6485cab4c953fb88a,wenyi090326-2.stratalog.logdata.json
DialogueNodeEvent:95:41,dialogue,1,DialogueEvent,Unit 5 Dev - Dungeon,2026-09-04T19:31:57.0170000Z,2026-09-04T19:31:57.0170000Z,6a9b1cac485cab4c953fbaf8,wenyi090326-2.stratalog.logdata.json
DialogueNodeEvent:95:42,dialogue,1,DialogueEvent,Unit 5 Dev - Dungeon,2026-09-04T19:31:31.3420000Z,2026-09-04T19:31:31.3420000Z,6a9b1c93485cab4c953fbae0,wenyi090326-2.stratalog.logdata.json
DialogueNodeEvent:95:5,dialogue,1,DialogueEvent,Unit 5 Dev - Dungeon,2026-09-04T19:27:35.5790000Z,2026-09-04T19:27:35.5790000Z,6a9b1ba7485cab4c953fb88c,wenyi090326-2.stratalog.logdata.json
DialogueNodeEvent:95:76,dialogue,1,DialogueEvent,Unit 5 Dev - Dungeon,2026-09-04T19:27:40.9400000Z,2026-09-04T19:27:40.9400000Z,6a9b1bac485cab4c953fb8d0,wenyi090326-2.stratalog.logdata.json
DialogueNodeEvent:95:77,dialogue,1,DialogueEvent,Unit 5 Dev - Dungeon,2026-09-04T19:27:43.2080000Z,2026-09-04T19:27:43.2080000Z,6a9b1bae485cab4c953fb8dc,wenyi090326-2.stratalog.logdata.json
DialogueNodeEvent:95:78,dialogue,1,DialogueEvent,Unit 5 Dev - Dungeon,2026-09-04T19:29:33.3080000Z,2026-09-04T19:29:33.3080000Z,6a9b1c1d485cab4c953fb90e,wenyi090326-2.stratalog.logdata.json
DialogueNodeEvent:95:79,dialogue,1,DialogueEvent,Unit 5 Dev - Dungeon,2026-09-04T19:31:22.8410000Z,2026-09-04T19:31:22.8410000Z,6a9b1c8a485cab4c953fbac8,wenyi090326-2.stratalog.logdata.json
DialogueNodeEvent:95:80,dialogue,1,DialogueEvent,Unit 5 Dev - Dungeon,2026-09-04T19:30:24.5630000Z,2026-09-04T19:30:24.5630000Z,6a9b1c50485cab4c953fba46,wenyi090326-2.stratalog.logdata.json
DialogueNodeEvent:95:81,dialogue,1,DialogueEvent,Unit 5 Dev - Dungeon,2026-09-04T19:30:44.1050000Z,2026-09-04T19:30:44.1050000Z,6a9b1c63485cab4c953fba72,wenyi090326-2.stratalog.logdata.json
DialogueNodeEvent:95:82,dialogue,1,DialogueEvent,Unit 5 Dev - Dungeon,2026-09-04T19:30:50.8380000Z,2026-09-04T19:30:50.8380000Z,6a9b1c6a485cab4c953fba8c,wenyi090326-2.stratalog.logdata.json
DialogueNodeEvent:95:83,dialogue,1,DialogueEvent,Unit 5 Dev - Dungeon,2026-09-04T19:31:22.8370000Z,2026-09-04T19:31:22.8370000Z,6a9b1c8a485cab4c953fbac2,wenyi090326-2.stratalog.logdata.json
DialogueNodeEvent:95:87,dialogue,1,DialogueEvent,Unit 5 Dev - Dungeon,2026-09-04T19:33:09.7970000Z,2026-09-04T19:33:09.7970000Z,6a9b1cf5485cab4c953fbb5e,wenyi090326-2.stratalog.logdata.json
DialogueNodeEvent:95:88,dialogue,1,DialogueEvent,Unit 5 Dev - Dungeon,2026-09-04T19:33:36.2770000Z,2026-09-04T19:33:36.2770000Z,6a9b1d10485cab4c953fbb96,wenyi090326-2.stratalog.logdata.json
DialogueNodeEvent:96:1,dialogue,1,DialogueEvent,Unit 5 Dev,2026-09-04T19:34:50.2390000Z,2026-09-04T19:34:50.2390000Z,6a9b1d5a485cab4c953fbbf8,wenyi090326-2.stratalog.logdata.json
DialogueNodeEvent:96:10,dialogue,1,DialogueEvent,Unit 5 Dev,2026-09-04T19:34:59.5410000Z,2026-09-04T19:34:59.5410000Z,6a9b1d63485cab4c953fbc0a,wenyi090326-2.stratalog.logdata.json
DialogueNodeEvent:96:12,dialogue,1,DialogueEvent,Unit 5 Dev,2026-09-04T19:35:02.1090000Z,2026-09-04T19:35:02.1090000Z,6a9b1d65485cab4c953fbc0c,wenyi090326-2.stratalog.logdata.json
DialogueNodeEvent:96:13,dialogue,1,DialogueEvent,Unit 5 Dev,2026-09-04T19:35:03.1090000Z,2026-09-04T19:35:03.1090000Z,6a9b1d66485cab4c953fbc0e,wenyi090326-2.stratalog.logdata.json
DialogueNodeEvent:96:14,dialogue,1,DialogueEvent,Unit 5 Dev,2026-09-04T19:35:03.5090000Z,2026-09-04T19:35:03.5090000Z,6a9b1d67485cab4c953fbc10,wenyi090326-2.stratalog.logdata.json
DialogueNodeEvent:96:16,dialogue,1,DialogueEvent,Unit 5 Dev,2026-09-04T19:35:05.5770000Z,2026-09-04T19:35:05.5770000Z,6a9b1d69485cab4c953fbc14,wenyi090326-2.stratalog.logdata.json
DialogueNodeEvent:96:17,dialogue,1,DialogueEvent,Unit 5 Dev,2026-09-04T19:35:06.1770000Z,2026-09-04T19:35:06.1770000Z,6a9b1d69485cab4c953fbc16,wenyi090326-2.stratalog.logdata.json
DialogueNodeEvent:96:18,dialogue,1,DialogueEvent,Unit 5 Dev,2026-09-04T19:35:06.5440000Z,2026-09-04T19:35:06.5440000Z,6a9b1d6a485cab4c953fbc18,wenyi090326-2.stratalog.logdata.json
DialogueNodeEvent:96:19,dialogue,1,DialogueEvent,Unit 5 Dev,2026-09-04T19:35:06.9110000Z,2026-09-04T19:35:06.9110000Z,6a9b1d6a485cab4c953fbc1a,wenyi090326-2.stratalog.logdata.json
DialogueNodeEvent:96:2,dialogue,1,DialogueEvent,Unit 5 Dev,2026-09-04T19:34:51.3370000Z,2026-09-04T19:34:51.3370000Z,6a9b1d5b485cab4c953fbbfc,wenyi090326-2.stratalog.logdata.json
DialogueNodeEvent:96:20,dialogue,1,DialogueEvent,Unit 5 Dev,2026-09-04T19:35:07.3110000Z,2026-09-04T19:35:07.3110000Z,6a9b1d6b485cab4c953fbc1c,wenyi090326-2.stratalog.logdata.json
DialogueNodeEvent:96:22,dialogue,1,DialogueEvent,Unit 5 Dev,2026-09-04T19:35:09.6790000Z,2026-09-04T19:35:09.6790000Z,6a9b1d6d485cab4c953fbc1e,wenyi090326-2.stratalog.logdata.json
DialogueNodeEvent:96:23,dialogue,1,DialogueEvent,Unit 5 Dev,2026-09-04T19:35:10.4210000Z,2026-09-04T19:35:10.4210000Z,6a9b1d6e485cab4c953fbc22,wenyi090326-2.stratalog.logdata.json
DialogueNodeEvent:96:3,dialogue,1,DialogueEvent,Unit 5 Dev,2026-09-04T19:34:53.8710000Z,2026-09-04T19:34:53.8710000Z,6a9b1d5d485cab4c953fbbfe,wenyi090326-2.stratalog.logdata.json
DialogueNodeEvent:96:5,dialogue,1,DialogueEvent,Unit 5 Dev,2026-09-04T19:34:54.5720000Z,2026-09-04T19:34:54.5720000Z,6a9b1d5e485cab4c953fbc02,wenyi090326-2.stratalog.logdata.json
DialogueNodeEvent:96:6,dialogue,1,DialogueEvent,Unit 5 Dev,2026-09-04T19:34:58.0070000Z,2026-09-04T19:34:58.0070000Z,6a9b1d61485cab4c953fbc04,wenyi090326-2.stratalog.logdata.json
DialogueNodeEvent:96:8,dialogue,1,DialogueEvent,Unit 5 Dev,2026-09-04T19:34:58.7400000Z,2026-09-04T19:34:58.7400000Z,6a9b1d62485cab4c953fbc06,wenyi090326-2.stratalog.logdata.json
DialogueNodeEvent:96:9,dialogue,1,DialogueEvent,Unit 5 Dev,2026-09-04T19:34:59.1070000Z,2026-09-04T19:34:59.1070000Z,6a9b1d62485cab4c953fbc08,wenyi090326-2.stratalog.logdata.json
DialogueNodeEvent:98:31,dialogue,1,DialogueEvent,Unit 5 Dev,2026-09-04T19:35:34.8250000Z,2026-09-04T19:35:34.8250000Z,6a9b1d86485cab4c953fbc46,wenyi090326-2.stratalog.logdata.json
DialogueNodeEvent:98:32,dialogue,1,DialogueEvent,Unit 5 Dev,2026-09-04T19:35:52.1640000Z,2026-09-04T19:35:52.1640000Z,6a9b1d97485cab4c953fbc54,wenyi090326-2.stratalog.logdata.json
DialogueNodeEvent:98:33,dialogue,1,DialogueEvent,Unit 5 Dev,2026-09-04T19:35:58.0660000Z,2026-09-04T19:35:58.0660000Z,6a9b1d9d485cab4c953fbc64,wenyi090326-2.stratalog.logdata.json
DialogueNodeEvent:98:34,dialogue,1,DialogueEvent,Unit 5 Dev,2026-09-04T19:58:49.4720000Z,2026-09-04T19:58:49.4720000Z,6a9b22f9485cab4c953fc232,wenyi090326-2.stratalog.logdata.json
DialogueNodeEvent:98:36,dialogue,1,DialogueEvent,Unit 5 Dev,2026-09-04T19:58:52.3690000Z,2026-09-04T19:58:52.3690000Z,6a9b22fc485cab4c953fc23e,wenyi090326-2.stratalog.logdata.json
DialogueNodeEvent:98:37,dialogue,1,DialogueEvent,Unit 5 Dev,2026-09-04T19:59:03.5730000Z,2026-09-04T19:59:03.5730000Z,6a9b2307485cab4c953fc26a,wenyi090326-2.stratalog.logdata.json
DialogueNodeEvent:98:38,dialogue,1,DialogueEvent,Unit 5 Dev,2026-09-04T19:59:04.8740000Z,2026-09-04T19:59:04.8740000Z,6a9b2308485cab4c953fc270,wenyi090326-2.stratalog.logdata.json
DialogueNodeEvent:98:39,dialogue,2,DialogueEvent,Unit 5 Dev,2026-09-04T19:59:25.3810000Z,2026-09-04T19:59:25.3860000Z,6a9b231d485cab4c953fc2b0,wenyi090326-2.stratalog.logdata.json
DialogueNodeEvent:98:40,dialogue,1,DialogueEvent,Unit 5 Dev,2026-09-04T19:59:26.4810000Z,2026-09-04T19:59:26.4810000Z,6a9b231e485cab4c953fc2be,wenyi090326-2.stratalog.logdata.json
DialogueNodeEvent:98:41,dialogue,1,DialogueEvent,Unit 5 Dev,2026-09-04T19:59:26.8810000Z,2026-09-04T19:59:26.8810000Z,6a9b231e485cab4c953fc2c0,wenyi090326-2.stratalog.logdata.json
DialogueNodeEvent:98:45,dialogue,1,DialogueEvent,Unit 5 Dev,2026-09-04T19:59:29.4490000Z,2026-09-04T19:59:29.4490000Z,6a9b2321485cab4c953fc2c4,wenyi090326-2.stratalog.logdata.json
DialogueNodeEvent:98:49,dialogue,1,DialogueEvent,Unit 5 Dev,2026-09-04T19:59:30.2160000Z,2026-09-04T19:59:30.2160000Z,6a9b2322485cab4c953fc2c8,wenyi090326-2.stratalog.logdata.json
DialogueNodeEvent:98:55,dialogue,1,DialogueEvent,Unit 5 Dev,2026-09-04T19:59:33.0170000Z,2026-09-04T19:59:33.0170000Z,6a9b2324485cab4c953fc2ca,wenyi090326-2.stratalog.logdata.json
DialogueNodeEvent:98:56,dialogue,1,DialogueEvent,Unit 5 Dev,2026-09-04T19:59:33.7170000Z,2026-09-04T19:59:33.7170000Z,6a9b2325485cab4c953fc2cc,wenyi090326-2.stratalog.logdata.json
DialogueNodeEvent:98:57,dialogue,1,DialogueEvent,Unit 5 Dev,2026-09-04T19:59:35.1550000Z,2026-09-04T19:59:35.1550000Z,6a9b2326485cab4c953fc2ce,wenyi090326-2.stratalog.logdata.json
DialogueNodeEvent:98:59,dialogue,1,DialogueEvent,Unit 5 Dev,2026-09-04T20:00:00.4690000Z,2026-09-04T20:00:00.4690000Z,6a9b2341485cab4c953fc310,wenyi090326-2.stratalog.logdata.json
DialogueNodeEvent:98:61,dialogue,1,DialogueEvent,Unit 5 Dev,2026-09-04T20:00:08.0340000Z,2026-09-04T20:00:08.0340000Z,6a9b2347485cab4c953fc316,wenyi090326-2.stratalog.logdata.json
DialogueNodeEvent:98:62,dialogue,1,DialogueEvent,Unit 5 Dev,2026-09-04T20:00:08.8020000Z,2026-09-04T20:00:08.8020000Z,6a9b2348485cab4c953fc31c,wenyi090326-2.stratalog.logdata.json
DialogueNodeEvent:98:63,dialogue,1,DialogueEvent,Unit 5 Dev,2026-09-04T19:59:36.1870000Z,2026-09-04T19:59:36.1870000Z,6a9b2328485cab4c953fc2d2,wenyi090326-2.stratalog.logdata.json
DialogueNodeEvent:98:64,dialogue,1,DialogueEvent,Unit 5 Dev,2026-09-04T20:00:09.1380000Z,2026-09-04T20:00:09.1380000Z,6a9b2348485cab4c953fc31e,wenyi090326-2.stratalog.logdata.json
DialogueNodeEvent:99:1,dialogue,1,DialogueEvent,Unit 5 Dev,2026-09-04T20:01:03.4370000Z,2026-09-04T20:01:03.4370000Z,6a9b237f485cab4c953fc376,wenyi090326-2.stratalog.logdata.json
DialogueNodeEvent:99:13,dialogue,1,DialogueEvent,Unit 5 Dev,2026-09-04T20:01:16.5280000Z,2026-09-04T20:01:16.5280000Z,6a9b238c485cab4c953fc39e,wenyi090326-2.stratalog.logdata.json
DialogueNodeEvent:99:17,dialogue,1,DialogueEvent,Unit 5 Dev,2026-09-04T20:01:17.2960000Z,2026-09-04T20:01:17.2960000Z,6a9b238d485cab4c953fc3a0,wenyi090326-2.stratalog.logdata.json
DialogueNodeEvent:99:18,dialogue,1,DialogueEvent,Unit 5 Dev,2026-09-04T20:01:20.7300000Z,2026-09-04T20:01:20.7300000Z,6a9b2390485cab4c953fc3aa,wenyi090326-2.stratalog.logdata.json
DialogueNodeEvent:99:19,dialogue,1,DialogueEvent,Unit 5 Dev,2026-09-04T20:01:21.7300000Z,2026-09-04T20:01:21.7300000Z,6a9b2391485cab4c953fc3ae,wenyi090326-2.stratalog.logdata.json
DialogueNodeEvent:99:2,dialogue,2,DialogueEvent,Unit 5 Dev,2026-09-04T20:01:07.3600000Z,2026-09-04T20:01:07.3650000Z,6a9b2383485cab4c953fc388,wenyi090326-2.stratalog.logdata.json
DialogueNodeEvent:99:20,dialogue,1,DialogueEvent,Unit 5 Dev,2026-09-04T20:01:22.1970000Z,2026-09-04T20:01:22.1970000Z,6a9b2392485cab4c953fc3b0,wenyi090326-2.stratalog.logdata.json
DialogueNodeEvent:99:21,dialogue,1,DialogueEvent,Unit 5 Dev,2026-09-04T20:01:22.7310000Z,2026-09-04T20:01:22.7310000Z,6a9b2392485cab4c953fc3b2,wenyi090326-2.stratalog.logdata.json
DialogueNodeEvent:99:22,dialogue,1,DialogueEvent,Unit 5 Dev,2026-09-04T20:01:26.6020000Z,2026-09-04T20:01:26.6020000Z,6a9b2396485cab4c953fc3b8,wenyi090326-2.stratalog.logdata.json
DialogueNodeEvent:99:23,dialogue,1,DialogueEvent,Unit 5 Dev,2026-09-04T20:01:32.3350000Z,2026-09-04T20:01:32.3350000Z,6a9b239c485cab4c953fc3c0,wenyi090326-2.stratalog.logdata.json
DialogueNodeEvent:99:24,dialogue,1,DialogueEvent,Unit 5 Dev,2026-09-04T20:01:32.7350000Z,2026-09-04T20:01:32.7350000Z,6a9b239c485cab4c953fc3c2,wenyi090326-2.stratalog.logdata.json
DialogueNodeEvent:99:25,dialogue,4,DialogueEvent,Unit 5 Dev,2026-09-04T20:01:33.1030000Z,2026-09-04T20:01:51.0110000Z,6a9b239c485cab4c953fc3c4,wenyi090326-2.stratalog.logdata.json
DialogueNodeEvent:99:26,dialogue,3,DialogueEvent,Unit 5 Dev,2026-09-04T20:01:35.6700000Z,2026-09-04T20:01:49.4100000Z,6a9b239f485cab4c953fc3c6,wenyi090326-2.stratalog.logdata.json
DialogueNodeEvent:99:28,dialogue,1,DialogueEvent,Unit 5 Dev,2026-09-04T20:01:52.5450000Z,2026-09-04T20:01:52.5450000Z,6a9b23b0485cab4c953fc3e6,wenyi090326-2.stratalog.logdata.json
DialogueNodeEvent:99:29,dialogue,3,DialogueEvent,Unit 5 Dev,2026-09-04T20:01:36.4040000Z,2026-09-04T20:01:50.3100000Z,6a9b23a0485cab4c953fc3ca,wenyi090326-2.stratalog.logdata.json
DialogueNodeEvent:99:3,dialogue,1,DialogueEvent,Unit 5 Dev,2026-09-04T20:01:11.7920000Z,2026-09-04T20:01:11.7920000Z,6a9b2387485cab4c953fc392,wenyi090326-2.stratalog.logdata.json
DialogueNodeEvent:99:31,dialogue,3,DialogueEvent,Unit 5 Dev,2026-09-04T20:01:36.7370000Z,2026-09-04T20:01:50.6770000Z,6a9b23a0485cab4c953fc3cc,wenyi090326-2.stratalog.logdata.json
DialogueNodeEvent:99:33,dialogue,1,DialogueEvent,Unit 5 Dev,2026-09-04T20:01:53.3120000Z,2026-09-04T20:01:53.3120000Z,6a9b23b1485cab4c953fc3e8,wenyi090326-2.stratalog.logdata.json
DialogueNodeEvent:99:34,dialogue,1,DialogueEvent,Unit 5 Dev,2026-09-04T20:01:53.6460000Z,2026-09-04T20:01:53.6460000Z,6a9b23b1485cab4c953fc3ea,wenyi090326-2.stratalog.logdata.json
DialogueNodeEvent:99:5,dialogue,1,DialogueEvent,Unit 5 Dev,2026-09-04T20:01:12.4260000Z,2026-09-04T20:01:12.4260000Z,6a9b2388485cab4c953fc394,wenyi090326-2.stratalog.logdata.json
DialogueNodeEvent:99:53,dialogue,1,DialogueEvent,Unit 5 Dev,2026-09-04T20:03:18.6340000Z,2026-09-04T20:03:18.6340000Z,6a9b2406485cab4c953fc47a,wenyi090326-2.stratalog.logdata.json
DialogueNodeEvent:99:54,dialogue,1,DialogueEvent,Unit 5 Dev,2026-09-04T20:03:22.4660000Z,2026-09-04T20:03:22.4660000Z,6a9b240a485cab4c953fc47e,wenyi090326-2.stratalog.logdata.json
DialogueNodeEvent:99:56,dialogue,1,DialogueEvent,Unit 5 Dev,2026-09-04T20:03:23.1330000Z,2026-09-04T20:03:23.1330000Z,6a9b240a485cab4c953fc480,wenyi090326-2.stratalog.logdata.json
DialogueNodeEvent:99:58,dialogue,1,DialogueEvent,Unit 5 Dev,2026-09-04T20:03:23.5000000Z,2026-09-04T20:03:23.5000000Z,6a9b240b485cab4c953fc482,wenyi090326-2.stratalog.logdata.json
DialogueNodeEvent:99:61,dialogue,1,DialogueEvent,Unit 5 Dev,2026-09-04T20:03:26.3010000Z,2026-09-04T20:03:26.3010000Z,6a9b240e485cab4c953fc486,wenyi090326-2.stratalog.logdata.json
DialogueNodeEvent:99:64,dialogue,1,DialogueEvent,Unit 5 Dev,2026-09-04T20:03:26.9350000Z,2026-09-04T20:03:26.9350000Z,6a9b240e485cab4c953fc488,wenyi090326-2.stratalog.logdata.json
DialogueNodeEvent:99:65,dialogue,1,DialogueEvent,Unit 5 Dev,2026-09-04T20:03:27.2700000Z,2026-09-04T20:03:27.2700000Z,6a9b240f485cab4c953fc48a,wenyi090326-2.stratalog.logdata.json
DialogueNodeEvent:99:66,dialogue,1,DialogueEvent,Unit 5 Dev,2026-09-04T20:03:27.7020000Z,2026-09-04T20:03:27.7020000Z,6a9b240f485cab4c953fc48c,wenyi090326-2.stratalog.logdata.json
DialogueNodeEvent:99:67,dialogue,1,DialogueEvent,Unit 5 Dev,2026-09-04T20:03:28.1370000Z,2026-09-04T20:03:28.1370000Z,6a9b240f485cab4c953fc48e,wenyi090326-2.stratalog.logdata.json
DialogueNodeEvent:99:69,dialogue,1,DialogueEvent,Unit 5 Dev,2026-09-04T20:03:28.5360000Z,2026-09-04T20:03:28.5360000Z,6a9b2410485cab4c953fc490,wenyi090326-2.stratalog.logdata.json
DialogueNodeEvent:99:7,dialogue,1,DialogueEvent,Unit 5 Dev,2026-09-04T20:01:12.8260000Z,2026-09-04T20:01:12.8260000Z,6a9b2388485cab4c953fc396,wenyi090326-2.stratalog.logdata.json
DialogueNodeEvent:99:72,dialogue,1,DialogueEvent,Unit 5 Dev,2026-09-04T20:03:28.9700000Z,2026-09-04T20:03:28.9700000Z,6a9b2410485cab4c953fc492,wenyi090326-2.stratalog.logdata.json
DialogueNodeEvent:99:73,dialogue,1,DialogueEvent,Unit 5 Dev,2026-09-04T20:03:29.3750000Z,2026-09-04T20:03:29.3750000Z,6a9b2411485cab4c953fc496,wenyi090326-2.stratalog.logdata.json
DialogueNodeEvent:99:74,dialogue,1,DialogueEvent,Unit 5 Dev,2026-09-04T20:01:53.6490000Z,2026-09-04T20:01:53.6490000Z,6a9b23b1485cab4c953fc3ec,wenyi090326-2.stratalog.logdata.json
DialogueNodeEvent:99:8,dialogue,1,DialogueEvent,Unit 5 Dev,2026-09-04T20:01:13.2930000Z,2026-09-04T20:01:13.2930000Z,6a9b2389485cab4c953fc398,wenyi090326-2.stratalog.logdata.json
DialogueNodeEvent:99:9,dialogue,1,DialogueEvent,Unit 5 Dev,2026-09-04T20:01:13.7260000Z,2026-09-04T20:01:13.7260000Z,6a9b2389485cab4c953fc39a,wenyi090326-2.stratalog.logdata.json
questActiveEvent:16,quest,1,questEvent,Unit 3 Dev,2026-09-04T18:34:10.4400000Z,2026-09-04T18:34:10.4400000Z,6a9b0f22485cab4c953fa40a,wenyi090326-2.stratalog.logdata.json
questActiveEvent:17,quest,1,questEvent,Unit 3 Dev,2026-09-04T18:38:34.8660000Z,2026-09-04T18:38:34.8660000Z,6a9b102a485cab4c953fa50e,wenyi090326-2.stratalog.logdata.json
questActiveEvent:18,quest,3,questEvent,Unit 3 Dev;Unit 3 Dungeon Dev,2026-09-04T18:44:20.7140000Z,2026-09-04T18:47:02.3400000Z,6a9b1184485cab4c953fa758,wenyi090326-2.stratalog.logdata.json
questActiveEvent:19,quest,1,questEvent,Unit 3 Dev,2026-09-04T18:53:19.8050000Z,2026-09-04T18:53:19.8050000Z,6a9b139f485cab4c953fab5e,wenyi090326-2.stratalog.logdata.json
questActiveEvent:21,quest,1,questEvent,Unit 2 Prod (Refactor),2026-09-04T18:02:17.2250000Z,2026-09-04T18:02:17.2250000Z,6a9b07a9485cab4c953f92b4,wenyi090326-2.stratalog.logdata.json
questActiveEvent:22,quest,1,questEvent,Unit 2 Prod (Refactor),2026-09-04T18:08:34.1550000Z,2026-09-04T18:08:34.1550000Z,6a9b0921485cab4c953f9898,wenyi090326-2.stratalog.logdata.json
questActiveEvent:23,quest,1,questEvent,Unit 2 Prod (Refactor),2026-09-04T18:07:16.7350000Z,2026-09-04T18:07:16.7350000Z,6a9b08d4485cab4c953f9836,wenyi090326-2.stratalog.logdata.json
questActiveEvent:24,quest,1,questEvent,Unit 2 Prod (Refactor),2026-09-04T18:15:47.7290000Z,2026-09-04T18:15:47.7290000Z,6a9b0ad3485cab4c953f99ec,wenyi090326-2.stratalog.logdata.json
questActiveEvent:25,quest,1,questEvent,Unit 2 Prod (Refactor),2026-09-04T18:22:51.4150000Z,2026-09-04T18:22:51.4150000Z,6a9b0c7b485cab4c953f9e66,wenyi090326-2.stratalog.logdata.json
questActiveEvent:28,quest,1,questEvent,Unit 1 Dev,2026-09-04T17:47:44.4420000Z,2026-09-04T17:47:44.4420000Z,6a9b0440485cab4c953f85bc,wenyi090326-2.stratalog.logdata.json
questActiveEvent:29,quest,1,questEvent,Unit 1 Dev,2026-09-04T17:48:35.7490000Z,2026-09-04T17:48:35.7490000Z,6a9b0473485cab4c953f8686,wenyi090326-2.stratalog.logdata.json
questActiveEvent:31,quest,1,questEvent,Unit 1 Dev,2026-09-04T17:50:37.5090000Z,2026-09-04T17:50:37.5090000Z,6a9b04ed485cab4c953f87ac,wenyi090326-2.stratalog.logdata.json
questActiveEvent:32,quest,1,questEvent,Unit 1 Dev,2026-09-04T17:53:45.9990000Z,2026-09-04T17:53:45.9990000Z,6a9b05a9485cab4c953f8d74,wenyi090326-2.stratalog.logdata.json
questActiveEvent:33,quest,1,questEvent,Unit 1 Dev,2026-09-04T17:57:14.8680000Z,2026-09-04T17:57:14.8680000Z,6a9b067a485cab4c953f9076,wenyi090326-2.stratalog.logdata.json
questActiveEvent:34,quest,1,questEvent,Unit 1 Dev,2026-09-04T17:58:22.0960000Z,2026-09-04T17:58:22.0960000Z,6a9b06bd485cab4c953f9208,wenyi090326-2.stratalog.logdata.json
questActiveEvent:36,quest,2,questEvent,Unit 4 Dev;Unit 4 Dev - Anderson Base,2026-09-04T19:13:59.1640000Z,2026-09-04T19:16:02.8380000Z,6a9b1876485cab4c953fb3d6,wenyi090326-2.stratalog.logdata.json
questActiveEvent:39,quest,2,questEvent,Unit 4 Dev,2026-09-04T19:00:08.4170000Z,2026-09-04T19:06:35.1550000Z,6a9b1538485cab4c953fac8c,wenyi090326-2.stratalog.logdata.json
questActiveEvent:40,quest,1,questEvent,Unit 4 Dev,2026-09-04T19:13:14.9260000Z,2026-09-04T19:13:14.9260000Z,6a9b184a485cab4c953fb35a,wenyi090326-2.stratalog.logdata.json
questActiveEvent:41,quest,1,questEvent,Unit 4 Dev,2026-09-04T19:22:43.5300000Z,2026-09-04T19:22:43.5300000Z,6a9b1a83485cab4c953fb66e,wenyi090326-2.stratalog.logdata.json
questActiveEvent:43,quest,1,questEvent,Unit 5 Dev - Dungeon,2026-09-04T19:27:19.3130000Z,2026-09-04T19:27:19.3130000Z,6a9b1b97485cab4c953fb85a,wenyi090326-2.stratalog.logdata.json
questActiveEvent:44,quest,1,questEvent,Unit 5 Dev,2026-09-04T19:35:10.4140000Z,2026-09-04T19:35:10.4140000Z,6a9b1d6e485cab4c953fbc20,wenyi090326-2.stratalog.logdata.json
questActiveEvent:45,quest,2,questEvent,Unit 5 Dev,2026-09-04T20:01:03.4260000Z,2026-09-04T20:01:03.4260000Z,6a9b237f485cab4c953fc372,wenyi090326-2.stratalog.logdata.json
questActiveEvent:47,quest,1,questEvent,Unit 4 Dev - Dungeon,2026-09-04T19:07:54.8740000Z,2026-09-04T19:07:54.8740000Z,6a9b170a485cab4c953fafb8,wenyi090326-2.stratalog.logdata.json
questActiveEvent:48,quest,1,questEvent,Unit 4 Dev - Dungeon,2026-09-04T19:09:20.2820000Z,2026-09-04T19:09:20.2820000Z,6a9b1760485cab4c953fb0be,wenyi090326-2.stratalog.logdata.json
questActiveEvent:49,quest,1,questEvent,Unit 4 Dev - Dungeon,2026-09-04T19:10:46.4560000Z,2026-09-04T19:10:46.4560000Z,6a9b17b6485cab4c953fb1a2,wenyi090326-2.stratalog.logdata.json
questActiveEvent:50,quest,1,questEvent,Unit 4 Dev - Dungeon,2026-09-04T19:12:00.5250000Z,2026-09-04T19:12:00.5250000Z,6a9b1800485cab4c953fb284,wenyi090326-2.stratalog.logdata.json
questActiveEvent:51,quest,1,questEvent,Unit 5 Dev - Dungeon,2026-09-04T19:31:21.5380000Z,2026-09-04T19:31:21.5380000Z,6a9b1c89485cab4c953fbac0,wenyi090326-2.stratalog.logdata.json
questActiveEvent:53,quest,1,questEvent,Unit 5 Dev - Dungeon,2026-09-04T19:32:45.6240000Z,2026-09-04T19:32:45.6240000Z,6a9b1cdd485cab4c953fbb3e,wenyi090326-2.stratalog.logdata.json
questActiveEvent:54,quest,1,questEvent,Unit 2 Prod (Refactor),2026-09-04T18:29:32.5580000Z,2026-09-04T18:29:32.5580000Z,6a9b0e0c485cab4c953fa2fe,wenyi090326-2.stratalog.logdata.json
questActiveEvent:55,quest,1,questEvent,Unit 3 Dev,2026-09-04T18:54:50.3650000Z,2026-09-04T18:54:50.3650000Z,6a9b13fa485cab4c953fabfe,wenyi090326-2.stratalog.logdata.json
questActiveEvent:56,quest,1,questEvent,Unit 4 Dev,2026-09-04T19:25:19.3740000Z,2026-09-04T19:25:19.3740000Z,6a9b1b1f485cab4c953fb7bc,wenyi090326-2.stratalog.logdata.json
questActiveEvent:57,quest,1,questEvent,Unit 5 Dev,2026-09-04T20:03:29.3700000Z,2026-09-04T20:03:29.3700000Z,6a9b2411485cab4c953fc494,wenyi090326-2.stratalog.logdata.json
questFinishEvent:16,quest,2,questEvent,Unit 3 Dev,2026-09-04T18:38:19.3920000Z,2026-09-04T18:46:53.1600000Z,6a9b101b485cab4c953fa4fa,wenyi090326-2.stratalog.logdata.json
questFinishEvent:17,quest,1,questEvent,Unit 3 Dev,2026-09-04T18:43:01.1090000Z,2026-09-04T18:43:01.1090000Z,6a9b1134485cab4c953fa702,wenyi090326-2.stratalog.logdata.json
questFinishEvent:18,quest,1,questEvent,Unit 3 Dungeon Dev,2026-09-04T18:52:02.4030000Z,2026-09-04T18:52:02.4030000Z,6a9b1352485cab4c953faaf0,wenyi090326-2.stratalog.logdata.json
questFinishEvent:19,quest,1,questEvent,Unit 3 Dev,2026-09-04T18:54:34.6940000Z,2026-09-04T18:54:34.6940000Z,6a9b13ea485cab4c953fabde,wenyi090326-2.stratalog.logdata.json
questFinishEvent:21,quest,1,questEvent,Unit 2 Prod (Refactor),2026-09-04T18:06:07.6360000Z,2026-09-04T18:06:07.6360000Z,6a9b088f485cab4c953f97d8,wenyi090326-2.stratalog.logdata.json
questFinishEvent:22,quest,1,questEvent,Unit 2 Prod (Refactor),2026-09-04T18:19:59.7670000Z,2026-09-04T18:19:59.7670000Z,6a9b0bcf485cab4c953f9de0,wenyi090326-2.stratalog.logdata.json
questFinishEvent:23,quest,1,questEvent,Unit 2 Prod (Refactor),2026-09-04T18:08:31.6540000Z,2026-09-04T18:08:31.6540000Z,6a9b091f485cab4c953f9892,wenyi090326-2.stratalog.logdata.json
questFinishEvent:24,quest,1,questEvent,Unit 2 Prod (Refactor),2026-09-04T18:18:42.1300000Z,2026-09-04T18:18:42.1300000Z,6a9b0b81485cab4c953f9d22,wenyi090326-2.stratalog.logdata.json
questFinishEvent:25,quest,1,questEvent,Unit 2 Prod (Refactor),2026-09-04T18:29:25.4870000Z,2026-09-04T18:29:25.4870000Z,6a9b0e05485cab4c953fa2d6,wenyi090326-2.stratalog.logdata.json
questFinishEvent:28,quest,1,questEvent,Unit 1 Dev,2026-09-04T17:48:34.6500000Z,2026-09-04T17:48:34.6500000Z,6a9b0472485cab4c953f867e,wenyi090326-2.stratalog.logdata.json
questFinishEvent:29,quest,1,questEvent,Unit 1 Dev,2026-09-04T17:50:37.5080000Z,2026-09-04T17:50:37.5080000Z,6a9b04ed485cab4c953f87aa,wenyi090326-2.stratalog.logdata.json
questFinishEvent:31,quest,1,questEvent,Unit 1 Dev,2026-09-04T17:53:45.9980000Z,2026-09-04T17:53:45.9980000Z,6a9b05a9485cab4c953f8d72,wenyi090326-2.stratalog.logdata.json
questFinishEvent:32,quest,1,questEvent,Unit 1 Dev,2026-09-04T17:57:14.8670000Z,2026-09-04T17:57:14.8670000Z,6a9b067a485cab4c953f9074,wenyi090326-2.stratalog.logdata.json
questFinishEvent:33,quest,1,questEvent,Unit 1 Dev,2026-09-04T17:58:16.6600000Z,2026-09-04T17:58:16.6600000Z,6a9b06b8485cab4c953f91fe,wenyi090326-2.stratalog.logdata.json
questFinishEvent:34,quest,1,questEvent,Unit 1 Dev,2026-09-04T17:59:34.8810000Z,2026-09-04T17:59:34.8810000Z,6a9b0706485cab4c953f925c,wenyi090326-2.stratalog.logdata.json
questFinishEvent:36,quest,1,questEvent,Unit 4 Dev - Anderson Base,2026-09-04T19:21:17.9730000Z,2026-09-04T19:21:17.9730000Z,6a9b1a2d485cab4c953fb5f0,wenyi090326-2.stratalog.logdata.json
questFinishEvent:40,quest,1,questEvent,Unit 4 Dev,2026-09-04T19:13:47.7580000Z,2026-09-04T19:13:47.7580000Z,6a9b186b485cab4c953fb3c4,wenyi090326-2.stratalog.logdata.json
questFinishEvent:41,quest,1,questEvent,Unit 4 Dev,2026-09-04T19:25:19.3720000Z,2026-09-04T19:25:19.3720000Z,6a9b1b1f485cab4c953fb7ba,wenyi090326-2.stratalog.logdata.json
questFinishEvent:43,quest,1,questEvent,Unit 5 Dev - Dungeon,2026-09-04T19:31:21.5370000Z,2026-09-04T19:31:21.5370000Z,6a9b1c89485cab4c953fbabe,wenyi090326-2.stratalog.logdata.json
questFinishEvent:44,quest,1,questEvent,Unit 5 Dev,2026-09-04T20:00:08.8020000Z,2026-09-04T20:00:08.8020000Z,6a9b2348485cab4c953fc31a,wenyi090326-2.stratalog.logdata.json
questFinishEvent:45,quest,2,questEvent,Unit 5 Dev,2026-09-04T20:03:18.6310000Z,2026-09-04T20:03:18.6320000Z,6a9b2406485cab4c953fc474,wenyi090326-2.stratalog.logdata.json
questFinishEvent:46,quest,1,questEvent,Unit 4 Dev - Dungeon,2026-09-04T19:07:54.8730000Z,2026-09-04T19:07:54.8730000Z,6a9b170a485cab4c953fafb6,wenyi090326-2.stratalog.logdata.json
questFinishEvent:47,quest,1,questEvent,Unit 4 Dev - Dungeon,2026-09-04T19:09:20.2810000Z,2026-09-04T19:09:20.2810000Z,6a9b1760485cab4c953fb0bc,wenyi090326-2.stratalog.logdata.json
questFinishEvent:48,quest,1,questEvent,Unit 4 Dev - Dungeon,2026-09-04T19:10:46.4550000Z,2026-09-04T19:10:46.4550000Z,6a9b17b6485cab4c953fb1a0,wenyi090326-2.stratalog.logdata.json
questFinishEvent:49,quest,1,questEvent,Unit 4 Dev - Dungeon,2026-09-04T19:12:00.5240000Z,2026-09-04T19:12:00.5240000Z,6a9b1800485cab4c953fb282,wenyi090326-2.stratalog.logdata.json
questFinishEvent:51,quest,1,questEvent,Unit 5 Dev - Dungeon,2026-09-04T19:32:43.1220000Z,2026-09-04T19:32:43.1220000Z,6a9b1cda485cab4c953fbb38,wenyi090326-2.stratalog.logdata.json
questFinishEvent:52,quest,1,questEvent,Unit 5 Dev - Dungeon,2026-09-04T19:32:43.1240000Z,2026-09-04T19:32:43.1240000Z,6a9b1cda485cab4c953fbb3a,wenyi090326-2.stratalog.logdata.json
questFinishEvent:54,quest,1,questEvent,Unit 2 Prod (Refactor),2026-09-04T18:30:41.9900000Z,2026-09-04T18:30:41.9900000Z,6a9b0e51485cab4c953fa3be,wenyi090326-2.stratalog.logdata.json
questFinishEvent:55,quest,1,questEvent,Unit 3 Dev,2026-09-04T18:55:25.2150000Z,2026-09-04T18:55:25.2150000Z,6a9b141d485cab4c953fac4a,wenyi090326-2.stratalog.logdata.json
questFinishEvent:56,quest,1,questEvent,Unit 4 Dev,2026-09-04T19:27:04.8220000Z,2026-09-04T19:27:04.8220000Z,6a9b1b88485cab4c953fb84a,wenyi090326-2.stratalog.logdata.json
